id,casa,ml_l,ml_e,ml_v,tot,o,u
560965,Bet365,3.5,3.1,2.25,2.5,2.5,1.529100529100529
560966,Bet365,2.8,3.8,2.3,2.5,1.4405286343612334,2.75
560963,Bet365,2.7,3.4,2.5,2.5,1.7194244604316546,2.1
560964,Bet365,1.5494505494505495,4.33,5.5,2.5,1.5714285714285714,2.37
561000,Bet365,2.1,3.5,3.4,2.5,2.0,1.8
561001,Bet365,2.3,3.5,3.0,2.5,1.900900900900901,1.900900900900901
561002,Bet365,3.75,3.2,2.1,2.5,2.5,1.529100529100529
561003,Bet365,5.25,3.8,1.6578947368421053,2.5,2.1,1.7194244604316546
561004,Bet365,2.0,3.4,3.8,2.5,2.2,1.6578947368421053
561005,Bet365,2.9,3.1,2.55,2.5,2.5,1.529100529100529
561006,Bet365,2.45,3.75,2.65,2.5,1.529100529100529,2.5
561007,Bet365,3.9,3.2,2.05,2.5,2.62,1.5
560992,Bet365,2.4,3.5,2.8,2.5,1.900900900900901,1.900900900900901
560993,Bet365,2.5,3.1,3.0,2.5,2.5,1.529100529100529
560994,Bet365,1.9523809523809523,3.4,4.0,2.5,2.3,1.6097560975609757
560995,Bet365,1.4,4.5,8.5,2.5,2.3,1.6097560975609757
560996,Bet365,1.8,3.9,4.1,2.5,1.7194244604316546,2.1
560997,Bet365,1.4504504504504503,4.5,6.5,2.5,1.529100529100529,2.5
560998,Bet365,2.2,3.7,3.0,2.5,1.900900900900901,1.900900900900901
560999,Bet365,1.4504504504504503,4.4,7.0,2.5,1.900900900900901,1.900900900900901
560961,Bet365,3.25,3.5,2.15,2.5,1.900900900900901,1.900900900900901
560962,Bet365,4.0,4.0,1.8,2.5,1.5714285714285714,2.37
560991,Bet365,2.05,3.6,3.5,2.5,1.7194244604316546,2.1
560959,Bet365,4.0,3.3,2.0,2.5,2.5,1.529100529100529
560960,Bet365,3.0,3.5,2.3,2.5,1.8,2.0
560984,Bet365,2.2,3.5,3.25,2.5,1.6097560975609757,2.3
560985,Bet365,2.15,3.6,3.3,2.5,1.7194244604316546,2.1
560986,Bet365,1.8,3.8,4.33,2.5,2.0,1.8
560987,Bet365,2.2,3.75,3.0,2.5,1.5714285714285714,2.37
560988,Bet365,2.8,3.6,2.4,2.5,1.7194244604316546,2.1
560989,Bet365,3.9,3.75,1.900900900900901,2.5,1.8,2.0
560990,Bet365,2.7,3.3,2.6,2.5,2.5,1.529100529100529
560976,Bet365,1.359712230215827,4.5,10.0,2.5,1.900900900900901,1.900900900900901
560977,Bet365,1.529100529100529,4.0,6.5,2.5,2.0,1.8
560979,Bet365,1.359712230215827,4.5,9.0,2.5,1.900900900900901,1.900900900900901
560980,Bet365,1.9523809523809523,3.6,3.8,2.5,1.8,2.0
560981,Bet365,1.4,4.5,8.5,2.5,1.7194244604316546,2.1
560982,Bet365,1.4405286343612334,4.5,7.0,2.5,1.6097560975609757,2.3
560983,Bet365,2.05,3.6,3.5,2.5,1.6097560975609757,2.3
560978,Bet365,2.05,4.0,3.2,2.5,1.359712230215827,3.2
560957,Bet365,2.7,4.0,2.3,2.5,1.4405286343612334,2.75
560958,Bet365,1.5,4.6,5.75,2.5,1.6097560975609757,2.3
560955,Bet365,1.5,4.2,6.5,2.5,1.900900900900901,1.900900900900901
560956,Bet365,1.8,4.2,3.8,2.5,1.33003300330033,3.4
569588,Bet365,1.6493506493506491,3.8,5.5,2.5,1.900900900900901,1.900900900900901
569589,Bet365,1.8,3.5,4.75,2.5,2.1,1.7194244604316546
569590,Bet365,5.0,3.75,1.7194244604316546,2.5,2.2,1.6578947368421053
569584,Bet365,3.1,3.5,2.25,2.5,1.900900900900901,1.900900900900901
569586,Bet365,1.7518796992481205,3.9,4.4,2.5,1.8,2.0
569587,Bet365,2.9,3.1,2.6,2.5,2.62,1.5
569576,Bet365,2.62,3.2,2.75,2.5,2.2,1.6578947368421053
569583,Bet365,3.0,3.9,2.15,2.5,1.6097560975609757,2.3
569577,Bet365,1.33003300330033,5.25,9.0,2.5,1.5714285714285714,2.37
569585,Bet365,1.7518796992481205,3.4,5.25,2.5,2.5,1.529100529100529
569582,Bet365,1.6578947368421053,4.33,4.5,2.5,1.529100529100529,2.5
569591,Bet365,2.05,3.5,3.6,2.5,1.8,2.0
569579,Bet365,3.8,4.6,1.7518796992481205,2.5,1.4,3.0
569581,Bet365,1.6578947368421053,3.75,5.5,2.5,2.3,1.6097560975609757
560953,Bet365,1.5,4.5,6.0,2.5,2.0,1.8
560954,Bet365,1.529100529100529,4.75,5.5,2.5,1.4405286343612334,2.75
574001,,,,,,,
574979,,,,,,,
560951,Bet365,1.4405286343612334,5.25,6.0,2.5,1.359712230215827,3.2
560952,Bet365,1.5714285714285714,4.2,5.5,2.5,1.6097560975609757,2.3
573705,Bet365,1.1798561151079137,7.0,15.0,2.5,1.5714285714285714,2.37
573706,Bet365,2.05,3.5,3.6,2.5,1.6097560975609757,2.3
574000,,,,,,,
573707,Bet365,3.9,3.1,2.1,2.5,2.75,1.4405286343612334
573708,Bet365,1.900900900900901,3.8,3.75,2.5,1.7194244604316546,2.1
573701,Bet365,3.4,3.7,2.05,2.5,1.6578947368421053,2.2
573703,Bet365,3.5,3.1,2.25,2.5,2.3,1.6097560975609757
573704,Bet365,3.4,4.2,1.900900900900901,2.5,1.4,3.0
573702,Bet365,1.21978021978022,6.5,12.0,2.5,1.5,2.62
573709,Bet365,2.87,3.4,2.45,2.5,2.0,1.8
573710,Bet365,1.5714285714285714,4.2,5.5,2.5,1.6578947368421053,2.2
577268,,,,,,,
577277,,,,,,,
577250,,,,,,,
577266,,,,,,,
577271,,,,,,,
573700,Bet365,4.2,4.0,1.7518796992481205,2.5,1.5,2.62
577265,,,,,,,
577274,,,,,,,
577272,,,,,,,
577269,,,,,,,
577263,,,,,,,
577264,,,,,,,
577270,,,,,,,
577275,,,,,,,
577262,,,,,,,
577267,,,,,,,
577273,,,,,,,
573699,Bet365,10.0,7.5,1.21978021978022,2.5,1.359712230215827,3.2
577261,,,,,,,
577243,,,,,,,
577244,,,,,,,
577246,,,,,,,
577245,,,,,,,
577249,,,,,,,
577276,,,,,,,
577247,,,,,,,
573711,Bet365,3.25,3.25,2.3,2.5,2.2,1.6578947368421053
577248,,,,,,,
573698,Bet365,3.4,4.2,1.900900900900901,2.5,1.3003003003003002,3.5
577285,,,,,,,
577255,,,,,,,
578851,,,,,,,
577260,,,,,,,
578848,,,,,,,
578849,,,,,,,
578850,,,,,,,
577319,,,,,,,
577258,,,,,,,
577257,,,,,,,
577256,,,,,,,
578846,,,,,,,
578847,,,,,,,
577259,,,,,,,
578845,,,,,,,
577288,,,,,,,
577290,,,,,,,
577294,,,,,,,
577280,,,,,,,
577295,,,,,,,
577306,,,,,,,
577321,,,,,,,
577297,,,,,,,
577298,,,,,,,
577308,,,,,,,
577310,,,,,,,
577313,,,,,,,
577281,,,,,,,
577323,,,,,,,
577278,,,,,,,
577282,,,,,,,
577283,,,,,,,
577284,,,,,,,
577291,,,,,,,
577296,,,,,,,
577299,,,,,,,
577305,,,,,,,
577307,,,,,,,
577314,,,,,,,
577287,,,,,,,
577303,,,,,,,
577311,,,,,,,
577286,,,,,,,
577279,,,,,,,
577289,,,,,,,
577300,,,,,,,
577301,,,,,,,
577315,,,,,,,
577320,,,,,,,
577302,,,,,,,
577312,,,,,,,
577316,,,,,,,
577317,,,,,,,
577318,,,,,,,
577292,,,,,,,
577293,,,,,,,
577309,,,,,,,
577322,,,,,,,
577324,,,,,,,
577304,,,,,,,
581815,,,,,,,
581816,,,,,,,
581820,,,,,,,
581821,,,,,,,
581811,,,,,,,
581795,,,,,,,
581817,,,,,,,
581818,,,,,,,
581819,,,,,,,
581808,,,,,,,
581822,,,,,,,
581771,,,,,,,
581801,,,,,,,
581789,,,,,,,
581775,,,,,,,
581776,,,,,,,
581788,,,,,,,
581799,,,,,,,
581802,,,,,,,
581792,,,,,,,
581782,,,,,,,
581787,,,,,,,
581803,,,,,,,
581809,,,,,,,
581813,,,,,,,
581793,,,,,,,
581814,,,,,,,
581772,,,,,,,
581773,,,,,,,
581777,,,,,,,
581778,,,,,,,
581781,,,,,,,
581784,,,,,,,
581785,,,,,,,
581790,,,,,,,
581794,,,,,,,
581780,,,,,,,
581779,,,,,,,
581783,,,,,,,
581797,,,,,,,
581800,,,,,,,
581805,,,,,,,
581807,,,,,,,
581812,,,,,,,
581769,,,,,,,
581770,,,,,,,
581798,,,,,,,
581774,,,,,,,
581786,,,,,,,
581791,,,,,,,
581804,,,,,,,
581806,,,,,,,
581796,,,,,,,
581810,,,,,,,
585164,,,,,,,
585165,,,,,,,
585166,,,,,,,
585659,,,,,,,
585162,,,,,,,
585163,,,,,,,
585167,,,,,,,
585215,,,,,,,
585214,,,,,,,
585212,,,,,,,
585213,,,,,,,
585211,,,,,,,
585190,,,,,,,
585202,,,,,,,
585203,,,,,,,
585204,,,,,,,
585205,,,,,,,
585206,,,,,,,
585207,,,,,,,
585208,,,,,,,
585210,,,,,,,
585201,,,,,,,
585216,,,,,,,
585192,,,,,,,
585193,,,,,,,
585194,,,,,,,
585195,,,,,,,
585196,,,,,,,
585197,,,,,,,
585198,,,,,,,
585199,,,,,,,
585200,,,,,,,
585191,,,,,,,
585185,,,,,,,
585186,,,,,,,
585187,,,,,,,
585188,,,,,,,
585189,,,,,,,
585184,,,,,,,
585183,,,,,,,
585209,,,,,,,
585159,,,,,,,
585160,,,,,,,
585161,,,,,,,
585156,,,,,,,
585157,,,,,,,
585158,,,,,,,
585674,,,,,,,
585665,,,,,,,
585666,,,,,,,
585672,,,,,,,
585676,,,,,,,
585679,,,,,,,
585680,,,,,,,
585682,,,,,,,
585664,,,,,,,
585668,,,,,,,
585669,,,,,,,
585670,,,,,,,
585681,,,,,,,
585663,,,,,,,
585667,,,,,,,
585673,,,,,,,
585671,,,,,,,
585683,,,,,,,
585675,,,,,,,
585677,,,,,,,
585678,,,,,,,
585853,Bet365,2.1,3.4,3.4,2.5,1.900900900900901,1.900900900900901
585854,Bet365,4.33,3.5,1.8333333333333333,2.5,2.1,1.7194244604316546
585847,Bet365,3.5,3.75,2.0,2.5,1.6578947368421053,2.2
585848,Bet365,1.5714285714285714,4.0,6.0,2.5,1.8,2.0
585849,Bet365,1.08,11.0,29.0,2.5,1.25,4.0
585850,Bet365,1.21978021978022,6.5,12.0,2.5,1.529100529100529,2.5
585851,Bet365,1.529100529100529,4.5,5.75,2.5,1.5,2.62
585852,Bet365,1.8,3.8,4.33,2.5,1.7194244604316546,2.1
585845,Bet365,1.25,6.0,11.0,2.5,1.4,3.0
585846,Bet365,1.1798561151079137,7.0,15.0,2.5,1.359712230215827,3.2
585839,Bet365,4.75,4.2,1.6493506493506491,2.5,1.4405286343612334,2.75
585840,Bet365,1.6097560975609757,4.0,5.25,2.5,1.7194244604316546,2.1
585841,Bet365,1.7518796992481205,3.9,4.5,2.5,1.529100529100529,2.5
585842,Bet365,1.2,7.0,13.0,2.5,1.4405286343612334,2.75
585843,Bet365,4.75,4.75,1.5714285714285714,2.5,1.280112044817927,3.75
585844,Bet365,2.05,3.4,3.6,2.5,2.3,1.6097560975609757
585986,Bet365,1.280112044817927,5.75,10.0,2.5,1.529100529100529,2.5
585987,Bet365,5.5,4.2,1.5714285714285714,2.5,1.7194244604316546,2.1
585988,Bet365,6.5,4.75,1.4504504504504503,2.5,1.4,3.0
585989,Bet365,2.6,2.9,3.1,2.5,3.0,1.4
585990,Bet365,2.25,3.3,3.3,2.5,2.1,1.7194244604316546
585991,Bet365,6.0,4.5,1.529100529100529,2.5,1.900900900900901,1.900900900900901
585992,Bet365,1.5,4.5,6.25,2.5,1.5714285714285714,2.37
585993,Bet365,1.5494505494505495,4.0,6.5,2.5,2.1,1.7194244604316546
585994,Bet365,3.4,3.6,2.1,2.5,2.0,1.8
585995,Bet365,7.0,4.5,1.4504504504504503,2.5,1.900900900900901,1.900900900900901
585996,Bet365,2.4,3.6,2.8,2.5,1.5714285714285714,2.37
585997,Bet365,5.25,4.0,1.6493506493506491,2.5,2.1,1.7194244604316546
585975,Bet365,1.5714285714285714,4.0,6.0,2.5,1.8,2.0
585976,Bet365,2.25,3.5,3.1,2.5,1.8,2.0
585977,Bet365,1.25,6.0,12.0,2.5,1.5714285714285714,2.37
585978,Bet365,2.35,3.0,3.4,2.5,2.5,1.529100529100529
585979,Bet365,2.3,3.7,2.9,2.5,1.8,2.0
585980,Bet365,3.0,3.3,2.45,2.5,2.37,1.5714285714285714
585981,Bet365,1.280112044817927,6.25,9.0,2.5,1.4,3.0
585982,Bet365,4.33,3.6,1.847457627118644,2.5,2.1,1.7194244604316546
585983,Bet365,4.0,3.5,1.9523809523809523,2.5,1.900900900900901,1.900900900900901
585984,Bet365,1.6097560975609757,4.0,5.5,2.5,1.5714285714285714,2.37
585985,Bet365,1.4,4.75,7.5,2.5,1.6097560975609757,2.3
585999,Bet365,3.2,3.5,2.2,2.5,1.900900900900901,1.900900900900901
585837,Bet365,21.0,9.5,1.11001100110011,2.5,1.21978021978022,4.33
585838,Bet365,7.0,5.0,1.359712230215827,2.5,1.4405286343612334,2.75
585831,Bet365,1.847457627118644,4.33,3.5,2.5,1.3003003003003002,3.5
585832,Bet365,1.2,6.5,12.0,2.5,1.4,3.0
585833,Bet365,9.5,5.5,1.3003003003003002,2.5,1.6578947368421053,2.2
585834,Bet365,1.9523809523809523,3.6,3.8,2.5,1.900900900900901,1.900900900900901
585835,Bet365,3.5,4.0,1.900900900900901,2.5,1.5,2.62
585836,Bet365,1.6578947368421053,3.8,5.0,2.5,1.900900900900901,1.900900900900901
585829,Bet365,8.5,5.25,1.33003300330033,2.5,1.6578947368421053,2.2
585830,Bet365,12.0,6.5,1.21978021978022,2.5,1.359712230215827,3.2
585823,Bet365,2.75,3.5,2.45,2.5,1.6097560975609757,2.3
585824,Bet365,3.4,3.3,2.2,2.5,2.2,1.6578947368421053
585825,Bet365,2.05,3.5,3.6,2.5,2.0,1.8
585826,Bet365,2.3,3.5,3.0,2.5,1.8,2.0
585827,Bet365,1.4,4.5,8.0,2.5,1.900900900900901,1.900900900900901
585828,Bet365,1.280112044817927,5.75,9.5,2.5,1.5,2.62
585964,Bet365,4.5,3.8,1.7518796992481205,2.5,1.6097560975609757,2.3
585965,Bet365,2.0,3.3,3.9,2.5,2.0,1.8
585966,Bet365,1.900900900900901,3.5,4.1,2.5,2.0,1.8
585967,Bet365,3.8,3.8,1.900900900900901,2.5,1.529100529100529,2.5
585968,Bet365,5.75,3.8,1.6097560975609757,2.5,2.0,1.8
585969,Bet365,1.5,4.5,6.0,2.5,1.6097560975609757,2.3
585970,Bet365,2.55,3.2,2.87,2.5,2.5,1.529100529100529
585971,Bet365,1.6578947368421053,3.6,5.5,2.5,2.1,1.7194244604316546
585972,Bet365,1.21978021978022,6.5,12.0,2.5,1.4,3.0
585973,Bet365,6.5,4.75,1.4504504504504503,2.5,1.529100529100529,2.5
585974,Bet365,6.5,4.0,1.529100529100529,2.5,1.900900900900901,1.900900900900901
585998,Bet365,1.6493506493506491,4.0,5.0,2.5,1.6097560975609757,2.3
585952,Bet365,3.5,3.6,2.05,2.5,1.7194244604316546,2.1
585953,Bet365,1.359712230215827,5.0,8.5,2.5,1.529100529100529,2.5
585954,Bet365,1.08,11.0,29.0,2.5,1.359712230215827,3.2
585955,Bet365,1.4405286343612334,4.75,6.5,2.5,1.7194244604316546,2.1
585956,Bet365,1.3003003003003002,5.5,9.5,2.5,1.5714285714285714,2.37
585957,Bet365,2.35,3.3,3.1,2.5,1.900900900900901,1.900900900900901
585958,Bet365,1.7518796992481205,3.5,5.0,2.5,2.37,1.5714285714285714
585959,Bet365,3.75,3.4,2.05,2.5,2.3,1.6097560975609757
585960,Bet365,2.15,3.75,3.1,2.5,1.529100529100529,2.5
585961,Bet365,1.4405286343612334,4.75,6.5,2.5,1.6097560975609757,2.3
585962,Bet365,1.359712230215827,5.0,8.0,2.5,1.5,2.62
585963,Bet365,3.1,3.25,2.37,2.5,2.5,1.529100529100529
585821,Bet365,9.5,5.0,1.33003300330033,2.5,1.8,2.0
585822,Bet365,3.75,3.8,1.900900900900901,2.5,1.5,2.62
585815,Bet365,4.75,4.5,1.598802395209581,2.5,1.5,2.62
585816,Bet365,7.5,5.75,1.33003300330033,2.5,1.25,4.0
585817,Bet365,1.900900900900901,3.75,3.75,2.5,1.6097560975609757,2.3
585818,Bet365,2.87,3.9,2.2,2.5,1.33003300330033,3.4
585819,Bet365,1.900900900900901,3.5,4.2,2.5,2.1,1.7194244604316546
585820,Bet365,1.16,7.5,15.0,2.5,1.4405286343612334,2.75
585813,Bet365,2.25,3.4,3.2,2.5,2.0,1.8
585814,Bet365,8.0,5.0,1.359712230215827,2.5,1.6578947368421053,2.2
585807,Bet365,4.6,4.0,1.6993006993006992,2.5,1.6578947368421053,2.2
585808,Bet365,1.0699790062981105,11.0,29.0,2.5,1.21978021978022,4.33
585809,Bet365,1.2,6.5,15.0,2.5,1.529100529100529,2.5
585810,Bet365,2.4,3.5,2.87,2.5,1.900900900900901,1.900900900900901
585811,Bet365,12.0,6.5,1.21978021978022,2.5,1.529100529100529,2.5
585812,Bet365,1.25,6.0,11.0,2.5,1.6578947368421053,2.2
585940,Bet365,1.4,5.25,6.5,2.5,1.529100529100529,2.5
585941,Bet365,8.0,5.6,1.33003300330033,2.5,1.5714285714285714,2.37
585942,Bet365,1.4,4.75,7.5,2.5,1.900900900900901,1.900900900900901
585943,Bet365,1.280112044817927,5.5,10.0,2.5,1.529100529100529,2.5
585944,Bet365,2.4,3.2,3.1,2.5,2.1,1.7194244604316546
585945,Bet365,4.7,3.5,1.8,2.5,2.3,1.6097560975609757
585946,Bet365,11.0,6.0,1.25,2.5,1.529100529100529,2.5
585947,Bet365,2.05,3.4,3.6,2.5,2.2,1.6578947368421053
585948,Bet365,2.75,3.4,2.55,2.5,1.900900900900901,1.900900900900901
585949,Bet365,2.15,3.5,3.3,2.5,1.7194244604316546,2.1
585950,Bet365,2.45,3.5,2.8,2.5,1.7194244604316546,2.1
585951,Bet365,13.0,7.0,1.2,2.5,1.4405286343612334,2.75
585928,Bet365,3.0,3.3,2.37,2.5,2.0,1.8
585929,Bet365,2.0,3.7,3.5,2.5,1.7194244604316546,2.1
585930,Bet365,1.5494505494505495,4.33,5.75,2.5,1.6097560975609757,2.3
585931,Bet365,2.55,3.4,2.75,2.5,1.7194244604316546,2.1
585932,Bet365,1.4,4.75,7.5,2.5,1.8,2.0
585933,Bet365,1.7518796992481205,4.0,4.2,2.5,1.6578947368421053,2.2
585934,Bet365,2.7,3.75,2.4,2.5,1.7194244604316546,2.1
585935,Bet365,1.8,3.7,4.33,2.5,1.8,2.0
585937,Bet365,1.280112044817927,6.0,9.0,2.5,1.4,3.0
585938,Bet365,1.1200480192076832,10.0,17.0,2.5,1.280112044817927,3.75
585939,Bet365,1.33003300330033,5.4,8.5,2.5,1.529100529100529,2.5
585936,Bet365,1.4504504504504503,4.6,6.8,2.5,1.7194244604316546,2.1
585805,Bet365,6.5,4.2,1.5,2.5,1.900900900900901,1.900900900900901
585806,Bet365,5.0,3.8,1.6578947368421053,2.5,1.900900900900901,1.900900900900901
585799,Bet365,4.33,3.75,1.8,2.5,1.7194244604316546,2.1
585800,Bet365,1.3003003003003002,5.5,10.0,2.5,1.5714285714285714,2.37
585801,Bet365,1.1200480192076832,8.5,21.0,2.5,1.4,3.0
585802,Bet365,1.21978021978022,7.0,11.0,2.5,1.4405286343612334,2.75
585803,Bet365,1.6493506493506491,4.33,4.5,2.5,1.4405286343612334,2.75
585804,Bet365,1.6993006993006992,3.8,4.75,2.5,1.6578947368421053,2.2
585797,Bet365,12.0,5.75,1.25,2.5,1.7194244604316546,2.1
585798,Bet365,1.4405286343612334,4.75,6.5,2.5,1.529100529100529,2.5
585791,Bet365,1.8,3.9,4.2,2.5,1.4405286343612334,2.75
585792,Bet365,1.280112044817927,5.75,10.0,2.5,1.4,3.0
585793,Bet365,3.2,3.3,2.3,2.5,2.3,1.6097560975609757
585794,Bet365,1.16,7.0,17.0,2.5,1.6097560975609757,2.3
585795,Bet365,1.900900900900901,3.8,3.75,2.5,1.6097560975609757,2.3
585796,Bet365,1.359712230215827,5.5,7.0,2.5,1.2,4.5
585915,Bet365,1.900900900900901,3.6,4.0,2.5,1.900900900900901,1.900900900900901
585916,Bet365,5.5,4.5,1.529100529100529,2.5,1.6097560975609757,2.3
585917,Bet365,3.6,4.0,1.900900900900901,2.5,1.5714285714285714,2.37
585918,Bet365,3.1,3.3,2.3,2.5,2.0,1.8
585919,Bet365,1.8,3.6,4.5,2.5,1.8,2.0
585920,Bet365,1.9523809523809523,3.75,3.6,2.5,1.6578947368421053,2.2
585921,Bet365,6.5,4.75,1.4405286343612334,2.5,1.5,2.62
585922,Bet365,3.4,3.5,2.1,2.5,1.8,2.0
585923,Bet365,2.7,3.25,2.62,2.5,1.900900900900901,1.900900900900901
585924,Bet365,2.35,3.5,2.9,2.5,1.7194244604316546,2.1
585925,Bet365,2.75,3.25,2.62,2.5,2.2,1.6578947368421053
585926,Bet365,5.0,4.0,1.6493506493506491,2.5,1.8,2.0
585927,Bet365,5.75,4.1,1.5714285714285714,2.5,1.8,2.0
585904,Bet365,2.2,3.6,3.1,2.5,1.6097560975609757,2.3
585905,Bet365,1.11001100110011,9.0,21.0,2.5,1.3003003003003002,3.5
585906,Bet365,2.15,3.6,3.2,2.5,1.6097560975609757,2.3
585907,Bet365,1.1,10.0,21.0,2.5,1.359712230215827,3.2
585908,Bet365,1.4504504504504503,4.33,7.5,2.5,2.1,1.7194244604316546
585909,Bet365,1.7194244604316546,3.75,4.75,2.5,1.8,2.0
585910,Bet365,6.0,4.75,1.4504504504504503,2.5,1.529100529100529,2.5
585911,Bet365,4.0,3.8,1.847457627118644,2.5,1.7194244604316546,2.1
585912,Bet365,1.1200480192076832,8.5,21.0,2.5,1.4,3.0
585913,Bet365,4.6,3.6,1.8,2.5,2.1,1.7194244604316546
585914,Bet365,2.62,3.4,2.55,2.5,1.900900900900901,1.900900900900901
585789,Bet365,7.0,5.0,1.4,2.5,1.4405286343612334,2.75
585790,Bet365,5.75,4.75,1.5,2.5,1.4405286343612334,2.75
585783,Bet365,1.6578947368421053,4.33,4.5,2.5,1.4,3.0
585784,Bet365,1.4504504504504503,4.75,6.5,2.5,1.6097560975609757,2.3
585785,Bet365,1.16,7.5,15.0,2.5,1.359712230215827,3.2
585786,Bet365,3.1,3.8,2.15,2.5,1.529100529100529,2.5
585787,Bet365,6.5,4.33,1.5,2.5,1.8,2.0
585788,Bet365,2.35,3.1,3.3,2.5,2.5,1.529100529100529
585781,Bet365,7.5,5.25,1.359712230215827,2.5,1.5,2.62
585782,Bet365,2.35,3.3,3.1,2.5,1.900900900900901,1.900900900900901
585775,Bet365,8.0,5.5,1.33003300330033,2.5,1.529100529100529,2.5
585776,Bet365,3.1,3.3,2.35,2.5,2.1,1.7194244604316546
585777,Bet365,1.3003003003003002,5.5,9.5,2.5,1.7194244604316546,2.1
585778,Bet365,1.9523809523809523,3.6,3.8,2.5,1.900900900900901,1.900900900900901
585779,Bet365,2.37,3.6,2.8,2.5,1.6097560975609757,2.3
585780,Bet365,1.9523809523809523,3.7,3.7,2.5,1.8,2.0
585880,Bet365,1.3003003003003002,5.5,9.5,2.5,1.529100529100529,2.5
585881,Bet365,1.33003300330033,5.5,8.0,2.5,1.5,2.62
585894,Bet365,1.5,4.33,6.5,2.5,1.8,2.0
585895,Bet365,3.3,3.6,2.1,2.5,1.8,2.0
585896,Bet365,2.37,3.5,2.87,2.5,1.900900900900901,1.900900900900901
585897,Bet365,3.1,3.75,2.15,2.5,1.6097560975609757,2.3
585898,Bet365,6.5,4.5,1.4504504504504503,2.5,1.6578947368421053,2.2
585899,Bet365,1.359712230215827,5.25,7.5,2.5,1.4405286343612334,2.75
585900,Bet365,5.25,3.8,1.6578947368421053,2.5,2.1,1.7194244604316546
585901,Bet365,1.529100529100529,4.2,6.0,2.5,1.8,2.0
585902,Bet365,5.75,4.6,1.5,2.5,1.5714285714285714,2.37
585903,Bet365,4.75,3.6,1.7518796992481205,2.5,2.0,1.8
585882,Bet365,5.75,4.75,1.5,2.5,1.529100529100529,2.5
585883,Bet365,1.7194244604316546,3.5,5.25,2.5,2.5,1.529100529100529
585884,Bet365,1.21978021978022,6.5,12.0,2.5,1.5,2.62
585885,Bet365,1.2,7.0,13.0,2.5,1.5,2.62
585886,Bet365,1.1200480192076832,10.0,15.0,2.5,1.21978021978022,4.33
585887,Bet365,4.75,4.1,1.6578947368421053,2.5,1.529100529100529,2.5
585888,Bet365,7.0,4.0,1.5,2.5,2.0,1.8
585889,Bet365,2.7,3.3,2.62,2.5,2.0,1.8
585890,Bet365,1.33003300330033,5.5,8.5,2.5,1.5,2.62
585891,Bet365,1.1200480192076832,9.0,19.0,2.5,1.4,3.0
585892,Bet365,1.4,4.75,7.5,2.5,1.7194244604316546,2.1
585893,Bet365,2.05,3.5,3.5,2.5,1.7194244604316546,2.1
585773,Bet365,4.5,4.5,1.6493506493506491,2.5,1.7194244604316546,2.1
585774,Bet365,1.7518796992481205,3.8,4.5,2.5,1.7194244604316546,2.1
585767,Bet365,1.280112044817927,5.75,9.5,2.5,1.4,3.0
585768,Bet365,1.8,3.75,4.33,2.5,1.900900900900901,1.900900900900901
585770,Bet365,2.05,3.8,3.25,2.5,1.4,3.0
585771,Bet365,2.3,3.7,2.87,2.5,1.6578947368421053,2.2
585772,Bet365,3.2,3.3,2.3,2.5,2.1,1.7194244604316546
585765,Bet365,2.1,4.1,3.0,2.5,1.359712230215827,3.2
585766,Bet365,4.2,3.8,1.8,2.5,1.6578947368421053,2.2
585769,Bet365,1.0699790062981105,11.0,29.0,2.5,1.21978021978022,4.33
585759,Bet365,3.6,3.8,1.9523809523809523,2.5,1.5714285714285714,2.37
585760,Bet365,1.5714285714285714,4.0,5.75,2.5,1.4,3.0
585761,Bet365,2.1,3.25,3.75,2.5,2.2,1.6578947368421053
585762,Bet365,1.1,10.0,21.0,2.5,1.25,4.0
585763,Bet365,1.21978021978022,6.5,13.0,2.5,1.5714285714285714,2.37
585764,Bet365,1.21978021978022,6.5,11.0,2.5,1.359712230215827,3.2
585868,Bet365,11.0,5.5,1.280112044817927,2.5,1.4405286343612334,2.75
585869,Bet365,15.0,7.5,1.16,2.5,1.4,3.0
585870,Bet365,5.0,4.2,1.6097560975609757,2.5,1.529100529100529,2.5
585871,Bet365,1.598802395209581,3.8,6.0,2.5,2.0,1.8
585872,Bet365,2.4,3.1,3.1,2.5,2.2,1.6578947368421053
585873,Bet365,1.900900900900901,4.2,3.4,2.5,1.4,3.0
585874,Bet365,3.75,3.4,2.05,2.5,2.0,1.8
585875,Bet365,1.280112044817927,5.75,9.5,2.5,1.6578947368421053,2.2
585876,Bet365,4.5,3.8,1.7518796992481205,2.5,1.6097560975609757,2.3
585877,Bet365,1.847457627118644,3.6,4.2,2.5,2.0,1.8
585878,Bet365,3.8,3.75,1.900900900900901,2.5,1.900900900900901,1.900900900900901
585879,Bet365,1.6578947368421053,4.0,5.0,2.5,1.6097560975609757,2.3
585856,Bet365,1.280112044817927,5.5,10.0,2.5,1.529100529100529,2.5
585857,Bet365,1.3003003003003002,5.5,9.5,2.5,1.529100529100529,2.5
585858,Bet365,1.8,3.5,4.5,2.5,2.1,1.7194244604316546
585859,Bet365,1.6097560975609757,4.1,5.25,2.5,1.6097560975609757,2.3
585860,Caesars (New Jersey),1.2,7.0,13.5,2.5,1.4444444444444444,2.8
585861,Bet365,3.1,3.75,2.15,2.5,1.6097560975609757,2.3
585862,Bet365,1.529100529100529,4.75,5.25,2.5,1.4405286343612334,2.75
585863,Bet365,3.6,3.9,1.900900900900901,2.5,1.5,2.62
585864,Bet365,4.0,3.6,1.900900900900901,2.5,1.8,2.0
585865,Bet365,7.0,4.5,1.4405286343612334,2.5,1.5714285714285714,2.37
585866,Bet365,3.75,3.4,2.0,2.5,1.900900900900901,1.900900900900901
585867,Bet365,1.8333333333333333,3.5,4.5,2.5,2.3,1.6097560975609757
590724,Bet365,3.1,3.6,2.2,2.5,1.8,2.0
590726,Bet365,2.0,3.8,3.4,2.5,1.5714285714285714,2.38
590721,Bet365,2.35,3.4,3.0,2.5,1.9090909090909087,1.9090909090909087
590723,Bet365,4.1,3.25,2.0,2.5,2.0,1.8
590747,Bet365,2.8,2.88,2.88,2.5,3.0,1.4
590746,Bet365,2.8,3.5,2.45,2.5,1.6134969325153374,2.3
590748,Bet365,2.25,3.25,3.3,2.5,2.0,1.8
590750,Bet365,4.1,3.5,1.9090909090909087,2.5,2.0,1.8
590751,Bet365,3.0,3.3,2.4,2.5,2.0,1.8
590752,Bet365,3.8,3.2,2.1,2.5,2.5,1.5319148936170213
590754,Bet365,2.4,3.4,2.9,2.5,1.9090909090909087,1.9090909090909087
590756,Bet365,3.6,3.6,2.0,2.5,1.6666666666666663,2.2
590758,Bet365,8.5,5.0,1.3636363636363638,2.5,1.8,2.0
590744,Bet365,2.45,3.3,3.0,2.5,2.1,1.7246376811594204
590745,Bet365,4.33,3.6,1.8333333333333333,2.5,1.9090909090909087,1.9090909090909087
590749,Bet365,7.0,5.0,1.4,2.5,1.5319148936170213,2.5
590753,Bet365,3.3,3.25,2.25,2.5,2.1,1.7246376811594204
590755,Bet365,4.0,3.2,2.05,2.5,2.2,1.6666666666666663
590757,Bet365,3.2,3.0,2.45,2.5,2.5,1.5319148936170213
590759,Bet365,2.88,3.4,2.4,2.5,1.8,2.0
590720,Bet365,4.0,3.8,1.847457627118644,2.5,1.5319148936170213,2.5
590722,Bet365,2.9,3.0,2.63,2.5,2.5,1.5319148936170213
590742,Bet365,1.3333333333333333,5.5,8.0,2.5,1.5714285714285714,2.38
590725,Bet365,10.0,5.25,1.3003003003003002,2.5,1.6666666666666663,2.2
590727,Bet365,2.25,3.4,3.2,2.5,1.9090909090909087,1.9090909090909087
590728,Bet365,1.7518796992481205,3.7,4.75,2.5,1.7246376811594204,2.1
590729,Bet365,1.6993006993006992,3.8,5.0,2.5,1.9090909090909087,1.9090909090909087
590733,Bet365,1.598802395209581,4.0,5.5,2.5,1.8,2.0
590734,Bet365,2.15,3.8,3.1,2.5,1.6666666666666663,2.2
590735,Bet365,1.9090909090909087,3.5,4.1,2.5,2.0,1.8
590736,Bet365,1.25,6.5,10.0,2.5,1.2222222222222223,4.33
590739,Bet365,2.2,3.6,3.1,2.5,1.5714285714285714,2.38
590730,Bet365,1.5714285714285714,4.4,5.25,2.5,1.4,3.0
590731,Bet365,2.2,3.25,3.4,2.5,2.38,1.5714285714285714
590732,Bet365,2.05,3.7,3.4,2.5,1.7246376811594204,2.1
590737,Bet365,1.8333333333333333,4.0,3.8,2.5,1.6134969325153374,2.3
590738,Bet365,2.05,3.75,3.4,2.5,1.8,2.0
590740,Bet365,1.4504504504504503,4.5,7.0,2.5,1.6666666666666663,2.2
590741,Bet365,1.5319148936170213,3.9,7.0,2.5,2.0,1.8
590743,Bet365,1.5714285714285714,4.6,5.0,2.5,1.5319148936170213,2.5
590716,Bet365,1.5319148936170213,4.33,6.0,2.5,1.7246376811594204,2.1
590719,Bet365,2.2,3.5,3.2,2.5,1.7246376811594204,2.1
590714,Bet365,2.8,4.1,2.2,2.5,1.3333333333333333,3.4
590718,Bet365,2.35,3.8,2.7,2.5,1.6134969325153374,2.3
595529,Bet365,1.5319148936170213,3.8,7.0,2.5,2.0,1.8
595531,Bet365,2.2,3.25,3.4,2.5,2.2,1.6666666666666663
595534,Bet365,3.8,3.2,2.1,2.5,2.5,1.5319148936170213
595535,Bet365,1.6134969325153374,4.2,5.0,2.5,1.5319148936170213,2.5
595521,Bet365,1.3003003003003002,5.5,10.0,2.5,1.9090909090909087,1.9090909090909087
595528,Bet365,5.25,3.8,1.6666666666666663,2.5,2.0,1.8
595530,Bet365,1.8,3.6,4.6,2.5,1.9090909090909087,1.9090909090909087
595532,Bet365,1.6993006993006992,3.8,5.0,2.5,1.8,2.0
590712,Bet365,2.25,3.6,3.0,2.5,1.7246376811594204,2.1
590715,Bet365,1.25,6.5,10.0,2.5,1.5319148936170213,2.5
590713,Bet365,2.3,3.0,3.5,2.5,2.5,1.5319148936170213
590717,Bet365,1.3333333333333333,6.0,7.0,2.5,1.2857142857142856,3.75
595523,Bet365,3.2,3.6,2.15,2.5,2.0,1.8
595525,Bet365,1.3636363636363638,5.0,8.0,2.5,1.7246376811594204,2.1
595526,Bet365,2.63,3.6,2.5,2.5,1.6134969325153374,2.3
595533,Bet365,4.33,3.8,1.8,2.5,2.0,1.8
595520,Bet365,4.2,4.5,1.6666666666666663,2.5,1.4,3.0
595522,Bet365,1.5319148936170213,4.0,6.5,2.5,2.0,1.8
595524,Bet365,4.5,3.9,1.7246376811594204,2.5,1.9090909090909087,1.9090909090909087
595527,Bet365,2.3,3.4,3.1,2.5,2.0,1.8
596888,Bet365,1.2857142857142856,6.0,9.0,2.5,1.5714285714285714,2.38
596890,Bet365,2.55,3.5,2.63,2.5,1.8,2.0
596889,Bet365,5.0,3.5,1.7518796992481205,2.5,2.2,1.6666666666666663
596891,Bet365,2.0,3.8,3.5,2.5,1.5,2.63
596896,Bet365,6.5,4.0,1.5319148936170213,2.5,2.0,1.8
596897,Bet365,1.9090909090909087,3.9,3.6,2.5,1.5319148936170213,2.5
596898,Bet365,1.5,4.2,6.5,2.5,1.9090909090909087,1.9090909090909087
596899,Bet365,4.33,3.5,1.847457627118644,2.5,2.38,1.5714285714285714
596884,Bet365,2.88,4.33,2.1,2.5,1.3003003003003002,3.5
596885,Bet365,1.8,3.75,4.33,2.5,2.0,1.8
596886,Bet365,4.8,4.5,1.598802395209581,2.5,1.5319148936170213,2.5
596887,Bet365,1.9523809523809523,4.0,3.4,2.5,1.5319148936170213,2.5
596892,Bet365,3.0,3.8,2.2,2.5,1.4444444444444444,2.75
596893,Bet365,4.75,3.75,1.7246376811594204,2.5,2.0,1.8
596894,Bet365,1.4504504504504503,4.33,7.5,2.5,1.9090909090909087,1.9090909090909087
596895,Bet365,1.5319148936170213,4.2,6.5,2.5,1.9090909090909087,1.9090909090909087
600629,Bet365,2.4,3.1,3.2,2.5,2.5,1.5319148936170213
600630,Bet365,3.75,3.6,1.9523809523809523,2.5,1.8,2.0
600805,Bet365,2.55,3.25,2.88,2.5,2.0,1.8
600806,Bet365,1.4444444444444444,4.5,7.0,2.5,1.7246376811594204,2.1
600627,Bet365,1.5714285714285714,4.5,5.0,2.5,1.6666666666666663,2.2
600628,Bet365,2.25,3.3,3.25,2.5,2.2,1.6666666666666663
600803,Bet365,4.0,4.0,1.8333333333333333,2.5,1.5319148936170213,2.5
600804,Bet365,1.8333333333333333,3.75,4.33,2.5,1.7246376811594204,2.1
602343,Bet365,4.1,3.5,1.9090909090909087,2.5,1.9090909090909087,1.9090909090909087
600626,Bet365,1.9090909090909087,3.3,4.33,2.5,2.3,1.6134969325153374
603203,,,,,,,
603204,,,,,,,
603202,,,,,,,
613774,,,,,,,
613773,,,,,,,
605248,,,,,,,
605251,,,,,,,
605260,,,,,,,
605247,,,,,,,
605255,,,,,,,
605254,,,,,,,
605256,,,,,,,
613772,,,,,,,
605253,,,,,,,
605257,,,,,,,
605259,,,,,,,
605249,,,,,,,
605250,,,,,,,
605252,,,,,,,
605258,,,,,,,
605261,,,,,,,
605246,,,,,,,
613769,,,,,,,
613770,,,,,,,
613771,,,,,,,
613768,,,,,,,
613764,,,,,,,
613765,,,,,,,
613766,,,,,,,
613767,,,,,,,
613763,,,,,,,
613761,,,,,,,
613762,,,,,,,
613759,,,,,,,
613760,,,,,,,
613758,,,,,,,
613748,,,,,,,
613749,,,,,,,
613750,,,,,,,
613751,,,,,,,
613752,,,,,,,
613753,,,,,,,
613754,,,,,,,
613755,,,,,,,
613756,,,,,,,
613757,,,,,,,
613746,,,,,,,
613747,,,,,,,
613744,,,,,,,
613745,,,,,,,
613743,,,,,,,
613742,,,,,,,
605232,,,,,,,
605236,,,,,,,
605243,,,,,,,
613741,,,,,,,
605240,,,,,,,
605231,,,,,,,
605235,,,,,,,
605239,,,,,,,
605238,,,,,,,
605245,,,,,,,
605244,,,,,,,
605241,,,,,,,
605234,,,,,,,
605242,,,,,,,
605237,,,,,,,
605233,,,,,,,
605230,,,,,,,
613740,,,,,,,
613739,,,,,,,
613734,,,,,,,
613735,,,,,,,
613736,,,,,,,
613737,,,,,,,
613738,,,,,,,
613731,,,,,,,
613732,,,,,,,
613733,,,,,,,
613726,,,,,,,
613727,,,,,,,
613728,,,,,,,
613729,,,,,,,
613730,,,,,,,
613725,,,,,,,
613719,,,,,,,
613720,,,,,,,
613721,,,,,,,
613723,,,,,,,
613724,,,,,,,
613718,,,,,,,
613714,,,,,,,
613715,,,,,,,
613716,,,,,,,
613717,,,,,,,
613709,,,,,,,
613710,,,,,,,
613711,,,,,,,
613712,,,,,,,
613713,,,,,,,
613722,,,,,,,
615037,,,,,,,
615057,,,,,,,
615036,,,,,,,
615038,,,,,,,
615044,,,,,,,
606304,,,,,,,
615035,,,,,,,
606306,,,,,,,
606309,,,,,,,
615039,,,,,,,
606305,,,,,,,
615034,,,,,,,
615033,,,,,,,
615045,,,,,,,
606308,,,,,,,
606303,,,,,,,
606307,,,,,,,
615032,,,,,,,
615046,,,,,,,
615047,,,,,,,
615050,,,,,,,
615058,,,,,,,
615059,,,,,,,
615060,,,,,,,
615061,,,,,,,
615062,,,,,,,
615063,,,,,,,
615145,,,,,,,
615071,,,,,,,
615072,,,,,,,
615073,,,,,,,
615074,,,,,,,
615040,,,,,,,
615048,,,,,,,
615075,,,,,,,
615076,,,,,,,
615077,,,,,,,
615078,,,,,,,
615079,,,,,,,
615080,,,,,,,
615081,,,,,,,
615082,,,,,,,
615083,,,,,,,
615090,,,,,,,
615143,,,,,,,
615144,,,,,,,
615084,,,,,,,
615085,,,,,,,
615086,,,,,,,
615087,,,,,,,
615088,,,,,,,
615089,,,,,,,
615140,,,,,,,
615141,,,,,,,
615142,,,,,,,
615091,,,,,,,
615092,,,,,,,
615093,,,,,,,
615049,,,,,,,
615094,,,,,,,
615095,,,,,,,
615096,,,,,,,
615097,,,,,,,
615098,,,,,,,
615099,,,,,,,
615100,,,,,,,
615101,,,,,,,
615102,,,,,,,
606300,,,,,,,
615030,,,,,,,
615031,,,,,,,
615029,,,,,,,
615041,,,,,,,
615139,,,,,,,
606297,,,,,,,
615028,,,,,,,
615027,,,,,,,
606296,,,,,,,
606298,,,,,,,
615026,,,,,,,
606302,,,,,,,
606299,,,,,,,
606301,,,,,,,
615106,,,,,,,
615104,,,,,,,
615105,,,,,,,
615053,,,,,,,
615064,,,,,,,
615065,,,,,,,
615066,,,,,,,
615067,,,,,,,
615107,,,,,,,
615108,,,,,,,
615109,,,,,,,
615110,,,,,,,
615111,,,,,,,
615112,,,,,,,
615123,,,,,,,
615113,,,,,,,
615054,,,,,,,
615068,,,,,,,
615114,,,,,,,
615115,,,,,,,
615116,,,,,,,
615117,,,,,,,
615118,,,,,,,
615119,,,,,,,
615120,,,,,,,
615121,,,,,,,
615122,,,,,,,
615138,,,,,,,
615051,,,,,,,
615070,,,,,,,
615124,,,,,,,
615125,,,,,,,
615042,,,,,,,
615055,,,,,,,
615126,,,,,,,
615127,,,,,,,
615128,,,,,,,
615129,,,,,,,
615130,,,,,,,
615131,,,,,,,
615132,,,,,,,
615133,,,,,,,
615043,,,,,,,
615056,,,,,,,
615069,,,,,,,
615103,,,,,,,
615134,,,,,,,
615135,,,,,,,
615052,,,,,,,
615136,,,,,,,
615137,,,,,,,
615469,,,,,,,
615472,,,,,,,
616823,,,,,,,
615470,,,,,,,
616811,,,,,,,
616812,,,,,,,
616831,,,,,,,
616850,,,,,,,
616809,,,,,,,
616810,,,,,,,
615468,,,,,,,
615471,,,,,,,
616808,,,,,,,
616822,,,,,,,
615478,,,,,,,
616820,,,,,,,
616821,,,,,,,
616838,,,,,,,
616842,,,,,,,
616849,,,,,,,
616863,,,,,,,
616839,,,,,,,
616825,,,,,,,
616826,,,,,,,
616827,,,,,,,
616829,,,,,,,
616845,,,,,,,
616864,,,,,,,
616865,,,,,,,
616866,,,,,,,
616867,,,,,,,
616868,,,,,,,
615477,,,,,,,
616819,,,,,,,
616830,,,,,,,
616847,,,,,,,
616869,,,,,,,
616870,,,,,,,
616843,,,,,,,
615476,,,,,,,
616860,,,,,,,
616872,,,,,,,
616840,,,,,,,
616873,,,,,,,
616828,,,,,,,
616841,,,,,,,
616871,,,,,,,
616874,,,,,,,
616875,,,,,,,
616848,,,,,,,
616882,,,,,,,
616818,,,,,,,
615467,,,,,,,
616807,,,,,,,
615464,,,,,,,
615463,,,,,,,
616805,,,,,,,
616806,,,,,,,
616852,,,,,,,
616804,,,,,,,
616817,,,,,,,
615465,,,,,,,
615466,,,,,,,
616803,,,,,,,
616859,,,,,,,
616816,,,,,,,
616815,,,,,,,
616832,,,,,,,
616853,,,,,,,
616877,,,,,,,
616886,,,,,,,
616861,,,,,,,
616884,,,,,,,
615474,,,,,,,
616814,,,,,,,
616833,,,,,,,
616846,,,,,,,
616851,,,,,,,
616879,,,,,,,
616854,,,,,,,
616857,,,,,,,
616862,,,,,,,
615475,,,,,,,
616834,,,,,,,
616835,,,,,,,
616844,,,,,,,
616855,,,,,,,
616856,,,,,,,
616858,,,,,,,
616878,,,,,,,
616881,,,,,,,
616888,,,,,,,
616885,,,,,,,
615473,,,,,,,
616836,,,,,,,
616880,,,,,,,
616837,,,,,,,
616876,,,,,,,
616883,,,,,,,
616887,,,,,,,
618103,,,,,,,
618104,,,,,,,
618105,,,,,,,
618166,,,,,,,
618165,,,,,,,
618100,,,,,,,
618101,,,,,,,
618102,,,,,,,
618201,,,,,,,
618189,,,,,,,
618190,,,,,,,
618197,,,,,,,
618205,,,,,,,
618162,,,,,,,
618163,,,,,,,
618164,,,,,,,
618191,,,,,,,
618192,,,,,,,
618198,,,,,,,
618200,,,,,,,
618207,,,,,,,
618208,,,,,,,
618195,,,,,,,
618203,,,,,,,
618206,,,,,,,
618161,,,,,,,
618193,,,,,,,
618196,,,,,,,
618199,,,,,,,
618202,,,,,,,
618204,,,,,,,
618210,,,,,,,
618209,,,,,,,
618160,,,,,,,
618157,,,,,,,
618158,,,,,,,
618159,,,,,,,
618194,,,,,,,
618097,,,,,,,
618098,,,,,,,
618099,,,,,,,
618094,,,,,,,
618095,,,,,,,
618096,,,,,,,
618169,,,,,,,
618153,,,,,,,
618148,,,,,,,
618179,,,,,,,
618184,,,,,,,
618185,,,,,,,
618154,,,,,,,
618167,,,,,,,
618168,,,,,,,
618171,,,,,,,
618173,,,,,,,
618182,,,,,,,
618183,,,,,,,
618186,,,,,,,
618187,,,,,,,
618188,,,,,,,
618181,,,,,,,
618152,,,,,,,
618175,,,,,,,
618176,,,,,,,
618178,,,,,,,
618147,,,,,,,
618174,,,,,,,
618155,,,,,,,
618150,,,,,,,
618170,,,,,,,
618172,,,,,,,
618177,,,,,,,
618149,,,,,,,
618151,,,,,,,
618156,,,,,,,
618180,,,,,,,
618970,,,,,,,
618980,,,,,,,
618790,Bet365,7.5,5.25,1.3636363636363638,2.5,1.5319148936170213,2.5
618791,Bet365,1.6134969325153374,4.0,5.25,2.5,1.9090909090909087,1.9090909090909087
618784,Bet365,2.3,3.4,3.0,2.5,1.9090909090909087,1.9090909090909087
618785,Bet365,3.3,4.1,1.9523809523809523,2.5,1.3636363636363638,3.2
618786,Bet365,3.2,3.2,2.3,2.5,2.2,1.6666666666666663
618787,Bet365,6.5,4.2,1.5,2.5,1.7246376811594204,2.1
618788,Bet365,2.8,3.2,2.63,2.5,2.2,1.6666666666666663
618789,Bet365,1.2,7.0,13.0,2.5,1.5714285714285714,2.38
618792,Bet365,1.8,3.6,4.5,2.5,2.0,1.8
618782,Bet365,6.5,5.0,1.4444444444444444,2.5,1.4444444444444444,2.75
618783,Bet365,3.8,3.1,2.15,2.5,2.5,1.5319148936170213
618776,Bet365,3.6,3.6,1.9523809523809523,2.5,1.7246376811594204,2.1
618777,Bet365,1.6134969325153374,3.7,6.0,2.5,2.0,1.8
618778,Bet365,1.4504504504504503,4.75,6.5,2.5,1.6666666666666663,2.2
618779,Bet365,10.0,5.75,1.2857142857142856,2.5,1.3636363636363638,3.2
618780,Bet365,1.3003003003003002,5.5,9.5,2.5,1.5714285714285714,2.38
618781,Bet365,2.3,3.4,3.1,2.5,1.7246376811594204,2.1
618984,,,,,,,
618838,Bet365,2.88,3.75,2.3,2.5,1.4444444444444444,2.75
618839,Bet365,1.181818181818182,7.0,15.0,2.5,1.3636363636363638,3.2
618840,Bet365,1.5,4.2,6.5,2.5,1.7246376811594204,2.1
618841,Bet365,3.75,3.5,2.0,2.5,1.9090909090909087,1.9090909090909087
618842,Bet365,3.4,3.5,2.1,2.5,1.7246376811594204,2.1
618843,Bet365,1.7246376811594204,3.8,4.75,2.5,1.9090909090909087,1.9090909090909087
618844,Bet365,2.0,3.4,3.8,2.5,1.9090909090909087,1.9090909090909087
618887,Bet365,4.33,3.4,1.9090909090909087,2.5,2.0,1.8
618975,,,,,,,
618976,,,,,,,
618977,,,,,,,
618978,,,,,,,
618979,,,,,,,
618981,,,,,,,
618982,,,,,,,
618983,,,,,,,
618793,Bet365,2.4,3.25,3.0,2.5,1.9090909090909087,1.9090909090909087
618794,Bet365,2.38,3.5,2.9,2.5,1.9090909090909087,1.9090909090909087
618795,Bet365,1.4504504504504503,4.5,7.0,2.5,1.5319148936170213,2.5
618796,Bet365,1.6493506493506491,4.2,5.0,2.5,1.5319148936170213,2.5
618797,Bet365,1.4504504504504503,4.5,7.0,2.5,1.6134969325153374,2.3
618798,Bet365,2.9,3.5,2.35,2.5,1.7246376811594204,2.1
618799,Bet365,2.55,3.4,2.75,2.5,1.6666666666666663,2.2
618969,,,,,,,
618971,,,,,,,
618972,,,,,,,
618973,,,,,,,
618974,,,,,,,
618774,Bet365,1.1,10.0,21.0,2.5,1.25,4.0
618775,Bet365,5.25,4.0,1.6134969325153374,2.5,1.7246376811594204,2.1
618768,Bet365,2.63,3.0,2.88,2.5,2.3,1.6134969325153374
618769,Bet365,1.4,4.75,7.0,2.5,1.4444444444444444,2.75
618770,Bet365,1.1,10.0,21.0,2.5,1.3003003003003002,3.5
618771,Bet365,4.5,3.8,1.7518796992481205,2.5,1.7246376811594204,2.1
618772,Bet365,2.88,3.7,2.3,2.5,1.5714285714285714,2.38
618773,Bet365,1.4504504504504503,4.5,7.0,2.5,1.8,2.0
618766,Bet365,1.4444444444444444,4.5,7.0,2.5,1.6666666666666663,2.2
618767,Bet365,1.4,4.75,7.0,2.5,1.5319148936170213,2.5
618760,Bet365,3.0,3.6,2.25,2.5,1.7246376811594204,2.1
618761,Bet365,3.5,3.1,2.25,2.5,2.3,1.6134969325153374
618762,Bet365,1.0833333333333333,11.0,26.0,2.5,1.25,4.0
618763,Bet365,1.9523809523809523,3.6,3.8,2.5,1.9090909090909087,1.9090909090909087
618764,Bet365,3.2,3.0,2.45,2.5,2.3,1.6134969325153374
618765,Bet365,1.5,4.33,6.5,2.5,1.6134969325153374,2.3
618800,Bet365,3.6,3.9,1.9090909090909087,2.5,1.5714285714285714,2.38
618801,Bet365,2.55,3.25,2.8,2.5,1.9090909090909087,1.9090909090909087
618802,Bet365,4.5,4.0,1.6993006993006992,2.5,1.7246376811594204,2.1
618803,Bet365,1.847457627118644,3.6,4.2,2.5,2.1,1.7246376811594204
618804,Bet365,1.1666666666666667,8.0,14.0,2.5,1.4,3.0
618805,Bet365,1.2,6.5,13.0,2.5,1.4,3.0
618806,Bet365,6.5,4.1,1.5319148936170213,2.5,2.0,1.8
618807,Bet365,2.25,3.3,3.3,2.5,1.9090909090909087,1.9090909090909087
618961,,,,,,,
618962,,,,,,,
618963,,,,,,,
618964,,,,,,,
618965,,,,,,,
618966,,,,,,,
618967,,,,,,,
618968,,,,,,,
618845,Bet365,1.8333333333333333,3.6,4.33,2.5,1.9090909090909087,1.9090909090909087
618846,Bet365,4.33,3.75,1.8,2.5,1.7246376811594204,2.1
618847,Bet365,2.0,3.5,3.75,2.5,1.8,2.0
618848,Bet365,1.2857142857142856,5.5,10.0,2.5,1.5319148936170213,2.5
618849,Bet365,3.8,3.9,1.847457627118644,2.5,1.5319148936170213,2.5
618850,Bet365,3.0,3.3,2.45,2.5,2.1,1.7246376811594204
618851,Bet365,1.5714285714285714,4.0,5.75,2.5,1.7246376811594204,2.1
618886,Bet365,1.181818181818182,7.5,13.0,2.5,1.4,3.0
618953,,,,,,,
618954,,,,,,,
618955,,,,,,,
618956,,,,,,,
618957,,,,,,,
618958,,,,,,,
618959,,,,,,,
618960,,,,,,,
618852,Bet365,1.5714285714285714,4.2,5.5,2.5,1.5,2.63
618758,Bet365,9.0,6.0,1.2857142857142856,2.5,1.5,2.63
618759,Bet365,3.0,3.4,2.35,2.5,1.9090909090909087,1.9090909090909087
618752,Bet365,2.15,3.9,3.0,2.5,1.3636363636363638,3.2
618753,Bet365,1.1428571428571428,8.5,15.0,2.5,1.4444444444444444,2.75
618754,Bet365,3.2,3.4,2.25,2.5,1.9090909090909087,1.9090909090909087
618755,Bet365,2.15,3.5,3.3,2.5,1.9090909090909087,1.9090909090909087
618756,Bet365,1.5494505494505495,4.5,5.5,2.5,1.5319148936170213,2.5
618757,Bet365,5.0,4.0,1.6493506493506491,2.5,1.6666666666666663,2.2
618808,Bet365,4.75,3.8,1.7246376811594204,2.5,1.8,2.0
618750,Bet365,1.2222222222222223,6.5,12.0,2.5,1.5319148936170213,2.5
618751,Bet365,1.9523809523809523,3.6,3.8,2.5,1.9090909090909087,1.9090909090909087
618744,Bet365,1.6134969325153374,4.33,4.75,2.5,1.5,2.63
618745,Bet365,6.0,5.0,1.4504504504504503,2.5,1.5714285714285714,2.38
618746,Bet365,3.1,3.2,2.4,2.5,1.9090909090909087,1.9090909090909087
618747,Bet365,1.0833333333333333,10.0,29.0,2.5,1.3636363636363638,3.2
618748,Bet365,3.2,3.0,2.45,2.5,2.38,1.5714285714285714
618749,Bet365,3.4,3.6,2.05,2.5,1.7246376811594204,2.1
618941,,,,,,,
618853,Bet365,2.38,3.25,3.1,2.5,2.1,1.7246376811594204
618854,Bet365,2.2,3.7,3.0,2.5,1.5714285714285714,2.38
618855,Bet365,4.0,3.6,1.9090909090909087,2.5,1.9090909090909087,1.9090909090909087
618856,Bet365,1.9523809523809523,3.6,3.75,2.5,1.6134969325153374,2.3
618857,Bet365,1.5,4.5,6.0,2.5,1.5714285714285714,2.38
618885,Bet365,3.0,3.6,2.25,2.5,1.9090909090909087,1.9090909090909087
618944,,,,,,,
618945,,,,,,,
618946,,,,,,,
618947,,,,,,,
618948,,,,,,,
618949,,,,,,,
618950,,,,,,,
618951,,,,,,,
618952,,,,,,,
618809,Bet365,1.125,8.5,19.0,2.5,1.3636363636363638,3.2
618810,Bet365,1.9090909090909087,3.5,4.0,2.5,1.8,2.0
618811,Bet365,7.5,4.75,1.4,2.5,1.7246376811594204,2.1
618812,Bet365,3.8,3.8,1.9090909090909087,2.5,1.5714285714285714,2.38
618813,Bet365,1.4,4.75,7.5,2.5,1.7246376811594204,2.1
618814,Bet365,1.847457627118644,3.7,4.1,2.5,1.7246376811594204,2.1
618858,Bet365,2.75,3.4,2.5,2.5,1.9090909090909087,1.9090909090909087
618859,Bet365,1.3636363636363638,5.25,7.5,2.5,1.5319148936170213,2.5
618937,,,,,,,
618938,,,,,,,
618939,,,,,,,
618940,,,,,,,
618942,,,,,,,
618943,,,,,,,
618742,Bet365,14.0,6.0,1.2222222222222223,2.5,1.8,2.0
618743,Bet365,2.38,3.5,2.88,2.5,1.9090909090909087,1.9090909090909087
618736,Bet365,6.0,4.2,1.5494505494505495,2.5,1.9090909090909087,1.9090909090909087
618737,Bet365,1.125,9.0,17.0,2.5,1.25,4.0
618738,Bet365,1.6134969325153374,3.6,6.25,2.5,2.2,1.6666666666666663
618739,Bet365,2.88,3.6,2.3,2.5,1.6666666666666663,2.2
618740,Bet365,1.3636363636363638,5.0,8.0,2.5,1.5319148936170213,2.5
618741,Bet365,1.5,4.2,6.5,2.5,1.9090909090909087,1.9090909090909087
618734,Bet365,1.9523809523809523,3.7,3.7,2.5,1.7246376811594204,2.1
618735,Bet365,1.181818181818182,7.0,15.0,2.5,1.3636363636363638,3.2
618728,Bet365,3.0,3.75,2.2,2.5,1.5319148936170213,2.5
618729,Bet365,1.598802395209581,4.1,5.25,2.5,1.7246376811594204,2.1
618730,Bet365,1.3636363636363638,5.0,8.0,2.5,1.6666666666666663,2.2
618731,Bet365,1.0833333333333333,11.0,25.0,2.5,1.25,4.0
618732,Bet365,10.0,5.5,1.2857142857142856,2.5,1.6666666666666663,2.2
618733,Bet365,2.55,3.6,2.6,2.5,1.4444444444444444,2.75
618921,,,,,,,
618936,,,,,,,
618815,Bet365,4.0,3.4,1.9523809523809523,2.5,2.1,1.7246376811594204
618816,Bet365,2.0,3.6,3.6,2.5,1.8,2.0
618817,Bet365,2.15,3.5,3.25,2.5,1.9090909090909087,1.9090909090909087
618818,Bet365,1.1666666666666667,7.0,17.0,2.5,1.5319148936170213,2.5
618819,Bet365,1.4504504504504503,4.75,6.5,2.5,1.5714285714285714,2.38
618820,Bet365,8.0,4.75,1.3636363636363638,2.5,1.6666666666666663,2.2
618860,Bet365,1.5494505494505495,4.1,6.0,2.5,1.7246376811594204,2.1
618861,Bet365,4.2,4.1,1.7518796992481205,2.5,1.6134969325153374,2.3
618928,,,,,,,
618929,,,,,,,
618930,,,,,,,
618931,,,,,,,
618932,,,,,,,
618933,,,,,,,
618934,,,,,,,
618935,,,,,,,
618821,Bet365,1.2,6.5,13.0,2.5,1.4444444444444444,2.75
618862,Bet365,1.9523809523809523,3.8,3.6,2.5,1.5714285714285714,2.38
618863,Bet365,1.7518796992481205,3.75,4.5,2.5,1.9090909090909087,1.9090909090909087
618864,Bet365,3.5,3.75,2.05,2.5,1.6134969325153374,2.3
618865,Bet365,2.2,3.5,3.2,2.5,1.8,2.0
618866,Bet365,2.5,3.6,2.6,2.5,1.7246376811594204,2.1
618867,Bet365,1.3003003003003002,5.25,10.0,2.5,1.6134969325153374,2.3
618884,Bet365,1.7518796992481205,3.75,4.5,2.5,1.7246376811594204,2.1
618922,,,,,,,
618923,,,,,,,
618924,,,,,,,
618925,,,,,,,
618926,,,,,,,
618927,,,,,,,
618726,Bet365,8.5,6.0,1.3003003003003002,2.5,1.4444444444444444,2.75
618727,Bet365,2.55,3.3,2.8,2.5,1.8,2.0
618720,Bet365,4.2,4.2,1.7246376811594204,2.5,1.4444444444444444,2.75
618721,Bet365,1.5714285714285714,4.2,5.5,2.5,1.7246376811594204,2.1
618722,Bet365,1.6134969325153374,3.8,5.75,2.5,2.3,1.6134969325153374
618723,Bet365,2.45,3.3,2.88,2.5,2.0,1.8
618724,Bet365,1.6666666666666663,3.75,5.25,2.5,2.1,1.7246376811594204
618725,Bet365,4.2,3.75,1.8333333333333333,2.5,1.9090909090909087,1.9090909090909087
618822,Bet365,5.0,3.8,1.6993006993006992,2.5,1.8,2.0
618718,Bet365,7.5,5.25,1.3636363636363638,2.5,1.4,3.0
618719,Bet365,1.25,6.0,11.0,2.5,1.4444444444444444,2.75
618712,Bet365,2.38,3.4,2.9,2.5,1.9090909090909087,1.9090909090909087
618713,Bet365,1.6666666666666663,4.0,4.75,2.5,1.5714285714285714,2.38
618714,Bet365,1.598802395209581,4.0,5.5,2.5,1.8,2.0
618715,Bet365,1.5,4.75,5.75,2.5,1.5319148936170213,2.5
618716,Bet365,3.6,3.8,1.9090909090909087,2.5,1.4444444444444444,2.75
618717,Bet365,11.0,6.0,1.25,2.5,1.5,2.63
618910,,,,,,,
618920,,,,,,,
618868,Bet365,1.5714285714285714,4.2,5.5,2.5,1.5714285714285714,2.38
618869,Bet365,1.2222222222222223,6.5,11.0,2.5,1.4444444444444444,2.75
618870,Bet365,5.5,3.8,1.6493506493506491,2.5,1.8,2.0
618871,Bet365,2.75,3.2,2.63,2.5,2.0,1.8
618872,Bet365,2.3,3.5,2.9,2.5,1.9090909090909087,1.9090909090909087
618873,Bet365,2.0,3.6,3.5,2.5,1.7246376811594204,2.1
618874,Bet365,1.3333333333333333,5.0,9.5,2.5,1.6666666666666663,2.2
618883,Bet365,5.5,4.33,1.5494505494505495,2.5,1.7246376811594204,2.1
618906,,,,,,,
618913,,,,,,,
618914,,,,,,,
618915,,,,,,,
618916,,,,,,,
618917,,,,,,,
618918,,,,,,,
618919,,,,,,,
618823,Bet365,2.88,3.3,2.5,2.5,2.2,1.6666666666666663
618824,Bet365,3.0,3.6,2.25,2.5,1.7246376811594204,2.1
618825,Bet365,1.4,4.75,7.5,2.5,1.5319148936170213,2.5
618826,Bet365,1.1666666666666667,7.5,15.0,2.5,1.4,3.0
618827,Bet365,1.5714285714285714,4.33,5.25,2.5,1.6134969325153374,2.3
618828,Bet365,1.2857142857142856,6.0,9.0,2.5,1.4,3.0
618829,Bet365,1.8333333333333333,3.6,4.2,2.5,1.9090909090909087,1.9090909090909087
618905,,,,,,,
618907,,,,,,,
618908,,,,,,,
618909,,,,,,,
618911,,,,,,,
618912,,,,,,,
618710,Bet365,1.3333333333333333,5.75,7.5,2.5,1.3003003003003002,3.5
618711,Bet365,4.1,4.4,1.6993006993006992,2.5,1.4444444444444444,2.75
618704,Bet365,2.75,3.4,2.5,2.5,1.8,2.0
618705,Bet365,1.2222222222222223,7.0,10.5,2.5,1.3333333333333333,3.4
618706,Bet365,1.6993006993006992,3.75,5.0,2.5,1.9090909090909087,1.9090909090909087
618707,Bet365,2.3,3.5,3.0,2.5,1.5714285714285714,2.38
618708,Bet365,2.25,3.75,2.9,2.5,1.5319148936170213,2.5
618709,Bet365,1.2222222222222223,7.0,10.5,2.5,1.2857142857142856,3.75
618702,Bet365,5.5,4.33,1.5494505494505495,2.5,1.5714285714285714,2.38
618703,Bet365,1.181818181818182,7.0,15.0,2.5,1.6134969325153374,2.3
618696,Bet365,1.5319148936170213,4.75,5.25,2.5,1.3333333333333333,3.4
618697,Bet365,1.3333333333333333,5.25,8.5,2.5,1.6134969325153374,2.3
618698,Bet365,2.2,3.3,3.4,2.5,2.3,1.6134969325153374
618699,Bet365,2.75,3.3,2.6,2.5,2.3,1.6134969325153374
618701,Bet365,1.6493506493506491,4.0,5.0,2.5,1.6134969325153374,2.3
618830,Bet365,3.5,3.4,2.1,2.5,1.9090909090909087,1.9090909090909087
618831,Bet365,3.75,3.75,1.9090909090909087,2.5,1.8,2.0
618832,Bet365,1.9523809523809523,3.6,3.8,2.5,1.9090909090909087,1.9090909090909087
618833,Bet365,1.9523809523809523,3.6,3.75,2.5,1.7246376811594204,2.1
618834,Bet365,2.15,3.6,3.2,2.5,1.6666666666666663,2.2
618835,Bet365,2.0,3.75,3.5,2.5,1.5319148936170213,2.5
618836,Bet365,2.7,3.5,2.5,2.5,1.8,2.0
618837,Bet365,5.5,4.2,1.5714285714285714,2.5,1.6666666666666663,2.2
618897,,,,,,,
618898,,,,,,,
618899,,,,,,,
618900,,,,,,,
618901,,,,,,,
618902,,,,,,,
618903,,,,,,,
618904,,,,,,,
618700,Bet365,1.6666666666666663,4.0,5.0,2.5,1.7246376811594204,2.1
618875,Bet365,5.5,4.2,1.5714285714285714,2.5,1.9090909090909087,1.9090909090909087
618876,Bet365,1.5714285714285714,4.33,5.25,2.5,1.6134969325153374,2.3
618877,Bet365,1.5,4.5,6.0,2.5,1.6666666666666663,2.2
618878,Bet365,1.5714285714285714,4.5,5.0,2.5,1.4,3.0
618879,Bet365,4.33,4.0,1.6993006993006992,2.5,1.5714285714285714,2.38
618880,Bet365,1.2857142857142856,5.75,10.0,2.5,1.4444444444444444,2.75
618881,Bet365,2.9,3.6,2.3,2.5,1.5714285714285714,2.38
618882,Bet365,2.15,3.4,3.4,2.5,2.0,1.8
618889,,,,,,,
618890,,,,,,,
618891,,,,,,,
618892,,,,,,,
618893,,,,,,,
618894,,,,,,,
618895,,,,,,,
618896,,,,,,,
622999,Bet365,7.5,5.25,1.3636363636363638,2.5,1.7246376811594204,2.1
623001,Bet365,1.9090909090909087,3.8,3.75,2.5,1.6134969325153374,2.3
622995,Bet365,8.0,5.0,1.3636363636363638,2.5,1.3636363636363638,3.2
622998,Bet365,3.25,3.6,2.15,2.5,1.7246376811594204,2.1
622962,Bet365,4.0,3.3,1.9523809523809523,2.5,2.1,1.7246376811594204
622965,Bet365,2.05,3.4,3.6,2.5,1.9090909090909087,1.9090909090909087
622967,Bet365,1.4444444444444444,4.5,7.0,2.5,1.7246376811594204,2.1
622968,Bet365,2.25,3.4,3.25,2.5,2.0,1.8
622981,,,,,,,
622982,,,,,,,
622984,,,,,,,
622985,,,,,,,
622963,Bet365,1.3636363636363638,4.5,10.0,2.5,2.2,1.6666666666666663
622964,Bet365,2.0,3.5,3.8,2.5,2.1,1.7246376811594204
622966,Bet365,1.4,4.33,8.5,2.5,1.9090909090909087,1.9090909090909087
622969,Bet365,1.7246376811594204,3.75,5.0,2.5,1.9090909090909087,1.9090909090909087
622978,,,,,,,
622979,,,,,,,
622980,,,,,,,
622983,,,,,,,
622996,Bet365,2.4,3.1,3.2,2.5,2.3,1.6134969325153374
622997,Bet365,1.3003003003003002,5.5,10.0,2.5,1.9090909090909087,1.9090909090909087
622994,Bet365,4.75,4.2,1.6493506493506491,2.5,1.5714285714285714,2.38
623000,Bet365,2.7,3.1,2.75,2.5,2.2,1.6666666666666663
622954,Bet365,3.6,3.3,2.15,2.5,2.1,1.7246376811594204
622957,Bet365,2.2,3.4,3.2,2.5,1.9090909090909087,1.9090909090909087
622958,Bet365,2.88,3.5,2.35,2.5,1.8,2.0
622959,Bet365,3.8,3.3,2.05,2.5,2.2,1.6666666666666663
622970,,,,,,,
622973,,,,,,,
622974,,,,,,,
622975,,,,,,,
622977,,,,,,,
622955,Bet365,2.63,3.4,2.63,2.5,1.8,2.0
622956,Bet365,4.33,4.2,1.7246376811594204,2.5,1.5319148936170213,2.5
622960,Bet365,1.4444444444444444,4.2,8.0,2.5,1.9090909090909087,1.9090909090909087
622961,Bet365,1.9090909090909087,4.0,3.6,2.5,1.5319148936170213,2.5
622971,,,,,,,
622972,,,,,,,
622976,,,,,,,
622989,Bet365,1.5714285714285714,4.33,5.0,2.5,1.5,2.63
622991,Bet365,1.1666666666666667,8.5,13.0,2.5,1.25,4.0
632489,Bet365,2.0,3.6,3.6,2.5,1.7246376811594204,2.1
632490,Bet365,2.05,3.6,3.4,2.5,1.8,2.0
622990,Bet365,2.5,3.8,2.55,2.5,1.5319148936170213,2.5
622992,Bet365,1.2222222222222223,7.0,11.0,2.5,1.4444444444444444,2.75
632488,Bet365,2.15,3.0,3.5,2.5,2.63,1.5
632502,,,,,,,
632503,,,,,,,
632504,,,,,,,
632505,,,,,,,
632483,Bet365,3.2,3.3,2.25,2.5,2.0,1.8
632484,Bet365,2.1,3.6,3.3,2.5,1.6666666666666663,2.2
632485,Bet365,1.1428571428571428,8.5,17.0,2.5,1.3333333333333333,3.4
632486,Bet365,1.8,3.3,4.75,2.5,2.1,1.7246376811594204
632499,,,,,,,
632500,,,,,,,
632501,,,,,,,
632506,,,,,,,
622986,Bet365,2.05,3.2,3.8,2.5,2.2,1.6666666666666663
622987,Bet365,1.3333333333333333,5.75,8.0,2.5,1.4,3.0
622988,Bet365,4.0,3.4,1.9523809523809523,2.5,2.5,1.5319148936170213
622993,Bet365,2.1,3.25,3.6,2.5,2.1,1.7246376811594204
632475,Bet365,2.3,3.75,2.75,2.5,1.6134969325153374,2.3
632476,Bet365,7.5,5.25,1.3636363636363638,2.5,1.6134969325153374,2.3
632477,Bet365,1.4,4.75,7.5,2.5,1.6134969325153374,2.3
632480,Bet365,2.2,3.5,3.1,2.5,1.9090909090909087,1.9090909090909087
632507,,,,,,,
632508,,,,,,,
632509,,,,,,,
632510,,,,,,,
632478,Bet365,1.9523809523809523,3.75,3.6,2.5,1.7246376811594204,2.1
632481,Bet365,1.9090909090909087,4.0,3.5,2.5,1.6134969325153374,2.3
632482,Bet365,2.15,3.25,3.6,2.5,2.5,1.5319148936170213
632511,,,,,,,
632512,,,,,,,
632513,,,,,,,
632514,,,,,,,
633244,Bet365,1.2857142857142856,5.5,11.0,2.5,1.9090909090909087,1.9090909090909087
633246,Bet365,7.5,4.75,1.4,2.5,1.6134969325153374,2.3
633245,Bet365,4.75,4.33,1.6134969325153374,2.5,1.5,2.63
633247,Bet365,2.1,3.25,3.6,2.5,2.2,1.6666666666666663
633252,Bet365,1.7518796992481205,3.75,4.6,2.5,1.8,2.0
633263,,,,,,,
633253,Bet365,4.2,3.8,1.8,2.5,1.8,2.0
633254,Bet365,2.0,3.6,3.5,2.5,2.0,1.8
633255,Bet365,2.2,3.4,3.3,2.5,2.1,1.7246376811594204
633260,,,,,,,
633261,,,,,,,
633262,,,,,,,
633241,Bet365,2.63,3.75,2.45,2.5,1.6666666666666663,2.2
633243,Bet365,1.2222222222222223,7.0,10.5,2.5,1.3333333333333333,3.4
633240,Bet365,1.4,5.0,7.0,2.5,1.5,2.63
633242,Bet365,4.75,3.6,1.7518796992481205,2.5,2.2,1.6666666666666663
633250,Bet365,2.63,3.5,2.6,2.5,1.7246376811594204,2.1
633258,,,,,,,
633248,Bet365,2.0,3.4,3.75,2.5,2.2,1.6666666666666663
633249,Bet365,1.3636363636363638,5.25,7.5,2.5,1.5319148936170213,2.5
633251,Bet365,2.4,3.4,3.0,2.5,1.9090909090909087,1.9090909090909087
633256,,,,,,,
633257,,,,,,,
633259,,,,,,,
634246,Bet365,1.4504504504504503,4.75,6.5,2.5,1.6134969325153374,2.3
634247,Bet365,1.25,6.0,11.0,2.5,1.5714285714285714,2.38
634250,Bet365,1.9090909090909087,3.5,4.2,2.5,2.0,1.8
634251,Bet365,1.4444444444444444,4.5,7.5,2.5,1.7246376811594204,2.1
634255,,,,,,,
634256,,,,,,,
634248,Bet365,4.33,4.1,1.7246376811594204,2.5,1.6666666666666663,2.2
634249,Bet365,3.5,4.0,1.9090909090909087,2.5,1.5319148936170213,2.5
634252,Bet365,2.6,3.4,2.63,2.5,1.8,2.0
634253,Bet365,3.3,3.6,2.05,2.5,1.9090909090909087,1.9090909090909087
634257,,,,,,,
634258,,,,,,,
634254,Bet365,2.4,3.3,3.0,2.5,2.0,1.8
634941,,,,,,,
634861,Bet365,1.9523809523809523,3.75,3.6,2.5,1.6666666666666663,2.2
636686,,,,,,,
636687,,,,,,,
636688,,,,,,,
637104,,,,,,,
637102,,,,,,,
637149,,,,,,,
637161,,,,,,,
637112,,,,,,,
637108,,,,,,,
637113,,,,,,,
637116,,,,,,,
637106,,,,,,,
637107,,,,,,,
637111,,,,,,,
637146,,,,,,,
637110,,,,,,,
637114,,,,,,,
637109,,,,,,,
637115,,,,,,,
637158,,,,,,,
637103,,,,,,,
637105,,,,,,,
637135,,,,,,,
637160,,,,,,,
637133,,,,,,,
637134,,,,,,,
637143,,,,,,,
637147,,,,,,,
637153,,,,,,,
637154,,,,,,,
637155,,,,,,,
637151,,,,,,,
637140,,,,,,,
637141,,,,,,,
637144,,,,,,,
637152,,,,,,,
637139,,,,,,,
637142,,,,,,,
637145,,,,,,,
637148,,,,,,,
637156,,,,,,,
637157,,,,,,,
637159,,,,,,,
637150,,,,,,,
637136,,,,,,,
637137,,,,,,,
637132,,,,,,,
637138,,,,,,,
637123,,,,,,,
637117,,,,,,,
637118,,,,,,,
637121,,,,,,,
637125,,,,,,,
637119,,,,,,,
637128,,,,,,,
637165,,,,,,,
637126,,,,,,,
637127,,,,,,,
637120,,,,,,,
637124,,,,,,,
637129,,,,,,,
637131,,,,,,,
637130,,,,,,,
637122,,,,,,,
637170,,,,,,,
637163,,,,,,,
637166,,,,,,,
637185,,,,,,,
637167,,,,,,,
637173,,,,,,,
637177,,,,,,,
637181,,,,,,,
637187,,,,,,,
637164,,,,,,,
637179,,,,,,,
637180,,,,,,,
637186,,,,,,,
637188,,,,,,,
637176,,,,,,,
637191,,,,,,,
637171,,,,,,,
637174,,,,,,,
637175,,,,,,,
637178,,,,,,,
637182,,,,,,,
637172,,,,,,,
637162,,,,,,,
637169,,,,,,,
637183,,,,,,,
637168,,,,,,,
637189,,,,,,,
637190,,,,,,,
637184,,,,,,,
648793,,,,,,,
648797,,,,,,,
648798,,,,,,,
648799,,,,,,,
648800,,,,,,,
648944,,,,,,,
648945,,,,,,,
648795,,,,,,,
648946,,,,,,,
648801,,,,,,,
648802,,,,,,,
648803,,,,,,,
648947,,,,,,,
649020,,,,,,,
648794,,,,,,,
648804,,,,,,,
648796,,,,,,,
648981,,,,,,,
648956,,,,,,,
648950,,,,,,,
648991,,,,,,,
649021,,,,,,,
648948,,,,,,,
648954,,,,,,,
648957,,,,,,,
648958,,,,,,,
648959,,,,,,,
648984,,,,,,,
648986,,,,,,,
648992,,,,,,,
649018,,,,,,,
649022,,,,,,,
648952,,,,,,,
648993,,,,,,,
649044,,,,,,,
648949,,,,,,,
648951,,,,,,,
648960,,,,,,,
648983,,,,,,,
648985,,,,,,,
648989,,,,,,,
648994,,,,,,,
648995,,,,,,,
649019,,,,,,,
649023,,,,,,,
649043,,,,,,,
649017,,,,,,,
649024,,,,,,,
649045,,,,,,,
648996,,,,,,,
648987,,,,,,,
648997,,,,,,,
649025,,,,,,,
648953,,,,,,,
648955,,,,,,,
648988,,,,,,,
648998,,,,,,,
648982,,,,,,,
648990,,,,,,,
648961,,,,,,,
648999,,,,,,,
649026,,,,,,,
649016,,,,,,,
649027,,,,,,,
649028,,,,,,,
648809,,,,,,,
649029,,,,,,,
648808,,,,,,,
648810,,,,,,,
649030,,,,,,,
648806,,,,,,,
648962,,,,,,,
648811,,,,,,,
648812,,,,,,,
649046,,,,,,,
648805,,,,,,,
648813,,,,,,,
648814,,,,,,,
648815,,,,,,,
649031,,,,,,,
649000,,,,,,,
649032,,,,,,,
648807,,,,,,,
648816,,,,,,,
649008,,,,,,,
648967,,,,,,,
649009,,,,,,,
649010,,,,,,,
649034,,,,,,,
649011,,,,,,,
649012,,,,,,,
648966,,,,,,,
648971,,,,,,,
648972,,,,,,,
648973,,,,,,,
648974,,,,,,,
648975,,,,,,,
649001,,,,,,,
649002,,,,,,,
649003,,,,,,,
649005,,,,,,,
649013,,,,,,,
649014,,,,,,,
649015,,,,,,,
649049,,,,,,,
648976,,,,,,,
648977,,,,,,,
648978,,,,,,,
649007,,,,,,,
649006,,,,,,,
648964,,,,,,,
648965,,,,,,,
648968,,,,,,,
648970,,,,,,,
649004,,,,,,,
649033,,,,,,,
649035,,,,,,,
649036,,,,,,,
649039,,,,,,,
649040,,,,,,,
649041,,,,,,,
649048,,,,,,,
648980,,,,,,,
649038,,,,,,,
648963,,,,,,,
649047,,,,,,,
648969,,,,,,,
648979,,,,,,,
649037,,,,,,,
649042,,,,,,,
650414,,,,,,,
650415,,,,,,,
650011,,,,,,,
650009,,,,,,,
650014,,,,,,,
651249,,,,,,,
651250,,,,,,,
650012,,,,,,,
650429,,,,,,,
650658,,,,,,,
650427,,,,,,,
650010,,,,,,,
650663,,,,,,,
650013,,,,,,,
650022,,,,,,,
650435,,,,,,,
650660,,,,,,,
650659,,,,,,,
650428,,,,,,,
650021,,,,,,,
650420,,,,,,,
650426,,,,,,,
650433,,,,,,,
650436,,,,,,,
650642,,,,,,,
650646,,,,,,,
650647,,,,,,,
650648,,,,,,,
650656,,,,,,,
650657,,,,,,,
650664,,,,,,,
650432,,,,,,,
650645,,,,,,,
650424,,,,,,,
650430,,,,,,,
650431,,,,,,,
650644,,,,,,,
650662,,,,,,,
650418,,,,,,,
650665,,,,,,,
650425,,,,,,,
650637,,,,,,,
650643,,,,,,,
650661,,,,,,,
650419,,,,,,,
650434,,,,,,,
650437,,,,,,,
650638,,,,,,,
650641,,,,,,,
650450,,,,,,,
651251,,,,,,,
650015,,,,,,,
650016,,,,,,,
650416,,,,,,,
650020,,,,,,,
650417,,,,,,,
650671,,,,,,,
651252,,,,,,,
650017,,,,,,,
650019,,,,,,,
650018,,,,,,,
650423,,,,,,,
650442,,,,,,,
650655,,,,,,,
650446,,,,,,,
650421,,,,,,,
650669,,,,,,,
650024,,,,,,,
650443,,,,,,,
650451,,,,,,,
650639,,,,,,,
650651,,,,,,,
650670,,,,,,,
650676,,,,,,,
650666,,,,,,,
650675,,,,,,,
650438,,,,,,,
650440,,,,,,,
650650,,,,,,,
650667,,,,,,,
650653,,,,,,,
650422,,,,,,,
650439,,,,,,,
650441,,,,,,,
650444,,,,,,,
650448,,,,,,,
650652,,,,,,,
650668,,,,,,,
650673,,,,,,,
650447,,,,,,,
650640,,,,,,,
650649,,,,,,,
650674,,,,,,,
650023,,,,,,,
650445,,,,,,,
650449,,,,,,,
650654,,,,,,,
650672,,,,,,,
651333,,,,,,,
651334,,,,,,,
651335,,,,,,,
651336,,,,,,,
651567,,,,,,,
651337,,,,,,,
651338,,,,,,,
651367,,,,,,,
651555,,,,,,,
651374,,,,,,,
651368,,,,,,,
651371,,,,,,,
651372,,,,,,,
651547,,,,,,,
651549,,,,,,,
651550,,,,,,,
651560,,,,,,,
651561,,,,,,,
651562,,,,,,,
651563,,,,,,,
651565,,,,,,,
651373,,,,,,,
651558,,,,,,,
651370,,,,,,,
651556,,,,,,,
651566,,,,,,,
651554,,,,,,,
651375,,,,,,,
651552,,,,,,,
651557,,,,,,,
651564,,,,,,,
651568,,,,,,,
651569,,,,,,,
651369,,,,,,,
651551,,,,,,,
651553,,,,,,,
651559,,,,,,,
651570,,,,,,,
651582,,,,,,,
651339,,,,,,,
651340,,,,,,,
651341,,,,,,,
651342,,,,,,,
651343,,,,,,,
651344,,,,,,,
651377,,,,,,,
651381,,,,,,,
651379,,,,,,,
651376,,,,,,,
651378,,,,,,,
651382,,,,,,,
651383,,,,,,,
651574,,,,,,,
651577,,,,,,,
651579,,,,,,,
651581,,,,,,,
651584,,,,,,,
651586,,,,,,,
651587,,,,,,,
651588,,,,,,,
651589,,,,,,,
651590,,,,,,,
651571,,,,,,,
651572,,,,,,,
651578,,,,,,,
651591,,,,,,,
651576,,,,,,,
651583,,,,,,,
651573,,,,,,,
651580,,,,,,,
651380,,,,,,,
651384,,,,,,,
651548,,,,,,,
651575,,,,,,,
651585,,,,,,,
651592,,,,,,,
652586,Bet365,7.5,4.75,1.4,2.5,1.6666666666666663,2.2
652587,Bet365,1.3333333333333333,5.5,8.0,2.5,1.5,2.63
652588,Bet365,1.2857142857142856,5.75,10.0,2.5,1.4444444444444444,2.75
652589,Bet365,3.9,3.6,1.9090909090909087,2.5,1.9090909090909087,1.9090909090909087
652590,Bet365,4.5,4.1,1.6993006993006992,2.5,1.5319148936170213,2.5
652591,Bet365,1.3333333333333333,5.25,9.0,2.5,1.5319148936170213,2.5
652592,Bet365,9.5,5.75,1.3003003003003002,2.5,1.5319148936170213,2.5
652593,Bet365,1.3636363636363638,5.25,8.5,2.5,1.4444444444444444,2.75
652594,Bet365,1.4504504504504503,4.5,6.5,2.5,1.5714285714285714,2.38
652595,Bet365,2.1,3.6,3.4,2.5,1.7246376811594204,2.1
652596,Bet365,1.0555555555555556,13.0,29.0,2.5,1.2857142857142856,3.75
652597,Bet365,1.847457627118644,3.4,4.5,2.5,2.2,1.6666666666666663
652598,Bet365,3.4,3.8,2.0,2.5,1.5714285714285714,2.38
652599,Bet365,1.5319148936170213,4.33,6.0,2.5,1.6666666666666663,2.2
652600,Bet365,3.8,3.7,1.9090909090909087,2.5,1.6666666666666663,2.2
652601,Bet365,4.0,4.2,1.7246376811594204,2.5,1.4,3.0
652682,Bet365,5.5,4.0,1.6134969325153374,2.5,1.9090909090909087,1.9090909090909087
652683,Bet365,5.25,4.0,1.6493506493506491,2.5,1.9090909090909087,1.9090909090909087
652684,Bet365,11.0,6.5,1.2222222222222223,2.5,1.5,2.63
652685,Bet365,1.5714285714285714,4.2,5.75,2.5,1.9090909090909087,1.9090909090909087
652686,Bet365,1.3636363636363638,5.75,7.0,2.5,1.4,3.0
652687,Bet365,3.0,3.4,2.3,2.5,1.9090909090909087,1.9090909090909087
652688,Bet365,5.0,4.0,1.6993006993006992,2.5,1.9090909090909087,1.9090909090909087
652689,Bet365,1.6134969325153374,4.0,5.25,2.5,2.0,1.8
652778,,,,,,,
652779,,,,,,,
652780,,,,,,,
652782,,,,,,,
652783,,,,,,,
652784,,,,,,,
652785,,,,,,,
652781,,,,,,,
652690,Bet365,2.88,3.3,2.45,2.5,1.9090909090909087,1.9090909090909087
652691,Bet365,1.4,4.75,7.5,2.5,1.7246376811594204,2.1
652692,Bet365,1.5494505494505495,4.2,5.5,2.5,1.7246376811594204,2.1
652693,Bet365,2.25,3.4,3.25,2.5,1.9090909090909087,1.9090909090909087
652694,Bet365,3.3,3.4,2.15,2.5,1.8,2.0
652695,Bet365,2.25,3.2,3.3,2.5,2.1,1.7246376811594204
652696,Bet365,2.3,3.1,3.4,2.5,2.75,1.4444444444444444
652697,Bet365,1.9523809523809523,3.75,3.6,2.5,1.5714285714285714,2.38
652786,,,,,,,
652787,,,,,,,
652788,,,,,,,
652789,,,,,,,
652790,,,,,,,
652791,,,,,,,
652792,,,,,,,
652793,,,,,,,
652602,Bet365,3.4,3.4,2.15,2.5,1.9090909090909087,1.9090909090909087
652603,Bet365,5.75,4.5,1.5,2.5,1.7246376811594204,2.1
652605,Bet365,1.5319148936170213,4.5,5.25,2.5,1.4,3.0
652606,Bet365,1.4,4.33,7.0,2.5,1.6666666666666663,2.2
652607,Bet365,2.0,4.2,3.25,2.5,1.3636363636363638,3.2
652608,Bet365,2.6,3.3,2.8,2.5,2.0,1.8
652609,Bet365,1.9090909090909087,3.75,3.8,2.5,1.7246376811594204,2.1
652610,Bet365,1.3333333333333333,5.0,10.0,2.5,1.7246376811594204,2.1
652611,Bet365,2.9,3.6,2.3,2.5,1.7246376811594204,2.1
652604,Bet365,3.75,3.6,1.9523809523809523,2.5,1.9090909090909087,1.9090909090909087
652612,Bet365,1.181818181818182,7.0,13.0,2.5,1.3003003003003002,3.5
652613,Bet365,1.6134969325153374,4.2,4.75,2.5,1.5714285714285714,2.38
652614,Bet365,10.0,7.0,1.2222222222222223,2.5,1.3333333333333333,3.4
652615,Bet365,1.2857142857142856,5.75,9.0,2.5,1.5714285714285714,2.38
652616,Bet365,2.25,3.3,3.2,2.5,2.0,1.8
652617,Bet365,3.4,3.25,2.2,2.5,2.2,1.6666666666666663
652698,Bet365,3.2,3.3,2.3,2.5,2.1,1.7246376811594204
652699,Bet365,2.38,3.25,3.2,2.5,2.1,1.7246376811594204
652700,Bet365,1.181818181818182,6.5,17.0,2.5,1.6134969325153374,2.3
652701,Bet365,3.75,3.8,1.9090909090909087,2.5,1.8,2.0
652702,Bet365,2.3,3.4,3.1,2.5,1.9090909090909087,1.9090909090909087
652703,Bet365,1.4444444444444444,4.75,6.5,2.5,1.5714285714285714,2.38
652704,Bet365,1.4444444444444444,4.75,6.5,2.5,1.5714285714285714,2.38
652705,Bet365,11.0,6.5,1.2222222222222223,2.5,1.6134969325153374,2.3
652794,,,,,,,
652795,,,,,,,
652796,,,,,,,
652797,,,,,,,
652798,,,,,,,
652799,,,,,,,
652800,,,,,,,
652801,,,,,,,
652706,Bet365,1.4444444444444444,4.5,7.0,2.5,1.8,2.0
652707,Bet365,1.7246376811594204,3.8,4.75,2.5,1.6666666666666663,2.2
652708,Bet365,2.45,3.2,3.0,2.5,2.2,1.6666666666666663
652709,Bet365,1.7518796992481205,3.6,4.75,2.5,2.1,1.7246376811594204
652710,Bet365,1.5,4.5,6.0,2.5,1.5,2.63
652712,Bet365,1.1666666666666667,8.0,17.0,2.5,1.5,2.63
652713,Bet365,1.5494505494505495,4.0,6.0,2.5,1.9090909090909087,1.9090909090909087
652802,,,,,,,
652803,,,,,,,
652804,,,,,,,
652805,,,,,,,
652806,,,,,,,
652807,,,,,,,
652808,,,,,,,
652809,,,,,,,
652619,Bet365,1.0454545454545454,17.0,26.0,2.5,1.2,4.5
652618,Bet365,2.3,3.4,3.1,2.5,2.0,1.8
652620,Bet365,2.3,3.75,2.88,2.5,1.6134969325153374,2.3
652621,Bet365,3.8,3.8,1.9090909090909087,2.5,1.6134969325153374,2.3
652622,Bet365,2.1,3.75,3.3,2.5,1.7246376811594204,2.1
652623,Bet365,3.4,3.4,2.15,2.5,1.9090909090909087,1.9090909090909087
652624,Bet365,4.75,3.5,1.8333333333333333,2.5,2.2,1.6666666666666663
652625,Bet365,1.125,9.5,17.0,2.5,1.2857142857142856,3.75
652626,Bet365,1.5,4.75,5.75,2.5,1.5714285714285714,2.38
652627,Bet365,1.7518796992481205,3.75,4.75,2.5,2.0,1.8
652628,Bet365,1.0454545454545454,13.0,34.0,2.5,1.2222222222222223,4.33
652629,Bet365,3.1,3.5,2.25,2.5,1.9090909090909087,1.9090909090909087
652630,Bet365,3.75,4.0,1.9090909090909087,2.5,1.5714285714285714,2.38
652631,Bet365,1.7246376811594204,3.75,4.75,2.5,1.9090909090909087,1.9090909090909087
652632,Bet365,1.4,5.0,7.5,2.5,1.7246376811594204,2.1
652633,Bet365,1.2,7.5,11.0,2.5,1.3333333333333333,3.4
652714,Bet365,4.33,3.75,1.8,2.5,1.6666666666666663,2.2
652715,Bet365,6.0,3.5,1.6993006993006992,2.5,2.38,1.5714285714285714
652716,Bet365,1.5,4.75,6.0,2.5,1.5714285714285714,2.38
652717,Bet365,4.33,4.0,1.7246376811594204,2.5,1.6134969325153374,2.3
652718,Bet365,1.8333333333333333,3.6,4.33,2.5,1.8,2.0
652719,Bet365,17.0,7.0,1.181818181818182,2.5,1.5319148936170213,2.5
652720,Bet365,3.6,3.2,2.15,2.5,2.2,1.6666666666666663
652721,Bet365,6.5,3.8,1.598802395209581,2.5,2.1,1.7246376811594204
652810,,,,,,,
652811,,,,,,,
652812,,,,,,,
652813,,,,,,,
652814,,,,,,,
652815,,,,,,,
652816,,,,,,,
652817,,,,,,,
652722,Bet365,2.0,3.4,3.8,2.5,2.0,1.8
652723,Bet365,1.7246376811594204,3.75,5.0,2.5,1.9090909090909087,1.9090909090909087
652724,Bet365,1.4,4.75,8.0,2.5,1.7246376811594204,2.1
652725,Bet365,1.2222222222222223,7.0,10.0,2.5,1.3636363636363638,3.2
652726,Bet365,2.88,3.5,2.4,2.5,1.6666666666666663,2.2
652727,Bet365,1.4,4.5,8.5,2.5,1.7246376811594204,2.1
652728,Bet365,2.25,3.3,3.25,2.5,2.0,1.8
652729,Bet365,1.4444444444444444,4.75,7.5,2.5,1.7246376811594204,2.1
652818,,,,,,,
652819,,,,,,,
652820,,,,,,,
652821,,,,,,,
652822,,,,,,,
652823,,,,,,,
652824,,,,,,,
652825,,,,,,,
652634,Bet365,17.0,9.0,1.125,2.5,1.4444444444444444,2.75
652635,Bet365,4.5,3.8,1.7518796992481205,2.5,1.9090909090909087,1.9090909090909087
652636,Bet365,3.5,3.75,1.9523809523809523,2.5,1.5714285714285714,2.38
652637,Bet365,1.3636363636363638,5.25,7.0,2.5,1.5,2.63
652638,Bet365,2.75,3.3,2.6,2.5,2.0,1.8
652639,Bet365,3.2,3.3,2.3,2.5,2.1,1.7246376811594204
652640,Bet365,1.5,4.5,5.75,2.5,1.5,2.63
652641,Bet365,5.75,4.75,1.5,2.5,1.6134969325153374,2.3
652642,Bet365,1.4504504504504503,4.5,7.0,2.5,1.9090909090909087,1.9090909090909087
652643,Bet365,1.5714285714285714,4.5,5.0,2.5,1.4444444444444444,2.75
652644,Bet365,1.5,4.33,6.0,2.5,1.5714285714285714,2.38
652645,Bet365,2.1,3.6,3.3,2.5,1.7246376811594204,2.1
652646,Bet365,10.0,7.5,1.2,2.5,1.4444444444444444,2.75
652647,Bet365,6.0,4.5,1.5,2.5,1.6666666666666663,2.2
652648,Bet365,2.4,3.25,2.9,2.5,2.0,1.8
652649,Bet365,1.4504504504504503,4.5,6.5,2.5,1.7246376811594204,2.1
652730,Bet365,5.0,3.8,1.6666666666666663,2.5,2.0,1.8
652731,Bet365,5.25,4.75,1.5,2.5,1.5,2.63
652732,Bet365,4.0,3.4,1.9523809523809523,2.5,2.1,1.7246376811594204
652733,Bet365,1.6493506493506491,4.0,5.0,2.5,1.8,2.0
652734,Bet365,1.6134969325153374,4.2,5.0,2.5,1.6134969325153374,2.3
652735,Bet365,3.4,3.5,2.1,2.5,2.0,1.8
652736,Bet365,2.75,3.3,2.55,2.5,2.1,1.7246376811594204
652737,Bet365,2.25,3.5,3.1,2.5,2.0,1.8
652826,,,,,,,
652827,,,,,,,
652828,,,,,,,
652829,,,,,,,
652830,,,,,,,
652831,,,,,,,
652832,,,,,,,
652833,,,,,,,
652738,Bet365,1.5,4.33,6.0,2.5,1.6666666666666663,2.2
652739,Bet365,2.6,3.5,2.63,2.5,1.9090909090909087,1.9090909090909087
652740,Bet365,4.2,3.8,1.8333333333333333,2.5,1.8,2.0
652741,Bet365,1.3333333333333333,5.0,11.0,2.5,2.0,1.8
652742,Bet365,1.25,6.0,11.0,2.5,1.4444444444444444,2.75
652743,Bet365,1.05,15.0,26.0,2.5,1.2222222222222223,4.33
652744,Bet365,1.598802395209581,4.2,5.25,2.5,1.9090909090909087,1.9090909090909087
652745,Bet365,1.3003003003003002,5.25,9.0,2.5,1.8,2.0
652834,,,,,,,
652835,,,,,,,
652836,,,,,,,
652837,,,,,,,
652838,,,,,,,
652839,,,,,,,
652840,,,,,,,
652841,,,,,,,
652711,Bet365,1.5714285714285714,4.2,5.5,2.5,1.7246376811594204,2.1
652650,Bet365,4.75,3.6,1.7518796992481205,2.5,1.9090909090909087,1.9090909090909087
652651,Bet365,1.4444444444444444,4.33,7.0,2.5,1.9090909090909087,1.9090909090909087
652652,Bet365,2.1,3.4,3.6,2.5,2.0,1.8
652653,Bet365,4.5,4.0,1.6993006993006992,2.5,1.5319148936170213,2.5
652654,Bet365,1.0625,11.0,23.0,2.5,1.2222222222222223,4.33
652655,Bet365,2.3,3.6,2.9,2.5,1.6134969325153374,2.3
652656,Bet365,1.6493506493506491,4.0,5.0,2.5,1.6666666666666663,2.2
652657,Bet365,5.0,4.0,1.6493506493506491,2.5,1.9090909090909087,1.9090909090909087
652658,Bet365,3.0,3.5,2.25,2.5,1.9090909090909087,1.9090909090909087
652659,Bet365,1.1428571428571428,8.0,17.0,2.5,1.4,3.0
652660,Bet365,2.1,3.5,3.5,2.5,1.8,2.0
652661,Bet365,1.598802395209581,4.2,5.25,2.5,1.7246376811594204,2.1
652662,Bet365,3.4,4.2,1.9090909090909087,2.5,1.4444444444444444,2.75
652663,Bet365,1.3003003003003002,6.0,8.0,2.5,1.4444444444444444,2.75
652664,Bet365,1.5,4.33,6.5,2.5,1.7246376811594204,2.1
652665,Bet365,2.2,4.0,2.8,2.5,1.4,3.0
652746,Bet365,1.9090909090909087,3.5,4.0,2.5,2.3,1.6134969325153374
652747,Bet365,1.5494505494505495,4.5,5.5,2.5,1.5714285714285714,2.38
652748,Bet365,2.88,3.3,2.5,2.5,2.1,1.7246376811594204
652749,Bet365,4.75,3.8,1.6993006993006992,2.5,1.9090909090909087,1.9090909090909087
652750,Bet365,3.1,3.6,2.25,2.5,1.9090909090909087,1.9090909090909087
652751,Bet365,3.1,3.6,2.2,2.5,1.6666666666666663,2.2
652752,Bet365,3.2,3.3,2.25,2.5,2.2,1.6666666666666663
652753,Bet365,2.88,3.4,2.5,2.5,1.9090909090909087,1.9090909090909087
652842,,,,,,,
652844,,,,,,,
652845,,,,,,,
652846,,,,,,,
652847,,,,,,,
652848,,,,,,,
652754,Bet365,4.0,3.6,1.9523809523809523,2.5,1.7246376811594204,2.1
652755,Bet365,1.9523809523809523,3.6,3.8,2.5,1.9090909090909087,1.9090909090909087
652756,Bet365,1.0909090909090908,9.5,26.0,2.5,1.4444444444444444,2.75
652757,Bet365,9.0,5.25,1.3333333333333333,2.5,1.7246376811594204,2.1
652758,Bet365,2.38,3.4,2.9,2.5,1.9090909090909087,1.9090909090909087
652759,Bet365,7.0,4.0,1.5319148936170213,2.5,2.1,1.7246376811594204
652760,Bet365,1.4,5.0,8.5,2.5,1.6666666666666663,2.2
652761,Bet365,3.25,3.8,2.05,2.5,1.6666666666666663,2.2
652849,,,,,,,
652850,,,,,,,
652851,,,,,,,
652852,,,,,,,
652853,,,,,,,
652854,,,,,,,
652855,,,,,,,
652856,,,,,,,
652857,,,,,,,
652843,,,,,,,
652666,Bet365,2.8,3.2,2.6,2.5,2.2,1.6666666666666663
652667,Bet365,1.5319148936170213,4.5,5.5,2.5,1.5319148936170213,2.5
652668,Bet365,1.4504504504504503,5.0,6.0,2.5,1.4,3.0
652669,Bet365,1.9090909090909087,4.0,3.6,2.5,1.5319148936170213,2.5
652670,Bet365,2.9,3.4,2.4,2.5,1.9090909090909087,1.9090909090909087
652671,Bet365,3.8,4.0,1.8333333333333333,2.5,1.5714285714285714,2.38
652672,Bet365,2.3,3.5,3.0,2.5,1.7246376811594204,2.1
652673,Bet365,8.5,5.5,1.3333333333333333,2.5,1.5714285714285714,2.38
652674,Bet365,4.33,3.8,1.7518796992481205,2.5,1.7246376811594204,2.1
652675,Bet365,1.25,6.5,9.5,2.5,1.4,3.0
652676,Bet365,1.181818181818182,7.0,15.0,2.5,1.5714285714285714,2.38
652677,Bet365,4.33,4.2,1.6993006993006992,2.5,1.7246376811594204,2.1
652678,Bet365,1.5,4.5,6.5,2.5,1.6666666666666663,2.2
652679,Bet365,4.5,4.0,1.6993006993006992,2.5,1.6666666666666663,2.2
652680,Bet365,5.5,4.33,1.5714285714285714,2.5,1.6134969325153374,2.3
652681,Bet365,1.3003003003003002,5.5,9.0,2.5,1.5714285714285714,2.38
652858,,,,,,,
652859,,,,,,,
652762,Bet365,1.5,4.75,5.75,2.5,1.5,2.63
652763,Bet365,2.15,3.8,3.1,2.5,1.5714285714285714,2.38
652764,Bet365,3.4,3.6,2.05,2.5,1.8,2.0
652765,Bet365,1.6134969325153374,4.1,5.25,2.5,1.7246376811594204,2.1
652766,Bet365,3.5,3.3,2.15,2.5,2.2,1.6666666666666663
652767,Bet365,2.1,3.25,3.75,2.5,2.2,1.6666666666666663
652768,Bet365,2.0,3.6,3.6,2.5,1.9090909090909087,1.9090909090909087
652769,Bet365,2.0,3.8,3.4,2.5,1.8,2.0
652860,,,,,,,
652861,,,,,,,
652862,,,,,,,
652863,,,,,,,
652864,,,,,,,
652865,,,,,,,
652866,,,,,,,
652867,,,,,,,
652770,Bet365,4.0,3.6,1.9090909090909087,2.5,1.9090909090909087,1.9090909090909087
652771,Bet365,1.2222222222222223,7.0,12.0,2.5,1.4444444444444444,2.75
652772,Bet365,1.2,7.5,11.0,2.5,1.4,3.0
652773,Bet365,4.75,4.0,1.6993006993006992,2.5,1.7246376811594204,2.1
652774,Bet365,1.1428571428571428,8.0,19.0,2.5,1.4444444444444444,2.75
652775,Bet365,1.3636363636363638,5.5,7.5,2.5,1.5714285714285714,2.38
652776,Bet365,1.3333333333333333,5.0,9.5,2.5,1.9090909090909087,1.9090909090909087
652777,Bet365,2.63,4.0,2.3,2.5,1.5319148936170213,2.5
652868,,,,,,,
652869,,,,,,,
652870,,,,,,,
652871,,,,,,,
652872,,,,,,,
652873,,,,,,,
656857,Bet365,2.45,3.2,3.0,2.5,2.0,1.8
656858,Bet365,2.8,3.5,2.45,2.5,1.6666666666666663,2.2
656852,Bet365,2.3,3.4,3.1,2.5,1.9090909090909087,1.9090909090909087
656853,Bet365,4.5,3.6,1.8333333333333333,2.5,2.1,1.7246376811594204
656878,Bet365,2.05,3.25,3.6,2.5,2.3,1.6134969325153374
656879,Bet365,1.7518796992481205,3.8,4.75,2.5,1.9090909090909087,1.9090909090909087
656882,Bet365,3.1,3.3,2.3,2.5,2.0,1.8
656884,Bet365,3.0,3.0,2.63,2.5,2.63,1.5
656897,,,,,,,
656901,,,,,,,
656902,,,,,,,
656903,,,,,,,
656877,Bet365,2.1,3.5,3.4,2.5,1.7246376811594204,2.1
656880,Bet365,1.3333333333333333,5.0,11.0,2.5,2.0,1.8
656881,Bet365,2.1,3.4,3.75,2.5,2.3,1.6134969325153374
656883,Bet365,1.2857142857142856,5.25,12.0,2.5,1.6666666666666663,2.2
656896,,,,,,,
656898,,,,,,,
656899,,,,,,,
656900,,,,,,,
656854,Bet365,3.4,3.4,2.15,2.5,2.0,1.8
656856,Bet365,2.2,3.6,3.1,2.5,1.8,2.0
656855,Bet365,1.7518796992481205,3.5,5.0,2.5,2.2,1.6666666666666663
656859,Bet365,3.9,3.5,1.9523809523809523,2.5,1.9090909090909087,1.9090909090909087
656885,Bet365,2.25,3.6,3.0,2.5,1.6666666666666663,2.2
656888,Bet365,4.5,3.4,1.847457627118644,2.5,2.1,1.7246376811594204
656890,Bet365,1.9090909090909087,3.75,3.75,2.5,1.8,2.0
656891,Bet365,5.5,3.6,1.6993006993006992,2.5,2.2,1.6666666666666663
656904,,,,,,,
656908,,,,,,,
656909,,,,,,,
656910,,,,,,,
656886,Bet365,1.6134969325153374,3.75,5.75,2.5,2.3,1.6134969325153374
656887,Bet365,1.7246376811594204,4.0,4.5,2.5,1.8,2.0
656889,Bet365,2.3,3.2,3.25,2.5,2.38,1.5714285714285714
656892,Bet365,2.1,3.4,3.5,2.5,1.8,2.0
656905,,,,,,,
656906,,,,,,,
656907,,,,,,,
656911,,,,,,,
666741,,,,,,,
656860,Bet365,1.3636363636363638,4.75,8.0,2.5,1.6134969325153374,2.3
656861,Bet365,1.6493506493506491,4.0,4.75,2.5,1.7246376811594204,2.1
656862,Bet365,1.6666666666666663,4.75,4.1,2.5,1.3636363636363638,3.2
656867,Bet365,1.7518796992481205,3.75,4.5,2.5,2.1,1.7246376811594204
666725,Bet365,3.6,3.3,2.1,2.5,2.3,1.6134969325153374
666726,Bet365,1.2857142857142856,5.5,11.0,2.5,1.5319148936170213,2.5
666727,Bet365,1.6666666666666663,3.4,6.0,2.5,3.0,1.4
666731,Bet365,2.38,2.9,3.4,2.5,3.2,1.3636363636363638
666742,,,,,,,
666747,,,,,,,
666748,,,,,,,
666728,Bet365,3.6,3.5,2.05,2.5,2.0,1.8
666729,Bet365,1.5494505494505495,4.0,6.5,2.5,2.2,1.6666666666666663
666730,Bet365,1.2857142857142856,5.5,11.0,2.5,1.6666666666666663,2.2
666732,Bet365,1.9090909090909087,3.4,4.2,2.5,2.2,1.6666666666666663
666743,,,,,,,
666744,,,,,,,
666745,,,,,,,
666746,,,,,,,
656865,Bet365,3.0,3.3,2.38,2.5,2.0,1.8
656866,Bet365,1.3333333333333333,5.0,9.5,2.5,1.6666666666666663,2.2
666749,,,,,,,
656863,Bet365,1.3636363636363638,5.0,7.5,2.5,1.7246376811594204,2.1
656864,Bet365,2.3,4.0,2.75,2.5,1.5,2.63
666736,Bet365,2.0,3.6,3.75,2.5,1.9090909090909087,1.9090909090909087
666738,Bet365,1.4504504504504503,4.33,6.5,2.5,1.7246376811594204,2.1
666739,Bet365,3.75,3.75,1.9090909090909087,2.5,1.7246376811594204,2.1
666740,Bet365,3.3,3.2,2.3,2.5,2.5,1.5319148936170213
666751,,,,,,,
666754,,,,,,,
666755,,,,,,,
666733,Bet365,1.3333333333333333,5.5,8.5,2.5,1.6666666666666663,2.2
666734,Bet365,3.4,2.9,2.38,2.5,2.63,1.5
666735,Bet365,1.9090909090909087,3.25,4.5,2.5,2.63,1.5
666737,Bet365,5.0,3.8,1.6493506493506491,2.5,1.8,2.0
666750,,,,,,,
666752,,,,,,,
666753,,,,,,,
666756,,,,,,,
667466,Bet365,1.5714285714285714,4.33,5.5,2.5,1.6134969325153374,2.3
667467,Bet365,2.38,3.2,3.1,2.5,2.0,1.8
667468,Bet365,2.63,3.1,2.9,2.5,2.63,1.5
667469,Bet365,1.6666666666666663,3.75,5.25,2.5,2.1,1.7246376811594204
667485,Bet365,2.3,3.0,3.4,2.5,2.63,1.5
667495,,,,,,,
667486,Bet365,1.4444444444444444,4.75,6.5,2.5,1.6666666666666663,2.2
667487,Bet365,1.8,3.3,5.0,2.5,2.38,1.5714285714285714
667488,Bet365,1.3333333333333333,5.25,9.0,2.5,1.7246376811594204,2.1
667493,,,,,,,
667494,,,,,,,
667496,,,,,,,
667471,Bet365,2.55,3.5,2.63,2.5,1.8,2.0
667472,Bet365,1.847457627118644,3.5,4.2,2.5,2.1,1.7246376811594204
667470,Bet365,2.7,3.8,2.38,2.5,1.5714285714285714,2.38
667473,Bet365,2.1,3.4,3.5,2.5,2.0,1.8
667497,,,,,,,
667499,,,,,,,
667489,Bet365,1.7518796992481205,3.5,5.0,2.5,2.2,1.6666666666666663
667490,Bet365,3.5,3.5,2.05,2.5,2.0,1.8
667491,Bet365,2.38,3.2,3.25,2.5,2.3,1.6134969325153374
667492,Bet365,3.75,3.5,2.0,2.5,1.8,2.0
667498,,,,,,,
667500,,,,,,,
668473,Bet365,3.2,3.75,2.1,2.5,1.7246376811594204,2.1
668474,Bet365,3.3,3.0,2.38,2.5,2.63,1.5
668517,,,,,,,
668518,,,,,,,
668527,Bet365,2.38,3.1,3.3,2.5,2.63,1.5
668528,Bet365,1.7246376811594204,3.5,5.25,2.5,2.38,1.5714285714285714
668476,Bet365,2.3,3.25,3.2,2.5,2.1,1.7246376811594204
668475,Bet365,1.5714285714285714,4.5,5.0,2.5,1.5714285714285714,2.38
668519,,,,,,,
668520,,,,,,,
668529,Bet365,2.4,3.1,3.25,2.5,2.63,1.5
668530,Bet365,2.1,3.25,3.6,2.5,2.3,1.6134969325153374
669254,Bet365,3.2,2.75,2.63,2.5,3.2,1.3636363636363638
668521,,,,,,,
668516,Bet365,1.5319148936170213,4.2,6.5,2.5,1.9090909090909087,1.9090909090909087
670750,Bet365,4.0,3.8,1.8,2.5,1.8,2.0
670751,Bet365,34.0,12.0,1.05,2.5,1.2857142857142856,3.6
670752,,,,,,,
672103,,,,,,,
672097,,,,,,,
672106,,,,,,,
672098,,,,,,,
672100,,,,,,,
672110,,,,,,,
672096,,,,,,,
672099,,,,,,,
672102,,,,,,,
672105,,,,,,,
672104,,,,,,,
672107,,,,,,,
672109,,,,,,,
672040,,,,,,,
672108,,,,,,,
672036,,,,,,,
672101,,,,,,,
672055,,,,,,,
672035,,,,,,,
672051,,,,,,,
672073,,,,,,,
672045,,,,,,,
672046,,,,,,,
672048,,,,,,,
672061,,,,,,,
672074,,,,,,,
672034,,,,,,,
672041,,,,,,,
672052,,,,,,,
672056,,,,,,,
672060,,,,,,,
672062,,,,,,,
672094,,,,,,,
672038,,,,,,,
672049,,,,,,,
672050,,,,,,,
672042,,,,,,,
672053,,,,,,,
672054,,,,,,,
672057,,,,,,,
672063,,,,,,,
672059,,,,,,,
672064,,,,,,,
672043,,,,,,,
672044,,,,,,,
672047,,,,,,,
672112,,,,,,,
672115,,,,,,,
672117,,,,,,,
672118,,,,,,,
672037,,,,,,,
672111,,,,,,,
672121,,,,,,,
672124,,,,,,,
672120,,,,,,,
672123,,,,,,,
672113,,,,,,,
672114,,,,,,,
672125,,,,,,,
672119,,,,,,,
672122,,,,,,,
672116,,,,,,,
672082,,,,,,,
672087,,,,,,,
672095,,,,,,,
672076,,,,,,,
672077,,,,,,,
672079,,,,,,,
672065,,,,,,,
672072,,,,,,,
672067,,,,,,,
672081,,,,,,,
672091,,,,,,,
672092,,,,,,,
672093,,,,,,,
672058,,,,,,,
672069,,,,,,,
672075,,,,,,,
672083,,,,,,,
672086,,,,,,,
672070,,,,,,,
672089,,,,,,,
672039,,,,,,,
672066,,,,,,,
672071,,,,,,,
672078,,,,,,,
672080,,,,,,,
672084,,,,,,,
672090,,,,,,,
672068,,,,,,,
672085,,,,,,,
672088,,,,,,,
677568,,,,,,,
672129,,,,,,,
672130,,,,,,,
672131,,,,,,,
672133,,,,,,,
684007,,,,,,,
684009,,,,,,,
672132,,,,,,,
677569,,,,,,,
684011,,,,,,,
683834,,,,,,,
672128,,,,,,,
684013,,,,,,,
672316,,,,,,,
672347,,,,,,,
672140,,,,,,,
683835,,,,,,,
672275,,,,,,,
672307,,,,,,,
684015,,,,,,,
683839,,,,,,,
683838,,,,,,,
683840,,,,,,,
672277,,,,,,,
672314,,,,,,,
672317,,,,,,,
672336,,,,,,,
672299,,,,,,,
672306,,,,,,,
672276,,,,,,,
672279,,,,,,,
672287,,,,,,,
672298,,,,,,,
672304,,,,,,,
672310,,,,,,,
672311,,,,,,,
672348,,,,,,,
684017,,,,,,,
684021,,,,,,,
672274,,,,,,,
672300,,,,,,,
672303,,,,,,,
672312,,,,,,,
672315,,,,,,,
672319,,,,,,,
684019,,,,,,,
672278,,,,,,,
672286,,,,,,,
672288,,,,,,,
672290,,,,,,,
672296,,,,,,,
672301,,,,,,,
672309,,,,,,,
672313,,,,,,,
684023,,,,,,,
684025,,,,,,,
684554,,,,,,,
672291,,,,,,,
672305,,,,,,,
672342,,,,,,,
672344,,,,,,,
672318,,,,,,,
672345,,,,,,,
672346,,,,,,,
684027,,,,,,,
677570,,,,,,,
672137,,,,,,,
672334,,,,,,,
684016,,,,,,,
672141,,,,,,,
683841,,,,,,,
684008,,,,,,,
683836,,,,,,,
677571,,,,,,,
684014,,,,,,,
672138,,,,,,,
683842,,,,,,,
672136,,,,,,,
672139,,,,,,,
672280,,,,,,,
683837,,,,,,,
683843,,,,,,,
684022,,,,,,,
672134,,,,,,,
672135,,,,,,,
672285,,,,,,,
672337,,,,,,,
684028,,,,,,,
672284,,,,,,,
672293,,,,,,,
672295,,,,,,,
672332,,,,,,,
672343,,,,,,,
672351,,,,,,,
672352,,,,,,,
684010,,,,,,,
684020,,,,,,,
672320,,,,,,,
672294,,,,,,,
672329,,,,,,,
672330,,,,,,,
672331,,,,,,,
672333,,,,,,,
672338,,,,,,,
672350,,,,,,,
672353,,,,,,,
672324,,,,,,,
672323,,,,,,,
672349,,,,,,,
672282,,,,,,,
672292,,,,,,,
672297,,,,,,,
672321,,,,,,,
672326,,,,,,,
672335,,,,,,,
672341,,,,,,,
672289,,,,,,,
672308,,,,,,,
672322,,,,,,,
672283,,,,,,,
672325,,,,,,,
672339,,,,,,,
684012,,,,,,,
672328,,,,,,,
684024,,,,,,,
684026,,,,,,,
672281,,,,,,,
672327,,,,,,,
684018,,,,,,,
672340,,,,,,,
685163,,,,,,,
685139,,,,,,,
685142,,,,,,,
685136,,,,,,,
685141,,,,,,,
685137,,,,,,,
685138,,,,,,,
685191,,,,,,,
685145,,,,,,,
685182,,,,,,,
685140,,,,,,,
685143,,,,,,,
685176,,,,,,,
685205,,,,,,,
685164,,,,,,,
685165,,,,,,,
685189,,,,,,,
685198,,,,,,,
684036,,,,,,,
685166,,,,,,,
685178,,,,,,,
685179,,,,,,,
685180,,,,,,,
685187,,,,,,,
685193,,,,,,,
685196,,,,,,,
685200,,,,,,,
685204,,,,,,,
685221,,,,,,,
685184,,,,,,,
685185,,,,,,,
685195,,,,,,,
685177,,,,,,,
685181,,,,,,,
685186,,,,,,,
685188,,,,,,,
685192,,,,,,,
685202,,,,,,,
685203,,,,,,,
685206,,,,,,,
685199,,,,,,,
685183,,,,,,,
685197,,,,,,,
685194,,,,,,,
684037,,,,,,,
685167,,,,,,,
685201,,,,,,,
685207,,,,,,,
685150,,,,,,,
685151,,,,,,,
685152,,,,,,,
685154,,,,,,,
685146,,,,,,,
685149,,,,,,,
685153,,,,,,,
685147,,,,,,,
685155,,,,,,,
685148,,,,,,,
685232,,,,,,,
685168,,,,,,,
685213,,,,,,,
685218,,,,,,,
685220,,,,,,,
685230,,,,,,,
685169,,,,,,,
685209,,,,,,,
685212,,,,,,,
685214,,,,,,,
685215,,,,,,,
685217,,,,,,,
685224,,,,,,,
685225,,,,,,,
685233,,,,,,,
685238,,,,,,,
685239,,,,,,,
685170,,,,,,,
685228,,,,,,,
685219,,,,,,,
684038,,,,,,,
684039,,,,,,,
685171,,,,,,,
685172,,,,,,,
685190,,,,,,,
685210,,,,,,,
685216,,,,,,,
685222,,,,,,,
685234,,,,,,,
685235,,,,,,,
685237,,,,,,,
685211,,,,,,,
685236,,,,,,,
685208,,,,,,,
685223,,,,,,,
685226,,,,,,,
685231,,,,,,,
685227,,,,,,,
685229,,,,,,,
685144,,,,,,,
685786,,,,,,,
685787,,,,,,,
685788,,,,,,,
685844,,,,,,,
685840,,,,,,,
685789,,,,,,,
685790,,,,,,,
685791,,,,,,,
685839,,,,,,,
685851,,,,,,,
685837,,,,,,,
685854,,,,,,,
685849,,,,,,,
685841,,,,,,,
685843,,,,,,,
685845,,,,,,,
685846,,,,,,,
685848,,,,,,,
685852,,,,,,,
685856,,,,,,,
685882,,,,,,,
685883,,,,,,,
685836,,,,,,,
685850,,,,,,,
685855,,,,,,,
685857,,,,,,,
685880,,,,,,,
685884,,,,,,,
685885,,,,,,,
685842,,,,,,,
685886,,,,,,,
685887,,,,,,,
685838,,,,,,,
685847,,,,,,,
685853,,,,,,,
685888,,,,,,,
685881,,,,,,,
685889,,,,,,,
685792,,,,,,,
685793,,,,,,,
685794,,,,,,,
685795,,,,,,,
685796,,,,,,,
685797,,,,,,,
685871,,,,,,,
685879,,,,,,,
685890,,,,,,,
685858,,,,,,,
685866,,,,,,,
685868,,,,,,,
685870,,,,,,,
685873,,,,,,,
685891,,,,,,,
685892,,,,,,,
685893,,,,,,,
685894,,,,,,,
685864,,,,,,,
685859,,,,,,,
685860,,,,,,,
685862,,,,,,,
685863,,,,,,,
685867,,,,,,,
685869,,,,,,,
685872,,,,,,,
685877,,,,,,,
685895,,,,,,,
685896,,,,,,,
685878,,,,,,,
685874,,,,,,,
685876,,,,,,,
685898,,,,,,,
685899,,,,,,,
685861,,,,,,,
685865,,,,,,,
685875,,,,,,,
685897,,,,,,,
687536,Bet365,4.5,3.8,1.7246376811594204,4.5,5.5,1.1700680272108843
687537,Bet365,2.63,3.1,2.75,4.5,10.0,1.08
687538,Bet365,5.25,3.75,1.6666666666666663,4.5,6.0,1.1400560224089635
687539,Bet365,1.7246376811594204,4.2,4.2,4.5,3.5,1.33003300330033
687540,Bet365,1.0710227272727273,15.0,21.0,4.5,2.63,1.5
687541,Bet365,3.0,3.2,2.5,4.5,8.0,1.08
687542,Bet365,1.5319148936170213,4.33,5.5,4.5,3.75,1.289855072463768
687543,Bet365,1.1430615164520743,8.5,15.0,4.5,3.5,1.289855072463768
687728,Bet365,1.25,6.0,11.0,4.5,3.75,1.25
687544,Bet365,1.4,5.0,7.0,4.5,5.0,1.2
687545,Bet365,1.6993006993006992,4.0,4.75,4.5,5.0,1.1700680272108843
687546,Bet365,4.75,4.0,1.6493506493506491,4.5,5.0,1.1700680272108843
687547,Bet365,2.1,3.4,3.5,4.5,7.0,1.1
687548,Bet365,2.8,3.1,2.63,4.5,9.0,1.1
687549,Bet365,1.3636363636363638,5.25,7.5,4.5,4.0,1.25
687550,Bet365,1.4504504504504503,4.75,6.0,4.5,4.33,1.21978021978022
687551,Bet365,1.4504504504504503,5.0,6.0,4.5,3.4,1.359712230215827
687632,Bet365,1.0710227272727273,11.0,26.0,4.5,2.2,1.6711409395973154
687633,Bet365,2.3,3.6,2.9,4.5,5.5,1.130039011703511
687634,Bet365,7.5,5.75,1.3333333333333333,4.5,3.5,1.3003003003003002
687635,Bet365,1.6134969325153374,4.2,5.0,4.5,5.5,1.1400560224089635
687636,Bet365,3.75,3.4,2.0,4.5,8.0,1.1
687637,Bet365,8.0,4.2,1.4444444444444444,4.5,8.0,1.08
687639,Bet365,2.5,3.25,2.88,4.5,8.0,1.08
687729,Bet365,1.1821493624772312,6.5,17.0,4.5,3.75,1.25
687730,Bet365,1.8333333333333333,3.75,4.2,4.5,5.0,1.1400560224089635
687731,Bet365,1.25,5.5,12.0,4.5,4.0,1.2
687732,Bet365,4.2,3.6,1.847457627118644,4.5,7.0,1.11001100110011
687733,Bet365,3.0,3.6,2.2,4.5,5.0,1.1700680272108843
687734,Bet365,1.5,4.5,6.0,4.5,5.0,1.1400560224089635
687735,Bet365,6.0,4.0,1.5714285714285714,4.5,6.5,1.11001100110011
687736,Bet365,5.75,4.2,1.5494505494505495,4.5,5.0,1.1700680272108843
687638,Bet365,1.9090909090909087,3.75,3.8,4.5,5.5,1.130039011703511
687640,Bet365,2.6,3.5,2.63,4.5,5.0,1.2
687641,Bet365,1.2857142857142856,5.75,9.0,4.5,5.0,1.2
687642,Bet365,2.55,3.4,2.7,4.5,6.0,1.130039011703511
687643,Bet365,1.25,7.0,10.0,4.5,3.0,1.4
687644,Bet365,1.5,4.33,6.5,4.5,4.5,1.21978021978022
687645,Bet365,3.8,3.75,1.9090909090909087,4.5,5.5,1.1400560224089635
687646,Bet365,2.38,3.3,2.9,4.5,6.5,1.1
687647,Bet365,1.125,9.5,21.0,4.5,2.75,1.4405286343612334
687737,BetfairSportsbook,1.8333333333333333,3.5,3.8,2.5,1.598802395209581,2.25
687738,Bet365,1.4,5.0,7.0,4.5,4.33,1.1798561151079137
687739,Bet365,7.0,4.75,1.4,4.5,4.33,1.2
687740,Bet365,3.1,3.8,2.1,4.5,3.75,1.25
687741,Bet365,1.1669449081803005,7.5,15.0,4.5,2.63,1.4405286343612334
687742,Bet365,1.598802395209581,4.0,5.75,4.5,5.0,1.1700680272108843
687743,Bet365,1.2857142857142856,5.75,10.0,4.5,4.33,1.2
687552,Bet365,2.8,3.25,2.55,4.5,9.0,1.1
687553,Bet365,1.9523809523809523,3.6,4.0,4.5,5.5,1.11001100110011
687554,Bet365,2.63,3.6,2.55,4.5,4.5,1.1700680272108843
687555,Bet365,11.0,7.0,1.2222222222222223,4.5,3.0,1.4
687556,Bet365,1.5,4.75,5.75,4.5,4.0,1.25
687557,Bet365,5.5,4.0,1.6134969325153374,4.5,6.5,1.1
687558,Bet365,1.5494505494505495,4.2,5.75,4.5,4.33,1.21978021978022
687559,Bet365,1.7518796992481205,4.0,4.2,4.5,4.5,1.1700680272108843
687560,Bet365,1.8333333333333333,3.6,4.33,4.5,6.0,1.130039011703511
687561,Bet365,1.6134969325153374,4.0,5.25,4.5,5.0,1.1400560224089635
687562,Bet365,4.0,3.8,1.8,4.5,5.0,1.1700680272108843
687563,Bet365,2.38,3.6,2.9,4.5,5.0,1.1700680272108843
687564,Bet365,5.25,4.0,1.6493506493506491,4.5,5.5,1.1400560224089635
687565,Bet365,2.55,3.4,2.75,4.5,6.0,1.130039011703511
687566,Bet365,2.1,3.6,3.4,4.5,5.0,1.1700680272108843
687567,Bet365,2.63,3.4,2.6,4.5,5.5,1.1400560224089635
687744,Bet365,3.4,3.6,2.05,4.5,5.0,1.1700680272108843
687648,Bet365,2.25,3.5,3.1,4.5,6.0,1.1400560224089635
687649,Bet365,2.63,3.5,2.6,4.5,5.5,1.1400560224089635
687650,Bet365,1.8,4.0,4.2,4.5,5.0,1.1700680272108843
687651,Bet365,2.5,3.2,3.0,4.5,8.0,1.08
687652,Bet365,3.1,3.75,2.1,4.5,3.75,1.3003003003003002
687653,Bet365,7.5,4.33,1.4504504504504503,4.5,6.0,1.130039011703511
687654,Bet365,3.4,3.75,2.05,4.5,5.0,1.1400560224089635
687655,Bet365,1.847457627118644,3.8,3.8,4.5,5.0,1.2
687745,Bet365,4.2,3.6,1.847457627118644,4.5,6.0,1.1400560224089635
687746,Bet365,1.5,4.5,6.0,4.5,4.0,1.2
687747,Bet365,2.55,3.8,2.6,4.5,3.75,1.25
687748,Bet365,2.6,3.5,2.55,4.5,4.33,1.21978021978022
687749,Bet365,2.1,3.75,3.3,4.5,5.5,1.1700680272108843
687750,Bet365,2.25,3.4,3.1,4.5,5.5,1.1700680272108843
687751,Bet365,5.5,4.0,1.6493506493506491,4.5,5.0,1.1798561151079137
687656,Bet365,2.15,3.6,3.1,4.5,5.0,1.1700680272108843
687657,Bet365,1.6993006993006992,4.0,4.75,4.5,5.5,1.1400560224089635
687658,Bet365,1.3003003003003002,5.75,10.0,4.5,4.33,1.21978021978022
687659,Bet365,2.6,3.5,2.55,4.5,4.5,1.1700680272108843
687660,Bet365,1.2222222222222223,7.5,12.0,4.5,2.63,1.5
687661,Bet365,2.7,3.3,2.7,4.5,8.0,1.08
687662,Bet365,1.3333333333333333,5.0,9.0,4.5,5.5,1.1400560224089635
687663,Bet365,5.25,4.33,1.5714285714285714,4.5,4.5,1.2
687752,Bet365,2.55,3.25,2.75,4.5,8.0,1.1
687753,Bet365,5.5,4.5,1.5494505494505495,4.5,5.0,1.1798561151079137
687754,Bet365,1.5319148936170213,4.2,6.0,4.5,5.0,1.1798561151079137
687755,Bet365,1.1109877913429522,10.0,15.0,4.5,2.75,1.4
687756,Bet365,6.5,4.33,1.5,4.5,4.0,1.25
687757,Bet365,1.5714285714285714,4.2,5.5,4.5,4.33,1.2
687758,Bet365,1.8333333333333333,3.6,4.33,4.5,6.5,1.130039011703511
687759,Bet365,1.6134969325153374,4.0,5.25,4.5,5.0,1.1700680272108843
687568,Bet365,1.25,6.0,11.0,4.5,4.33,1.25
687569,Bet365,5.5,4.75,1.5,4.5,3.2,1.4
687570,Bet365,2.2,3.3,3.3,4.5,8.0,1.08
687571,Bet365,3.4,3.4,2.15,4.5,7.0,1.1
687572,Bet365,6.5,5.5,1.4,4.5,3.5,1.33003300330033
687573,Bet365,5.25,3.8,1.6666666666666663,4.5,6.0,1.1400560224089635
687574,Bet365,1.2857142857142856,6.0,9.0,4.5,3.4,1.33003300330033
687575,Bet365,2.45,3.5,2.8,4.5,5.0,1.1700680272108843
687576,Bet365,1.8,3.8,4.2,4.5,5.0,1.1700680272108843
687577,Bet365,1.1669449081803005,7.5,15.0,4.5,3.75,1.289855072463768
687578,Bet365,4.0,4.0,1.847457627118644,4.5,5.0,1.1700680272108843
687579,Bet365,3.75,3.3,2.05,4.5,8.0,1.1
687580,Bet365,15.0,6.5,1.2,4.5,4.33,1.21978021978022
687581,Bet365,1.6666666666666663,4.0,5.0,4.5,5.5,1.1700680272108843
687582,Bet365,1.5494505494505495,4.33,5.5,4.5,4.0,1.21978021978022
687583,Bet365,1.2222222222222223,7.0,11.0,4.5,3.0,1.359712230215827
687664,Bet365,2.2,3.3,3.25,4.5,6.0,1.130039011703511
687665,Bet365,2.55,3.6,2.55,4.5,5.0,1.1700680272108843
687666,Bet365,5.5,3.8,1.598802395209581,4.5,5.5,1.130039011703511
687667,Bet365,6.5,4.2,1.5494505494505495,4.5,5.5,1.1700680272108843
687668,Bet365,4.2,4.0,1.8,4.5,5.0,1.1700680272108843
687669,Bet365,6.0,4.75,1.5,4.5,4.5,1.2
687670,Bet365,1.6993006993006992,4.0,4.75,4.5,5.0,1.1700680272108843
687671,Bet365,1.7518796992481205,4.0,4.33,4.5,4.33,1.25
687760,Bet365,3.75,3.5,2.0,4.5,6.0,1.1400560224089635
687761,Bet365,1.3636363636363638,5.5,7.5,4.5,4.0,1.21978021978022
687762,Bet365,2.0,3.6,3.75,4.5,6.5,1.1400560224089635
687763,Bet365,1.1430615164520743,9.0,17.0,4.5,2.63,1.4405286343612334
687764,Bet365,2.7,3.2,2.7,4.5,7.0,1.130039011703511
687766,Bet365,1.3636363636363638,5.0,8.0,4.5,5.0,1.1700680272108843
687767,Bet365,4.0,3.8,1.847457627118644,4.5,5.5,1.1400560224089635
687672,Bet365,1.7246376811594204,3.4,5.5,4.5,8.0,1.08
687673,Bet365,2.75,3.1,2.7,4.5,9.0,1.1
687674,Bet365,1.4444444444444444,4.33,7.5,4.5,5.0,1.1700680272108843
687675,Bet365,1.2857142857142856,6.5,9.5,4.5,2.63,1.5
687676,Bet365,1.1669449081803005,8.0,15.0,4.5,3.0,1.359712230215827
687678,Bet365,1.2,8.0,9.5,4.5,3.2,1.359712230215827
687679,Bet365,2.88,3.3,2.45,4.5,8.0,1.1
687768,Bet365,4.2,3.75,1.8,4.5,5.0,1.1700680272108843
687769,Bet365,3.2,3.4,2.25,4.5,6.5,1.1400560224089635
687770,Bet365,3.6,3.4,2.1,4.5,7.0,1.1
687771,Bet365,2.05,4.0,3.2,4.5,4.0,1.25
687772,Bet365,1.7518796992481205,4.0,4.5,4.5,5.5,1.1400560224089635
687773,Bet365,1.1669449081803005,7.5,15.0,4.5,3.75,1.289855072463768
687774,Bet365,1.1109877913429522,10.0,17.0,4.5,3.0,1.359712230215827
687775,Bet365,1.7518796992481205,4.0,4.33,4.5,3.75,1.25
687584,Bet365,9.5,6.5,1.25,4.5,4.0,1.25
687585,Bet365,2.63,3.4,2.63,4.5,5.5,1.130039011703511
687586,Bet365,3.0,3.6,2.3,4.5,5.5,1.1400560224089635
687587,Bet365,1.0710227272727273,13.0,21.0,4.5,2.75,1.4405286343612334
687588,Bet365,2.63,3.3,2.6,4.5,6.0,1.130039011703511
687589,Bet365,1.2857142857142856,5.25,11.0,4.5,4.5,1.1700680272108843
687590,Bet365,4.5,4.2,1.6666666666666663,4.5,4.0,1.289855072463768
687591,Bet365,1.3636363636363638,5.5,7.0,4.5,4.33,1.2
687592,Bet365,1.8,3.5,4.5,4.5,7.0,1.08
687593,Bet365,1.4,4.6,8.0,4.5,6.5,1.1400560224089635
687594,Bet365,1.1669449081803005,8.5,13.0,4.5,2.38,1.5714285714285714
687595,Bet365,1.2222222222222223,6.0,13.0,4.5,5.0,1.1700680272108843
687596,Bet365,4.5,4.0,1.7246376811594204,4.5,5.0,1.1700680272108843
687597,Bet365,1.2222222222222223,7.5,10.0,4.5,2.75,1.4405286343612334
687598,Bet365,1.8,3.75,4.0,4.5,5.0,1.1700680272108843
687599,Bet365,4.75,3.8,1.6993006993006992,4.5,5.0,1.1400560224089635
687776,Bet365,1.8,3.6,4.5,4.5,6.5,1.1400560224089635
687680,Bet365,4.0,4.2,1.7518796992481205,4.5,3.4,1.359712230215827
687681,Bet365,6.5,5.0,1.4,4.5,4.33,1.21978021978022
687682,Bet365,1.6993006993006992,4.0,4.75,4.5,6.5,1.1400560224089635
687683,Bet365,3.8,3.6,1.9523809523809523,4.5,5.0,1.1700680272108843
687684,Bet365,1.598802395209581,3.8,6.0,4.5,8.0,1.1
687685,Bet365,2.63,3.1,2.8,4.5,10.0,1.08
687686,Bet365,4.2,3.75,1.8333333333333333,4.5,5.5,1.1700680272108843
687687,Bet365,6.0,4.75,1.5,4.5,4.0,1.289855072463768
687777,Bet365,10.0,6.0,1.2857142857142856,4.5,3.25,1.33003300330033
687778,Bet365,2.05,4.0,3.25,4.5,3.5,1.289855072463768
687779,Bet365,1.3333333333333333,5.5,8.5,4.5,4.5,1.1798561151079137
687780,Bet365,2.25,3.4,3.2,4.5,6.5,1.1400560224089635
687781,Bet365,2.38,3.6,2.75,4.5,4.5,1.1700680272108843
687782,Bet365,1.5319148936170213,4.2,6.0,4.5,5.5,1.130039011703511
687783,Bet365,10.0,5.5,1.2857142857142856,4.5,4.33,1.2
687784,Bet365,1.2,7.0,12.0,4.5,3.75,1.289855072463768
687688,Bet365,1.4444444444444444,4.5,7.5,4.5,5.0,1.1700680272108843
687689,Bet365,2.5,3.5,2.75,4.5,5.5,1.1400560224089635
687690,Bet365,1.3003003003003002,5.5,9.0,4.5,4.5,1.21978021978022
687691,Bet365,2.4,4.0,2.55,4.5,3.5,1.3003003003003002
687692,Bet365,1.8,3.8,4.33,4.5,5.5,1.130039011703511
687693,Bet365,1.25,6.0,11.0,4.5,4.0,1.21978021978022
687694,Bet365,1.1669449081803005,7.5,15.0,4.5,3.5,1.289855072463768
687695,Bet365,1.2857142857142856,5.5,12.0,4.5,4.5,1.21978021978022
687785,Bet365,5.75,3.8,1.6134969325153374,4.5,6.0,1.130039011703511
687786,Bet365,4.0,3.8,1.847457627118644,4.5,6.5,1.130039011703511
687787,Bet365,1.7518796992481205,4.0,4.2,4.5,5.5,1.1400560224089635
687788,Bet365,3.3,3.6,2.1,4.5,5.0,1.2
687789,Bet365,1.4,4.75,8.0,4.5,4.33,1.2
687790,Bet365,9.0,6.0,1.2857142857142856,4.5,3.25,1.33003300330033
687791,Bet365,1.4,4.75,7.5,4.5,4.33,1.1798561151079137
687765,Bet365,1.5,4.33,6.0,4.5,4.33,1.2
687600,Bet365,1.9523809523809523,3.6,3.75,4.5,5.5,1.130039011703511
687601,Bet365,1.6134969325153374,4.0,5.25,4.5,5.5,1.1700680272108843
687602,Bet365,2.1,3.8,3.2,4.5,4.33,1.2
687603,Bet365,1.6493506493506491,4.0,4.75,4.5,4.5,1.1700680272108843
687604,Bet365,2.0,3.6,3.6,4.5,5.0,1.1400560224089635
687605,Bet365,1.3003003003003002,5.75,9.5,4.5,4.0,1.25
687606,Bet365,2.5,3.5,2.7,4.5,5.5,1.1400560224089635
687607,Bet365,1.4,4.5,7.5,4.5,4.5,1.2
687608,Bet365,2.8,3.6,2.4,4.5,4.5,1.2
687609,Bet365,2.55,3.6,2.55,4.5,4.5,1.21978021978022
687610,Bet365,1.9090909090909087,3.75,3.75,4.5,5.0,1.1700680272108843
687611,Bet365,1.3333333333333333,5.5,8.0,4.5,6.0,1.130039011703511
687612,Bet365,1.5494505494505495,4.0,6.5,4.5,6.0,1.130039011703511
687613,Bet365,1.6993006993006992,4.33,4.33,4.5,4.5,1.21978021978022
687614,Bet365,2.3,3.4,3.1,4.5,6.5,1.130039011703511
687615,Bet365,1.2,7.5,11.0,4.5,3.0,1.4
687803,Bet365,7.0,5.25,1.4,4.5,3.4,1.289855072463768
687792,Bet365,4.2,3.8,1.8333333333333333,4.5,6.0,1.1400560224089635
687696,Bet365,1.9523809523809523,3.5,3.8,4.5,6.0,1.130039011703511
687697,Bet365,1.6993006993006992,3.8,5.0,4.5,6.0,1.130039011703511
687698,Bet365,1.8,3.75,4.5,4.5,6.0,1.130039011703511
687699,Bet365,5.25,4.0,1.6134969325153374,4.5,5.5,1.130039011703511
687700,Bet365,3.3,4.0,2.05,4.5,4.33,1.2
687701,Bet365,2.45,3.4,2.8,4.5,5.0,1.2
687702,Bet365,7.0,5.25,1.3636363636363638,4.5,4.33,1.21978021978022
687793,Bet365,3.1,3.8,2.1,4.5,4.33,1.2
687794,Bet365,3.8,3.6,1.9090909090909087,4.5,6.5,1.1400560224089635
687795,Bet365,5.75,4.2,1.5319148936170213,4.5,5.5,1.1400560224089635
687796,Bet365,1.2222222222222223,7.0,11.0,4.5,3.25,1.3003003003003002
687797,Bet365,2.4,3.5,2.88,4.5,6.5,1.1400560224089635
687798,Bet365,1.5,4.75,6.0,4.5,3.75,1.25
687799,Bet365,1.9523809523809523,3.5,3.8,4.5,6.5,1.08
687800,Bet365,1.25,6.0,10.0,4.5,3.4,1.289855072463768
687703,Bet365,1.9523809523809523,3.75,3.6,4.5,5.0,1.1400560224089635
687704,Bet365,8.5,6.0,1.3003003003003002,4.5,3.2,1.33003300330033
687705,Bet365,1.1,10.0,19.0,4.5,2.63,1.5
687706,Bet365,1.5494505494505495,4.5,5.25,4.5,3.5,1.3003003003003002
687707,Bet365,1.8333333333333333,3.8,4.0,4.5,5.5,1.1700680272108843
687708,Bet365,1.3003003003003002,5.25,9.5,4.5,4.33,1.21978021978022
687709,Bet365,5.25,4.0,1.6134969325153374,4.5,5.5,1.130039011703511
687710,Bet365,5.0,4.0,1.6993006993006992,4.5,7.0,1.130039011703511
687711,Bet365,2.7,3.4,2.55,4.5,5.0,1.1700680272108843
687801,Bet365,4.75,4.0,1.6993006993006992,4.5,5.5,1.1400560224089635
687802,Bet365,1.3333333333333333,5.5,8.0,4.5,3.75,1.25
687804,Bet365,1.5,4.5,6.0,4.5,5.0,1.1400560224089635
687805,Bet365,3.0,3.3,2.3,4.5,6.5,1.1400560224089635
687806,Bet365,7.5,4.5,1.4444444444444444,4.5,4.33,1.2
687807,Bet365,1.5,4.5,6.5,4.5,4.5,1.1700680272108843
687677,Bet365,1.3003003003003002,5.75,8.5,4.5,3.4,1.33003300330033
687616,Bet365,2.7,3.3,2.6,4.5,5.5,1.1400560224089635
687617,Bet365,1.8333333333333333,3.75,4.2,4.5,6.5,1.1
687618,Bet365,1.9090909090909087,3.5,4.0,4.5,7.0,1.1
687619,Bet365,3.5,3.5,2.05,4.5,5.5,1.130039011703511
687620,Bet365,3.6,4.0,1.9090909090909087,4.5,4.33,1.21978021978022
687621,BetfairSportsbook,3.0,4.2,2.0,2.5,1.4,3.0
687622,Bet365,1.5494505494505495,4.75,5.0,4.5,3.4,1.3003003003003002
687623,Bet365,2.4,3.8,2.7,4.5,4.5,1.2
687624,Bet365,1.25,6.5,10.0,4.5,3.2,1.4
687625,Bet365,5.0,4.2,1.6134969325153374,4.5,5.5,1.1400560224089635
687626,Bet365,1.6134969325153374,4.2,5.5,4.5,6.0,1.1
687627,Bet365,4.75,4.2,1.6134969325153374,4.5,4.33,1.2
687628,Bet365,3.6,4.33,1.8,4.5,3.2,1.33003300330033
687629,Bet365,3.3,3.8,2.05,4.5,4.33,1.25
687630,Bet365,1.598802395209581,4.0,5.5,4.5,5.5,1.1400560224089635
687631,Bet365,1.847457627118644,4.0,3.75,4.5,4.5,1.1700680272108843
687712,Bet365,1.3636363636363638,5.25,8.0,4.5,3.5,1.3003003003003002
687713,Bet365,1.3636363636363638,5.5,7.0,4.5,4.33,1.21978021978022
687714,Bet365,2.05,3.6,3.5,4.5,6.0,1.130039011703511
687715,Bet365,2.2,3.75,3.1,4.5,5.0,1.1700680272108843
687716,Bet365,1.2,7.0,13.0,4.5,4.5,1.2
687717,Bet365,1.2857142857142856,6.0,9.5,4.5,4.5,1.21978021978022
687718,Bet365,2.0,3.8,3.25,4.5,4.5,1.21978021978022
687719,Bet365,1.6134969325153374,3.75,6.0,4.5,6.5,1.1
687808,Bet365,7.0,5.0,1.4,4.5,4.0,1.21978021978022
687809,Bet365,2.3,3.6,2.88,4.5,7.0,1.130039011703511
687810,Bet365,6.0,4.5,1.5,4.5,4.5,1.1798561151079137
687811,Caesars Sportsbook (Colorado),1.0526315789473684,9.5,27.0,3.5,1.7407407407407407,2.05
687812,Bet365,1.2857142857142856,5.75,9.0,4.5,3.75,1.25
687813,Bet365,3.6,2.88,2.3,4.5,10.0,1.05998800239952
687814,Bet365,1.125,8.5,17.0,4.5,2.75,1.359712230215827
687815,Bet365,2.38,3.3,2.88,4.5,8.0,1.08
687720,Bet365,1.8,4.0,4.0,4.5,4.33,1.25
687721,Bet365,4.2,4.2,1.6993006993006992,4.5,3.75,1.3003003003003002
687722,Bet365,2.1,3.5,3.4,4.5,6.5,1.1
687723,Bet365,1.6134969325153374,4.33,5.0,4.5,4.0,1.25
687724,Bet365,1.8,4.0,4.5,4.5,5.5,1.1400560224089635
687725,Bet365,1.598802395209581,4.2,5.5,4.5,5.0,1.1700680272108843
687726,Bet365,1.3003003003003002,5.75,8.5,4.5,4.33,1.25
687727,Bet365,1.8,4.0,4.2,4.5,5.0,1.1400560224089635
687816,Bet365,1.5714285714285714,4.5,5.0,4.5,3.5,1.25
687817,Bet365,1.4,4.75,8.0,4.5,5.5,1.130039011703511
687818,Bet365,1.1669449081803005,7.5,17.0,4.5,3.4,1.33003300330033
687819,Bet365,1.847457627118644,3.8,3.75,4.5,4.5,1.1700680272108843
687820,Bet365,2.38,3.6,2.7,4.5,5.0,1.1700680272108843
687821,Bet365,1.4504504504504503,4.75,6.0,4.5,5.0,1.1400560224089635
687822,Bet365,1.4,5.0,6.5,4.5,4.33,1.1798561151079137
687823,Bet365,1.9090909090909087,3.5,4.0,4.5,4.33,1.21978021978022
691512,Bet365,13.0,6.5,1.2222222222222223,4.5,4.5,1.1700680272108843
691514,Bet365,2.9,3.6,2.3,4.5,4.5,1.2
691513,Bet365,4.75,3.8,1.7246376811594204,4.5,5.5,1.130039011703511
691515,Bet365,1.8,3.5,5.0,4.5,8.0,1.08
691526,ESPN BET,1.5405405405405406,4.4,5.5,2.5,1.625,2.3
691529,ESPN BET,3.2,3.3,2.25,2.5,2.05,1.7407407407407407
691531,ESPN BET,5.0,4.0,1.6451612903225803,2.5,1.6451612903225803,2.25
691532,ESPN BET,2.25,3.35,3.2,2.5,1.9090909090909087,1.869565217391304
691783,ESPN BET,2.0,3.5,3.6,2.5,1.8333333333333333,1.9090909090909087
691784,ESPN BET,2.1,3.25,3.55,2.5,2.0,1.7142857142857144
691786,ESPN BET,1.8,3.6,4.5,2.5,1.9090909090909087,1.869565217391304
691788,ESPN BET,2.18,3.3,3.2,2.5,1.9090909090909087,1.8
691527,ESPN BET,1.6896551724137931,3.7,5.0,2.5,2.0,1.8
691528,ESPN BET,1.6896551724137931,3.7,5.25,2.5,1.9090909090909087,1.869565217391304
691530,ESPN BET,1.5882352941176472,4.2,5.25,2.5,1.6896551724137931,2.15
691533,ESPN BET,1.3571428571428572,5.25,7.75,3.5,2.3,1.606060606060606
691785,ESPN BET,1.6666666666666663,3.8,5.25,2.5,1.9090909090909087,1.869565217391304
691787,ESPN BET,2.55,3.25,2.75,2.5,2.05,1.7407407407407407
691789,ESPN BET,2.7,3.3,2.6,2.5,2.0,1.8
691790,ESPN BET,1.5,4.8,5.25,3.5,1.9090909090909087,1.8333333333333333
691510,Bet365,1.598802395209581,4.0,5.5,4.5,6.5,1.1
691516,Bet365,2.0,3.8,3.5,4.5,4.0,1.21978021978022
691791,ESPN BET,1.8,3.7,4.2,2.5,1.7692307692307692,2.0
691511,Bet365,5.5,4.0,1.6134969325153374,4.5,5.5,1.1400560224089635
691517,Bet365,2.8,3.5,2.45,4.5,6.0,1.130039011703511
691534,ESPN BET,3.7,3.6,1.9523809523809523,2.5,1.6666666666666663,2.2
691535,ESPN BET,2.85,3.7,2.3,3.5,2.3,1.625
691536,ESPN BET,2.75,3.4,2.45,2.5,1.8,2.0
691538,,,,,,,
691792,ESPN BET,2.85,3.35,2.45,2.5,1.9090909090909087,1.8333333333333333
691797,ESPN BET,2.2,3.9,2.9,3.5,2.0,1.8
691798,ESPN BET,2.2,3.2,3.4,2.5,2.2,1.6666666666666663
691537,ESPN BET,1.9523809523809523,3.5,3.7,2.5,1.7692307692307692,2.0
691539,ESPN BET,2.55,3.7,2.45,3.5,2.1,1.7142857142857144
691540,ESPN BET,1.2941176470588236,5.75,8.5,3.5,1.9523809523809523,1.8333333333333333
691541,ESPN BET,1.5405405405405406,4.2,5.75,2.5,1.6896551724137931,2.15
691793,ESPN BET,2.1,3.4,3.5,2.5,1.8333333333333333,1.9090909090909087
691794,ESPN BET,2.25,3.4,3.1,2.5,1.9090909090909087,1.869565217391304
691795,ESPN BET,1.8333333333333333,3.7,4.1,2.5,1.7407407407407407,2.05
691796,ESPN BET,2.3,3.6,2.8,2.5,1.625,2.3
691521,Bet365,1.25,6.5,10.0,4.5,3.75,1.25
691523,Bet365,2.2,3.6,3.2,4.5,6.5,1.11001100110011
699141,Bet365,2.2,3.4,3.3,4.5,6.5,1.130039011703511
691522,Bet365,1.1669449081803005,8.5,15.0,4.5,3.5,1.3003003003003002
691525,Bet365,1.5714285714285714,4.5,5.25,4.5,3.75,1.3003003003003002
699142,Bet365,5.25,4.33,1.5714285714285714,4.5,4.33,1.2
699144,Bet365,2.25,3.5,3.1,4.5,6.0,1.11001100110011
699145,Bet365,5.75,4.75,1.5319148936170213,4.5,5.0,1.1700680272108843
699158,ESPN BET,3.0,3.3,2.35,2.5,1.9523809523809523,1.8
699159,ESPN BET,1.5555555555555556,4.25,5.25,2.5,1.625,2.15
699160,ESPN BET,3.3,3.2,2.25,2.5,2.25,1.606060606060606
699164,ESPN BET,3.5,3.7,2.0,2.5,1.606060606060606,2.25
699143,Bet365,2.7,3.25,2.75,4.5,8.0,1.08
699146,ESPN BET,1.434782608695652,4.6,7.0,2.5,1.869565217391304,1.869565217391304
699147,Bet365,1.6666666666666663,4.2,4.5,4.5,4.5,1.2
699148,ESPN BET,1.5405405405405406,4.33,5.5,2.5,1.7142857142857144,2.1
699157,ESPN BET,5.25,4.0,1.606060606060606,2.5,1.8,1.9523809523809523
699161,ESPN BET,2.6,3.3,2.7,2.5,2.0,1.7692307692307692
699162,ESPN BET,2.5,3.35,2.7,2.5,1.8333333333333333,1.9090909090909087
699163,Bet365,2.55,3.1,2.9,4.5,9.0,1.1
691518,Bet365,1.25,5.75,11.0,4.5,4.5,1.2
691520,Bet365,1.8,4.0,4.0,4.5,4.33,1.21978021978022
691519,Bet365,3.0,3.4,2.38,4.5,6.0,1.130039011703511
691524,Bet365,2.1,3.8,3.1,4.5,4.0,1.25
699149,ESPN BET,2.85,3.4,2.4,2.5,1.8333333333333333,1.9090909090909087
699150,Bet365,2.1,3.8,3.2,4.5,5.0,1.2
699155,Bet365,1.598802395209581,4.2,5.25,4.5,5.0,1.1400560224089635
699156,ESPN BET,3.1,3.6,2.2,2.5,1.606060606060606,2.25
699165,ESPN BET,1.9523809523809523,3.2,4.0,2.5,2.3,1.5714285714285714
699167,ESPN BET,1.6666666666666663,4.33,4.6,3.5,2.3,1.5714285714285714
699168,ESPN BET,1.4166666666666667,5.25,6.5,3.5,2.2,1.625
699171,Bet365,1.7518796992481205,3.8,4.5,4.5,6.0,1.11001100110011
699151,Bet365,1.9090909090909087,3.6,4.0,4.5,5.0,1.1400560224089635
699152,Bet365,1.1821493624772312,7.5,13.0,4.5,3.5,1.3003003003003002
699153,Bet365,1.5714285714285714,4.5,5.0,4.5,4.5,1.2
699154,Bet365,1.1821493624772312,8.0,12.0,4.5,2.75,1.4405286343612334
699166,ESPN BET,1.3125,5.5,8.0,3.5,2.15,1.6666666666666663
699169,ESPN BET,1.625,3.9,5.5,2.5,1.8333333333333333,1.9090909090909087
699170,ESPN BET,3.2,3.7,2.05,2.5,1.606060606060606,2.25
699172,ESPN BET,1.3703703703703702,5.5,7.0,3.5,2.0,1.7692307692307692
700716,Bet365,2.55,3.4,2.75,1.5,1.2857142857142856,3.75
700719,Bet365,1.6493506493506491,4.2,4.75,6.5,21.0,1.01
700717,Bet365,2.05,4.0,3.25,2.5,1.5714285714285714,2.35
700718,Bet365,1.8,3.75,4.2,2.5,1.8,2.0
700733,ESPN BET,2.25,3.3,3.2,2.5,1.8333333333333333,1.9090909090909087
700734,Bet365,4.33,3.4,1.869565217391304,2.5,2.25,1.6134969325153374
700724,ESPN BET,1.7692307692307692,3.7,4.4,2.5,1.8333333333333333,1.9090909090909087
700725,Bet365,1.33003300330033,5.5,8.0,3.5,2.3,1.6134969325153374
700726,ESPN BET,1.7142857142857144,3.8,4.6,2.5,1.7142857142857144,2.1
700727,Bet365,1.4,4.75,7.5,2.5,1.5714285714285714,2.35
700735,Bet365,1.8,21.0,4.5,2.5,1.9523809523809523,1.847457627118644
700736,Bet365,1.7246376811594204,3.75,4.75,2.5,1.8,2.0
700720,Bet365,2.15,3.5,3.1,2.5,1.6666666666666663,2.2
700723,Bet365,2.15,4.0,3.0,3.5,2.0,1.8
700721,Bet365,2.6,4.0,2.63,2.5,1.8,2.0
700722,Bet365,1.5714285714285714,1.02,5.25,3.5,2.2,1.6666666666666663
700738,Bet365,2.45,3.5,2.75,2.5,1.7518796992481205,2.05
700739,Bet365,1.4,1.04,9.0,2.5,2.1,1.6993006993006992
700728,ESPN BET,2.35,3.4,2.9,2.5,1.7692307692307692,2.0
700729,ESPN BET,3.4,3.4,2.15,2.5,1.869565217391304,1.869565217391304
700730,Bet365,3.6,1.01,1.9090909090909087,2.5,1.7246376811594204,2.1
700731,Bet365,5.5,7.5,1.5,3.5,1.9090909090909087,1.9090909090909087
700737,Bet365,1.8,4.0,4.2,2.5,1.6993006993006992,2.1
700740,ESPN BET,1.625,4.33,4.6,3.5,2.2,1.625
702056,Bet365,2.4,3.6,2.75,2.5,1.6666666666666663,2.2
701984,Bet365,2.7,3.6,2.38,2.5,1.529100529100529,2.5
702127,Bet365,2.4,3.4,2.8,2.5,1.9090909090909087,1.9090909090909087
702128,Bet365,3.4,3.6,2.05,2.5,2.0,1.8
702131,Bet365,1.6493506493506491,3.8,5.25,2.5,1.9523809523809523,1.847457627118644
702132,ESPN BET,1.4761904761904765,4.6,6.0,2.5,1.5555555555555556,2.35
701985,ESPN BET,1.4878048780487805,5.0,5.5,3.5,2.0,1.7692307692307692
702134,ESPN BET,2.65,3.5,2.5,2.5,1.7407407407407407,2.05
702057,ESPN BET,1.9523809523809523,3.7,3.5,3.5,2.35,1.5555555555555556
702129,ESPN BET,1.5714285714285714,4.4,5.25,2.5,1.5714285714285714,2.3
702130,ESPN BET,1.869565217391304,3.5,4.33,2.5,1.9523809523809523,1.8
702133,ESPN BET,3.35,3.8,2.0,2.5,1.5555555555555556,2.35
702426,ESPN BET,4.0,3.5,1.869565217391304,2.5,1.8,1.9523809523809523
702408,ESPN BET,3.4,3.2,2.25,2.5,2.05,1.7407407407407407
702410,ESPN BET,4.5,4.0,1.6896551724137931,2.5,1.7407407407407407,2.05
705126,,,,,,,
705122,,,,,,,
705118,,,,,,,
705129,,,,,,,
705130,,,,,,,
705131,,,,,,,
705125,,,,,,,
705121,,,,,,,
705127,,,,,,,
705128,,,,,,,
705123,,,,,,,
705124,,,,,,,
705146,,,,,,,
705120,,,,,,,
705119,,,,,,,
705172,,,,,,,
705152,,,,,,,
705166,,,,,,,
705180,,,,,,,
705185,,,,,,,
705164,,,,,,,
705182,,,,,,,
705186,,,,,,,
705160,,,,,,,
705168,,,,,,,
705106,,,,,,,
705107,,,,,,,
705109,,,,,,,
705110,,,,,,,
705148,,,,,,,
705150,,,,,,,
705176,,,,,,,
705192,,,,,,,
705194,,,,,,,
705158,,,,,,,
705111,,,,,,,
705154,,,,,,,
705171,,,,,,,
705108,,,,,,,
705188,,,,,,,
705157,,,,,,,
705178,,,,,,,
705190,,,,,,,
705162,,,,,,,
705174,,,,,,,
705139,,,,,,,
705138,,,,,,,
705141,ESPN BET,3.2,3.1,2.35,2.5,2.1,1.7142857142857144
705143,,,,,,,
705132,ESPN BET,1.1,8.5,16.0,3.5,1.9523809523809523,1.8
705145,,,,,,,
705133,ESPN BET,2.95,3.6,2.25,2.5,1.606060606060606,2.25
705144,ESPN BET,2.95,3.2,2.45,2.5,2.15,1.6666666666666663
705137,,,,,,,
705134,,,,,,,
705135,,,,,,,
705142,,,,,,,
705173,,,,,,,
705159,,,,,,,
705136,,,,,,,
705140,,,,,,,
705113,,,,,,,
705112,,,,,,,
705161,,,,,,,
705193,,,,,,,
705114,,,,,,,
705116,,,,,,,
705147,,,,,,,
705151,,,,,,,
705153,,,,,,,
705179,,,,,,,
705195,,,,,,,
705155,,,,,,,
705169,,,,,,,
705170,,,,,,,
705191,,,,,,,
705156,,,,,,,
705183,,,,,,,
705117,,,,,,,
705177,,,,,,,
705184,,,,,,,
705187,,,,,,,
705115,,,,,,,
705163,,,,,,,
705149,,,,,,,
705165,,,,,,,
705175,,,,,,,
705167,,,,,,,
705181,,,,,,,
705189,,,,,,,
715880,,,,,,,
715882,,,,,,,
715883,,,,,,,
716273,,,,,,,
715891,,,,,,,
715892,,,,,,,
716263,,,,,,,
715896,,,,,,,
715897,,,,,,,
715898,,,,,,,
715902,,,,,,,
715903,,,,,,,
715886,,,,,,,
716267,,,,,,,
716269,,,,,,,
716325,,,,,,,
716271,,,,,,,
715904,,,,,,,
715887,,,,,,,
716285,,,,,,,
715890,,,,,,,
716331,,,,,,,
716287,,,,,,,
716245,,,,,,,
716291,,,,,,,
716293,,,,,,,
716303,,,,,,,
716311,,,,,,,
716335,,,,,,,
716337,,,,,,,
716357,,,,,,,
716359,,,,,,,
716246,,,,,,,
716275,,,,,,,
716277,,,,,,,
716297,,,,,,,
716347,,,,,,,
716247,,,,,,,
716248,,,,,,,
716249,,,,,,,
716283,,,,,,,
716309,,,,,,,
716313,,,,,,,
716317,,,,,,,
716319,,,,,,,
716327,,,,,,,
716339,,,,,,,
716341,,,,,,,
716343,,,,,,,
716353,,,,,,,
716295,,,,,,,
716345,,,,,,,
716305,,,,,,,
716250,,,,,,,
716281,,,,,,,
716315,,,,,,,
716333,,,,,,,
716349,,,,,,,
716355,,,,,,,
716299,,,,,,,
716251,,,,,,,
716252,,,,,,,
716265,,,,,,,
716289,,,,,,,
716301,,,,,,,
716307,,,,,,,
716321,,,,,,,
716323,,,,,,,
716329,,,,,,,
716351,,,,,,,
716279,,,,,,,
716253,,,,,,,
716280,,,,,,,
715884,,,,,,,
716268,,,,,,,
716270,,,,,,,
715889,ESPN BET,1.2,6.5,10.5,3.5,2.15,1.6666666666666663
715894,,,,,,,
715906,,,,,,,
715899,,,,,,,
716274,,,,,,,
715895,,,,,,,
715893,,,,,,,
716272,,,,,,,
716332,,,,,,,
715881,,,,,,,
716292,,,,,,,
716318,,,,,,,
715907,,,,,,,
715900,,,,,,,
715901,,,,,,,
715885,,,,,,,
716294,,,,,,,
716352,,,,,,,
715888,,,,,,,
716350,,,,,,,
715905,,,,,,,
716360,,,,,,,
716264,,,,,,,
716324,,,,,,,
716340,,,,,,,
716344,,,,,,,
716348,,,,,,,
716282,,,,,,,
716284,,,,,,,
716312,,,,,,,
716334,,,,,,,
716336,,,,,,,
716354,,,,,,,
716356,,,,,,,
716286,,,,,,,
716330,,,,,,,
716255,,,,,,,
716276,,,,,,,
716278,,,,,,,
716288,,,,,,,
716300,,,,,,,
716304,,,,,,,
716308,,,,,,,
716314,,,,,,,
716338,,,,,,,
716256,,,,,,,
716257,,,,,,,
716262,,,,,,,
716302,,,,,,,
716320,,,,,,,
716254,,,,,,,
716258,,,,,,,
716259,,,,,,,
716260,,,,,,,
716266,,,,,,,
716316,,,,,,,
716346,,,,,,,
716358,,,,,,,
716261,,,,,,,
716298,,,,,,,
716326,,,,,,,
716290,,,,,,,
716306,,,,,,,
716342,,,,,,,
716296,,,,,,,
716310,,,,,,,
716322,,,,,,,
716328,,,,,,,
717729,,,,,,,
717803,,,,,,,
717753,,,,,,,
717731,,,,,,,
717743,,,,,,,
717733,,,,,,,
717340,,,,,,,
717735,,,,,,,
717337,,,,,,,
717338,,,,,,,
717339,,,,,,,
717766,,,,,,,
717768,,,,,,,
717779,,,,,,,
717737,,,,,,,
717795,,,,,,,
717739,,,,,,,
717331,,,,,,,
717741,,,,,,,
717771,,,,,,,
717333,,,,,,,
717769,,,,,,,
717805,,,,,,,
717809,,,,,,,
717781,,,,,,,
717789,,,,,,,
717745,,,,,,,
717759,,,,,,,
717761,,,,,,,
717765,,,,,,,
717801,,,,,,,
717813,,,,,,,
717815,,,,,,,
717811,,,,,,,
717332,,,,,,,
717404,,,,,,,
717747,,,,,,,
717751,,,,,,,
717757,,,,,,,
717760,,,,,,,
717783,,,,,,,
717785,,,,,,,
717787,,,,,,,
717791,,,,,,,
717799,,,,,,,
717755,,,,,,,
717770,,,,,,,
717807,,,,,,,
717767,,,,,,,
717749,,,,,,,
717793,,,,,,,
717797,,,,,,,
717403,,,,,,,
717772,,,,,,,
717342,ESPN BET,2.75,3.35,2.45,3.5,2.15,1.6666666666666663
717344,ESPN BET,1.869565217391304,3.7,4.0,2.5,1.8333333333333333,1.9090909090909087
717738,ESPN BET,2.1,3.25,3.6,2.5,2.15,1.6666666666666663
717740,ESPN BET,1.4444444444444444,5.0,6.0,3.5,2.1,1.7142857142857144
717732,ESPN BET,1.9523809523809523,3.5,3.8,2.5,1.7407407407407407,2.05
717744,,,,,,,
717730,ESPN BET,3.2,3.5,2.15,2.5,1.7692307692307692,2.0
717734,ESPN BET,1.9090909090909087,3.6,3.8,2.5,1.7692307692307692,2.0
717341,ESPN BET,2.4,3.5,2.75,2.5,1.7692307692307692,2.0
717736,ESPN BET,3.25,3.2,2.25,2.5,1.9090909090909087,1.8333333333333333
717343,ESPN BET,1.9090909090909087,3.6,3.8,2.5,1.7407407407407407,2.05
717775,ESPN BET,4.25,4.0,1.6666666666666663,2.5,1.8333333333333333,1.869565217391304
717788,ESPN BET,1.5128205128205128,4.1,5.5,2.5,1.869565217391304,1.8333333333333333
717752,ESPN BET,1.1666666666666667,7.0,13.0,3.5,2.35,1.5555555555555556
717774,ESPN BET,2.75,3.3,2.35,2.5,1.9523809523809523,1.7692307692307692
717750,,,,,,,
717764,ESPN BET,2.05,3.5,3.4,2.5,1.7407407407407407,2.05
717777,ESPN BET,2.3,3.15,2.95,2.5,2.0,1.7407407407407407
717778,ESPN BET,4.1,4.0,1.6896551724137931,3.5,2.2,1.606060606060606
717798,ESPN BET,1.4878048780487805,4.25,5.5,2.5,1.7407407407407407,2.0
717814,ESPN BET,2.6,3.4,2.45,2.5,1.7692307692307692,1.9523809523809523
717800,ESPN BET,2.3,2.95,3.15,2.5,2.25,1.5714285714285714
717406,ESPN BET,1.3846153846153846,5.25,6.5,3.5,2.15,1.6666666666666663
717762,ESPN BET,1.6896551724137931,3.8,4.8,2.5,1.7407407407407407,2.05
717776,ESPN BET,1.5128205128205128,4.25,5.25,2.5,1.606060606060606,2.2
717780,ESPN BET,3.2,3.7,2.0,2.5,1.625,2.15
717786,ESPN BET,1.7142857142857144,3.7,4.25,2.5,1.8333333333333333,1.869565217391304
717792,ESPN BET,1.2222222222222223,6.0,10.5,2.5,1.606060606060606,2.2
717794,ESPN BET,1.303030303030303,5.5,7.5,3.5,2.05,1.7142857142857144
717802,ESPN BET,3.1,3.0,2.3,2.5,2.35,1.526315789473684
717806,ESPN BET,2.05,3.25,3.4,2.5,1.8333333333333333,1.869565217391304
717812,ESPN BET,1.2941176470588236,5.5,8.5,2.5,1.625,2.15
717804,ESPN BET,1.1666666666666667,7.0,11.0,3.5,1.8333333333333333,1.869565217391304
717810,ESPN BET,1.181818181818182,7.0,10.5,3.5,1.869565217391304,1.869565217391304
717742,ESPN BET,2.0,3.2,3.5,2.5,2.25,1.5714285714285714
717763,ESPN BET,2.3,3.8,2.75,3.5,2.2,1.625
717784,ESPN BET,2.0,3.4,3.4,2.5,1.7407407407407407,2.0
717808,ESPN BET,2.55,3.4,2.5,2.5,1.7142857142857144,2.05
717758,ESPN BET,1.625,4.33,4.8,2.5,1.625,2.2
717405,ESPN BET,3.2,3.25,2.25,2.5,1.8,1.9523809523809523
717748,ESPN BET,1.5405405405405406,4.5,5.25,3.5,2.25,1.606060606060606
717754,ESPN BET,1.181818181818182,7.0,12.0,2.5,1.5555555555555556,2.35
717773,ESPN BET,2.3,3.5,2.75,2.5,1.8,1.9090909090909087
717782,ESPN BET,1.5405405405405406,4.25,5.0,2.5,1.606060606060606,2.2
717796,ESPN BET,2.3,3.4,2.8,2.5,1.7692307692307692,1.9523809523809523
717334,ESPN BET,1.606060606060606,3.8,5.25,2.5,1.9090909090909087,1.8
717335,ESPN BET,3.1,2.9,2.35,2.5,2.4,1.5
717336,ESPN BET,2.7,3.5,2.3,2.5,1.869565217391304,1.8333333333333333
717746,ESPN BET,1.6666666666666663,3.7,5.25,2.5,1.8333333333333333,1.9090909090909087
717756,ESPN BET,2.8,3.4,2.4,2.5,1.9090909090909087,1.8333333333333333
717790,ESPN BET,1.303030303030303,5.0,9.0,2.5,1.869565217391304,1.8333333333333333
717816,ESPN BET,1.606060606060606,3.8,5.0,2.5,1.9090909090909087,1.8
719079,ESPN BET,1.8,3.4,4.25,2.5,2.15,1.625
718509,ESPN BET,1.869565217391304,3.7,3.8,2.5,1.7142857142857144,2.1
718510,ESPN BET,1.8333333333333333,3.8,3.9,2.5,1.625,2.2
718536,ESPN BET,1.7692307692307692,3.5,4.8,2.5,2.2,1.625
719074,ESPN BET,1.2666666666666666,5.75,9.0,2.5,2.45,1.4651162790697674
718511,ESPN BET,3.4,3.4,2.1,2.5,6.5,1.0714285714285714
718534,ESPN BET,1.526315789473684,4.4,5.75,2.5,1.7142857142857144,2.1
718535,ESPN BET,3.0,3.5,2.25,2.5,1.7692307692307692,2.0
718542,ESPN BET,2.3,3.35,3.05,2.5,1.7692307692307692,2.0
719077,ESPN BET,1.181818181818182,6.5,11.0,2.5,1.5714285714285714,2.25
719081,ESPN BET,2.4,3.0,2.9,2.5,2.15,1.625
719092,ESPN BET,1.606060606060606,4.0,4.75,2.5,1.6451612903225803,2.1
719086,ESPN BET,2.35,3.25,2.8,2.5,2.0,1.7407407407407407
718103,ESPN BET,2.25,3.7,2.7,3.5,2.0,1.7407407407407407
718518,ESPN BET,1.9090909090909087,3.5,3.9,2.5,1.9523809523809523,1.8
718519,ESPN BET,1.4166666666666667,5.0,6.5,2.5,1.625,2.2
719062,ESPN BET,1.6451612903225803,4.33,4.5,3.5,2.35,1.5555555555555556
719066,ESPN BET,2.6,3.5,2.6,2.5,2.15,1.6666666666666663
719075,ESPN BET,1.7407407407407407,3.5,4.33,2.5,1.9523809523809523,1.7692307692307692
719076,ESPN BET,1.25,5.75,9.5,2.5,1.606060606060606,2.2
719087,ESPN BET,1.3636363636363638,5.0,7.0,2.5,1.606060606060606,2.2
719089,ESPN BET,1.625,3.6,5.25,2.5,1.9523809523809523,1.7692307692307692
719067,,,,,,,
719085,ESPN BET,1.869565217391304,3.25,3.9,2.5,2.05,1.6666666666666663
718102,ESPN BET,1.2222222222222223,6.25,11.0,2.5,1.606060606060606,2.2
718105,ESPN BET,6.25,4.5,1.425531914893617,2.5,1.6451612903225803,2.1
718517,ESPN BET,1.606060606060606,3.7,5.75,2.5,1.8333333333333333,1.9090909090909087
718540,ESPN BET,1.3846153846153846,4.8,7.5,2.5,1.7692307692307692,2.0
719084,ESPN BET,1.8,3.4,4.1,2.5,1.9523809523809523,1.7692307692307692
719088,,,,,,,
719080,ESPN BET,3.25,3.75,2.0,2.5,1.6666666666666663,2.05
718520,ESPN BET,3.05,3.5,2.25,2.5,1.8,1.9523809523809523
719090,ESPN BET,3.65,3.75,1.869565217391304,2.5,1.7142857142857144,2.05
718516,,,,,,,
719064,ESPN BET,4.33,4.0,1.7407407407407407,2.5,1.5714285714285714,2.3
719082,ESPN BET,6.0,4.0,1.5128205128205128,2.5,2.05,1.7142857142857144
719091,ESPN BET,2.3,3.15,3.0,2.5,1.9523809523809523,1.7692307692307692
718101,ESPN BET,1.2777777777777777,5.75,8.5,3.5,2.05,1.6666666666666663
718104,ESPN BET,1.4166666666666667,4.5,6.5,2.5,1.7692307692307692,1.9523809523809523
719065,ESPN BET,1.181818181818182,7.0,11.0,3.5,2.2,1.625
719078,ESPN BET,2.4,2.95,2.95,2.5,2.35,1.526315789473684
719083,ESPN BET,2.05,3.55,3.35,2.5,1.7142857142857144,2.05
719063,ESPN BET,1.6451612903225803,3.9,5.25,2.5,1.7142857142857144,2.1
718514,ESPN BET,1.3333333333333333,5.75,7.0,3.5,1.8333333333333333,1.9090909090909087
718537,ESPN BET,1.6451612903225803,4.4,4.5,3.5,2.1,1.7142857142857144
718543,ESPN BET,1.869565217391304,3.6,4.0,2.5,1.7407407407407407,2.05
719093,ESPN BET,1.5128205128205128,4.25,5.25,2.5,1.6451612903225803,2.1
719094,ESPN BET,1.2222222222222223,6.0,11.0,2.5,1.625,2.15
718513,ESPN BET,1.9090909090909087,3.8,3.6,3.5,2.35,1.5555555555555556
718512,ESPN BET,2.0,3.7,3.35,2.5,1.606060606060606,2.25
718538,ESPN BET,2.95,3.4,2.35,2.5,1.7692307692307692,2.0
718539,ESPN BET,2.4,3.3,2.95,2.5,2.1,1.7142857142857144
719106,ESPN BET,3.15,3.6,2.0,2.5,1.7142857142857144,2.05
719108,ESPN BET,2.9,3.25,2.3,2.5,1.8,1.9090909090909087
719109,ESPN BET,1.8333333333333333,3.4,4.0,2.5,1.869565217391304,1.8333333333333333
719095,ESPN BET,2.45,3.4,2.6,2.5,1.869565217391304,1.8333333333333333
718541,ESPN BET,4.4,3.5,1.8333333333333333,2.5,2.15,1.6666666666666663
719068,ESPN BET,2.3,3.6,2.8,2.5,1.7407407407407407,2.05
719073,ESPN BET,1.625,3.7,5.5,2.5,1.8333333333333333,1.9090909090909087
719097,ESPN BET,2.5,3.1,2.75,2.5,2.1,1.6451612903225803
719098,ESPN BET,1.8,3.6,4.0,2.5,1.7692307692307692,1.9523809523809523
719101,ESPN BET,1.9523809523809523,3.2,3.9,2.5,1.7692307692307692,1.9523809523809523
719111,ESPN BET,2.65,3.2,2.5,2.5,1.6451612903225803,2.1
719105,ESPN BET,1.6451612903225803,3.9,4.4,2.5,1.6666666666666663,2.05
718110,ESPN BET,2.45,3.3,2.6,2.5,1.869565217391304,1.869565217391304
718522,ESPN BET,1.4878048780487805,4.5,5.75,2.5,1.625,2.2
718524,,,,,,,
719070,ESPN BET,1.25,6.5,9.0,3.5,2.1,1.7142857142857144
719102,ESPN BET,3.3,3.1,2.15,2.5,2.05,1.6666666666666663
719103,ESPN BET,4.5,3.7,1.6666666666666663,2.5,1.869565217391304,1.8333333333333333
719104,ESPN BET,4.4,4.1,1.606060606060606,2.5,1.7692307692307692,1.9523809523809523
719107,,,,,,,
719110,ESPN BET,1.526315789473684,4.33,5.0,3.5,2.15,1.625
719096,ESPN BET,2.7,3.1,2.5,2.5,2.0,1.7407407407407407
719100,ESPN BET,1.6896551724137931,3.7,4.4,2.5,1.869565217391304,1.8333333333333333
718106,ESPN BET,4.75,4.1,1.5882352941176472,3.5,2.2,1.606060606060606
718108,ESPN BET,1.6666666666666663,4.1,4.1,3.5,2.2,1.606060606060606
718525,ESPN BET,2.05,3.3,3.6,2.5,1.8333333333333333,1.9090909090909087
718523,,,,,,,
718107,ESPN BET,1.3571428571428572,5.0,7.0,2.5,1.625,2.15
718109,ESPN BET,4.75,4.0,1.606060606060606,2.5,1.625,2.15
718521,ESPN BET,3.6,3.8,1.9090909090909087,2.5,1.6666666666666663,2.15
719069,ESPN BET,2.75,3.7,2.35,2.5,1.606060606060606,2.25
719071,ESPN BET,6.5,4.6,1.4545454545454546,2.5,1.7142857142857144,2.1
719072,ESPN BET,6.0,3.5,1.6451612903225803,2.5,2.1,1.7142857142857144
719099,ESPN BET,1.7142857142857144,3.4,4.75,2.5,2.05,1.6666666666666663
720418,ESPN BET,1.8333333333333333,3.7,4.1,2.5,1.8333333333333333,1.9090909090909087
720419,ESPN BET,5.25,3.9,1.625,2.5,1.625,2.2
720365,ESPN BET,3.6,3.5,2.0,3.5,2.3,1.5714285714285714
720420,ESPN BET,1.3225806451612905,6.0,7.0,3.5,1.9090909090909087,1.8333333333333333
720421,ESPN BET,1.5,4.33,6.0,2.5,1.7142857142857144,2.1
720422,ESPN BET,1.0909090909090908,9.5,16.0,3.5,1.7692307692307692,2.0
720423,ESPN BET,2.15,3.6,3.1,2.5,1.606060606060606,2.25
720424,ESPN BET,1.869565217391304,3.4,4.1,2.5,1.9090909090909087,1.8333333333333333
720425,ESPN BET,1.2777777777777777,6.0,8.0,3.5,1.9523809523809523,1.8
720426,ESPN BET,1.3846153846153846,5.25,7.0,2.5,1.606060606060606,2.25
720427,ESPN BET,1.2222222222222223,6.5,9.5,3.5,2.05,1.7407407407407407
720428,ESPN BET,3.1,3.6,2.15,2.5,1.625,2.2
720429,ESPN BET,4.1,3.8,1.8,2.5,1.7142857142857144,2.1
720430,ESPN BET,4.6,4.0,1.6896551724137931,3.5,2.35,1.5555555555555556
720431,ESPN BET,4.33,3.4,1.9090909090909087,2.5,1.9523809523809523,1.8
720432,ESPN BET,1.7142857142857144,3.9,4.6,2.5,1.5714285714285714,2.3
720433,ESPN BET,2.05,3.25,3.6,2.5,1.9523809523809523,1.8
720434,ESPN BET,4.4,3.9,1.7407407407407407,3.5,2.1,1.7142857142857144
720509,ESPN BET,3.7,3.6,1.9090909090909087,2.5,1.7692307692307692,2.0
720510,ESPN BET,1.5405405405405406,4.4,5.5,2.5,1.625,2.2
720511,ESPN BET,1.606060606060606,4.5,4.8,3.5,2.05,1.7407407407407407
720512,ESPN BET,4.33,3.7,1.8,2.5,2.0,1.7692307692307692
720513,ESPN BET,1.2,7.0,10.0,3.5,1.9090909090909087,1.8333333333333333
720514,ESPN BET,2.3,3.0,3.4,1.5,1.4761904761904765,2.5
720515,ESPN BET,2.2,3.8,2.85,3.5,2.05,1.7407407407407407
720516,ESPN BET,3.5,3.0,2.3,2.5,2.1,1.7142857142857144
720517,ESPN BET,2.45,3.25,2.95,2.5,2.0,1.7692307692307692
720518,ESPN BET,2.25,3.4,3.05,2.5,1.7142857142857144,2.1
720519,ESPN BET,1.6896551724137931,3.8,5.0,2.5,1.8333333333333333,1.9090909090909087
720520,ESPN BET,1.8,3.5,4.5,2.5,1.869565217391304,1.869565217391304
720522,ESPN BET,2.2,3.05,3.6,2.5,2.2,1.625
720523,ESPN BET,1.5882352941176472,4.33,5.25,2.5,1.625,2.2
720524,ESPN BET,1.3846153846153846,5.25,6.5,3.5,2.35,1.5555555555555556
720525,ESPN BET,2.0,3.7,3.5,2.5,1.5714285714285714,2.3
720526,ESPN BET,1.869565217391304,3.8,3.8,2.5,1.625,2.2
720521,ESPN BET,1.1428571428571428,8.5,13.0,3.5,1.7692307692307692,2.0
720435,ESPN BET,2.05,3.5,3.5,2.5,1.7692307692307692,2.0
720436,ESPN BET,1.434782608695652,5.25,6.0,3.5,2.05,1.7407407407407407
720437,ESPN BET,1.6666666666666663,4.4,4.4,3.5,2.1,1.7142857142857144
720438,ESPN BET,1.4545454545454546,5.0,5.75,3.5,2.0,1.7692307692307692
720439,ESPN BET,24.0,14.0,1.05,3.5,1.625,2.2
720440,ESPN BET,1.2222222222222223,6.0,10.5,2.5,1.606060606060606,2.25
720441,ESPN BET,3.0,3.7,2.2,3.5,2.3,1.5714285714285714
720442,ESPN BET,1.0714285714285714,12.0,20.0,4.5,1.869565217391304,1.869565217391304
720443,ESPN BET,1.7142857142857144,3.7,4.8,2.5,1.869565217391304,1.869565217391304
720609,ESPN BET,2.4,3.6,2.7,2.5,1.8,1.9523809523809523
720610,ESPN BET,1.263157894736842,5.75,9.0,2.5,1.5714285714285714,2.3
720444,ESPN BET,6.0,3.9,1.5714285714285714,2.5,1.7692307692307692,2.0
720445,ESPN BET,1.9090909090909087,3.6,3.8,2.5,1.7142857142857144,2.1
720366,ESPN BET,1.1428571428571428,8.5,13.0,3.5,2.0,1.7692307692307692
720446,ESPN BET,4.4,4.0,1.7142857142857144,3.5,2.35,1.5555555555555556
720447,ESPN BET,2.7,3.1,2.7,2.5,1.869565217391304,1.869565217391304
720448,ESPN BET,4.0,3.7,1.8333333333333333,2.5,1.7692307692307692,2.0
720449,ESPN BET,2.4,3.2,3.0,2.5,2.0,1.7692307692307692
720450,ESPN BET,4.33,4.1,1.7142857142857144,3.5,2.15,1.6666666666666663
720451,ESPN BET,4.4,4.1,1.6896551724137931,3.5,2.3,1.5714285714285714
720527,ESPN BET,2.0,3.5,3.7,2.5,1.7407407407407407,2.05
720528,ESPN BET,7.0,5.5,1.3333333333333333,3.5,2.0,1.7692307692307692
720529,ESPN BET,1.526315789473684,4.0,6.0,2.5,1.9523809523809523,1.8
720530,ESPN BET,3.5,3.6,2.0,2.5,1.7692307692307692,2.0
720531,ESPN BET,2.15,3.5,3.25,2.5,1.7407407407407407,2.05
720532,ESPN BET,1.8333333333333333,3.8,3.9,2.5,1.606060606060606,2.25
720533,ESPN BET,2.1,3.35,3.5,2.5,2.0,1.7692307692307692
720534,ESPN BET,3.4,3.7,2.0,2.5,1.5714285714285714,2.3
720535,ESPN BET,2.0,3.6,3.5,2.5,1.6666666666666663,2.15
720611,ESPN BET,1.1,9.0,16.0,3.5,1.9523809523809523,1.8
720612,ESPN BET,1.6666666666666663,3.8,5.25,2.5,1.7692307692307692,2.0
720613,ESPN BET,3.8,3.4,1.9523809523809523,2.5,2.05,1.7407407407407407
720614,,,,,,,
720615,ESPN BET,1.5714285714285714,3.9,6.0,2.5,1.9090909090909087,1.8333333333333333
720616,ESPN BET,2.45,3.25,2.85,2.5,2.0,1.7692307692307692
720617,ESPN BET,1.4545454545454546,4.5,6.5,2.5,1.7407407407407407,2.05
720618,ESPN BET,2.2,3.7,3.05,2.5,1.5714285714285714,2.3
720536,ESPN BET,2.45,3.7,2.6,3.5,2.3,1.5714285714285714
720537,ESPN BET,1.6666666666666663,4.0,4.8,2.5,1.6666666666666663,2.15
720538,ESPN BET,3.1,3.25,2.3,2.5,1.8,1.9523809523809523
720539,ESPN BET,2.4,3.6,2.7,2.5,1.6666666666666663,2.15
720540,ESPN BET,4.5,3.8,1.7407407407407407,2.5,1.8,1.9523809523809523
720541,ESPN BET,1.606060606060606,3.9,5.5,2.5,1.8,1.9523809523809523
720542,ESPN BET,2.8,3.6,2.35,2.5,1.5714285714285714,2.3
720543,ESPN BET,1.7692307692307692,3.5,4.5,2.5,1.9523809523809523,1.8
720544,ESPN BET,1.9090909090909087,3.7,3.6,2.5,1.7142857142857144,2.1
720619,ESPN BET,4.33,3.6,1.8333333333333333,2.5,2.05,1.7407407407407407
720620,ESPN BET,1.263157894736842,6.0,8.5,3.5,2.0,1.7692307692307692
720621,ESPN BET,6.5,4.4,1.4761904761904765,2.5,1.8333333333333333,1.9090909090909087
720622,ESPN BET,1.25,6.0,9.0,3.5,2.15,1.6666666666666663
720623,ESPN BET,1.6896551724137931,4.0,4.5,2.5,1.7692307692307692,2.0
720624,ESPN BET,1.08,11.0,20.0,3.5,1.7142857142857144,2.1
720625,ESPN BET,4.1,3.35,1.9090909090909087,2.5,2.25,1.606060606060606
720626,ESPN BET,1.2222222222222223,6.5,9.0,3.5,1.9090909090909087,1.8333333333333333
720452,ESPN BET,1.3703703703703702,5.5,7.0,3.5,2.0,1.7692307692307692
720453,ESPN BET,1.3846153846153846,5.25,6.5,3.5,2.1,1.7142857142857144
720454,ESPN BET,1.181818181818182,7.0,9.5,3.5,2.0,1.7692307692307692
720455,ESPN BET,1.125,8.5,15.0,3.5,2.05,1.7407407407407407
720456,ESPN BET,2.0,3.4,3.7,2.5,1.8,1.9523809523809523
720457,ESPN BET,1.625,3.7,5.75,2.5,1.869565217391304,1.869565217391304
720458,ESPN BET,6.5,5.0,1.434782608695652,3.5,2.25,1.606060606060606
720459,ESPN BET,1.4166666666666667,5.25,6.0,3.5,1.8333333333333333,1.9090909090909087
720460,ESPN BET,1.303030303030303,6.0,7.5,3.5,1.8333333333333333,1.9090909090909087
720545,ESPN BET,1.181818181818182,7.0,10.0,3.5,1.7692307692307692,2.0
720546,ESPN BET,1.7407407407407407,3.8,4.4,3.5,2.2,1.625
720461,ESPN BET,1.434782608695652,5.25,6.5,3.5,1.9090909090909087,1.8333333333333333
720462,ESPN BET,5.0,4.33,1.606060606060606,2.5,1.6666666666666663,2.15
720367,ESPN BET,3.4,3.8,1.9523809523809523,3.5,2.25,1.606060606060606
720371,ESPN BET,8.0,5.5,1.3125,3.5,2.25,1.606060606060606
720372,ESPN BET,2.6,3.9,2.4,3.5,1.8333333333333333,1.9090909090909087
720373,ESPN BET,1.4545454545454546,4.6,6.5,2.5,1.7407407407407407,2.05
720374,ESPN BET,1.1333333333333333,8.5,14.0,3.5,1.7692307692307692,2.0
720463,ESPN BET,1.5,4.4,5.75,3.5,2.25,1.606060606060606
720464,ESPN BET,1.869565217391304,3.7,3.8,2.5,1.606060606060606,2.25
720638,ESPN BET,3.35,3.7,2.05,2.5,1.606060606060606,2.25
720547,ESPN BET,2.7,3.1,2.7,2.5,2.15,1.6666666666666663
720548,ESPN BET,1.2777777777777777,5.5,8.5,2.5,1.6666666666666663,2.15
720549,ESPN BET,2.5,3.6,2.6,3.5,2.3,1.5714285714285714
720550,ESPN BET,1.9523809523809523,3.6,3.7,2.5,1.7692307692307692,2.0
720551,ESPN BET,5.0,3.7,1.6896551724137931,2.5,2.0,1.7692307692307692
720552,ESPN BET,2.35,3.3,3.05,2.5,1.7692307692307692,2.0
720553,ESPN BET,1.1428571428571428,8.0,12.0,3.5,1.7692307692307692,2.0
720627,ESPN BET,1.4761904761904765,4.33,7.0,2.5,2.05,1.7407407407407407
720628,ESPN BET,3.6,3.0,2.25,1.5,1.526315789473684,2.4
720629,ESPN BET,4.8,4.4,1.625,3.5,2.35,1.5555555555555556
720630,ESPN BET,1.3703703703703702,5.25,7.0,3.5,2.25,1.606060606060606
720631,ESPN BET,5.5,4.33,1.5555555555555556,2.5,1.5555555555555556,2.35
720632,ESPN BET,2.0,3.6,3.4,2.5,1.625,2.2
720633,ESPN BET,1.4166666666666667,4.8,7.5,2.5,1.625,2.2
720634,ESPN BET,2.75,3.5,2.45,2.5,1.9090909090909087,1.8333333333333333
720635,ESPN BET,3.05,2.95,2.55,2.5,2.2,1.625
720636,ESPN BET,3.3,3.1,2.3,2.5,1.8,1.9523809523809523
720554,ESPN BET,1.4545454545454546,5.0,5.75,3.5,2.1,1.7142857142857144
720555,ESPN BET,1.8,3.5,4.4,2.5,1.869565217391304,1.869565217391304
720556,ESPN BET,2.8,3.35,2.45,2.5,2.0,1.7692307692307692
720557,ESPN BET,2.35,3.35,3.0,2.5,1.8333333333333333,1.9090909090909087
720558,ESPN BET,1.5,5.0,5.25,3.5,1.8,1.9523809523809523
720559,ESPN BET,1.3846153846153846,5.25,7.0,2.5,1.5714285714285714,2.3
720560,ESPN BET,1.4761904761904765,4.6,6.0,3.5,2.25,1.606060606060606
720561,ESPN BET,2.75,3.4,2.45,2.5,1.7692307692307692,2.0
720562,ESPN BET,1.7692307692307692,3.6,4.6,2.5,2.05,1.7407407407407407
720637,ESPN BET,2.45,3.3,2.8,2.5,1.8333333333333333,1.9090909090909087
720639,ESPN BET,3.8,3.7,1.869565217391304,2.5,1.625,2.2
720640,ESPN BET,1.6666666666666663,3.8,5.25,2.5,1.7692307692307692,2.0
720641,ESPN BET,2.4,3.2,3.05,2.5,2.3,1.5714285714285714
720642,ESPN BET,3.6,3.5,2.0,2.5,1.7692307692307692,2.0
720643,ESPN BET,2.05,3.4,3.6,2.5,1.869565217391304,1.869565217391304
720644,,,,,,,
720375,ESPN BET,3.6,3.7,1.9523809523809523,2.5,1.6666666666666663,2.15
720376,ESPN BET,1.6896551724137931,4.0,4.5,2.5,1.6666666666666663,2.15
720368,ESPN BET,1.7407407407407407,4.0,4.4,2.5,1.606060606060606,2.25
720377,ESPN BET,2.45,3.5,2.75,2.5,1.606060606060606,2.25
720378,ESPN BET,3.1,3.05,2.45,2.5,2.15,1.6666666666666663
720379,ESPN BET,3.4,3.7,2.0,2.5,1.5714285714285714,2.3
720380,ESPN BET,1.4545454545454546,5.0,5.75,3.5,2.05,1.7407407407407407
720381,ESPN BET,1.181818181818182,7.0,10.0,3.5,1.8,1.9523809523809523
720382,ESPN BET,2.65,3.2,2.7,2.5,1.9523809523809523,1.8
720563,ESPN BET,1.625,4.33,4.8,2.5,1.625,2.2
720383,ESPN BET,3.5,3.5,2.0,2.5,1.8,1.9523809523809523
720384,ESPN BET,1.7692307692307692,3.8,4.33,2.5,1.625,2.2
720385,ESPN BET,9.5,7.0,1.181818181818182,3.5,1.869565217391304,1.869565217391304
720386,ESPN BET,1.5,4.4,6.0,3.5,2.3,1.5714285714285714
720387,ESPN BET,2.75,3.0,2.75,2.5,2.0,1.7407407407407407
720388,ESPN BET,1.4878048780487805,4.8,5.75,3.5,2.3,1.5714285714285714
720390,ESPN BET,2.75,3.05,2.65,2.5,2.4,1.526315789473684
720391,ESPN BET,2.7,3.5,2.45,2.5,1.625,2.2
720389,ESPN BET,1.2222222222222223,6.5,9.0,3.5,1.869565217391304,1.869565217391304
720652,ESPN BET,2.05,3.25,3.8,2.5,2.25,1.606060606060606
720564,ESPN BET,2.05,4.0,3.05,3.5,1.7692307692307692,2.0
720565,ESPN BET,3.3,2.95,2.4,2.5,2.25,1.606060606060606
720566,ESPN BET,1.7692307692307692,3.7,4.4,2.5,1.8,1.9523809523809523
720567,ESPN BET,1.7692307692307692,4.0,4.0,2.5,1.7407407407407407,2.05
720568,ESPN BET,5.5,3.9,1.625,2.5,2.25,1.606060606060606
720569,ESPN BET,2.75,3.2,2.6,2.5,2.0,1.7692307692307692
720570,ESPN BET,3.0,3.6,2.2,2.5,1.7142857142857144,2.1
720571,ESPN BET,2.15,3.5,3.2,2.5,1.9090909090909087,1.8333333333333333
720572,ESPN BET,1.7142857142857144,4.4,4.0,3.5,2.25,1.606060606060606
720645,ESPN BET,1.8,3.8,4.1,2.5,1.7692307692307692,2.0
720646,ESPN BET,3.4,3.2,2.2,2.5,2.05,1.7407407407407407
720647,ESPN BET,1.869565217391304,3.35,4.33,2.5,2.05,1.7407407407407407
720648,ESPN BET,6.5,4.8,1.434782608695652,2.5,1.7142857142857144,2.1
720649,ESPN BET,1.1666666666666667,6.5,14.0,2.5,1.7142857142857144,2.1
720650,,,,,,,
720651,ESPN BET,5.25,4.33,1.5714285714285714,2.5,1.7142857142857144,2.1
720573,ESPN BET,4.8,3.4,1.8,2.5,2.15,1.6666666666666663
720574,ESPN BET,4.1,3.6,1.869565217391304,2.5,1.7692307692307692,2.0
720575,ESPN BET,1.2,6.5,9.5,3.5,2.05,1.7407407407407407
720576,ESPN BET,2.3,3.6,2.85,3.5,2.3,1.5714285714285714
720577,ESPN BET,2.4,3.05,3.2,2.5,2.2,1.625
720578,ESPN BET,2.3,3.3,3.1,2.5,1.869565217391304,1.869565217391304
720579,ESPN BET,1.25,6.0,8.5,3.5,2.1,1.7142857142857144
720580,ESPN BET,3.7,3.4,2.0,2.5,1.869565217391304,1.869565217391304
720653,ESPN BET,2.0,3.5,3.6,2.5,1.7142857142857144,2.1
720654,ESPN BET,6.0,4.4,1.5,2.5,1.7407407407407407,2.05
720655,ESPN BET,1.263157894736842,5.75,9.0,2.5,1.625,2.2
720656,ESPN BET,2.7,3.5,2.5,2.5,1.8333333333333333,1.9090909090909087
720657,ESPN BET,2.95,3.25,2.45,2.5,1.9090909090909087,1.8333333333333333
720658,ESPN BET,3.6,3.25,2.1,2.5,2.0,1.7692307692307692
720659,ESPN BET,1.0625,11.0,22.0,3.5,1.7142857142857144,2.1
720660,ESPN BET,5.25,3.5,1.7142857142857144,2.5,2.0,1.7692307692307692
720661,ESPN BET,1.2,6.5,9.0,3.5,2.0,1.7692307692307692
720662,ESPN BET,1.5405405405405406,4.33,5.5,2.5,1.7692307692307692,2.0
720392,ESPN BET,5.25,3.7,1.6666666666666663,2.5,1.9090909090909087,1.8333333333333333
720393,ESPN BET,8.5,6.0,1.25,3.5,2.0,1.7692307692307692
720394,ESPN BET,1.181818181818182,6.5,9.5,3.5,2.0,1.7692307692307692
720395,ESPN BET,1.181818181818182,7.0,10.0,3.5,1.8,1.9523809523809523
720396,ESPN BET,1.625,4.4,4.8,3.5,2.25,1.606060606060606
720397,ESPN BET,1.4444444444444444,4.8,6.0,3.5,2.35,1.5555555555555556
720398,ESPN BET,1.1428571428571428,8.0,12.0,3.5,1.9090909090909087,1.8333333333333333
720399,ESPN BET,3.6,3.4,2.05,2.5,1.8333333333333333,1.9090909090909087
720400,ESPN BET,5.75,4.0,1.5714285714285714,2.5,1.625,2.2
720663,ESPN BET,1.2777777777777777,5.5,9.0,2.5,1.7407407407407407,2.05
720401,ESPN BET,3.8,3.4,1.9523809523809523,2.5,1.9523809523809523,1.8
720402,ESPN BET,4.1,4.1,1.7407407407407407,3.5,2.35,1.5555555555555556
720369,ESPN BET,1.8333333333333333,3.9,3.8,3.5,2.2,1.625
720403,ESPN BET,2.35,3.0,3.3,2.5,2.35,1.5555555555555556
720404,ESPN BET,2.0,3.5,3.5,2.5,1.5714285714285714,2.3
720405,ESPN BET,2.2,3.2,3.5,2.5,2.25,1.606060606060606
720406,ESPN BET,6.5,4.8,1.434782608695652,2.5,1.606060606060606,2.25
720407,ESPN BET,2.3,3.6,2.85,2.5,1.6666666666666663,2.15
720408,ESPN BET,1.3846153846153846,5.25,6.5,3.5,2.0,1.7692307692307692
720664,ESPN BET,4.33,3.2,1.9523809523809523,2.5,2.2,1.625
720581,ESPN BET,2.8,3.8,2.25,3.5,2.05,1.7407407407407407
720582,ESPN BET,1.181818181818182,6.5,10.5,2.5,1.5555555555555556,2.35
720583,ESPN BET,1.8333333333333333,3.7,4.1,2.5,1.625,2.2
720584,ESPN BET,2.9,2.95,2.7,2.5,2.2,1.625
720585,ESPN BET,1.3333333333333333,5.25,8.0,2.5,1.7692307692307692,2.0
720586,ESPN BET,3.2,3.6,2.15,3.5,2.1,1.7142857142857144
720587,ESPN BET,4.4,3.5,1.8333333333333333,2.5,1.7407407407407407,2.05
720588,ESPN BET,4.4,3.4,1.869565217391304,2.5,1.8333333333333333,1.9090909090909087
720665,ESPN BET,3.3,2.8,2.45,1.5,1.5,2.45
720666,ESPN BET,2.05,3.4,3.6,2.5,1.8,1.9523809523809523
720667,ESPN BET,2.0,3.7,3.4,3.5,2.2,1.625
720668,ESPN BET,4.8,3.7,1.7142857142857144,2.5,1.7692307692307692,2.0
720669,ESPN BET,1.526315789473684,4.8,5.25,3.5,2.05,1.7407407407407407
720670,ESPN BET,1.263157894736842,5.75,8.5,3.5,2.3,1.5714285714285714
720671,ESPN BET,1.7142857142857144,3.7,4.6,2.5,1.9090909090909087,1.8333333333333333
720672,ESPN BET,1.7142857142857144,3.7,4.8,2.5,1.869565217391304,1.869565217391304
720673,,,,,,,
720674,ESPN BET,5.0,3.9,1.6451612903225803,3.5,2.25,1.606060606060606
720589,ESPN BET,1.526315789473684,4.5,5.25,3.5,2.35,1.5555555555555556
720590,ESPN BET,1.2,6.5,9.0,3.5,1.9090909090909087,1.8333333333333333
720591,ESPN BET,1.8,3.6,4.4,2.5,1.8,1.9523809523809523
720592,ESPN BET,2.95,3.25,2.4,2.5,1.9523809523809523,1.8
720593,ESPN BET,2.05,3.25,3.8,2.5,2.0,1.7692307692307692
720594,ESPN BET,4.5,4.33,1.6666666666666663,2.5,1.606060606060606,2.25
720595,ESPN BET,2.05,3.6,3.4,2.5,1.606060606060606,2.25
720596,ESPN BET,2.05,3.5,3.5,2.5,1.869565217391304,1.869565217391304
720597,ESPN BET,1.8333333333333333,3.5,4.33,2.5,1.9523809523809523,1.8
720598,ESPN BET,2.05,3.05,4.0,2.5,2.05,1.7407407407407407
720675,ESPN BET,2.3,3.4,3.0,2.5,1.7142857142857144,2.1
720676,ESPN BET,5.5,4.5,1.526315789473684,3.5,2.15,1.6666666666666663
720677,ESPN BET,2.25,3.5,3.05,2.5,1.6666666666666663,2.15
720678,ESPN BET,1.4878048780487805,4.5,6.0,2.5,1.7142857142857144,2.1
720679,ESPN BET,1.181818181818182,6.0,13.0,2.5,1.869565217391304,1.869565217391304
720680,ESPN BET,1.1666666666666667,6.5,13.0,2.5,1.6666666666666663,2.15
720370,ESPN BET,7.0,5.25,1.3703703703703702,3.5,2.05,1.7407407407407407
720409,ESPN BET,4.33,3.8,1.7692307692307692,2.5,1.606060606060606,2.25
720410,ESPN BET,2.4,3.35,2.85,2.5,1.7692307692307692,2.0
720411,ESPN BET,4.6,4.0,1.6666666666666663,2.5,1.625,2.2
720412,ESPN BET,2.25,3.1,3.4,2.5,2.05,1.7407407407407407
720413,ESPN BET,2.55,3.5,2.65,2.5,1.6666666666666663,2.15
720414,ESPN BET,9.0,7.0,1.2,3.5,1.7692307692307692,2.0
720415,ESPN BET,12.0,8.0,1.1428571428571428,3.5,1.8333333333333333,1.9090909090909087
720416,ESPN BET,3.05,3.25,2.35,2.5,1.869565217391304,1.869565217391304
720599,ESPN BET,2.6,3.25,2.7,2.5,2.0,1.7692307692307692
720321,ESPN BET,1.04,14.0,27.0,4.5,2.25,1.606060606060606
720417,ESPN BET,1.4878048780487805,4.5,6.0,2.5,1.8,1.9523809523809523
720322,ESPN BET,3.5,3.7,1.9523809523809523,3.5,1.869565217391304,1.869565217391304
720323,ESPN BET,1.3703703703703702,5.25,7.0,3.5,2.25,1.606060606060606
720324,ESPN BET,1.3846153846153846,5.0,7.0,2.5,1.7407407407407407,2.05
720325,ESPN BET,1.3333333333333333,5.5,7.5,3.5,2.2,1.625
720326,ESPN BET,3.9,3.6,1.9090909090909087,2.5,1.7692307692307692,2.0
720327,ESPN BET,1.303030303030303,6.0,7.5,3.5,1.869565217391304,1.869565217391304
720328,ESPN BET,1.2,7.0,9.0,3.5,1.8333333333333333,1.9090909090909087
720694,ESPN BET,2.8,3.35,2.45,2.5,1.8333333333333333,1.9090909090909087
720681,ESPN BET,5.75,4.4,1.5,2.5,1.5714285714285714,2.3
720600,ESPN BET,1.7407407407407407,3.9,4.4,2.5,1.7142857142857144,2.1
720601,ESPN BET,1.8333333333333333,3.6,4.33,2.5,1.869565217391304,1.869565217391304
720602,ESPN BET,3.1,3.2,2.3,2.5,2.2,1.625
720603,ESPN BET,1.7407407407407407,3.7,4.6,2.5,1.7692307692307692,2.0
720604,ESPN BET,1.606060606060606,4.33,5.0,2.5,1.625,2.2
720605,ESPN BET,3.7,3.6,1.9523809523809523,3.5,2.15,1.6666666666666663
720606,ESPN BET,1.625,4.0,5.25,2.5,1.7407407407407407,2.05
720607,ESPN BET,5.5,4.4,1.526315789473684,2.5,1.6666666666666663,2.15
720682,ESPN BET,1.9090909090909087,3.7,3.8,2.5,1.7142857142857144,2.1
720683,ESPN BET,3.7,3.7,1.9523809523809523,2.5,1.7142857142857144,2.1
720684,ESPN BET,1.181818181818182,6.5,9.5,3.5,2.0,1.7692307692307692
720685,ESPN BET,1.434782608695652,4.8,6.5,2.5,1.7692307692307692,2.0
720686,,,,,,,
720687,ESPN BET,2.7,3.1,2.7,2.5,2.15,1.6666666666666663
720688,ESPN BET,10.5,6.5,1.2,2.5,1.606060606060606,2.25
720689,ESPN BET,2.0,3.25,3.9,2.5,2.2,1.625
720690,ESPN BET,1.9523809523809523,3.5,3.7,2.5,1.7407407407407407,2.05
720465,ESPN BET,1.3125,5.25,8.5,2.5,1.869565217391304,1.869565217391304
720466,ESPN BET,3.6,3.7,1.9523809523809523,3.5,2.05,1.7407407407407407
720467,ESPN BET,1.606060606060606,3.9,5.5,2.5,1.869565217391304,1.869565217391304
720468,ESPN BET,1.9523809523809523,3.5,3.7,3.5,2.2,1.625
720469,ESPN BET,2.5,3.4,2.7,2.5,1.5714285714285714,2.3
720470,ESPN BET,1.2941176470588236,6.0,7.5,3.5,1.9523809523809523,1.8
720471,ESPN BET,2.3,3.3,3.1,2.5,1.7407407407407407,2.05
720472,ESPN BET,1.263157894736842,6.0,8.5,3.5,2.2,1.625
720608,ESPN BET,1.4545454545454546,4.4,6.5,2.5,1.9090909090909087,1.8333333333333333
720691,ESPN BET,2.85,3.4,2.4,2.5,1.8,1.9523809523809523
720692,ESPN BET,2.4,3.6,2.7,2.5,1.5714285714285714,2.3
720693,ESPN BET,1.5,4.6,5.5,3.5,2.35,1.5555555555555556
720695,ESPN BET,8.5,6.0,1.263157894736842,3.5,2.15,1.6666666666666663
720696,ESPN BET,1.3125,5.75,7.0,3.5,1.869565217391304,1.869565217391304
720697,ESPN BET,3.4,3.4,2.1,2.5,1.7407407407407407,2.05
720698,ESPN BET,2.35,2.7,3.7,1.5,1.5714285714285714,2.3
720699,ESPN BET,1.9523809523809523,3.6,3.7,2.5,1.625,2.2
720700,ESPN BET,1.3846153846153846,4.8,7.5,2.5,1.8333333333333333,1.9090909090909087
720701,ESPN BET,2.15,3.2,3.6,2.5,1.8333333333333333,1.9090909090909087
720702,ESPN BET,2.0,3.6,3.5,2.5,1.625,2.2
720703,ESPN BET,13.0,7.0,1.1538461538461535,3.5,2.35,1.5555555555555556
720704,ESPN BET,2.2,3.4,3.2,2.5,1.7407407407407407,2.05
720705,ESPN BET,1.5405405405405406,4.4,5.25,3.5,2.2,1.625
720706,ESPN BET,3.3,3.25,2.2,2.5,1.8333333333333333,1.9090909090909087
720707,ESPN BET,1.263157894736842,5.75,9.0,2.5,1.7407407407407407,2.05
720708,ESPN BET,1.0625,11.0,21.0,3.5,1.6666666666666663,2.15
720709,ESPN BET,2.4,3.5,2.8,2.5,1.625,2.2
720710,ESPN BET,3.5,2.35,2.9,1.5,1.526315789473684,2.4
720711,ESPN BET,2.2,3.6,3.05,3.5,2.25,1.606060606060606
720712,ESPN BET,1.434782608695652,4.6,7.0,2.5,1.6666666666666663,2.15
720713,ESPN BET,1.526315789473684,4.6,5.25,3.5,1.9523809523809523,1.8
720714,ESPN BET,2.6,3.4,2.65,2.5,1.7142857142857144,2.1
720715,ESPN BET,1.125,8.5,15.0,3.5,1.8,1.9523809523809523
720716,ESPN BET,1.303030303030303,5.75,8.0,3.5,1.9090909090909087,1.8333333333333333
720473,ESPN BET,1.1666666666666667,7.5,10.5,3.5,1.7407407407407407,2.05
720329,ESPN BET,1.2,6.5,10.0,3.5,2.35,1.5555555555555556
720330,ESPN BET,2.55,3.2,2.75,2.5,1.7142857142857144,2.1
720331,ESPN BET,1.263157894736842,6.0,8.5,3.5,2.25,1.606060606060606
720332,ESPN BET,4.0,4.33,1.7407407407407407,3.5,1.9090909090909087,1.8333333333333333
720333,ESPN BET,2.6,3.25,2.7,2.5,1.869565217391304,1.869565217391304
720334,ESPN BET,3.0,3.9,2.15,3.5,2.0,1.7692307692307692
720335,ESPN BET,2.4,3.2,3.0,2.5,2.1,1.7142857142857144
720336,ESPN BET,3.4,2.9,2.35,2.5,2.2,1.625
720337,ESPN BET,9.0,6.5,1.2,3.5,1.869565217391304,1.869565217391304
720474,ESPN BET,3.5,3.6,2.0,2.5,1.8,1.9523809523809523
720338,ESPN BET,3.0,3.3,2.35,2.5,1.7692307692307692,2.0
720339,ESPN BET,2.85,3.7,2.25,3.5,2.2,1.625
720340,ESPN BET,7.5,5.25,1.3333333333333333,3.5,2.35,1.5555555555555556
720341,ESPN BET,7.5,5.75,1.3125,3.5,2.0,1.7692307692307692
720342,ESPN BET,1.25,6.0,8.0,3.5,2.05,1.7407407407407407
720343,ESPN BET,1.0833333333333333,10.0,20.0,3.5,1.869565217391304,1.869565217391304
720344,ESPN BET,2.45,3.6,2.7,2.5,1.606060606060606,2.25
720345,ESPN BET,1.0555555555555556,12.0,21.0,4.5,2.0,1.7692307692307692
720346,ESPN BET,1.625,4.1,5.0,2.5,1.6666666666666663,2.15
720475,ESPN BET,3.6,3.3,2.05,2.5,1.869565217391304,1.869565217391304
720476,ESPN BET,1.5882352941176472,4.4,5.0,3.5,2.2,1.625
720477,ESPN BET,1.9090909090909087,3.2,4.4,2.5,2.05,1.7407407407407407
720478,ESPN BET,2.85,3.8,2.25,3.5,2.1,1.7142857142857144
720479,ESPN BET,2.1,3.4,3.5,2.5,1.7692307692307692,2.0
720480,ESPN BET,2.8,3.1,2.6,2.5,1.6666666666666663,2.15
720481,ESPN BET,2.05,3.6,3.35,3.5,2.1,1.7142857142857144
720482,ESPN BET,1.7142857142857144,3.6,5.0,2.5,1.869565217391304,1.869565217391304
720483,ESPN BET,1.5405405405405406,4.5,5.25,3.5,2.3,1.5714285714285714
720484,ESPN BET,1.5,4.6,5.5,3.5,2.2,1.625
720485,ESPN BET,2.65,3.2,2.7,2.5,1.625,2.2
720486,ESPN BET,2.4,3.0,3.2,2.5,2.25,1.606060606060606
720487,ESPN BET,2.7,3.2,2.65,2.5,1.869565217391304,1.869565217391304
720488,ESPN BET,1.8333333333333333,3.6,4.33,2.5,1.7142857142857144,2.1
720489,ESPN BET,6.5,4.33,1.4761904761904765,2.5,1.6666666666666663,2.15
720490,ESPN BET,2.85,2.95,2.7,2.5,1.9523809523809523,1.8
720347,ESPN BET,1.625,4.1,4.8,3.5,2.1,1.7142857142857144
720348,ESPN BET,2.25,3.25,3.25,2.5,2.05,1.7407407407407407
720349,ESPN BET,2.3,3.4,2.95,2.5,1.606060606060606,2.25
720350,ESPN BET,1.2222222222222223,6.5,8.5,3.5,1.9090909090909087,1.8333333333333333
720351,ESPN BET,2.3,3.8,2.75,3.5,2.1,1.7142857142857144
720352,ESPN BET,3.9,3.8,1.869565217391304,2.5,1.606060606060606,2.25
720353,ESPN BET,1.8333333333333333,3.5,4.33,2.5,2.05,1.7407407407407407
720354,ESPN BET,4.0,2.75,2.25,2.5,1.8,1.9523809523809523
720355,ESPN BET,5.75,4.1,1.5555555555555556,2.5,1.869565217391304,1.869565217391304
720356,ESPN BET,6.0,4.5,1.4878048780487805,2.5,1.7142857142857144,2.1
720357,ESPN BET,1.005,21.0,34.0,5.5,1.9523809523809523,1.8
720358,ESPN BET,5.5,4.6,1.5,3.5,2.2,1.625
720359,ESPN BET,2.5,3.8,2.5,3.5,2.2,1.625
720360,ESPN BET,1.3703703703703702,5.75,6.5,3.5,1.9090909090909087,1.8333333333333333
720361,ESPN BET,1.1,8.5,15.0,3.5,1.7692307692307692,2.0
720362,ESPN BET,1.6451612903225803,4.6,4.33,3.5,1.7142857142857144,2.1
720363,ESPN BET,1.5714285714285714,4.5,5.0,3.5,2.2,1.625
720364,ESPN BET,6.0,5.25,1.434782608695652,3.5,2.0,1.7692307692307692
720491,ESPN BET,2.3,3.9,2.65,3.5,1.8333333333333333,1.9090909090909087
720492,ESPN BET,1.7407407407407407,3.4,5.25,2.5,1.9090909090909087,1.8333333333333333
720493,ESPN BET,1.9090909090909087,3.6,3.8,2.5,1.7692307692307692,2.0
720494,ESPN BET,3.6,3.5,2.0,2.5,1.7407407407407407,2.05
720495,ESPN BET,1.869565217391304,4.0,3.6,3.5,2.1,1.7142857142857144
720496,ESPN BET,4.8,3.7,1.7407407407407407,2.5,2.0,1.7692307692307692
720497,ESPN BET,2.3,3.1,3.25,2.5,2.1,1.7142857142857144
720498,ESPN BET,1.2222222222222223,6.5,9.0,3.5,2.05,1.7407407407407407
720499,ESPN BET,5.25,4.6,1.526315789473684,3.5,2.3,1.5714285714285714
720500,ESPN BET,2.65,3.7,2.45,3.5,2.2,1.625
720501,ESPN BET,2.4,3.5,2.75,2.5,1.7142857142857144,2.1
720502,ESPN BET,2.2,3.4,3.1,2.5,1.6666666666666663,2.15
720503,ESPN BET,1.5714285714285714,4.33,5.25,2.5,1.625,2.2
720504,ESPN BET,2.1,3.6,3.3,2.5,1.606060606060606,2.25
720505,ESPN BET,1.6896551724137931,3.9,4.6,2.5,1.606060606060606,2.25
720506,ESPN BET,1.3846153846153846,5.0,7.0,2.5,1.5555555555555556,2.35
720507,ESPN BET,1.2222222222222223,6.5,8.5,3.5,1.8,1.9523809523809523
720508,ESPN BET,1.4166666666666667,5.0,6.5,2.5,1.5714285714285714,2.3
732185,ESPN BET,8.5,5.75,1.2777777777777777,3.5,2.35,1.5555555555555556
732187,ESPN BET,1.9090909090909087,3.8,3.5,3.5,2.25,1.606060606060606
732189,ESPN BET,2.55,3.2,2.8,2.5,1.9090909090909087,1.8333333333333333
732190,ESPN BET,1.869565217391304,3.6,4.0,2.5,1.7407407407407407,2.05
732192,ESPN BET,3.35,3.2,2.25,2.5,2.0,1.7692307692307692
732186,ESPN BET,6.5,5.25,1.4166666666666667,3.5,2.15,1.6666666666666663
732188,ESPN BET,2.4,3.5,2.7,2.5,1.625,2.2
732191,ESPN BET,4.0,3.8,1.8,2.5,1.625,2.2
727375,ESPN BET,3.5,3.6,2.0,2.5,1.7692307692307692,2.0
727377,ESPN BET,1.2777777777777777,5.5,8.5,2.5,1.606060606060606,2.25
727379,ESPN BET,5.75,4.5,1.5,2.5,1.6666666666666663,2.15
727382,ESPN BET,3.0,3.2,2.4,2.5,2.0,1.7692307692307692
732202,ESPN BET,3.3,2.95,2.4,2.5,2.2,1.625
732203,ESPN BET,2.7,3.2,2.65,2.5,1.9523809523809523,1.8
732205,ESPN BET,2.0,3.25,3.9,2.5,1.9090909090909087,1.8333333333333333
732206,ESPN BET,1.526315789473684,4.4,5.75,2.5,1.7142857142857144,2.1
727376,ESPN BET,3.5,2.65,2.5,1.5,1.6666666666666663,2.15
727378,ESPN BET,2.95,3.0,2.55,2.5,2.1,1.7142857142857144
727380,ESPN BET,3.5,3.2,2.15,2.5,2.0,1.7692307692307692
727381,ESPN BET,1.5405405405405406,4.1,5.75,2.5,1.7407407407407407,2.05
732201,ESPN BET,2.3,3.3,3.1,2.5,1.869565217391304,1.869565217391304
732204,ESPN BET,1.7407407407407407,3.5,5.0,2.5,2.2,1.625
732207,ESPN BET,1.9523809523809523,3.6,3.7,2.5,1.6666666666666663,2.15
732208,ESPN BET,2.7,3.05,2.75,2.5,2.1,1.7142857142857144
732194,ESPN BET,1.263157894736842,6.0,8.5,3.5,2.15,1.6666666666666663
732193,ESPN BET,1.1538461538461535,8.0,11.0,3.5,1.9090909090909087,1.8333333333333333
732197,ESPN BET,1.4878048780487805,4.5,6.0,2.5,1.7407407407407407,2.05
732198,ESPN BET,1.8333333333333333,4.0,3.7,3.5,2.1,1.7142857142857144
732199,ESPN BET,1.7142857142857144,4.0,4.4,2.5,1.625,2.2
732195,ESPN BET,2.15,3.5,3.2,2.5,1.7407407407407407,2.05
732196,ESPN BET,1.1,9.0,16.0,3.5,1.7407407407407407,2.05
732200,ESPN BET,1.8333333333333333,4.0,3.7,3.5,2.05,1.7407407407407407
727383,ESPN BET,1.7692307692307692,3.1,5.5,1.5,1.5555555555555556,2.35
727384,ESPN BET,2.05,3.2,3.9,2.5,1.9523809523809523,1.8
727386,ESPN BET,1.4545454545454546,4.8,6.0,3.5,2.35,1.5555555555555556
727387,ESPN BET,2.8,3.3,2.45,2.5,1.9090909090909087,1.8333333333333333
732209,ESPN BET,1.7142857142857144,4.1,4.33,3.5,2.1,1.7142857142857144
732212,ESPN BET,1.9090909090909087,3.3,4.33,2.5,2.15,1.6666666666666663
732214,ESPN BET,1.9523809523809523,3.7,3.6,2.5,1.606060606060606,2.25
732215,ESPN BET,2.8,3.1,2.6,2.5,2.25,1.606060606060606
727385,ESPN BET,1.181818181818182,7.0,9.5,3.5,2.1,1.7142857142857144
727388,ESPN BET,1.8,3.5,4.4,2.5,1.9523809523809523,1.8
727389,ESPN BET,1.4545454545454546,4.8,6.0,3.5,2.3,1.5714285714285714
727390,ESPN BET,5.0,3.8,1.6666666666666663,2.5,1.9090909090909087,1.8333333333333333
732210,ESPN BET,2.65,3.3,2.6,2.5,1.8333333333333333,1.9090909090909087
732211,ESPN BET,1.5,4.4,6.0,2.5,1.7692307692307692,2.0
732213,ESPN BET,2.3,3.35,3.1,2.5,1.869565217391304,1.869565217391304
732216,ESPN BET,1.7407407407407407,3.6,4.8,2.5,1.9523809523809523,1.8
733145,ESPN BET,3.1,3.1,2.4,2.5,1.9523809523809523,1.8
733601,ESPN BET,1.625,4.0,5.25,2.5,1.8333333333333333,1.9090909090909087
733602,ESPN BET,1.869565217391304,3.6,4.0,2.5,1.7142857142857144,2.1
733603,ESPN BET,4.33,3.2,1.9090909090909087,2.5,2.05,1.7407407407407407
733149,ESPN BET,5.5,4.0,1.5882352941176472,2.5,1.869565217391304,1.869565217391304
733143,ESPN BET,3.8,4.0,1.8333333333333333,3.5,2.05,1.7407407407407407
733147,ESPN BET,1.7407407407407407,3.8,4.4,2.5,1.7692307692307692,2.0
733600,ESPN BET,2.4,3.4,2.85,2.5,1.7142857142857144,2.1
733621,ESPN BET,1.6666666666666663,4.0,4.8,2.5,1.8,1.9523809523809523
733622,ESPN BET,3.1,3.3,2.3,2.5,1.7407407407407407,2.05
733624,ESPN BET,4.33,3.35,1.9090909090909087,2.5,2.15,1.6666666666666663
733625,ESPN BET,2.4,2.8,3.4,2.5,2.35,1.5555555555555556
733652,ESPN BET,3.0,3.0,2.6,2.5,2.45,1.5
733653,ESPN BET,2.25,3.25,3.2,2.5,1.869565217391304,1.869565217391304
733654,ESPN BET,4.33,3.35,1.869565217391304,2.5,2.15,1.6666666666666663
733655,ESPN BET,1.5555555555555556,4.0,5.75,2.5,1.9090909090909087,1.8333333333333333
733623,ESPN BET,2.5,3.1,2.95,2.5,2.1,1.7142857142857144
733626,ESPN BET,2.45,2.95,3.2,2.5,2.25,1.606060606060606
733627,ESPN BET,4.4,3.25,1.869565217391304,2.5,2.1,1.7142857142857144
733628,ESPN BET,2.25,3.25,3.2,2.5,1.7407407407407407,2.05
733650,ESPN BET,2.5,3.4,2.7,2.5,1.7407407407407407,2.05
733651,ESPN BET,2.15,3.2,3.6,2.5,2.0,1.7692307692307692
733656,ESPN BET,3.4,3.1,2.25,2.5,2.25,1.606060606060606
733657,ESPN BET,1.625,3.8,5.25,2.5,2.0,1.7692307692307692
733144,ESPN BET,1.4761904761904765,5.25,5.5,3.5,1.7692307692307692,2.0
733148,ESPN BET,2.8,3.6,2.3,2.5,1.7142857142857144,2.1
733150,ESPN BET,1.3571428571428572,5.25,8.0,2.5,1.6666666666666663,2.15
733605,ESPN BET,2.3,3.9,2.7,3.5,2.25,1.606060606060606
733604,ESPN BET,2.65,3.25,2.7,2.5,2.0,1.7692307692307692
733146,ESPN BET,1.7407407407407407,3.8,4.4,2.5,1.7407407407407407,2.05
733606,ESPN BET,2.7,3.4,2.5,0.5,1.0333333333333334,8.5
733607,ESPN BET,1.5,4.4,6.0,2.5,1.7692307692307692,2.0
733630,ESPN BET,1.6896551724137931,4.33,4.33,3.5,2.1,1.7142857142857144
733631,ESPN BET,1.5882352941176472,4.33,5.0,2.5,1.606060606060606,2.25
733634,ESPN BET,1.5,4.4,6.0,2.5,1.6666666666666663,2.15
733636,ESPN BET,2.0,3.25,3.9,2.5,2.1,1.7142857142857144
733659,ESPN BET,1.7142857142857144,3.9,4.4,2.5,1.7142857142857144,2.1
733660,ESPN BET,1.9523809523809523,3.6,3.6,2.5,1.7692307692307692,2.0
733664,ESPN BET,1.4761904761904765,4.4,6.5,2.5,1.8333333333333333,1.9090909090909087
733665,ESPN BET,2.9,3.3,2.4,2.5,2.0,1.7692307692307692
733629,ESPN BET,2.95,3.4,2.35,2.5,1.7692307692307692,2.0
733632,ESPN BET,1.5,4.5,5.75,2.5,1.5714285714285714,2.3
733633,ESPN BET,1.3703703703703702,5.0,7.5,2.5,1.7407407407407407,2.05
733635,ESPN BET,1.9090909090909087,3.2,4.4,2.5,2.1,1.7142857142857144
733658,ESPN BET,1.526315789473684,4.1,6.0,2.5,1.7692307692307692,2.0
733661,ESPN BET,1.6666666666666663,4.0,4.8,2.5,1.606060606060606,2.25
733662,ESPN BET,3.3,3.1,2.3,2.5,2.05,1.7407407407407407
733663,ESPN BET,1.5405405405405406,4.33,5.75,2.5,1.7692307692307692,2.0
733608,ESPN BET,2.05,3.5,3.5,2.5,1.8,1.9523809523809523
733611,ESPN BET,1.9090909090909087,3.5,3.9,2.5,1.869565217391304,1.869565217391304
733609,ESPN BET,1.526315789473684,4.4,5.75,2.5,1.5714285714285714,2.3
733610,ESPN BET,1.3125,5.75,7.5,3.5,1.8,1.9523809523809523
733638,ESPN BET,2.9,3.35,2.4,2.5,1.8333333333333333,1.9090909090909087
733668,ESPN BET,5.25,4.33,1.5714285714285714,2.5,1.6666666666666663,2.15
733637,ESPN BET,1.606060606060606,4.4,4.8,3.5,2.15,1.6666666666666663
733639,ESPN BET,4.1,3.4,1.869565217391304,2.5,1.9523809523809523,1.8
733666,ESPN BET,4.6,3.8,1.7142857142857144,2.5,1.8,1.9523809523809523
733667,ESPN BET,1.181818181818182,6.5,10.5,3.5,2.25,1.606060606060606
734500,ESPN BET,3.1,3.25,2.3,2.5,1.869565217391304,1.869565217391304
734501,ESPN BET,2.75,3.1,2.65,2.5,2.1,1.7142857142857144
733613,ESPN BET,3.2,3.7,2.1,3.5,2.35,1.5555555555555556
733614,ESPN BET,3.25,4.1,1.9523809523809523,3.5,1.8333333333333333,1.9090909090909087
733612,ESPN BET,1.7692307692307692,3.9,4.1,2.5,1.5714285714285714,2.3
733615,ESPN BET,2.65,3.7,2.45,3.5,2.3,1.5714285714285714
733669,ESPN BET,3.7,3.6,1.9523809523809523,2.5,1.625,2.2
733670,ESPN BET,1.3846153846153846,5.25,6.5,3.5,2.2,1.625
733641,ESPN BET,2.45,3.6,2.7,2.5,1.5714285714285714,2.3
733642,ESPN BET,1.4444444444444444,5.0,6.0,3.5,2.35,1.5555555555555556
733643,ESPN BET,1.3125,5.5,8.0,2.5,1.606060606060606,2.25
733671,ESPN BET,1.1333333333333333,8.0,13.0,3.5,1.7407407407407407,2.05
734499,ESPN BET,1.6896551724137931,4.0,4.6,2.5,1.606060606060606,2.25
734502,ESPN BET,1.8333333333333333,3.6,4.1,2.5,1.8333333333333333,1.9090909090909087
733616,ESPN BET,2.15,3.25,3.5,2.5,1.869565217391304,1.869565217391304
733617,ESPN BET,1.7142857142857144,4.1,4.33,3.5,2.3,1.5714285714285714
733645,ESPN BET,1.2222222222222223,6.5,9.0,3.5,2.05,1.7407407407407407
733646,ESPN BET,2.3,3.0,3.5,2.5,2.35,1.5555555555555556
733672,ESPN BET,1.7407407407407407,3.6,4.8,2.5,2.0,1.7692307692307692
733673,ESPN BET,8.0,5.25,1.3333333333333333,2.5,1.625,2.2
733619,ESPN BET,2.6,3.6,2.5,3.5,2.25,1.606060606060606
733618,ESPN BET,2.25,3.35,3.1,2.5,1.7692307692307692,2.0
733647,ESPN BET,2.55,3.8,2.45,3.5,2.3,1.5714285714285714
733648,ESPN BET,1.8,3.7,4.33,2.5,1.9523809523809523,1.8
733674,ESPN BET,2.2,3.3,3.3,2.5,1.7692307692307692,2.0
733675,ESPN BET,1.25,6.0,9.0,3.5,2.25,1.606060606060606
733649,ESPN BET,3.3,3.25,2.2,2.5,2.0,1.7692307692307692
733676,ESPN BET,4.33,3.8,1.7692307692307692,2.5,1.625,2.2
733620,ESPN BET,2.05,3.5,3.5,2.5,1.7407407407407407,2.05
740470,,,,,,,
740468,,,,,,,
740471,,,,,,,
741673,,,,,,,
740473,,,,,,,
740467,,,,,,,
741683,,,,,,,
740460,,,,,,,
740463,,,,,,,
740465,,,,,,,
740461,,,,,,,
740464,,,,,,,
740462,ESPN BET,1.5555555555555556,3.7,5.75,2.5,2.3,1.5555555555555556
740469,ESPN BET,1.3571428571428572,5.0,7.0,2.5,1.625,2.15
740472,ESPN BET,1.0833333333333333,9.0,15.0,3.5,1.8,1.9090909090909087
740466,ESPN BET,1.8333333333333333,3.2,4.33,2.5,2.3,1.5555555555555556
741663,ESPN BET,2.5,3.05,2.55,2.5,2.25,1.5714285714285714
741679,ESPN BET,4.75,3.9,1.5405405405405406,2.5,1.6896551724137931,2.05
741669,ESPN BET,2.15,2.95,3.1,2.5,2.4,1.5
741674,ESPN BET,2.1,3.2,3.0,2.5,1.7407407407407407,2.0
741682,ESPN BET,1.1428571428571428,6.25,12.0,3.5,2.25,1.5714285714285714
741716,ESPN BET,2.3,3.25,2.9,2.5,1.869565217391304,1.869565217391304
741667,ESPN BET,2.4,2.85,2.8,2.5,2.4,1.5128205128205128
741675,ESPN BET,3.6,3.3,1.8333333333333333,2.5,1.9523809523809523,1.7692307692307692
741711,ESPN BET,1.4878048780487805,4.25,5.75,2.5,1.6666666666666663,2.05
741676,ESPN BET,3.05,2.95,2.2,2.5,2.05,1.6896551724137931
741714,ESPN BET,1.4545454545454546,3.9,7.0,2.5,1.869565217391304,1.8333333333333333
741717,ESPN BET,3.8,3.5,1.869565217391304,2.5,1.7142857142857144,2.05
741718,ESPN BET,2.45,3.15,2.75,2.5,2.15,1.625
741664,ESPN BET,2.5,3.05,2.55,2.5,2.2,1.5882352941176472
741670,ESPN BET,1.6451612903225803,3.6,5.0,2.5,2.0,1.7407407407407407
741684,ESPN BET,2.05,2.85,3.4,2.5,2.5,1.4878048780487805
741686,ESPN BET,1.3571428571428572,4.2,6.75,2.5,1.8333333333333333,1.869565217391304
741715,ESPN BET,1.181818181818182,5.5,12.0,2.5,1.606060606060606,2.2
741678,ESPN BET,3.9,3.25,1.7692307692307692,2.5,1.8,1.869565217391304
741713,ESPN BET,3.6,3.5,1.9090909090909087,2.5,1.7407407407407407,2.0
741665,ESPN BET,3.05,3.1,2.1,2.5,2.1,1.6666666666666663
741671,ESPN BET,3.3,3.2,1.9523809523809523,2.5,2.15,1.625
741709,ESPN BET,1.1428571428571428,6.25,11.0,2.5,1.606060606060606,2.2
741672,ESPN BET,1.6896551724137931,3.5,4.0,2.5,1.7692307692307692,1.9523809523809523
741677,ESPN BET,3.15,3.45,1.9523809523809523,3.5,2.25,1.5555555555555556
741668,ESPN BET,12.0,7.0,1.1176470588235294,3.5,2.2,1.606060606060606
741680,ESPN BET,2.9,3.2,2.15,2.5,2.0,1.7142857142857144
741685,ESPN BET,1.1052631578947367,7.0,14.0,3.5,2.25,1.5714285714285714
741712,ESPN BET,1.181818181818182,5.75,10.5,2.5,1.5714285714285714,2.25
741666,ESPN BET,1.2666666666666666,5.25,7.0,3.5,2.05,1.6896551724137931
740481,ESPN BET,2.05,3.15,3.5,2.5,2.15,1.625
740487,ESPN BET,1.8333333333333333,3.7,3.6,2.5,1.606060606060606,2.2
740476,ESPN BET,1.5714285714285714,4.1,4.75,2.5,1.606060606060606,2.2
740477,ESPN BET,2.8,3.4,2.3,2.5,1.8333333333333333,1.869565217391304
740478,ESPN BET,1.1666666666666667,6.0,10.0,3.5,2.15,1.625
740483,ESPN BET,2.1,3.4,3.2,2.5,2.0,1.7407407407407407
740475,ESPN BET,1.5405405405405406,4.0,5.5,2.5,1.869565217391304,1.8333333333333333
740485,ESPN BET,2.35,3.0,3.0,2.5,2.35,1.526315789473684
740482,ESPN BET,6.75,4.5,1.3846153846153846,2.5,1.606060606060606,2.2
740474,ESPN BET,1.625,3.8,5.0,2.5,1.8333333333333333,1.869565217391304
740480,,,,,,,
740486,ESPN BET,3.3,3.25,2.05,2.5,2.0,1.7407407407407407
741687,ESPN BET,1.625,3.45,4.5,2.5,2.05,1.6896551724137931
740479,ESPN BET,2.9,3.3,2.25,2.5,2.1,1.6451612903225803
740484,ESPN BET,4.1,3.6,1.7407407407407407,2.5,1.9523809523809523,1.7692307692307692
741710,ESPN BET,3.25,3.3,1.9523809523809523,2.5,1.7692307692307692,1.9523809523809523
741690,ESPN BET,3.8,3.6,1.7407407407407407,2.5,1.869565217391304,1.8
741691,ESPN BET,1.0571428571428572,10.0,29.0,3.5,2.0,1.7407407407407407
741696,ESPN BET,1.4761904761904765,4.0,5.25,2.5,1.5882352941176472,2.2
741700,ESPN BET,2.45,3.2,2.55,2.5,2.05,1.6896551724137931
741702,ESPN BET,1.3571428571428572,4.75,6.0,3.5,1.7142857142857144,2.0
741703,ESPN BET,2.95,3.6,2.0,2.5,1.6666666666666663,2.1
741704,ESPN BET,4.0,3.7,1.6896551724137931,2.5,1.8333333333333333,1.869565217391304
741707,ESPN BET,1.5,3.9,5.25,2.5,1.8333333333333333,1.869565217391304
741719,ESPN BET,4.75,3.7,1.6451612903225803,2.5,1.9523809523809523,1.7692307692307692
741721,ESPN BET,5.75,4.5,1.434782608695652,3.5,2.2,1.606060606060606
741695,ESPN BET,1.2222222222222223,5.5,8.0,3.5,2.0,1.7142857142857144
741689,ESPN BET,2.0,3.05,3.3,2.5,2.2,1.5882352941176472
741692,ESPN BET,1.5714285714285714,3.45,5.0,2.5,2.2,1.606060606060606
741693,ESPN BET,3.7,3.25,1.8,2.5,2.0,1.7407407407407407
741701,ESPN BET,2.95,2.95,2.25,2.5,2.15,1.625
741705,ESPN BET,1.8,3.3,3.6,2.5,1.8333333333333333,1.869565217391304
741722,ESPN BET,1.425531914893617,4.33,6.5,2.5,1.5714285714285714,2.25
741699,ESPN BET,1.7692307692307692,3.2,4.1,2.5,2.15,1.625
741725,ESPN BET,1.3333333333333333,5.0,7.5,2.5,1.606060606060606,2.2
741694,ESPN BET,1.625,3.4,4.75,2.5,2.2,1.606060606060606
741697,ESPN BET,1.9090909090909087,3.25,3.45,2.5,2.0,1.7407407407407407
741723,ESPN BET,1.8,3.25,4.5,2.5,2.3,1.5555555555555556
741724,ESPN BET,1.8333333333333333,3.6,3.7,2.5,1.606060606060606,2.2
741726,ESPN BET,2.6,3.2,2.55,2.5,1.869565217391304,1.869565217391304
741706,ESPN BET,1.869565217391304,3.15,3.7,2.5,2.0,1.7407407407407407
741688,ESPN BET,1.2,5.75,8.5,2.5,1.5405405405405406,2.3
741698,ESPN BET,1.5714285714285714,4.0,4.2,2.5,1.5882352941176472,2.2
741708,ESPN BET,2.3,3.05,2.75,2.5,2.0,1.7407407407407407
741681,ESPN BET,6.75,3.9,1.4,2.5,2.0,1.7142857142857144
741720,ESPN BET,3.7,3.2,2.0,2.5,2.1,1.6451612903225803
753554,ESPN BET,2.5,3.0,3.05,1.5,1.4761904761904765,2.5
753124,ESPN BET,3.1,3.4,2.25,2.5,2.15,1.6666666666666663
753127,ESPN BET,15.0,8.5,1.125,3.5,1.8,1.9523809523809523
753123,ESPN BET,1.1,8.5,16.0,3.5,2.05,1.7407407407407407
753126,ESPN BET,7.0,5.0,1.3846153846153846,2.5,1.606060606060606,2.25
753131,ESPN BET,1.4444444444444444,4.6,6.5,2.5,1.6666666666666663,2.15
753132,ESPN BET,2.45,3.2,2.9,2.5,2.05,1.7407407407407407
753556,ESPN BET,4.0,3.4,1.9090909090909087,2.5,1.9523809523809523,1.8
753558,ESPN BET,5.25,3.5,1.7142857142857144,2.5,2.25,1.606060606060606
753128,ESPN BET,1.5714285714285714,4.0,5.75,2.5,1.7692307692307692,2.0
741754,ESPN BET,1.3773584905660377,4.2,6.75,2.5,1.6896551724137931,2.05
753130,ESPN BET,1.3703703703703702,5.25,7.5,3.5,2.35,1.5555555555555556
753121,ESPN BET,1.869565217391304,3.5,4.1,2.5,1.7692307692307692,2.0
753129,ESPN BET,2.35,3.05,3.3,2.5,2.3,1.5714285714285714
741899,ESPN BET,3.25,2.9,2.15,1.5,1.4878048780487805,2.5
753899,ESPN BET,2.0,3.1,3.25,2.5,2.05,1.6896551724137931
741784,ESPN BET,1.1538461538461535,6.75,10.0,3.5,1.869565217391304,1.8
753133,ESPN BET,2.65,3.6,2.45,2.5,1.6666666666666663,2.15
753915,ESPN BET,1.3571428571428572,4.5,6.5,2.5,1.5714285714285714,2.25
753917,ESPN BET,1.7692307692307692,3.2,4.1,2.5,2.1,1.6666666666666663
753125,ESPN BET,5.5,4.0,1.5714285714285714,2.5,1.869565217391304,1.869565217391304
753913,ESPN BET,1.6666666666666663,3.5,4.2,2.5,1.869565217391304,1.8333333333333333
741887,ESPN BET,2.4,3.0,2.7,2.5,2.25,1.5555555555555556
741898,ESPN BET,1.2,5.75,8.5,3.5,2.15,1.625
741747,ESPN BET,9.0,4.5,1.2666666666666666,2.5,1.9523809523809523,1.7692307692307692
741748,ESPN BET,2.6,2.9,2.55,2.5,2.25,1.5555555555555556
741750,ESPN BET,2.25,3.2,2.7,2.5,1.869565217391304,1.8
741752,ESPN BET,1.7407407407407407,3.4,3.9,2.5,1.7407407407407407,2.0
741766,ESPN BET,6.5,4.33,1.3571428571428572,2.5,1.8333333333333333,1.869565217391304
741780,ESPN BET,1.05,11.0,26.0,3.5,1.6896551724137931,2.05
741817,ESPN BET,4.5,3.9,1.5555555555555556,2.5,1.7692307692307692,1.9523809523809523
741848,ESPN BET,2.25,3.05,2.9,2.5,2.1,1.6666666666666663
741885,ESPN BET,5.25,3.9,1.5,2.5,1.869565217391304,1.8
741889,ESPN BET,6.0,4.75,1.3571428571428572,3.5,2.2,1.606060606060606
741901,ESPN BET,3.3,3.2,1.9523809523809523,2.5,1.9523809523809523,1.7692307692307692
753901,ESPN BET,1.9090909090909087,3.25,3.4,2.5,2.05,1.6896551724137931
753903,ESPN BET,2.3,3.2,2.65,2.5,2.0,1.7142857142857144
741727,ESPN BET,4.4,3.55,1.7407407407407407,2.5,2.05,1.6666666666666663
741732,ESPN BET,2.45,3.35,2.7,2.5,1.869565217391304,1.869565217391304
741756,ESPN BET,5.0,3.4,1.5882352941176472,2.5,2.2,1.5882352941176472
741764,ESPN BET,1.9090909090909087,3.3,3.3,2.5,1.6666666666666663,2.1
741768,ESPN BET,2.15,3.0,3.1,2.5,2.25,1.5714285714285714
741770,ESPN BET,1.2,5.0,11.0,2.5,2.0,1.7142857142857144
741772,ESPN BET,1.2222222222222223,5.25,8.5,2.5,1.7142857142857144,2.0
741778,ESPN BET,1.5882352941176472,3.6,4.75,2.5,1.6666666666666663,2.1
741895,ESPN BET,1.2941176470588236,5.0,7.0,3.5,2.1,1.6666666666666663
741905,ESPN BET,3.8,3.6,1.7142857142857144,2.5,1.5882352941176472,2.2
753905,ESPN BET,3.05,3.15,2.1,2.5,1.9523809523809523,1.7692307692307692
741729,ESPN BET,5.75,3.9,1.5555555555555556,2.5,1.9090909090909087,1.8
741730,ESPN BET,1.25,6.25,9.0,3.5,1.7692307692307692,1.9523809523809523
741891,ESPN BET,1.2352941176470589,5.25,8.0,3.5,2.25,1.5555555555555556
741731,ESPN BET,2.1,3.65,3.15,2.5,1.625,2.15
741733,ESPN BET,1.5555555555555556,4.33,5.0,3.5,2.3,1.5555555555555556
741744,ESPN BET,1.5405405405405406,3.5,5.25,2.5,2.05,1.6896551724137931
741758,ESPN BET,2.25,2.8,3.05,2.5,2.25,1.5714285714285714
741774,ESPN BET,1.6666666666666663,3.6,4.0,2.5,1.7692307692307692,1.9523809523809523
741868,ESPN BET,2.15,3.1,3.0,2.5,2.0,1.7142857142857144
741881,ESPN BET,4.0,3.45,1.6896551724137931,2.5,1.7692307692307692,1.9523809523809523
741893,ESPN BET,3.5,2.8,2.1,1.5,1.606060606060606,2.2
753897,ESPN BET,2.5,3.2,2.75,2.5,2.05,1.6666666666666663
741728,ESPN BET,2.0,3.35,3.65,2.5,1.9090909090909087,1.8
741879,ESPN BET,5.25,3.9,1.4878048780487805,2.5,1.7142857142857144,2.0
741883,ESPN BET,4.5,3.9,1.5555555555555556,2.5,1.7692307692307692,1.9523809523809523
741903,ESPN BET,1.0303030303030305,12.0,31.0,3.5,1.606060606060606,2.2
753909,ESPN BET,2.9,3.15,2.2,2.5,2.1,1.6666666666666663
741760,ESPN BET,1.25,5.25,7.75,2.5,1.5405405405405406,2.3
741762,ESPN BET,9.5,6.5,1.1666666666666667,3.5,2.0,1.7142857142857144
753907,ESPN BET,1.3125,4.5,7.75,2.5,2.0,1.7407407407407407
753919,ESPN BET,1.9090909090909087,3.2,3.6,2.5,2.05,1.6896551724137931
741776,ESPN BET,1.3333333333333333,4.33,7.0,2.5,1.625,2.15
741782,ESPN BET,2.65,3.15,2.3,2.5,2.0,1.7142857142857144
741829,ESPN BET,6.5,4.1,1.392156862745098,2.5,1.625,2.15
753911,ESPN BET,2.55,2.85,2.65,2.5,2.25,1.5555555555555556
753555,ESPN BET,1.4166666666666667,4.8,7.0,2.5,1.7142857142857144,2.1
753900,ESPN BET,1.5882352941176472,3.3,5.0,2.5,2.05,1.6896551724137931
753135,ESPN BET,5.5,4.33,1.5405405405405406,2.5,1.8,1.9523809523809523
753140,ESPN BET,1.1666666666666667,7.0,11.0,2.5,1.5714285714285714,2.3
753918,ESPN BET,1.8,3.3,3.7,2.5,1.7407407407407407,2.0
753916,ESPN BET,2.8,3.4,2.1,2.5,1.606060606060606,2.2
753134,ESPN BET,1.0555555555555556,13.0,22.0,4.5,2.0,1.7692307692307692
753137,ESPN BET,2.75,3.25,2.55,2.5,1.9523809523809523,1.8
753141,ESPN BET,1.1666666666666667,6.5,14.0,3.5,2.15,1.6666666666666663
753557,ESPN BET,1.4444444444444444,4.5,6.5,2.5,1.606060606060606,2.25
753136,ESPN BET,1.8,3.2,5.25,2.5,2.3,1.5714285714285714
753559,ESPN BET,1.181818181818182,6.5,10.5,3.5,2.25,1.606060606060606
753122,ESPN BET,1.6896551724137931,4.4,4.33,3.5,2.3,1.5714285714285714
753139,ESPN BET,1.4761904761904765,4.6,6.0,2.5,1.606060606060606,2.25
753142,ESPN BET,1.9523809523809523,3.4,3.9,2.5,1.9523809523809523,1.8
753138,ESPN BET,2.65,3.7,2.4,3.5,2.25,1.606060606060606
753143,ESPN BET,1.5405405405405406,4.5,5.25,3.5,2.15,1.6666666666666663
753144,ESPN BET,4.33,4.1,1.7142857142857144,2.5,1.625,2.2
741767,ESPN BET,1.125,7.0,11.0,3.5,1.9523809523809523,1.7692307692307692
741751,ESPN BET,1.625,3.4,4.75,2.5,1.869565217391304,1.8333333333333333
741773,ESPN BET,4.75,4.0,1.5405405405405406,2.5,1.7407407407407407,2.0
741779,ESPN BET,2.45,3.25,2.5,2.5,1.9523809523809523,1.7692307692307692
741781,ESPN BET,6.5,5.0,1.3225806451612905,2.5,1.606060606060606,2.2
741849,ESPN BET,1.5405405405405406,3.7,5.0,2.5,1.7692307692307692,1.9523809523809523
741904,ESPN BET,10.0,5.0,1.2,2.5,1.5714285714285714,2.25
753906,ESPN BET,1.425531914893617,4.0,5.75,2.5,1.7692307692307692,1.9523809523809523
753898,ESPN BET,1.8333333333333333,3.5,4.4,2.5,2.05,1.7407407407407407
741890,ESPN BET,1.1,8.0,12.0,3.5,1.5882352941176472,2.2
753908,ESPN BET,3.8,3.5,1.7407407407407407,2.5,1.8,1.869565217391304
741737,ESPN BET,2.55,3.6,2.55,2.5,1.5714285714285714,2.3
741746,ESPN BET,1.2105263157894737,5.25,9.0,2.5,1.625,2.15
741749,ESPN BET,1.7692307692307692,3.25,4.0,2.5,1.9523809523809523,1.7692307692307692
741761,ESPN BET,2.5,3.25,2.45,2.5,1.8333333333333333,1.869565217391304
741771,ESPN BET,3.7,3.3,1.8,2.5,2.0,1.7142857142857144
741897,ESPN BET,3.6,3.25,1.8333333333333333,2.5,2.0,1.7407407407407407
753914,ESPN BET,2.15,2.85,3.25,2.5,2.4,1.5
741739,ESPN BET,2.75,3.1,2.65,2.5,2.3,1.5714285714285714
741763,ESPN BET,1.0571428571428572,10.0,18.0,3.5,1.606060606060606,2.2
741783,ESPN BET,1.526315789473684,3.9,4.75,2.5,1.8333333333333333,1.869565217391304
741880,ESPN BET,1.1904761904761905,5.75,9.5,3.5,2.25,1.5555555555555556
741757,ESPN BET,1.350877192982456,4.2,7.0,2.5,1.7692307692307692,1.9523809523809523
741734,ESPN BET,1.3703703703703702,5.0,7.5,2.5,1.606060606060606,2.25
741740,ESPN BET,2.65,3.5,2.55,3.5,2.25,1.606060606060606
741745,ESPN BET,2.7,3.25,2.25,2.5,2.0,1.7407407407407407
741753,ESPN BET,2.0,3.3,3.2,2.5,1.7407407407407407,2.0
741759,ESPN BET,2.3,3.1,2.75,2.5,1.8333333333333333,1.869565217391304
741765,ESPN BET,2.05,3.15,3.15,2.5,1.8,1.869565217391304
741785,ESPN BET,4.75,3.8,1.5405405405405406,2.5,1.7407407407407407,2.0
741869,ESPN BET,1.4761904761904765,4.0,5.25,2.5,1.7692307692307692,1.9523809523809523
741882,ESPN BET,1.526315789473684,3.8,5.0,2.5,1.8,1.869565217391304
741886,ESPN BET,1.1176470588235294,7.0,12.0,3.5,2.2,1.606060606060606
741894,ESPN BET,1.350877192982456,4.2,7.5,2.5,2.0,1.7142857142857144
741896,ESPN BET,3.6,3.6,1.7407407407407407,2.5,1.6666666666666663,2.1
753912,ESPN BET,1.6666666666666663,3.25,4.75,2.5,2.3,1.5405405405405406
741884,ESPN BET,1.2,5.5,8.5,2.5,1.5555555555555556,2.25
741902,ESPN BET,1.3278688524590163,4.33,7.0,2.5,1.8,1.869565217391304
741906,ESPN BET,1.263157894736842,5.25,7.0,3.5,1.9523809523809523,1.7692307692307692
741777,ESPN BET,3.15,3.2,2.0,2.5,1.869565217391304,1.8333333333333333
741830,ESPN BET,1.1333333333333333,6.5,11.0,3.5,2.3,1.5405405405405406
753904,ESPN BET,1.7692307692307692,3.3,3.9,2.5,1.8,1.869565217391304
741755,ESPN BET,2.7,3.15,2.3,2.5,1.6896551724137931,2.05
741775,ESPN BET,2.1,3.25,2.95,2.5,1.869565217391304,1.8
741888,ESPN BET,1.425531914893617,4.1,5.25,2.5,1.5555555555555556,2.25
741892,ESPN BET,4.0,3.6,1.6896551724137931,2.5,1.7407407407407407,2.0
753902,ESPN BET,2.0,2.95,3.4,2.5,2.2,1.5882352941176472
753910,ESPN BET,1.3571428571428572,4.33,6.5,3.5,2.25,1.5714285714285714
741735,ESPN BET,3.7,4.1,1.8333333333333333,3.5,2.0,1.7692307692307692
741736,ESPN BET,1.4545454545454546,4.5,6.5,2.5,1.7692307692307692,2.0
741738,ESPN BET,1.3333333333333333,5.25,8.0,3.5,2.25,1.606060606060606
741769,ESPN BET,1.9523809523809523,3.25,3.3,2.5,1.8,1.869565217391304
741818,ESPN BET,1.2352941176470589,5.0,8.5,2.5,1.5882352941176472,2.2
741900,ESPN BET,1.5714285714285714,3.4,5.0,2.5,2.1,1.6666666666666663
753920,ESPN BET,2.0,3.15,3.3,2.5,2.25,1.5714285714285714
754707,ESPN BET,3.1,3.05,2.4,2.5,2.4,1.526315789473684
755123,ESPN BET,9.0,5.5,1.263157894736842,2.5,1.7142857142857144,2.1
754705,ESPN BET,1.625,3.8,5.5,2.5,2.0,1.7692307692307692
755099,ESPN BET,5.0,3.6,1.7142857142857144,2.5,2.0,1.7692307692307692
755103,ESPN BET,2.1,3.5,3.4,2.5,1.8333333333333333,1.9090909090909087
755167,ESPN BET,2.1,3.1,3.4,2.5,2.05,1.6666666666666663
754706,ESPN BET,2.05,3.25,3.7,2.5,2.15,1.6666666666666663
754704,ESPN BET,2.65,3.5,2.5,2.5,1.7142857142857144,2.1
755129,ESPN BET,1.869565217391304,3.5,4.33,2.5,1.9523809523809523,1.8
755100,ESPN BET,3.05,3.1,2.45,2.5,2.3,1.5714285714285714
754703,ESPN BET,2.75,3.6,2.35,2.5,1.606060606060606,2.25
755125,ESPN BET,1.2941176470588236,4.8,10.5,2.5,2.2,1.625
754708,ESPN BET,2.45,3.5,2.7,2.5,1.7407407407407407,2.05
754709,ESPN BET,2.8,3.5,2.4,2.5,1.7692307692307692,2.0
754173,ESPN BET,4.33,3.9,1.7692307692307692,2.5,1.6666666666666663,2.15
754286,ESPN BET,1.1333333333333333,6.75,12.0,2.5,1.625,2.15
755122,ESPN BET,4.0,3.5,1.869565217391304,2.5,1.9523809523809523,1.8
755156,ESPN BET,1.8333333333333333,3.1,4.4,2.5,2.3,1.5555555555555556
755161,ESPN BET,2.25,3.1,3.1,2.5,2.05,1.6666666666666663
755168,ESPN BET,3.6,3.2,2.0,2.5,2.15,1.625
755203,ESPN BET,3.4,3.0,2.15,1.5,1.5,2.4
755141,ESPN BET,2.75,3.3,2.5,2.5,2.05,1.7407407407407407
755142,ESPN BET,5.5,3.5,1.6896551724137931,2.5,2.45,1.5
755157,ESPN BET,2.65,3.15,2.5,2.5,2.0,1.7407407407407407
755127,ESPN BET,3.0,3.5,2.25,2.5,1.625,2.2
755149,ESPN BET,2.05,3.4,3.2,2.5,1.7407407407407407,2.0
755150,ESPN BET,1.625,3.5,5.5,2.5,2.3,1.5555555555555556
755153,ESPN BET,1.9523809523809523,3.5,3.4,2.5,1.6666666666666663,2.05
755162,ESPN BET,2.0,3.6,3.25,2.5,1.7142857142857144,2.05
754174,ESPN BET,1.392156862745098,4.5,7.0,2.5,1.7407407407407407,2.0
754287,ESPN BET,2.65,3.1,2.55,2.5,2.25,1.5714285714285714
755124,ESPN BET,1.6451612903225803,3.7,5.0,2.5,1.9090909090909087,1.8
755128,ESPN BET,2.65,3.25,2.5,2.5,1.9090909090909087,1.8
755145,ESPN BET,1.7142857142857144,3.7,4.33,2.5,2.05,1.7142857142857144
755146,ESPN BET,1.9523809523809523,3.15,3.9,2.5,2.25,1.5714285714285714
755151,ESPN BET,1.0333333333333334,12.0,21.0,4.5,2.15,1.625
755154,ESPN BET,1.7142857142857144,3.4,4.75,2.5,2.3,1.5555555555555556
755159,ESPN BET,1.263157894736842,5.25,9.0,2.5,1.5555555555555556,2.3
755163,ESPN BET,2.05,3.3,3.25,2.5,2.0,1.7407407407407407
755169,ESPN BET,1.263157894736842,5.5,8.5,2.5,1.625,2.15
755165,ESPN BET,1.5555555555555556,4.1,5.0,2.5,1.6451612903225803,2.1
755126,ESPN BET,4.1,3.75,1.7692307692307692,2.5,1.606060606060606,2.2
755130,ESPN BET,1.3636363636363638,4.5,7.5,2.5,1.7692307692307692,1.9523809523809523
755152,ESPN BET,1.8,3.4,4.1,2.5,1.9090909090909087,1.8
755164,ESPN BET,1.526315789473684,3.9,5.75,2.5,2.0,1.7407407407407407
755202,ESPN BET,2.25,3.1,3.1,2.5,2.05,1.6666666666666663
755155,ESPN BET,4.4,3.7,1.6896551724137931,2.5,1.625,2.15
755158,ESPN BET,9.0,5.25,1.263157894736842,2.5,1.7407407407407407,2.0
755160,ESPN BET,1.25,5.25,9.5,2.5,1.7692307692307692,1.9523809523809523
755166,ESPN BET,8.0,4.1,1.3773584905660377,2.5,2.4,1.5
755199,ESPN BET,1.5882352941176472,3.8,5.25,2.5,1.9090909090909087,1.8
755200,ESPN BET,1.7407407407407407,3.6,4.25,2.5,1.7407407407407407,2.0
755201,ESPN BET,1.2941176470588236,4.75,9.5,2.5,2.05,1.7142857142857144
755101,ESPN BET,1.2941176470588236,5.5,8.5,2.5,1.625,2.2
754712,ESPN BET,1.8,3.25,5.25,2.5,2.4,1.526315789473684
754714,ESPN BET,3.25,3.25,2.25,2.5,2.2,1.625
754715,ESPN BET,1.5405405405405406,4.4,5.25,2.5,1.5714285714285714,2.3
755104,ESPN BET,1.7407407407407407,4.0,4.33,3.5,2.35,1.5555555555555556
754711,ESPN BET,1.7142857142857144,4.0,4.4,3.5,2.35,1.5555555555555556
754713,ESPN BET,1.6451612903225803,3.9,5.25,2.5,1.8333333333333333,1.9090909090909087
755102,ESPN BET,1.4878048780487805,4.1,6.5,2.5,2.0,1.7692307692307692
755132,ESPN BET,5.5,3.55,1.6451612903225803,2.5,2.3,1.5555555555555556
754710,ESPN BET,1.526315789473684,4.5,5.5,3.5,2.0,1.7692307692307692
754716,ESPN BET,1.4878048780487805,4.6,5.75,3.5,2.2,1.625
755181,ESPN BET,2.0,3.8,3.0,3.5,2.2,1.606060606060606
755189,ESPN BET,1.9090909090909087,3.7,3.4,2.5,1.5555555555555556,2.3
755135,ESPN BET,2.4,3.35,2.8,2.5,1.869565217391304,1.8333333333333333
754175,ESPN BET,1.5,4.8,5.5,3.5,2.05,1.7407407407407407
755171,ESPN BET,3.6,3.6,1.869565217391304,2.5,1.5714285714285714,2.25
755178,ESPN BET,1.9523809523809523,3.15,3.8,2.5,2.25,1.5714285714285714
755148,ESPN BET,1.9523809523809523,3.2,3.7,2.5,2.1,1.6451612903225803
754176,ESPN BET,2.7,3.2,2.65,2.5,2.15,1.6666666666666663
755133,ESPN BET,1.2439024390243902,6.0,10.0,3.5,2.15,1.625
755138,ESPN BET,1.6896551724137931,4.0,4.4,3.5,2.2,1.606060606060606
755172,ESPN BET,2.05,3.5,3.2,2.5,1.8,1.9090909090909087
755173,ESPN BET,2.05,3.3,3.3,2.5,1.869565217391304,1.8333333333333333
755176,ESPN BET,3.4,3.2,2.1,2.5,2.1,1.6451612903225803
755179,ESPN BET,1.4166666666666667,4.33,6.75,2.5,1.6666666666666663,2.05
755182,ESPN BET,2.15,3.2,3.25,2.5,2.05,1.6666666666666663
755137,ESPN BET,1.9090909090909087,3.35,3.9,2.5,2.0,1.7407407407407407
755174,ESPN BET,5.75,4.75,1.4166666666666667,3.5,2.1,1.6451612903225803
755186,ESPN BET,1.2,5.75,9.5,3.5,2.05,1.7142857142857144
755188,ESPN BET,2.1,3.7,2.9,2.5,1.5555555555555556,2.3
755190,ESPN BET,2.15,2.95,3.5,1.5,1.5555555555555556,2.3
755131,ESPN BET,1.526315789473684,4.5,5.25,3.5,2.05,1.7407407407407407
755134,ESPN BET,1.2222222222222223,6.25,11.0,3.5,2.1,1.6451612903225803
755136,ESPN BET,3.6,3.45,2.0,2.5,1.7692307692307692,1.9523809523809523
755139,ESPN BET,1.7142857142857144,3.6,5.25,2.5,1.9523809523809523,1.8
755180,ESPN BET,1.869565217391304,3.2,4.0,2.5,2.05,1.6666666666666663
755185,ESPN BET,2.35,3.5,2.6,2.5,1.5714285714285714,2.25
755187,ESPN BET,1.0714285714285714,9.0,16.0,3.5,1.7692307692307692,1.9523809523809523
755204,ESPN BET,1.5555555555555556,4.0,5.25,2.5,1.6666666666666663,2.05
755206,ESPN BET,3.8,3.4,1.869565217391304,2.5,2.05,1.6666666666666663
755170,ESPN BET,2.15,3.4,3.0,2.5,1.7142857142857144,2.05
755144,ESPN BET,1.2941176470588236,5.25,9.0,2.5,1.7692307692307692,2.0
755175,ESPN BET,1.9523809523809523,3.6,3.4,2.5,1.6666666666666663,2.05
754288,ESPN BET,1.425531914893617,4.25,6.75,2.5,1.869565217391304,1.8333333333333333
755184,ESPN BET,4.1,3.6,1.7692307692307692,2.5,1.6666666666666663,2.05
755208,ESPN BET,4.1,3.4,1.8,2.5,1.8333333333333333,1.869565217391304
754289,ESPN BET,5.5,4.33,1.4761904761904765,2.5,1.7142857142857144,2.05
755143,ESPN BET,1.5882352941176472,4.0,5.0,2.5,1.625,2.15
755147,ESPN BET,2.9,2.95,2.45,2.5,2.35,1.526315789473684
755177,ESPN BET,1.1111111111111112,7.0,16.0,2.5,1.7407407407407407,2.0
755183,ESPN BET,1.606060606060606,4.1,4.5,3.5,2.3,1.5555555555555556
755205,ESPN BET,1.625,3.7,5.0,2.5,2.05,1.7142857142857144
755207,ESPN BET,2.0,3.6,3.2,2.5,1.625,2.15
756214,ESPN BET,3.1,3.5,2.2,2.5,1.7407407407407407,2.05
756215,ESPN BET,2.15,3.3,3.5,2.5,1.9523809523809523,1.8
756216,ESPN BET,1.5,4.5,5.75,2.5,1.625,2.2
756217,ESPN BET,3.0,3.25,2.4,2.5,1.869565217391304,1.869565217391304
756218,ESPN BET,2.7,3.4,2.55,2.5,1.9090909090909087,1.8333333333333333
756219,ESPN BET,1.125,8.5,16.0,3.5,1.9523809523809523,1.8
756220,ESPN BET,1.4444444444444444,5.0,6.0,3.5,2.05,1.7407407407407407
756259,ESPN BET,3.7,3.2,1.9523809523809523,2.5,2.05,1.7142857142857144
756275,ESPN BET,1.1739130434782608,7.5,12.0,3.5,1.9090909090909087,1.8
755465,ESPN BET,1.4651162790697674,4.0,6.75,2.5,2.15,1.625
756276,ESPN BET,1.7142857142857144,3.8,4.6,2.5,1.9523809523809523,1.8
756283,ESPN BET,3.0,3.15,2.25,2.5,2.25,1.5714285714285714
756305,ESPN BET,2.7,3.4,2.35,2.5,1.8,1.9090909090909087
756313,ESPN BET,1.9523809523809523,3.3,3.6,2.5,1.869565217391304,1.869565217391304
756315,ESPN BET,2.15,3.25,3.2,2.5,2.0,1.7407407407407407
756273,ESPN BET,1.625,3.8,4.75,2.5,1.8333333333333333,1.869565217391304
755469,ESPN BET,1.5882352941176472,3.8,5.5,2.5,1.9523809523809523,1.7692307692307692
756253,ESPN BET,2.6,3.35,2.65,2.5,1.9523809523809523,1.8
756254,ESPN BET,4.0,3.0,2.05,2.5,2.35,1.526315789473684
756261,ESPN BET,1.7692307692307692,3.6,4.1,2.5,1.8333333333333333,1.869565217391304
756262,ESPN BET,7.0,4.75,1.3636363636363638,2.5,1.6666666666666663,2.05
756263,ESPN BET,9.0,5.5,1.25,2.5,1.6451612903225803,2.1
756277,ESPN BET,4.5,3.65,1.7142857142857144,2.5,1.8,1.9090909090909087
756285,ESPN BET,1.04,11.0,20.0,3.5,1.6451612903225803,2.1
756287,ESPN BET,1.9090909090909087,3.1,4.1,1.5,1.5,2.4
756289,ESPN BET,2.35,3.1,2.9,2.5,2.1,1.6451612903225803
756293,ESPN BET,1.3448275862068966,5.0,7.0,3.5,2.15,1.625
756295,ESPN BET,2.0,3.4,3.3,2.5,1.8333333333333333,1.869565217391304
756297,ESPN BET,2.15,3.7,2.85,3.5,2.2,1.606060606060606
756303,ESPN BET,3.3,3.1,2.15,2.5,2.1,1.6451612903225803
756311,ESPN BET,1.2222222222222223,5.75,9.5,3.5,2.3,1.5555555555555556
755463,ESPN BET,2.4,3.5,2.7,2.5,1.625,2.15
756291,ESPN BET,1.181818181818182,5.75,9.5,3.5,2.3,1.5555555555555556
756307,ESPN BET,3.3,3.6,1.9523809523809523,2.5,1.5714285714285714,2.25
755470,ESPN BET,2.9,3.45,2.25,2.5,1.7142857142857144,2.05
755466,ESPN BET,2.85,3.2,2.4,2.5,2.05,1.6666666666666663
756255,ESPN BET,3.15,2.9,2.4,1.5,1.5,2.4
756264,ESPN BET,1.9523809523809523,3.1,4.0,2.5,2.25,1.5714285714285714
756260,ESPN BET,1.1111111111111112,7.5,14.0,3.5,2.25,1.5714285714285714
756278,ESPN BET,17.0,9.5,1.1,3.5,1.9090909090909087,1.8
756299,ESPN BET,1.2941176470588236,4.75,10.0,2.5,2.0,1.7407407407407407
756301,ESPN BET,2.85,3.5,2.25,2.5,1.869565217391304,1.8333333333333333
756309,ESPN BET,1.5405405405405406,3.6,6.0,2.5,2.3,1.5555555555555556
756221,ESPN BET,6.0,4.33,1.5,2.5,1.8333333333333333,1.9090909090909087
756222,ESPN BET,3.5,3.7,1.9523809523809523,2.5,1.5555555555555556,2.35
756223,ESPN BET,2.35,3.7,2.7,3.5,2.25,1.606060606060606
756281,ESPN BET,2.25,3.4,3.1,2.5,1.869565217391304,1.869565217391304
756224,ESPN BET,2.2,3.6,3.0,2.5,1.606060606060606,2.25
756312,ESPN BET,2.9,3.2,2.3,2.5,1.8333333333333333,1.869565217391304
756225,ESPN BET,1.526315789473684,4.6,5.25,3.5,2.05,1.7407407407407407
756226,ESPN BET,1.7407407407407407,3.7,4.6,2.5,1.9523809523809523,1.8
756227,ESPN BET,1.5882352941176472,4.0,5.25,2.5,1.625,2.2
756279,ESPN BET,4.1,3.8,1.8,2.5,1.5714285714285714,2.3
756268,ESPN BET,6.5,4.5,1.4081632653061225,2.5,1.6666666666666663,2.05
756290,ESPN BET,1.7407407407407407,3.7,4.1,2.5,1.625,2.15
756316,ESPN BET,1.6666666666666663,4.1,4.25,2.5,1.606060606060606,2.2
755468,ESPN BET,3.2,3.6,2.1,2.5,1.8,1.9523809523809523
755471,ESPN BET,2.5,3.25,2.75,2.5,2.15,1.6666666666666663
756284,ESPN BET,1.606060606060606,3.8,5.0,2.5,1.8,1.9090909090909087
756306,ESPN BET,1.4878048780487805,4.5,5.0,3.5,2.0,1.7407407407407407
756308,ESPN BET,1.3333333333333333,5.5,7.0,3.5,1.9523809523809523,1.7692307692307692
756257,ESPN BET,1.3846153846153846,5.25,7.0,2.5,1.625,2.2
756258,ESPN BET,1.4878048780487805,4.4,6.5,2.5,1.869565217391304,1.869565217391304
756274,ESPN BET,2.8,3.4,2.3,2.5,1.8,1.9090909090909087
756304,ESPN BET,1.5128205128205128,4.4,5.25,2.5,1.6451612903225803,2.1
756314,ESPN BET,2.1,3.5,3.0,2.5,1.625,2.15
755464,ESPN BET,1.6896551724137931,4.0,4.5,3.5,2.3,1.5714285714285714
755472,ESPN BET,1.5,4.6,5.5,3.5,2.05,1.7407407407407407
756256,ESPN BET,2.1,3.6,3.2,2.5,1.6666666666666663,2.15
756266,ESPN BET,1.2941176470588236,5.5,8.5,2.5,1.5555555555555556,2.3
756267,ESPN BET,2.45,3.15,2.75,2.5,1.8333333333333333,1.869565217391304
756269,ESPN BET,1.1666666666666667,6.5,13.0,2.5,1.6666666666666663,2.15
756280,ESPN BET,1.3703703703703702,5.0,8.0,2.5,1.6666666666666663,2.15
756288,ESPN BET,1.9523809523809523,3.25,3.6,2.5,2.15,1.625
756296,ESPN BET,2.15,3.4,3.15,2.5,1.8,1.9090909090909087
756298,ESPN BET,1.8333333333333333,3.9,3.4,3.5,1.9523809523809523,1.7692307692307692
756300,ESPN BET,4.1,3.1,1.9090909090909087,2.5,2.4,1.5
755467,ESPN BET,1.526315789473684,4.33,6.0,2.5,1.7692307692307692,2.0
756270,ESPN BET,2.05,3.1,3.5,2.5,2.3,1.5555555555555556
756292,ESPN BET,4.1,3.7,1.7692307692307692,2.5,1.869565217391304,1.8333333333333333
756265,ESPN BET,1.2941176470588236,5.75,8.0,3.5,2.25,1.5714285714285714
756282,ESPN BET,1.1,8.5,18.0,3.5,2.1,1.7142857142857144
756286,ESPN BET,8.0,5.25,1.303030303030303,2.5,1.5714285714285714,2.25
756294,ESPN BET,4.6,3.9,1.6896551724137931,2.5,1.6666666666666663,2.15
756302,ESPN BET,1.5128205128205128,4.25,5.25,2.5,1.6451612903225803,2.1
756310,ESPN BET,3.3,2.95,2.2,1.5,1.526315789473684,2.35
757653,ESPN BET,5.25,3.5,1.7142857142857144,2.5,2.35,1.5555555555555556
757654,ESPN BET,1.869565217391304,3.7,3.9,2.5,1.5714285714285714,2.3
757655,ESPN BET,1.3703703703703702,5.5,6.5,3.5,2.05,1.7407407407407407
757656,ESPN BET,2.0,3.4,3.8,2.5,1.8333333333333333,1.9090909090909087
757657,ESPN BET,1.1666666666666667,7.5,11.0,3.5,1.8333333333333333,1.9090909090909087
757658,ESPN BET,1.9523809523809523,3.5,3.8,2.5,1.7692307692307692,2.0
757659,ESPN BET,1.4166666666666667,4.8,7.0,2.5,1.6666666666666663,2.15
757660,ESPN BET,1.9090909090909087,3.7,3.7,2.5,1.6666666666666663,2.15
757661,ESPN BET,1.4166666666666667,5.0,6.5,3.5,2.25,1.606060606060606
757662,ESPN BET,1.4878048780487805,4.5,6.0,2.5,1.5555555555555556,2.35
757663,ESPN BET,1.8,3.9,3.9,3.5,2.35,1.5555555555555556
757664,ESPN BET,5.0,4.1,1.6451612903225803,2.5,1.5714285714285714,2.3
757665,ESPN BET,2.2,3.5,3.1,2.5,1.606060606060606,2.25
757666,ESPN BET,3.05,3.25,2.35,2.5,1.9090909090909087,1.8333333333333333
757667,ESPN BET,1.606060606060606,4.0,5.25,2.5,1.6666666666666663,2.15
757668,ESPN BET,2.3,3.7,2.85,3.5,2.15,1.6666666666666663
757669,ESPN BET,2.4,3.6,2.7,3.5,2.25,1.606060606060606
757670,ESPN BET,1.0625,11.0,21.0,3.5,1.6666666666666663,2.15
757797,ESPN BET,2.1,3.4,3.4,2.5,1.9523809523809523,1.8
757798,ESPN BET,1.6666666666666663,4.33,4.5,3.5,2.25,1.606060606060606
757799,ESPN BET,2.2,3.5,3.1,2.5,1.606060606060606,2.25
757800,ESPN BET,3.2,3.4,2.2,2.5,1.8,1.9523809523809523
757801,ESPN BET,2.05,3.5,3.5,2.5,1.8,1.9523809523809523
757802,ESPN BET,1.4878048780487805,4.6,5.75,3.5,2.3,1.5714285714285714
757803,ESPN BET,1.606060606060606,3.9,5.5,2.5,1.9523809523809523,1.8
757804,ESPN BET,3.2,3.25,2.25,2.5,2.0,1.7692307692307692
757805,ESPN BET,2.4,3.3,2.95,2.5,1.606060606060606,2.25
757806,ESPN BET,1.5405405405405406,4.4,5.5,3.5,2.25,1.606060606060606
757807,ESPN BET,1.6896551724137931,4.0,4.5,2.5,1.5714285714285714,2.3
757808,ESPN BET,1.8,3.5,4.5,2.5,2.1,1.7142857142857144
757809,ESPN BET,2.15,3.6,3.2,2.5,1.606060606060606,2.25
757810,ESPN BET,2.35,3.5,2.8,2.5,1.6666666666666663,2.15
757811,ESPN BET,4.33,3.8,1.7692307692307692,2.5,1.6666666666666663,2.15
757812,ESPN BET,2.2,3.3,3.25,2.5,1.7692307692307692,2.0
757813,ESPN BET,2.7,3.2,2.65,2.5,2.05,1.7407407407407407
757814,ESPN BET,2.4,3.5,2.85,2.5,1.7692307692307692,2.0
757671,ESPN BET,16.0,9.5,1.0833333333333333,3.5,1.6666666666666663,2.15
757672,ESPN BET,1.7692307692307692,4.0,4.0,3.5,2.05,1.7407407407407407
757673,ESPN BET,1.4444444444444444,5.0,6.0,3.5,1.9523809523809523,1.8
757674,ESPN BET,3.1,3.5,2.2,2.5,1.7407407407407407,2.05
757675,ESPN BET,1.6451612903225803,3.9,5.0,2.5,1.7407407407407407,2.05
757676,ESPN BET,4.8,4.4,1.5882352941176472,3.5,1.9523809523809523,1.8
757677,ESPN BET,16.0,9.5,1.1,3.5,1.7407407407407407,2.05
757678,ESPN BET,1.25,6.0,8.5,3.5,2.1,1.7142857142857144
757679,ESPN BET,1.5405405405405406,4.4,5.5,3.5,2.35,1.5555555555555556
757680,ESPN BET,3.7,3.3,2.0,2.5,2.0,1.7692307692307692
757681,ESPN BET,4.1,3.5,1.869565217391304,2.5,1.9090909090909087,1.8333333333333333
757682,ESPN BET,2.3,3.3,3.05,2.5,1.869565217391304,1.869565217391304
757683,ESPN BET,1.7692307692307692,3.6,4.5,2.5,1.9090909090909087,1.8333333333333333
757684,ESPN BET,1.9090909090909087,3.7,3.6,3.5,2.3,1.5714285714285714
757685,ESPN BET,1.9090909090909087,3.5,3.9,2.5,1.8,1.9523809523809523
757686,ESPN BET,7.5,5.5,1.3333333333333333,3.5,1.869565217391304,1.869565217391304
757687,ESPN BET,1.6666666666666663,4.4,4.33,3.5,1.8333333333333333,1.9090909090909087
757688,ESPN BET,1.1428571428571428,7.5,15.0,2.5,1.606060606060606,2.25
757815,ESPN BET,1.6666666666666663,4.0,5.0,2.5,1.7407407407407407,2.05
757816,ESPN BET,2.65,3.4,2.55,2.5,1.7407407407407407,2.05
757817,ESPN BET,1.7407407407407407,3.9,4.4,2.5,1.625,2.2
757818,ESPN BET,4.8,3.8,1.6896551724137931,2.5,1.8,1.9523809523809523
757819,ESPN BET,2.2,3.5,3.1,2.5,1.7407407407407407,2.05
757820,ESPN BET,1.7692307692307692,3.8,4.4,2.5,1.7692307692307692,2.0
757821,ESPN BET,1.869565217391304,3.6,4.1,2.5,1.869565217391304,1.869565217391304
757822,ESPN BET,1.869565217391304,3.4,4.33,2.5,2.15,1.6666666666666663
757823,ESPN BET,1.5555555555555556,4.4,5.25,2.5,1.5714285714285714,2.3
757965,ESPN BET,2.15,3.65,2.95,2.5,1.6451612903225803,2.1
757966,ESPN BET,2.2,3.35,3.15,,,
757967,ESPN BET,1.2222222222222223,6.25,11.0,3.5,2.3,1.5555555555555556
757968,ESPN BET,1.3846153846153846,5.25,6.25,3.5,1.8,1.9090909090909087
757969,ESPN BET,1.3448275862068966,4.5,8.5,2.5,1.8,1.9090909090909087
757970,ESPN BET,1.9090909090909087,3.55,3.75,2.5,1.869565217391304,1.869565217391304
757971,ESPN BET,6.5,4.8,1.434782608695652,2.5,1.7142857142857144,2.1
757972,ESPN BET,1.1333333333333333,8.0,16.0,3.5,2.2,1.606060606060606
757973,ESPN BET,4.5,3.9,1.6451612903225803,2.5,1.6451612903225803,2.1
757824,ESPN BET,1.606060606060606,4.0,5.25,2.5,1.8333333333333333,1.9090909090909087
757825,ESPN BET,1.7142857142857144,4.0,4.4,2.5,1.606060606060606,2.25
757826,ESPN BET,3.0,3.25,2.4,2.5,1.9523809523809523,1.8
757827,ESPN BET,3.3,3.9,1.9523809523809523,3.5,2.05,1.7407407407407407
757828,ESPN BET,1.625,4.1,5.0,2.5,1.7142857142857144,2.1
757829,ESPN BET,1.8333333333333333,3.8,4.0,2.5,1.606060606060606,2.25
757830,ESPN BET,1.303030303030303,5.5,8.0,3.5,2.2,1.625
757831,ESPN BET,3.25,3.6,2.1,2.5,1.7407407407407407,2.05
757832,ESPN BET,2.1,3.6,3.25,2.5,1.7407407407407407,2.05
757974,ESPN BET,2.05,3.2,3.65,2.5,2.05,1.6666666666666663
757975,ESPN BET,1.6451612903225803,3.75,5.0,2.5,1.8333333333333333,1.869565217391304
757976,ESPN BET,4.6,3.8,1.7142857142857144,2.5,1.9090909090909087,1.8333333333333333
757977,ESPN BET,1.2222222222222223,6.0,10.0,2.5,1.5714285714285714,2.3
757978,ESPN BET,3.2,3.4,2.2,2.5,1.8,1.9523809523809523
757979,ESPN BET,1.2857142857142856,5.5,9.0,2.5,1.606060606060606,2.2
757980,ESPN BET,3.8,3.65,1.8333333333333333,2.5,1.8,1.9090909090909087
757981,ESPN BET,2.95,3.6,2.25,2.5,1.7142857142857144,2.1
757982,ESPN BET,3.2,3.6,2.1,2.5,1.6666666666666663,2.15
757689,ESPN BET,3.0,3.25,2.4,2.5,1.9523809523809523,1.8
757690,ESPN BET,1.303030303030303,6.0,7.5,3.5,2.0,1.7692307692307692
757691,ESPN BET,3.1,3.5,2.2,2.5,1.625,2.2
757692,ESPN BET,4.6,3.7,1.7407407407407407,2.5,1.869565217391304,1.869565217391304
757693,ESPN BET,4.5,4.0,1.6896551724137931,3.5,2.2,1.625
757694,ESPN BET,4.6,3.9,1.6896551724137931,2.5,1.606060606060606,2.25
757695,ESPN BET,4.4,3.6,1.8,2.5,1.8,1.9523809523809523
757696,ESPN BET,1.6451612903225803,3.9,5.25,2.5,1.8,1.9523809523809523
757697,ESPN BET,1.5555555555555556,4.0,5.75,2.5,1.869565217391304,1.869565217391304
757698,ESPN BET,1.5555555555555556,4.6,5.0,3.5,1.8333333333333333,1.9090909090909087
757699,ESPN BET,1.303030303030303,5.5,8.0,3.5,2.35,1.5555555555555556
757700,ESPN BET,1.303030303030303,5.5,8.5,2.5,1.5555555555555556,2.35
757701,ESPN BET,1.3846153846153846,5.5,6.5,3.5,2.1,1.7142857142857144
757702,ESPN BET,4.8,4.6,1.5555555555555556,3.5,1.8333333333333333,1.9090909090909087
757703,ESPN BET,1.1,9.5,15.0,4.5,2.15,1.6666666666666663
757704,ESPN BET,2.95,3.5,2.3,2.5,1.625,2.2
757705,ESPN BET,1.4444444444444444,5.0,6.0,3.5,2.2,1.625
757706,ESPN BET,2.15,3.6,3.2,2.5,1.606060606060606,2.25
757833,ESPN BET,3.2,3.6,2.1,3.5,2.35,1.5555555555555556
757835,ESPN BET,2.05,3.7,3.3,2.5,1.606060606060606,2.25
757836,ESPN BET,1.5714285714285714,4.33,5.25,3.5,2.25,1.606060606060606
757837,ESPN BET,6.5,4.8,1.434782608695652,2.5,1.5714285714285714,2.3
757838,ESPN BET,2.15,3.5,3.2,2.5,1.7692307692307692,2.0
757839,ESPN BET,2.15,3.6,3.1,2.5,1.625,2.2
757840,ESPN BET,6.5,4.0,1.526315789473684,2.5,1.9523809523809523,1.8
757841,ESPN BET,2.45,3.4,2.75,2.5,1.7692307692307692,2.0
757983,ESPN BET,1.5,4.4,5.5,3.5,2.1,1.6451612903225803
757984,ESPN BET,2.2,3.35,3.1,2.5,2.0,1.7407407407407407
757985,ESPN BET,3.35,3.4,2.1,2.5,1.869565217391304,1.869565217391304
757987,ESPN BET,1.3703703703703702,5.0,7.5,2.5,1.625,2.2
757988,ESPN BET,2.2,3.6,2.9,2.5,1.606060606060606,2.2
757989,ESPN BET,5.25,3.8,1.606060606060606,2.5,1.8333333333333333,1.869565217391304
757990,ESPN BET,4.4,3.6,1.8,2.5,1.8,1.9523809523809523
757991,ESPN BET,2.05,3.2,3.75,2.5,2.15,1.625
757997,ESPN BET,1.25,6.5,8.5,3.5,2.0,1.7692307692307692
757834,ESPN BET,1.526315789473684,4.4,5.5,2.5,1.5714285714285714,2.3
757842,ESPN BET,1.7407407407407407,3.8,4.4,2.5,1.7142857142857144,2.1
757843,ESPN BET,1.2941176470588236,5.5,8.5,2.5,1.5555555555555556,2.35
757844,ESPN BET,1.526315789473684,4.33,6.0,2.5,1.8,1.9523809523809523
757845,ESPN BET,1.7692307692307692,3.7,4.4,2.5,1.7407407407407407,2.05
757846,ESPN BET,2.4,3.2,3.0,2.5,2.15,1.6666666666666663
757847,ESPN BET,3.1,3.3,2.3,2.5,2.0,1.7692307692307692
757848,ESPN BET,3.2,3.6,2.1,2.5,1.6666666666666663,2.15
757849,ESPN BET,1.5405405405405406,4.4,5.5,2.5,1.625,2.2
757850,ESPN BET,1.434782608695652,4.6,7.0,3.5,2.2,1.625
757992,ESPN BET,4.75,3.8,1.6451612903225803,2.5,1.7407407407407407,2.0
757993,ESPN BET,2.1,3.3,3.5,2.5,1.9090909090909087,1.8
757994,ESPN BET,3.3,3.3,2.15,2.5,1.8333333333333333,1.869565217391304
757995,ESPN BET,3.15,3.15,2.25,2.5,2.05,1.6666666666666663
757996,ESPN BET,1.869565217391304,3.5,3.9,2.5,1.8333333333333333,1.869565217391304
757998,ESPN BET,1.2564102564102564,5.75,9.5,2.5,1.8,1.9090909090909087
757999,ESPN BET,9.5,6.5,1.2222222222222223,3.5,2.0,1.7407407407407407
758000,ESPN BET,1.1333333333333333,8.0,15.0,3.5,2.0,1.7692307692307692
757986,ESPN BET,3.8,3.3,1.9523809523809523,2.5,2.1,1.6451612903225803
757707,ESPN BET,11.0,6.5,1.181818181818182,2.5,1.7407407407407407,2.05
757708,ESPN BET,1.606060606060606,4.1,5.25,2.5,1.625,2.2
757709,ESPN BET,2.3,3.6,2.85,3.5,2.05,1.7407407407407407
757710,ESPN BET,1.9523809523809523,3.5,3.8,2.5,1.8,1.9523809523809523
757711,ESPN BET,1.25,6.0,8.5,3.5,2.25,1.606060606060606
757712,ESPN BET,2.25,4.0,2.7,3.5,1.7692307692307692,2.0
757713,ESPN BET,2.55,3.6,2.5,3.5,2.2,1.625
757714,ESPN BET,2.35,3.8,2.7,3.5,2.0,1.7692307692307692
757715,ESPN BET,1.5,4.4,6.0,2.5,1.7692307692307692,2.0
757716,ESPN BET,8.0,5.5,1.3125,3.5,2.15,1.6666666666666663
757717,ESPN BET,9.0,5.75,1.25,2.5,1.6666666666666663,2.15
757718,ESPN BET,1.3571428571428572,5.5,7.0,3.5,2.1,1.7142857142857144
757719,ESPN BET,1.3333333333333333,5.25,8.5,2.5,1.7407407407407407,2.05
757720,ESPN BET,2.0,3.5,3.6,2.5,1.6666666666666663,2.15
757721,ESPN BET,3.2,3.7,2.1,3.5,2.3,1.5714285714285714
757722,ESPN BET,1.005,20.0,51.0,4.5,2.0,1.7692307692307692
757723,ESPN BET,5.0,5.0,1.526315789473684,3.5,1.7692307692307692,2.0
757724,ESPN BET,2.25,3.4,3.05,2.5,1.7407407407407407,2.05
757851,ESPN BET,4.5,3.5,1.8,2.5,2.1,1.7142857142857144
757852,ESPN BET,1.6451612903225803,4.33,4.5,3.5,2.1,1.7142857142857144
757853,ESPN BET,2.15,3.25,3.4,2.5,2.05,1.7407407407407407
757854,ESPN BET,3.1,3.35,2.25,2.5,1.9090909090909087,1.8333333333333333
757855,ESPN BET,2.75,3.25,2.5,2.5,2.0,1.7692307692307692
757856,ESPN BET,2.7,3.5,2.5,2.5,1.625,2.2
757857,ESPN BET,1.6896551724137931,4.0,4.5,2.5,1.625,2.2
757858,ESPN BET,1.9090909090909087,3.8,3.6,2.5,1.625,2.2
757859,ESPN BET,4.5,3.7,1.7692307692307692,2.5,1.8333333333333333,1.9090909090909087
758001,ESPN BET,1.1666666666666667,7.5,13.0,3.5,2.1,1.6451612903225803
758002,ESPN BET,1.2666666666666666,5.75,9.0,2.5,1.5714285714285714,2.25
758003,ESPN BET,1.5405405405405406,4.25,5.5,2.5,1.6451612903225803,2.1
758004,ESPN BET,3.1,3.5,2.15,2.5,1.6451612903225803,2.1
758005,ESPN BET,1.8,3.45,4.4,2.5,2.0,1.7407407407407407
758006,ESPN BET,1.125,8.0,17.0,2.5,1.5555555555555556,2.3
758007,ESPN BET,2.2,3.45,2.95,2.5,1.7407407407407407,2.0
758008,ESPN BET,1.869565217391304,3.4,4.1,2.5,2.0,1.7407407407407407
758009,ESPN BET,2.1,3.2,3.6,2.5,2.05,1.7407407407407407
757860,ESPN BET,1.6896551724137931,4.0,4.5,3.5,2.3,1.5714285714285714
757861,ESPN BET,1.181818181818182,7.0,10.5,3.5,2.2,1.625
757862,ESPN BET,1.3846153846153846,4.8,7.5,2.5,1.7692307692307692,2.0
757863,ESPN BET,3.35,3.4,2.15,2.5,1.9090909090909087,1.8333333333333333
757864,ESPN BET,1.606060606060606,4.0,5.25,2.5,1.7692307692307692,2.0
757865,ESPN BET,5.25,3.9,1.6451612903225803,2.5,1.869565217391304,1.869565217391304
757866,ESPN BET,1.5882352941176472,4.33,5.0,2.5,1.625,2.2
757867,ESPN BET,1.6896551724137931,3.8,4.8,2.5,1.7407407407407407,2.05
757868,ESPN BET,1.4444444444444444,5.0,6.5,3.5,2.25,1.606060606060606
758010,ESPN BET,4.1,3.55,1.8,2.5,1.9090909090909087,1.8
758011,ESPN BET,1.6896551724137931,3.6,4.75,2.5,2.05,1.7142857142857144
758012,ESPN BET,1.8,3.5,4.33,2.5,1.869565217391304,1.869565217391304
758013,ESPN BET,1.5,4.4,6.0,2.5,1.7142857142857144,2.1
758014,ESPN BET,1.7142857142857144,4.0,4.1,3.5,2.05,1.6666666666666663
758015,ESPN BET,1.625,3.7,5.25,2.5,2.05,1.7142857142857144
758016,ESPN BET,2.95,3.65,2.15,2.5,1.625,2.15
758017,ESPN BET,8.0,4.75,1.3571428571428572,2.5,1.7407407407407407,2.0
758018,ESPN BET,1.3571428571428572,5.25,7.5,2.5,1.5714285714285714,2.3
757725,ESPN BET,3.9,3.5,1.869565217391304,2.5,1.869565217391304,1.869565217391304
757726,ESPN BET,1.7407407407407407,4.0,4.0,3.5,2.25,1.606060606060606
757727,ESPN BET,1.869565217391304,3.6,3.8,2.5,1.625,2.2
757728,ESPN BET,1.2222222222222223,6.5,11.0,3.5,2.05,1.7407407407407407
757729,ESPN BET,2.9,3.4,2.35,2.5,1.7692307692307692,2.0
757730,ESPN BET,1.3333333333333333,5.25,7.5,3.5,2.2,1.625
757731,ESPN BET,3.0,3.6,2.2,2.5,1.625,2.2
757732,ESPN BET,2.15,3.8,2.9,3.5,2.05,1.7407407407407407
757733,ESPN BET,3.1,3.1,2.3,2.5,2.0,1.7692307692307692
757734,ESPN BET,5.75,4.5,1.5,2.5,1.606060606060606,2.25
757735,ESPN BET,1.263157894736842,5.75,10.0,2.5,1.7407407407407407,2.05
757736,ESPN BET,1.3846153846153846,4.8,7.0,2.5,1.606060606060606,2.25
757737,ESPN BET,4.4,4.4,1.625,3.5,2.1,1.7142857142857144
757738,ESPN BET,1.2352941176470589,7.0,8.5,3.5,1.625,2.2
757739,ESPN BET,2.9,3.5,2.3,2.5,1.7142857142857144,2.1
757740,ESPN BET,2.5,3.4,2.7,2.5,1.8,1.9523809523809523
757741,ESPN BET,1.526315789473684,4.2,6.0,3.5,2.25,1.606060606060606
757742,ESPN BET,1.9090909090909087,3.6,3.7,2.5,1.7692307692307692,2.0
757869,ESPN BET,1.1666666666666667,7.5,13.0,3.5,1.9090909090909087,1.8333333333333333
757870,ESPN BET,1.526315789473684,4.4,5.5,2.5,1.7142857142857144,2.1
757871,ESPN BET,1.526315789473684,4.4,5.5,3.5,2.35,1.5555555555555556
757872,ESPN BET,1.6896551724137931,4.0,4.4,2.5,1.5555555555555556,2.35
757873,ESPN BET,1.3846153846153846,5.0,7.0,2.5,1.606060606060606,2.25
757874,ESPN BET,4.2,3.5,1.8333333333333333,2.5,1.8333333333333333,1.9090909090909087
757875,ESPN BET,1.5555555555555556,4.2,5.5,2.5,1.7142857142857144,2.1
757876,ESPN BET,1.5882352941176472,4.0,5.0,2.5,1.7407407407407407,2.05
757877,ESPN BET,2.7,3.2,2.55,2.5,2.05,1.7407407407407407
758019,ESPN BET,1.2,6.0,13.0,3.5,2.1,1.7142857142857144
758020,ESPN BET,1.5,4.2,6.0,2.5,1.8,1.9523809523809523
758021,ESPN BET,1.7407407407407407,4.2,4.0,3.5,2.0,1.7692307692307692
758022,ESPN BET,1.869565217391304,3.8,3.7,2.5,1.606060606060606,2.25
758023,ESPN BET,1.7142857142857144,3.6,4.8,2.5,1.9523809523809523,1.8
758024,ESPN BET,5.5,4.2,1.5555555555555556,2.5,1.7407407407407407,2.05
758025,ESPN BET,3.0,3.4,2.3,2.5,1.7692307692307692,2.0
758026,ESPN BET,3.5,3.3,2.1,2.5,2.0,1.7692307692307692
758027,ESPN BET,3.6,3.3,2.05,2.5,2.0,1.7692307692307692
757878,ESPN BET,3.8,3.5,1.9090909090909087,2.5,1.869565217391304,1.869565217391304
757879,ESPN BET,7.0,5.0,1.3846153846153846,3.5,2.25,1.606060606060606
757880,ESPN BET,1.8333333333333333,3.9,3.7,2.5,1.5714285714285714,2.3
757881,ESPN BET,1.3571428571428572,5.25,7.0,3.5,2.15,1.6666666666666663
757882,ESPN BET,1.526315789473684,4.4,5.5,2.5,1.625,2.2
757883,ESPN BET,1.3125,5.5,8.0,3.5,2.35,1.5555555555555556
757884,ESPN BET,4.8,3.9,1.6666666666666663,2.5,1.7407407407407407,2.05
757885,ESPN BET,1.2941176470588236,5.25,9.0,2.5,1.7692307692307692,2.0
757886,ESPN BET,1.3571428571428572,5.0,7.5,2.5,1.606060606060606,2.25
758028,ESPN BET,2.3,3.5,2.9,2.5,1.869565217391304,1.869565217391304
758029,ESPN BET,4.2,4.0,1.7142857142857144,2.5,1.5714285714285714,2.3
758030,ESPN BET,1.9090909090909087,3.4,3.9,2.5,2.05,1.7407407407407407
758031,ESPN BET,1.9090909090909087,3.4,4.0,2.5,2.25,1.606060606060606
758032,ESPN BET,2.6,3.3,2.6,2.5,1.869565217391304,1.869565217391304
758033,ESPN BET,1.4545454545454546,4.5,6.5,2.5,1.5714285714285714,2.3
758034,ESPN BET,4.2,3.5,1.8333333333333333,2.5,2.0,1.7692307692307692
758035,ESPN BET,5.75,4.2,1.526315789473684,2.5,2.0,1.7692307692307692
758036,ESPN BET,2.5,3.1,2.9,2.5,2.2,1.625
757743,DraftKings,7.0,4.8,1.425531914893617,2.5,1.6666666666666663,2.2
757744,DraftKings,1.2222222222222223,7.0,11.0,3.5,1.9090909090909087,1.869565217391304
757745,DraftKings,2.05,3.7,3.5,2.5,1.6896551724137931,2.15
757746,DraftKings,1.1538461538461535,9.0,15.0,4.5,2.0,1.8
757747,DraftKings,3.4,3.5,2.15,2.5,1.8333333333333333,1.9523809523809523
757748,DraftKings,2.95,3.45,2.35,2.5,1.8,2.0
757749,DraftKings,1.4444444444444444,4.8,7.0,2.5,1.7407407407407407,2.05
757750,DraftKings,2.95,3.75,2.25,3.5,2.25,1.625
757751,DraftKings,1.9090909090909087,3.95,3.6,3.5,2.05,1.7407407407407407
757752,DraftKings,2.15,3.7,3.2,2.5,1.625,2.25
757753,DraftKings,1.4,5.25,7.0,3.5,2.05,1.7692307692307692
757754,DraftKings,2.8,3.1,2.75,2.5,2.35,1.5882352941176472
757755,DraftKings,1.3773584905660377,5.5,7.0,3.5,2.0,1.7692307692307692
757756,DraftKings,1.181818181818182,7.5,15.0,3.5,2.0,1.8
757757,DraftKings,7.0,5.0,1.4166666666666667,2.5,1.5555555555555556,2.4
757758,DraftKings,3.3,3.65,2.1,3.5,2.35,1.5714285714285714
757759,DraftKings,4.4,3.85,1.7692307692307692,2.5,1.6666666666666663,2.2
757760,DraftKings,3.3,3.9,2.0,3.5,2.05,1.7407407407407407
757887,DraftKings,5.25,4.2,1.606060606060606,2.5,1.7142857142857144,2.1
757888,DraftKings,4.4,3.65,1.8333333333333333,2.5,1.869565217391304,1.869565217391304
757889,DraftKings,3.3,3.75,2.1,2.5,1.5882352941176472,2.35
757890,DraftKings,1.1666666666666667,9.0,13.0,3.5,1.7142857142857144,2.1
757891,DraftKings,3.85,3.65,1.9523809523809523,2.5,1.869565217391304,1.9090909090909087
757892,DraftKings,3.15,3.5,2.25,2.5,1.7692307692307692,2.05
757893,DraftKings,1.6896551724137931,4.1,4.6,2.5,1.6896551724137931,2.15
757894,DraftKings,3.85,3.35,2.05,2.5,2.0,1.8
757895,DraftKings,1.7142857142857144,4.2,4.4,3.5,2.4,1.5714285714285714
758037,DraftKings,3.45,3.4,2.15,2.5,1.9523809523809523,1.8333333333333333
758038,DraftKings,1.9090909090909087,3.65,3.9,2.5,1.8333333333333333,1.9090909090909087
758039,DraftKings,3.05,3.0,2.55,2.5,2.1,1.7142857142857144
758040,DraftKings,3.3,3.25,2.25,2.5,2.2,1.6666666666666663
758041,DraftKings,2.2,3.5,3.15,2.5,1.8,2.0
758042,DraftKings,9.0,5.0,1.3571428571428572,2.5,1.8,2.0
758043,DraftKings,3.0,3.35,2.4,2.5,2.0,1.7692307692307692
758044,DraftKings,1.425531914893617,5.0,7.0,2.5,1.6451612903225803,2.2
758045,DraftKings,2.6,3.55,2.6,2.5,1.7407407407407407,2.1
757896,DraftKings,1.425531914893617,4.9,7.0,3.5,2.35,1.5714285714285714
757897,DraftKings,2.25,3.3,3.35,2.5,2.0,1.7692307692307692
757898,DraftKings,1.2105263157894737,7.0,13.0,3.5,2.25,1.625
757899,DraftKings,4.6,4.0,1.7142857142857144,2.5,1.7142857142857144,2.1
757900,DraftKings,3.5,3.4,2.15,2.5,1.869565217391304,1.9090909090909087
757901,DraftKings,2.25,3.55,3.1,2.5,1.7407407407407407,2.05
757902,DraftKings,3.0,3.3,2.35,2.5,1.9090909090909087,1.869565217391304
757903,DraftKings,1.1666666666666667,7.5,18.0,2.5,1.5714285714285714,2.35
757904,DraftKings,4.5,4.0,1.7407407407407407,2.5,1.606060606060606,2.3
758046,DraftKings,6.5,4.6,1.4878048780487805,2.5,1.7692307692307692,2.0
758047,DraftKings,1.6666666666666663,3.8,5.5,2.5,2.0,1.8
758048,DraftKings,1.869565217391304,3.7,4.2,2.5,1.8333333333333333,1.9090909090909087
758049,DraftKings,20.0,7.0,1.1666666666666667,2.5,1.6666666666666663,2.2
758050,DraftKings,2.95,3.7,2.3,2.5,1.5882352941176472,2.35
758051,DraftKings,2.55,3.55,2.65,2.5,1.7692307692307692,2.0
758052,DraftKings,5.0,3.9,1.6666666666666663,2.5,1.7142857142857144,2.1
758053,DraftKings,7.5,4.5,1.425531914893617,2.5,1.9090909090909087,1.869565217391304
758054,DraftKings,3.4,3.65,2.1,2.5,1.8333333333333333,1.9523809523809523
758055,DraftKings,1.869565217391304,3.9,3.9,2.5,1.6896551724137931,2.15
758056,DraftKings,1.3571428571428572,5.0,9.0,2.5,1.7407407407407407,2.05
758057,DraftKings,1.4081632653061225,5.0,7.5,2.5,1.6451612903225803,2.25
758058,DraftKings,1.3703703703703702,5.5,7.5,3.5,1.869565217391304,1.9090909090909087
758059,DraftKings,1.2777777777777777,6.0,10.5,3.5,2.2,1.6451612903225803
758060,DraftKings,1.3333333333333333,5.25,9.0,2.5,1.6896551724137931,2.15
758061,DraftKings,2.1,3.85,3.2,3.5,2.3,1.606060606060606
758062,DraftKings,3.2,3.65,2.15,2.5,1.625,2.25
758063,DraftKings,1.2941176470588236,6.0,9.5,3.5,2.25,1.6451612903225803
758064,DraftKings,3.35,3.15,2.3,2.5,2.3,1.606060606060606
758065,DraftKings,1.181818181818182,7.5,16.0,3.5,2.25,1.6451612903225803
758066,DraftKings,2.65,3.9,2.4,3.5,2.1,1.7142857142857144
758067,DraftKings,1.8333333333333333,3.4,4.8,2.5,2.0,1.7692307692307692
758068,DraftKings,1.1666666666666667,8.5,13.0,3.5,1.7142857142857144,2.1
758069,DraftKings,1.263157894736842,6.0,11.0,3.5,2.3,1.5882352941176472
758070,DraftKings,3.15,3.0,2.55,2.5,2.0,1.7692307692307692
758071,DraftKings,1.7407407407407407,3.6,5.0,2.5,2.15,1.6666666666666663
758072,DraftKings,1.9523809523809523,3.65,3.8,2.5,1.9523809523809523,1.8333333333333333
757761,DraftKings,6.5,4.8,1.4444444444444444,2.5,1.5882352941176472,2.35
757762,DraftKings,6.5,5.5,1.4,3.5,1.7692307692307692,2.0
757763,DraftKings,2.75,3.25,2.65,2.5,2.05,1.7407407407407407
757764,DraftKings,1.303030303030303,6.0,8.5,3.5,1.7407407407407407,2.05
757765,DraftKings,2.25,3.5,3.15,2.5,1.8333333333333333,1.9523809523809523
757766,DraftKings,1.350877192982456,5.5,7.5,3.5,1.7692307692307692,2.05
757767,DraftKings,4.0,3.35,2.0,2.5,2.1,1.7142857142857144
757768,DraftKings,4.4,4.2,1.6896551724137931,3.5,2.15,1.6896551724137931
757769,DraftKings,2.7,3.4,2.55,2.5,1.7407407407407407,2.05
757770,DraftKings,3.45,3.7,2.05,3.5,2.2,1.6666666666666663
757771,DraftKings,3.25,3.7,2.15,2.5,1.625,2.25
757772,DraftKings,1.6666666666666663,3.7,5.5,2.5,2.05,1.7407407407407407
757773,DraftKings,1.1111111111111112,11.0,18.0,3.5,1.606060606060606,2.3
757774,DraftKings,1.1111111111111112,10.5,18.0,3.5,1.6896551724137931,2.15
757775,DraftKings,1.6451612903225803,3.9,5.5,2.5,1.869565217391304,1.9090909090909087
757776,DraftKings,3.85,3.9,1.869565217391304,3.5,2.3,1.625
757777,DraftKings,1.3125,6.0,8.0,3.5,1.7692307692307692,2.0
757778,DraftKings,8.0,5.75,1.3389830508474576,3.5,1.8,2.0
757905,DraftKings,2.15,3.35,3.6,2.5,2.05,1.7692307692307692
757906,DraftKings,4.5,3.8,1.7407407407407407,2.5,1.9090909090909087,1.869565217391304
757907,DraftKings,5.0,4.1,1.6666666666666663,2.5,1.6896551724137931,2.15
757908,DraftKings,2.35,3.7,2.8,2.5,1.6896551724137931,2.15
757909,DraftKings,5.25,3.95,1.6666666666666663,2.5,1.9090909090909087,1.8333333333333333
757910,DraftKings,3.7,3.6,2.0,2.5,1.8333333333333333,1.9523809523809523
757911,DraftKings,1.3225806451612905,6.0,8.0,3.5,1.7692307692307692,2.0
757912,DraftKings,1.2564102564102564,6.0,11.0,2.5,1.5882352941176472,2.35
757913,DraftKings,1.6896551724137931,3.9,4.9,2.5,1.7692307692307692,2.0
757914,DraftKings,2.3,3.25,3.25,2.5,2.05,1.7407407407407407
757915,DraftKings,1.7407407407407407,3.85,4.8,2.5,1.9090909090909087,1.869565217391304
757917,DraftKings,2.45,3.25,3.0,2.5,2.2,1.6451612903225803
757918,DraftKings,2.25,3.8,2.95,3.5,2.3,1.5882352941176472
757919,DraftKings,1.869565217391304,3.85,3.95,2.5,1.7407407407407407,2.05
757920,DraftKings,2.25,3.5,3.1,2.5,1.869565217391304,1.9090909090909087
757921,DraftKings,2.95,3.15,2.55,2.5,2.3,1.606060606060606
757922,DraftKings,2.05,3.8,3.3,2.5,1.625,2.25
757916,DraftKings,3.4,3.5,2.15,2.5,1.8,2.0
757779,DraftKings,3.15,3.65,2.2,2.5,1.6896551724137931,2.15
757780,DraftKings,1.0333333333333334,18.0,41.0,4.5,2.15,1.6666666666666663
757781,DraftKings,2.9,3.35,2.5,2.5,1.869565217391304,1.869565217391304
757782,DraftKings,1.2857142857142856,6.5,8.5,3.5,1.606060606060606,2.3
757783,DraftKings,1.1111111111111112,11.0,18.0,4.5,1.9090909090909087,1.869565217391304
757784,DraftKings,1.6896551724137931,4.0,4.8,2.5,1.625,2.25
757785,DraftKings,4.3,4.2,1.7407407407407407,3.5,2.2,1.6666666666666663
757786,DraftKings,2.9,3.5,2.4,2.5,1.6896551724137931,2.15
757787,DraftKings,2.75,3.6,2.45,3.5,2.3,1.606060606060606
757788,DraftKings,5.0,4.1,1.6451612903225803,2.5,1.625,2.25
757789,DraftKings,1.0909090909090908,12.0,21.0,4.5,1.9523809523809523,1.8333333333333333
757790,DraftKings,1.2105263157894737,7.5,10.5,4.5,2.3,1.606060606060606
757791,DraftKings,3.85,3.4,2.0,2.5,1.7407407407407407,2.05
757792,DraftKings,3.45,3.55,2.1,2.5,1.8333333333333333,1.9523809523809523
757793,DraftKings,4.8,4.6,1.625,3.5,1.869565217391304,1.9090909090909087
757794,DraftKings,3.1,3.3,2.35,2.5,1.8333333333333333,1.9523809523809523
757795,DraftKings,1.5555555555555556,4.8,5.0,3.5,1.9523809523809523,1.8333333333333333
757796,DraftKings,3.05,3.45,2.35,2.5,1.6896551724137931,2.15
757923,DraftKings,1.9523809523809523,3.45,3.9,2.5,1.9523809523809523,1.8333333333333333
757924,DraftKings,1.7142857142857144,4.1,4.5,2.5,1.6451612903225803,2.25
757925,DraftKings,2.55,3.45,2.75,2.5,1.9090909090909087,1.869565217391304
757926,DraftKings,9.0,5.5,1.3225806451612905,2.5,1.5882352941176472,2.35
757927,DraftKings,2.8,3.3,2.6,2.5,2.0,1.7692307692307692
757928,DraftKings,1.5128205128205128,4.9,5.5,3.5,1.869565217391304,1.9090909090909087
757929,DraftKings,5.25,3.3,1.8,1.5,1.5128205128205128,2.55
757930,DraftKings,1.5714285714285714,4.0,6.0,2.5,1.9523809523809523,1.8333333333333333
757931,DraftKings,4.9,4.2,1.6451612903225803,2.5,1.6896551724137931,2.15
757932,DraftKings,1.303030303030303,6.0,9.0,3.5,2.05,1.7407407407407407
757933,DraftKings,5.75,4.4,1.5405405405405406,2.5,1.6451612903225803,2.2
757934,DraftKings,1.2352941176470589,6.5,11.0,3.5,2.25,1.625
757935,DraftKings,2.0,3.85,3.4,2.5,1.5555555555555556,2.4
757936,DraftKings,2.3,3.7,2.9,2.5,1.6451612903225803,2.2
757937,DraftKings,1.434782608695652,4.8,7.0,2.5,1.6666666666666663,2.2
757938,DraftKings,1.2222222222222223,7.5,11.0,3.5,1.6896551724137931,2.15
757939,DraftKings,1.2857142857142856,6.0,9.5,3.5,2.0,1.8
757940,DraftKings,1.9090909090909087,3.65,4.0,2.5,1.7407407407407407,2.05
401858759,DraftKings,3.15,3.5,2.25,2.5,1.8333333333333333,1.9523809523809523
401858735,DraftKings,3.05,3.7,2.2,2.5,1.6451612903225803,2.2
401858758,DraftKings,6.5,5.0,1.425531914893617,3.5,2.1,1.7142857142857144
401858761,DraftKings,2.05,3.55,3.6,2.5,1.9090909090909087,1.869565217391304
401858736,DraftKings,8.0,5.5,1.3389830508474576,3.5,2.15,1.6896551724137931
401858734,DraftKings,4.3,4.0,1.7692307692307692,3.5,2.35,1.5882352941176472
401858737,DraftKings,2.4,3.35,3.0,2.5,1.9090909090909087,1.8333333333333333
401858760,DraftKings,3.75,3.7,1.9523809523809523,2.5,1.6896551724137931,2.15
401854522,DraftKings,10.5,5.25,1.3125,2.5,1.7692307692307692,2.0
401854525,DraftKings,7.5,4.7,1.425531914893617,2.5,1.606060606060606,2.3
401854526,DraftKings,3.75,3.45,2.05,2.5,2.0,1.8
401854529,DraftKings,2.4,3.25,3.1,2.5,2.15,1.6896551724137931
401858770,DraftKings,4.2,3.55,1.9090909090909087,2.5,1.9090909090909087,1.869565217391304
401858773,DraftKings,2.85,3.1,2.7,2.5,2.4,1.5555555555555556
401858776,DraftKings,2.8,3.15,2.7,2.5,2.1,1.7142857142857144
401858777,DraftKings,1.9523809523809523,3.5,4.0,2.5,1.9090909090909087,1.869565217391304
401854523,DraftKings,4.3,3.55,1.869565217391304,2.5,1.9090909090909087,1.869565217391304
401854524,DraftKings,3.25,3.25,2.3,2.5,2.05,1.7692307692307692
401854527,DraftKings,2.1,3.35,3.7,2.5,2.15,1.6896551724137931
401854528,DraftKings,5.0,3.5,1.7692307692307692,2.5,2.2,1.6451612903225803
401858771,DraftKings,3.8,3.85,1.9090909090909087,3.5,2.35,1.5714285714285714
401858772,DraftKings,2.1,3.2,3.75,2.5,2.25,1.6451612903225803
401858774,DraftKings,2.8,3.25,2.65,2.5,1.9523809523809523,1.8333333333333333
401858775,DraftKings,1.5128205128205128,4.4,6.0,2.5,1.6451612903225803,2.2
401858768,DraftKings,1.392156862745098,5.25,7.5,3.5,2.2,1.6451612903225803
401858764,DraftKings,1.1428571428571428,9.0,17.0,3.5,1.8,1.9523809523809523
401858766,DraftKings,1.2352941176470589,7.0,10.5,3.5,1.6666666666666663,2.15
401858767,DraftKings,1.7407407407407407,4.0,4.5,2.5,1.7142857142857144,2.1
401858762,DraftKings,2.2,3.75,3.05,2.5,1.6666666666666663,2.15
401858763,DraftKings,1.2702702702702702,6.5,9.5,3.5,1.8333333333333333,1.9523809523809523
401858765,DraftKings,1.4761904761904765,5.0,5.75,3.5,2.05,1.7407407407407407
401858769,DraftKings,1.8,3.95,4.3,2.5,1.7142857142857144,2.1
401854530,DraftKings,2.3,3.3,3.2,2.5,1.9523809523809523,1.8333333333333333
401854532,DraftKings,1.4081632653061225,4.9,7.5,2.5,1.5555555555555556,2.4
401854534,DraftKings,1.5714285714285714,4.4,5.5,2.5,1.7407407407407407,2.1
401854535,DraftKings,1.303030303030303,5.5,10.0,2.5,1.625,2.25
401858779,DraftKings,1.3333333333333333,6.0,8.0,3.5,1.869565217391304,1.9090909090909087
401858782,DraftKings,1.526315789473684,4.2,6.5,2.5,1.869565217391304,1.9090909090909087
401858783,DraftKings,3.0,3.45,2.35,2.5,1.8333333333333333,1.9523809523809523
401858785,DraftKings,2.15,3.3,3.6,2.5,2.2,1.6451612903225803
401854531,DraftKings,1.2564102564102564,6.0,11.0,3.5,2.35,1.5882352941176472
401854533,DraftKings,1.1,10.0,26.0,3.5,2.3,1.625
401854536,DraftKings,1.1666666666666667,8.0,16.0,3.5,1.9090909090909087,1.869565217391304
401854537,DraftKings,2.0,3.5,3.85,2.5,1.9523809523809523,1.8333333333333333
401858778,DraftKings,1.5714285714285714,4.3,5.5,2.5,1.7407407407407407,2.05
401858780,DraftKings,1.5405405405405406,4.5,5.75,2.5,1.6451612903225803,2.2
401858781,DraftKings,2.6,3.35,2.7,2.5,1.9523809523809523,1.8333333333333333
401858784,DraftKings,1.625,3.95,5.5,2.5,2.1,1.7407407407407407
401862667,DraftKings,4.5,4.2,1.7142857142857144,2.5,1.5714285714285714,2.4
401862577,DraftKings,2.65,3.9,2.45,3.5,2.0,1.8
401862579,DraftKings,1.6896551724137931,3.9,5.0,2.5,1.8333333333333333,1.9090909090909087
401862641,DraftKings,4.6,4.3,1.6666666666666663,3.5,2.1,1.7407407407407407
401862578,DraftKings,6.0,4.4,1.5128205128205128,2.5,1.7142857142857144,2.1
401862583,DraftKings,2.3,3.7,2.9,2.5,1.5714285714285714,2.35
401862645,DraftKings,3.6,3.65,2.0,2.5,1.6666666666666663,2.2
401862646,DraftKings,1.9523809523809523,3.8,3.75,3.5,2.35,1.5882352941176472
401862752,DraftKings,1.869565217391304,3.55,4.4,2.5,2.0,1.8
401862753,DraftKings,3.25,3.25,2.3,2.5,2.1,1.7142857142857144
401862754,DraftKings,3.3,3.3,2.25,2.5,2.2,1.6666666666666663
401862847,DraftKings,3.9,3.15,2.1,2.5,2.5,1.526315789473684
401862848,DraftKings,5.0,3.7,1.7407407407407407,2.5,2.05,1.7407407407407407
401862853,DraftKings,2.65,3.45,2.6,2.5,1.869565217391304,1.9090909090909087
401862855,DraftKings,1.8,3.75,4.4,2.5,1.8,2.0
401862871,DraftKings,3.1,3.0,2.55,2.5,2.4,1.5714285714285714
401862755,DraftKings,3.25,3.2,2.35,2.5,2.15,1.6896551724137931
401862769,DraftKings,3.0,3.2,2.5,2.5,2.05,1.7407407407407407
401862770,DraftKings,1.5405405405405406,4.3,6.0,2.5,1.7142857142857144,2.1
401862845,DraftKings,4.5,4.0,1.7407407407407407,2.5,1.6666666666666663,2.2
401862846,DraftKings,1.869565217391304,3.6,4.3,2.5,2.0,1.8
401862854,DraftKings,1.2222222222222223,6.5,14.0,2.5,1.6666666666666663,2.2
401862856,DraftKings,5.0,3.6,1.7692307692307692,2.5,2.15,1.6896551724137931
401862872,DraftKings,1.869565217391304,3.5,4.4,2.5,2.0,1.7692307692307692
401862584,DraftKings,1.4761904761904765,5.5,5.25,3.5,1.9090909090909087,1.869565217391304
401862581,DraftKings,1.303030303030303,5.5,10.0,2.5,1.6666666666666663,2.2
401862647,DraftKings,1.425531914893617,5.75,5.75,3.5,2.1,1.7142857142857144
401862648,DraftKings,2.25,4.1,2.75,3.5,2.1,1.7142857142857144
401862758,DraftKings,1.4545454545454546,4.7,6.5,2.5,1.6896551724137931,2.15
401862582,DraftKings,1.606060606060606,4.5,4.9,3.5,2.05,1.7407407407407407
401862580,DraftKings,2.4,3.7,2.8,2.5,1.6896551724137931,2.15
401862642,DraftKings,1.3846153846153846,5.5,7.0,3.5,1.8333333333333333,1.9523809523809523
401862668,DraftKings,1.263157894736842,6.5,9.5,3.5,1.8,2.0
401862849,DraftKings,2.75,3.3,2.6,2.5,2.0,1.7692307692307692
401862851,DraftKings,1.2702702702702702,6.0,10.5,3.5,2.25,1.625
401862858,DraftKings,7.0,4.0,1.5128205128205128,2.5,2.15,1.6896551724137931
401862859,DraftKings,1.303030303030303,5.25,11.0,2.5,1.9090909090909087,1.869565217391304
401862873,DraftKings,1.5555555555555556,4.3,6.0,2.5,1.7407407407407407,2.05
401862875,DraftKings,2.85,3.35,2.5,2.5,1.9523809523809523,1.8
401862876,DraftKings,2.25,3.25,3.45,2.5,2.1,1.7407407407407407
401862756,DraftKings,2.55,3.5,2.75,2.5,1.8,2.0
401862757,DraftKings,1.4166666666666667,4.8,7.5,2.5,1.6666666666666663,2.2
401862759,DraftKings,1.7142857142857144,3.85,4.9,2.5,2.0,1.8
401862850,DraftKings,1.4081632653061225,4.9,7.5,2.5,1.625,2.25
401862852,DraftKings,1.5714285714285714,3.95,6.5,2.5,2.05,1.7407407407407407
401862857,DraftKings,2.5,3.65,2.7,2.5,1.6451612903225803,2.2
401862860,DraftKings,2.2,3.65,3.1,2.5,1.7407407407407407,2.05
401862874,DraftKings,1.7142857142857144,3.65,5.25,2.5,2.1,1.7407407407407407
401862886,DraftKings,2.75,4.0,2.3,3.5,1.8333333333333333,1.9523809523809523
401862888,DraftKings,4.3,3.65,1.8333333333333333,2.5,1.9523809523809523,1.8
401862899,DraftKings,2.45,3.15,3.15,2.5,2.35,1.5882352941176472
401862885,DraftKings,1.7692307692307692,4.2,4.0,2.5,1.5714285714285714,2.4
401862887,DraftKings,1.5128205128205128,5.0,5.25,3.5,1.9090909090909087,1.869565217391304
401862919,DraftKings,1.8,3.5,4.8,2.5,2.2,1.6451612903225803
401862900,DraftKings,2.2,3.2,3.6,2.5,2.25,1.6451612903225803
401862901,DraftKings,2.0,3.25,4.2,2.5,2.35,1.5882352941176472
401862902,DraftKings,4.0,3.35,2.0,2.5,2.15,1.6896551724137931
401862917,DraftKings,1.5714285714285714,3.95,6.0,2.5,2.05,1.7692307692307692
401862918,DraftKings,2.05,3.45,3.7,2.5,1.9523809523809523,1.8333333333333333
401862920,DraftKings,2.3,3.2,3.3,2.5,2.25,1.6451612903225803
401862889,DraftKings,2.45,4.1,2.5,3.5,2.05,1.7692307692307692
401862892,DraftKings,3.75,4.4,1.8,3.5,1.9090909090909087,1.869565217391304
401862890,DraftKings,1.5555555555555556,4.2,6.0,2.5,1.9090909090909087,1.8333333333333333
401862891,DraftKings,1.5555555555555556,5.75,4.4,4.5,2.15,1.6896551724137931
401862904,DraftKings,1.8,3.9,4.3,2.5,1.7692307692307692,2.05
401862922,DraftKings,2.6,3.5,2.65,2.5,1.7407407407407407,2.05
401862903,DraftKings,1.8,3.6,4.6,2.5,2.0,1.7692307692307692
401862905,DraftKings,2.35,3.15,3.3,2.5,2.35,1.5882352941176472
401862906,DraftKings,1.526315789473684,4.3,6.0,2.5,1.6896551724137931,2.15
401862921,DraftKings,3.3,3.45,2.2,2.5,1.9523809523809523,1.8333333333333333
401862923,DraftKings,2.05,3.6,3.5,2.5,1.8,2.0
401862924,DraftKings,1.9523809523809523,3.7,3.8,2.5,1.7142857142857144,2.1
401862893,DraftKings,2.4,3.95,2.65,3.5,1.9090909090909087,1.8333333333333333
401862894,DraftKings,3.15,3.35,2.3,2.5,2.15,1.6666666666666663
401862907,DraftKings,2.5,3.05,3.15,2.5,2.45,1.5405405405405406
401862908,DraftKings,2.95,3.25,2.5,2.5,2.1,1.7142857142857144
401862925,DraftKings,4.6,3.45,1.869565217391304,2.5,2.25,1.6451612903225803
401862926,DraftKings,2.05,3.4,3.75,2.5,1.9090909090909087,1.869565217391304
401862896,DraftKings,1.606060606060606,4.2,5.25,2.5,1.9523809523809523,1.8333333333333333
401862895,DraftKings,1.606060606060606,5.25,4.2,4.5,2.3,1.606060606060606
401862909,DraftKings,1.7142857142857144,3.65,5.25,2.5,2.25,1.6451612903225803
401862910,DraftKings,1.7692307692307692,3.75,4.6,2.5,1.9090909090909087,1.869565217391304
401862927,DraftKings,1.6666666666666663,3.95,5.0,2.5,1.869565217391304,1.869565217391304
401862928,DraftKings,1.9523809523809523,3.6,3.85,2.5,1.869565217391304,1.9090909090909087
401862911,DraftKings,6.0,4.0,1.5882352941176472,2.5,1.9090909090909087,1.869565217391304
401862929,DraftKings,2.1,3.15,3.9,2.5,2.3,1.606060606060606
401862897,DraftKings,2.45,3.3,2.95,2.5,2.15,1.6896551724137931
401877823,,,,,,,
401877829,,,,,,,
401877831,,,,,,,
401877833,,,,,,,
401877832,,,,,,,
401877789,,,,,,,
401877826,,,,,,,
401877984,,,,,,,
401877828,,,,,,,
401877834,,,,,,,
401877978,,,,,,,
401877827,,,,,,,
401877824,DraftKings,1.2105263157894737,6.0,14.0,3.5,2.3,1.5714285714285714
401877805,DraftKings,1.6666666666666663,3.5,5.0,2.5,1.9090909090909087,1.7692307692307692
401877825,DraftKings,2.9,3.5,2.35,2.5,1.625,2.2
401877830,DraftKings,2.3,2.95,3.45,1.5,1.5405405405405406,2.4
401877979,,,,,,,
401877804,DraftKings,2.55,3.7,2.4,2.5,1.6666666666666663,2.1
401877810,DraftKings,5.25,4.2,1.526315789473684,2.5,1.8,1.9090909090909087
401877779,DraftKings,2.55,3.25,2.6,2.5,2.3,1.5555555555555556
401877780,DraftKings,1.625,3.95,4.7,2.5,2.05,1.6896551724137931
401877792,DraftKings,2.4,3.25,2.8,2.5,2.15,1.606060606060606
401877795,DraftKings,1.1111111111111112,8.5,16.0,3.5,2.25,1.5714285714285714
401877797,DraftKings,2.15,3.35,3.2,2.5,1.869565217391304,1.8333333333333333
401877921,DraftKings,1.02,18.0,56.0,4.5,1.8,1.9090909090909087
401877983,DraftKings,2.05,3.1,3.7,2.5,2.35,1.5405405405405406
401877799,DraftKings,3.5,3.45,2.0,2.5,2.15,1.625
401877806,,,,,,,
401877807,DraftKings,1.8333333333333333,3.35,4.3,2.5,2.4,1.5128205128205128
401877809,DraftKings,1.1538461538461535,6.0,20.0,3.5,2.3,1.5405405405405406
401877920,DraftKings,1.3571428571428572,4.3,11.0,2.5,1.8333333333333333,1.9090909090909087
401878077,DraftKings,1.4444444444444444,4.5,7.0,2.5,1.6666666666666663,2.1
401877985,DraftKings,3.75,3.5,1.9090909090909087,2.5,1.9523809523809523,1.7692307692307692
401877793,DraftKings,4.8,3.85,1.6451612903225803,2.5,1.7692307692307692,1.9523809523809523
401877798,DraftKings,3.8,4.2,1.7407407407407407,3.5,2.3,1.5405405405405406
401877788,DraftKings,2.65,3.3,2.5,2.5,1.9523809523809523,1.7407407407407407
401878078,DraftKings,2.85,3.55,2.35,2.5,1.625,2.2
401878079,DraftKings,1.2105263157894737,6.0,16.0,3.5,2.3,1.5714285714285714
401878080,DraftKings,1.3846153846153846,4.7,8.0,2.5,1.5882352941176472,2.3
401877801,DraftKings,4.8,3.55,1.7142857142857144,2.5,1.7142857142857144,2.0
401877790,DraftKings,2.2,3.4,3.0,2.5,2.05,1.6666666666666663
401877791,DraftKings,3.1,3.25,2.2,2.5,2.0,1.7407407407407407
401877800,DraftKings,3.5,3.3,2.05,2.5,2.1,1.6451612903225803
401877753,,,,,,,
401877794,DraftKings,2.0,3.35,3.55,2.5,1.8333333333333333,1.8333333333333333
401877808,DraftKings,2.4,3.0,3.05,2.5,2.0,1.7407407407407407
401877820,DraftKings,1.5405405405405406,3.95,6.5,2.5,1.6896551724137931,2.1
401877811,DraftKings,1.6666666666666663,4.1,4.6,3.5,2.0,1.7407407407407407
401877813,DraftKings,1.5,4.5,5.75,3.5,2.1,1.6666666666666663
401877815,DraftKings,1.5882352941176472,3.95,5.75,3.5,2.35,1.5714285714285714
401877821,DraftKings,1.5882352941176472,4.1,5.25,2.5,1.6896551724137931,2.1
401877816,DraftKings,1.3636363636363638,4.3,11.0,2.5,2.0,1.7407407407407407
401877817,DraftKings,4.8,4.4,1.606060606060606,2.5,1.5714285714285714,2.3
401877819,DraftKings,2.2,3.2,3.45,2.5,2.3,1.5714285714285714
401877746,DraftKings,6.5,3.9,1.4878048780487805,2.5,2.2,1.606060606060606
401877814,DraftKings,1.3125,5.0,10.0,2.5,1.5882352941176472,2.25
401877822,DraftKings,1.1739130434782608,6.0,23.0,2.5,1.5714285714285714,2.35
401877745,DraftKings,1.7142857142857144,3.55,4.6,2.5,1.6666666666666663,2.05
401877976,,,,,,,
401877977,DraftKings,2.25,3.4,3.15,2.5,1.5882352941176472,2.25
401877803,DraftKings,2.5,3.4,2.6,2.5,1.869565217391304,1.8333333333333333
401877812,DraftKings,4.0,4.1,1.7692307692307692,2.5,1.6666666666666663,2.15
401877818,DraftKings,1.625,3.7,5.75,2.5,2.15,1.6666666666666663
401877751,DraftKings,1.625,3.6,5.25,2.5,1.7407407407407407,1.9523809523809523
401877785,DraftKings,1.4878048780487805,3.85,6.5,2.5,1.6896551724137931,2.05
401877980,DraftKings,1.869565217391304,3.45,4.0,2.5,2.15,1.625
401877754,DraftKings,1.9090909090909087,3.1,4.3,2.5,1.8,1.9090909090909087
401877756,DraftKings,1.2,5.75,13.0,3.5,2.2,1.5882352941176472
401877781,DraftKings,1.606060606060606,3.7,5.25,2.5,1.6451612903225803,2.1
401877782,DraftKings,2.85,3.15,2.45,2.5,1.7692307692307692,1.9090909090909087
401877786,DraftKings,4.1,4.1,1.6666666666666663,2.5,1.6451612903225803,2.1
401877755,DraftKings,1.181818181818182,6.0,15.0,3.5,2.05,1.6896551724137931
401877778,DraftKings,1.303030303030303,5.25,8.0,3.5,2.25,1.5714285714285714
401877748,DraftKings,1.5,3.9,6.5,2.5,2.2,1.606060606060606
401877757,DraftKings,1.434782608695652,4.6,6.0,2.5,1.6666666666666663,2.1
401877784,DraftKings,2.4,2.8,3.3,1.5,1.4878048780487805,2.45
401877796,DraftKings,2.85,3.8,2.15,3.5,2.05,1.6666666666666663
401877981,,,,,,,
401877982,DraftKings,1.434782608695652,4.0,7.0,2.5,1.6451612903225803,2.15
401877747,DraftKings,1.5,4.2,5.75,2.5,1.6896551724137931,2.05
401878073,DraftKings,4.7,4.0,1.6896551724137931,2.5,1.8333333333333333,1.9090909090909087
401878075,DraftKings,3.45,3.75,2.0,2.5,1.5714285714285714,2.35
401877750,DraftKings,1.125,8.0,15.0,3.5,2.0,1.7407407407407407
401877783,,,,,,,
401877787,DraftKings,1.3125,4.8,9.0,2.5,1.7407407407407407,1.9523809523809523
401877922,DraftKings,3.7,3.45,2.0,2.5,2.25,1.5882352941176472
401878074,DraftKings,1.350877192982456,4.8,9.0,3.5,2.2,1.625
401878076,DraftKings,3.2,3.4,2.2,2.5,1.8,1.9523809523809523
401877749,DraftKings,1.5,4.1,6.0,2.5,1.869565217391304,1.8
401877802,DraftKings,1.5714285714285714,4.0,5.0,2.5,2.1,1.6666666666666663
401877752,DraftKings,4.8,4.0,1.606060606060606,2.5,1.7142857142857144,2.0
401877923,DraftKings,15.0,9.0,1.1333333333333333,3.5,1.8333333333333333,1.9090909090909087
401891563,DraftKings,4.0,3.55,1.9090909090909087,2.5,1.7142857142857144,2.05
401891564,DraftKings,1.125,8.5,19.0,3.5,2.0,1.7407407407407407
401891587,DraftKings,1.4081632653061225,4.9,7.0,2.5,1.5882352941176472,2.3
401891670,DraftKings,2.15,3.2,3.6,2.5,2.25,1.606060606060606
401877837,DraftKings,2.6,3.4,2.65,2.5,1.9523809523809523,1.8
401896207,DraftKings,1.4761904761904765,4.2,6.0,3.5,2.3,1.5555555555555556
401891785,DraftKings,3.1,3.1,2.3,2.5,1.9090909090909087,1.8
401877768,DraftKings,1.1904761904761905,6.0,16.0,3.5,2.1,1.6896551724137931
401877769,DraftKings,3.4,3.95,1.9523809523809523,2.5,1.5714285714285714,2.3
401892010,DraftKings,4.7,4.4,1.5555555555555556,2.5,1.6666666666666663,2.1
401877836,DraftKings,1.8333333333333333,3.85,3.95,2.5,1.6666666666666663,2.15
401891845,DraftKings,2.55,3.3,2.75,2.5,2.15,1.6451612903225803
401891588,DraftKings,2.4,3.55,2.8,2.5,1.6451612903225803,2.15
401891687,DraftKings,15.0,8.0,1.1538461538461535,3.5,2.25,1.606060606060606
401896222,,,,,,,
401891884,DraftKings,1.5555555555555556,3.95,6.0,2.5,2.1,1.6896551724137931
401896215,DraftKings,1.4878048780487805,4.3,5.75,2.5,1.869565217391304,1.8333333333333333
401891788,DraftKings,2.3,3.15,3.25,2.5,2.3,1.5714285714285714
401893763,DraftKings,1.2222222222222223,5.75,11.0,3.5,2.1,1.6666666666666663
401891772,DraftKings,3.05,3.6,2.1,2.5,1.6451612903225803,2.1
401878141,DraftKings,2.3,3.25,2.95,2.5,2.05,1.6896551724137931
401878133,DraftKings,8.0,6.5,1.25,3.5,2.25,1.5714285714285714
401891883,DraftKings,3.45,3.5,2.05,2.5,1.9090909090909087,1.8333333333333333
401891786,DraftKings,4.0,3.85,1.7407407407407407,2.5,1.625,2.15
401891933,DraftKings,6.0,4.5,1.434782608695652,2.5,1.7692307692307692,1.9523809523809523
401893764,DraftKings,2.9,3.2,2.35,2.5,2.25,1.5714285714285714
401878131,DraftKings,3.85,3.55,1.869565217391304,2.5,2.1,1.6451612903225803
401877937,DraftKings,1.350877192982456,4.7,8.0,2.5,1.5882352941176472,2.25
401891771,DraftKings,2.3,3.8,2.6,2.5,1.625,2.15
401893761,DraftKings,6.5,3.9,1.5,2.5,2.0,1.7142857142857144
401893762,DraftKings,1.9523809523809523,3.4,3.6,2.5,2.0,1.7142857142857144
401896223,DraftKings,4.5,3.2,1.8333333333333333,2.5,2.15,1.606060606060606
401896233,DraftKings,1.5,3.85,7.5,2.5,1.8,1.9523809523809523
401878135,DraftKings,2.05,3.3,3.45,2.5,1.9523809523809523,1.7692307692307692
401878139,DraftKings,1.1111111111111112,7.5,21.0,3.5,2.0,1.7142857142857144
401896205,DraftKings,1.3125,4.6,10.0,2.5,1.7692307692307692,1.9523809523809523
401896232,DraftKings,1.0333333333333334,14.0,26.0,4.5,2.15,1.6451612903225803
401878086,DraftKings,1.425531914893617,4.1,9.0,2.5,1.7142857142857144,2.0
401878087,DraftKings,1.6451612903225803,4.2,4.8,2.5,1.625,2.2
401878136,DraftKings,4.4,3.7,1.7142857142857144,2.5,1.869565217391304,1.8333333333333333
401878137,DraftKings,3.0,3.15,2.35,2.5,1.8333333333333333,1.8333333333333333
401892012,,,,,,,
401892167,DraftKings,3.55,3.3,2.0,2.5,1.9523809523809523,1.7692307692307692
401892170,DraftKings,3.5,3.55,2.05,2.5,2.1,1.6666666666666663
401896204,,,,,,,
401896206,DraftKings,2.1,3.25,3.35,2.5,2.25,1.5714285714285714
401896208,DraftKings,7.0,6.0,1.2941176470588236,2.5,1.526315789473684,2.35
401896234,DraftKings,2.55,3.3,2.75,2.5,2.15,1.6451612903225803
401896213,DraftKings,1.2,6.0,11.0,2.5,1.5555555555555556,2.3
401877936,DraftKings,1.1333333333333333,7.0,19.0,2.5,1.5405405405405406,2.3
401878085,DraftKings,2.1,3.8,3.1,3.5,2.35,1.5555555555555556
401878088,DraftKings,7.0,5.25,1.3773584905660377,3.5,2.25,1.5882352941176472
401878134,DraftKings,5.5,4.3,1.5128205128205128,2.5,1.6451612903225803,2.1
401878142,DraftKings,3.4,3.65,1.9523809523809523,2.5,1.7407407407407407,2.0
401883597,DraftKings,2.65,3.25,2.55,2.5,1.9523809523809523,1.7407407407407407
401896224,DraftKings,2.55,3.0,2.8,2.5,2.05,1.6896551724137931
401896225,DraftKings,4.4,3.8,1.6896551724137931,2.5,1.6666666666666663,2.1
401896231,DraftKings,1.5405405405405406,4.2,5.75,2.5,1.606060606060606,2.25
401877938,DraftKings,2.85,3.2,2.4,2.5,2.35,1.526315789473684
401878140,DraftKings,1.1428571428571428,6.5,19.0,3.5,2.1,1.6451612903225803
401879336,DraftKings,3.1,3.35,2.2,2.5,2.2,1.606060606060606
401892011,DraftKings,1.2941176470588236,5.25,8.5,2.5,1.5405405405405406,2.3
401896567,DraftKings,2.8,3.55,2.25,2.5,1.7692307692307692,1.9523809523809523
401878132,DraftKings,1.1538461538461535,6.5,16.0,2.5,1.5405405405405406,2.35
401892166,DraftKings,2.45,3.45,2.6,2.5,1.8,1.9090909090909087
401896209,DraftKings,2.8,3.6,2.25,2.5,1.7692307692307692,1.9090909090909087
401896214,DraftKings,1.4878048780487805,3.75,7.0,2.5,2.05,1.6666666666666663
401896226,DraftKings,1.2105263157894737,5.25,14.0,2.5,1.5882352941176472,2.2
401891669,DraftKings,1.1428571428571428,6.0,21.0,3.5,2.25,1.5714285714285714
401896203,DraftKings,2.15,4.1,2.7,3.5,2.05,1.6896551724137931
401896235,DraftKings,2.1,3.2,3.65,2.5,2.15,1.6666666666666663
401878138,DraftKings,3.05,3.5,2.15,2.5,1.8,1.869565217391304
401891534,DraftKings,2.75,3.5,2.45,2.5,1.8333333333333333,1.9090909090909087
401891562,DraftKings,4.1,4.3,1.7142857142857144,2.5,1.625,2.2
401891722,DraftKings,1.350877192982456,5.0,7.0,3.5,2.15,1.625
401896216,DraftKings,1.2222222222222223,6.0,10.5,2.5,1.5405405405405406,2.3
401878129,DraftKings,1.6666666666666663,3.55,5.0,2.5,2.0,1.7142857142857144
401877835,DraftKings,1.4761904761904765,4.6,6.0,3.5,2.3,1.5714285714285714
401891783,DraftKings,1.3703703703703702,4.5,8.0,2.5,1.8333333333333333,1.869565217391304
401891861,DraftKings,1.625,3.9,5.25,2.5,1.5882352941176472,2.25
401877765,DraftKings,1.8333333333333333,3.9,3.85,3.5,2.3,1.5714285714285714
401891668,DraftKings,1.5714285714285714,3.85,6.0,2.5,1.8333333333333333,1.9090909090909087
401878124,DraftKings,6.5,4.5,1.425531914893617,2.5,1.6666666666666663,2.1
401891862,DraftKings,2.35,3.25,3.1,1.5,1.5,2.5
401891844,DraftKings,1.9090909090909087,3.45,4.1,2.5,2.35,1.5555555555555556
401877766,DraftKings,1.8,3.95,4.1,2.5,1.5714285714285714,2.3
401877935,DraftKings,1.6666666666666663,3.7,4.8,3.5,2.3,1.5405405405405406
401891533,DraftKings,1.8333333333333333,3.95,3.95,2.5,1.5555555555555556,2.35
401891787,DraftKings,2.1,3.2,3.65,2.5,2.25,1.606060606060606
401877767,DraftKings,5.0,4.1,1.606060606060606,2.5,1.6666666666666663,2.15
401891667,DraftKings,1.0555555555555556,14.0,26.0,3.5,1.6451612903225803,2.15
401891561,DraftKings,1.3773584905660377,4.6,9.0,2.5,1.8,1.9523809523809523
401896201,DraftKings,1.1,8.0,19.0,3.5,1.8333333333333333,1.869565217391304
401878126,DraftKings,1.2564102564102564,5.5,9.5,2.5,1.625,2.15
401896211,DraftKings,4.9,3.95,1.606060606060606,2.5,1.6666666666666663,2.05
401877932,DraftKings,1.1538461538461535,7.0,14.0,2.5,1.5555555555555556,2.3
401878122,DraftKings,5.5,4.4,1.5,2.5,1.5714285714285714,2.25
401883598,DraftKings,1.6451612903225803,3.8,4.7,2.5,1.6896551724137931,2.05
401893757,DraftKings,1.2222222222222223,5.25,13.0,2.5,1.6896551724137931,2.05
401893758,DraftKings,4.0,3.8,1.7692307692307692,2.5,1.6896551724137931,2.05
401893759,DraftKings,2.0,3.35,3.6,2.5,2.05,1.6896551724137931
401896198,DraftKings,1.6666666666666663,4.2,4.0,3.5,2.2,1.606060606060606
401896210,DraftKings,3.4,3.65,1.9523809523809523,2.5,1.606060606060606,2.2
401896229,DraftKings,1.263157894736842,5.75,10.5,3.5,2.3,1.5714285714285714
401896197,DraftKings,2.7,3.65,2.3,2.5,1.5555555555555556,2.3
401877934,DraftKings,4.9,3.95,1.606060606060606,2.5,1.7692307692307692,1.9523809523809523
401878081,DraftKings,2.85,3.25,2.5,2.5,2.0,1.7407407407407407
401878084,DraftKings,2.05,3.85,3.2,2.5,1.625,2.2
401878127,DraftKings,1.5,4.0,6.0,2.5,1.5714285714285714,2.25
401891985,DraftKings,4.2,3.5,1.7692307692307692,2.5,1.869565217391304,1.8333333333333333
401891986,DraftKings,1.263157894736842,5.5,9.0,3.5,1.8,1.9090909090909087
401896196,DraftKings,1.7407407407407407,3.85,4.0,2.5,1.5714285714285714,2.25
401896200,DraftKings,3.6,3.15,2.05,2.5,2.15,1.606060606060606
401896220,,,,,,,
401896221,DraftKings,1.4,4.6,6.5,3.5,2.15,1.625
401896230,DraftKings,1.7692307692307692,3.75,4.5,2.5,1.8333333333333333,1.9090909090909087
401877933,DraftKings,2.0,3.4,3.55,2.5,2.0,1.7142857142857144
401878121,DraftKings,5.5,4.2,1.526315789473684,2.5,1.625,2.15
401891784,DraftKings,1.7407407407407407,3.85,4.0,2.5,1.6451612903225803,2.15
401896218,DraftKings,3.85,3.2,1.9523809523809523,2.5,2.05,1.6896551724137931
401896228,DraftKings,1.6896551724137931,4.0,4.6,2.5,1.6451612903225803,2.15
401878130,DraftKings,1.9090909090909087,3.25,4.1,2.5,1.869565217391304,1.8333333333333333
401892165,DraftKings,1.4081632653061225,4.5,7.0,2.5,1.6896551724137931,2.05
401892168,DraftKings,9.5,6.5,1.2222222222222223,3.5,2.05,1.6896551724137931
401896212,DraftKings,2.4,3.15,2.9,2.5,1.9523809523809523,1.7407407407407407
401896219,DraftKings,1.1666666666666667,7.0,13.0,3.5,1.7692307692307692,1.9523809523809523
401896227,DraftKings,2.75,3.2,2.6,2.5,2.15,1.6666666666666663
401891666,DraftKings,3.6,3.85,1.8333333333333333,2.5,1.7142857142857144,2.0
401896199,,,,,,,
401878082,DraftKings,2.5,3.4,2.8,2.5,1.8333333333333333,1.9090909090909087
401878125,DraftKings,1.2,6.5,10.0,3.5,2.1,1.6451612903225803
401878128,DraftKings,1.2222222222222223,5.5,13.0,3.5,2.15,1.625
401879335,DraftKings,1.6666666666666663,3.25,6.0,2.5,2.0,1.7142857142857144
401891918,DraftKings,1.2777777777777777,5.25,9.5,3.5,2.3,1.5555555555555556
401892169,DraftKings,3.1,3.5,2.2,2.5,1.5555555555555556,2.35
401893760,DraftKings,1.5714285714285714,4.0,5.25,2.5,1.8333333333333333,1.8333333333333333
401896566,DraftKings,1.5555555555555556,4.2,5.0,2.5,1.6451612903225803,2.1
401878123,DraftKings,3.0,3.6,2.1,2.5,1.7692307692307692,1.9090909090909087
401896202,DraftKings,1.3225806451612905,5.25,7.5,3.5,2.25,1.5714285714285714
401878083,DraftKings,1.1111111111111112,9.0,21.0,3.5,1.7142857142857144,2.05
401878120,DraftKings,1.125,7.5,17.0,3.5,2.3,1.5405405405405406
401891834,DraftKings,1.303030303030303,5.25,8.0,3.5,2.1,1.6451612903225803
401892009,,,,,,,
401896217,DraftKings,1.9090909090909087,3.15,4.1,2.5,2.0,1.7142857142857144
401902564,DraftKings,2.8,3.3,2.5,2.5,2.0,1.7407407407407407
401902705,DraftKings,2.2,3.15,3.5,2.5,2.3,1.5882352941176472
401903148,DraftKings,2.15,3.25,3.25,2.5,2.15,1.625
401902701,DraftKings,1.606060606060606,3.65,6.0,2.5,2.3,1.5882352941176472
401902702,DraftKings,5.0,4.2,1.606060606060606,2.5,1.625,2.2
401898019,DraftKings,1.5882352941176472,4.2,5.25,2.5,1.625,2.2
401898023,DraftKings,2.85,3.4,2.4,2.5,1.6896551724137931,2.1
401898024,DraftKings,2.5,3.55,2.65,2.5,1.7692307692307692,2.0
401902668,DraftKings,1.1428571428571428,8.0,17.0,2.5,1.5714285714285714,2.3
401902448,DraftKings,1.7692307692307692,3.3,5.25,2.5,2.05,1.7142857142857144
401902704,DraftKings,2.55,3.15,2.85,2.5,2.35,1.5555555555555556
401903010,DraftKings,1.6451612903225803,3.7,4.9,2.5,1.5555555555555556,2.3
401902678,DraftKings,1.7692307692307692,3.6,4.6,2.5,1.7692307692307692,2.0
401902674,DraftKings,1.2857142857142856,6.0,9.0,3.5,2.05,1.7142857142857144
401902943,DraftKings,1.6666666666666663,3.65,5.5,2.5,1.869565217391304,1.869565217391304
401903141,DraftKings,1.263157894736842,4.8,12.0,2.5,1.6896551724137931,2.05
401902673,DraftKings,3.6,3.35,2.05,2.5,2.2,1.625
401902956,DraftKings,2.05,3.55,3.2,2.5,1.625,2.15
401898001,DraftKings,2.75,3.35,2.55,2.5,1.9523809523809523,1.8
401902945,DraftKings,2.05,3.4,3.55,2.5,2.15,1.6451612903225803
401902957,DraftKings,14.0,6.0,1.181818181818182,2.5,1.5555555555555556,2.3
401903143,DraftKings,2.05,3.55,3.15,2.5,1.7142857142857144,2.0
401903144,DraftKings,1.7692307692307692,3.45,4.5,2.5,2.15,1.625
401903147,DraftKings,2.75,3.35,2.4,2.5,1.9090909090909087,1.7692307692307692
401903116,DraftKings,2.4,3.3,2.75,2.5,2.0,1.7142857142857144
401902667,DraftKings,7.0,4.5,1.4444444444444444,2.5,1.7692307692307692,1.9523809523809523
401902703,DraftKings,1.125,9.0,19.0,3.5,2.15,1.6451612903225803
401902936,DraftKings,4.7,3.7,1.7407407407407407,2.5,1.8333333333333333,1.9090909090909087
401902937,DraftKings,1.4444444444444444,4.8,6.5,2.5,1.5555555555555556,2.35
401902951,DraftKings,2.0,3.5,3.35,2.5,1.9090909090909087,1.8
401902954,DraftKings,1.7407407407407407,4.0,3.95,2.5,1.5714285714285714,2.25
401903011,DraftKings,4.7,4.0,1.625,2.5,1.6896551724137931,2.05
401903139,DraftKings,3.45,3.5,1.9523809523809523,2.5,1.7692307692307692,1.9523809523809523
401903142,DraftKings,3.05,3.35,2.2,2.5,1.869565217391304,1.8333333333333333
401903145,DraftKings,2.3,3.15,3.05,2.5,1.9090909090909087,1.7692307692307692
401903150,DraftKings,2.15,3.35,3.15,2.5,2.0,1.7142857142857144
401903151,DraftKings,3.85,3.6,1.8333333333333333,2.5,1.7407407407407407,1.9523809523809523
401903146,DraftKings,1.869565217391304,3.4,4.0,2.5,1.869565217391304,1.8333333333333333
401902942,DraftKings,1.606060606060606,3.9,5.5,2.5,1.869565217391304,1.869565217391304
401902672,DraftKings,1.606060606060606,4.4,4.9,3.5,2.2,1.625
401903117,DraftKings,2.2,3.2,3.15,2.5,2.0,1.7142857142857144
401903123,DraftKings,1.2,5.75,14.0,3.5,2.0,1.7407407407407407
401903149,DraftKings,1.0555555555555556,12.0,21.0,3.5,1.5714285714285714,2.25
401903115,DraftKings,1.1,8.5,17.0,3.5,1.869565217391304,1.8333333333333333
401903125,,,,,,,
401903138,,,,,,,
401903140,DraftKings,8.0,6.0,1.2702702702702702,3.5,1.7692307692307692,1.9523809523809523
401903018,DraftKings,1.2,6.0,13.0,2.5,1.7407407407407407,1.9523809523809523
401903152,DraftKings,5.75,4.4,1.4761904761904765,2.5,1.5882352941176472,2.2
401902561,DraftKings,9.0,4.8,1.3125,2.5,1.8,1.9090909090909087
401902961,DraftKings,1.0909090909090908,11.0,20.0,3.5,1.6451612903225803,2.15
401903122,DraftKings,1.4166666666666667,4.2,7.5,2.5,1.6666666666666663,2.1
401903124,DraftKings,1.3773584905660377,4.5,8.0,2.5,1.8,1.9090909090909087
401902671,DraftKings,3.5,3.05,2.25,1.5,1.5714285714285714,2.3
401898018,DraftKings,1.6451612903225803,4.1,4.8,3.5,2.35,1.5555555555555556
401902676,DraftKings,1.9090909090909087,3.7,3.75,2.5,1.625,2.2
401902679,DraftKings,1.8333333333333333,3.25,4.9,2.5,2.3,1.5714285714285714
401902666,DraftKings,6.5,4.3,1.5,2.5,1.7692307692307692,1.9523809523809523
401902949,DraftKings,2.25,3.5,2.9,2.5,1.6451612903225803,2.1
401898002,DraftKings,2.3,3.5,3.0,2.5,1.8333333333333333,1.9090909090909087
401903121,DraftKings,4.7,3.45,1.7407407407407407,2.5,1.9523809523809523,1.7692307692307692
401902670,DraftKings,1.2352941176470589,6.0,10.5,3.5,2.05,1.7407407407407407
401902563,DraftKings,1.4878048780487805,4.4,6.5,2.5,1.5882352941176472,2.25
401902677,DraftKings,1.869565217391304,3.5,4.1,2.5,1.8,1.9523809523809523
401902700,DraftKings,4.1,4.1,1.7407407407407407,3.5,2.35,1.5555555555555556
401898000,DraftKings,1.3846153846153846,5.25,7.0,3.5,2.25,1.606060606060606
401902952,DraftKings,1.1111111111111112,8.5,16.0,3.5,1.8,1.9090909090909087
401903009,DraftKings,1.181818181818182,6.5,12.0,3.5,2.1,1.6451612903225803
401903099,DraftKings,2.05,3.45,3.3,2.5,1.869565217391304,1.8333333333333333
401903118,DraftKings,2.85,3.5,2.25,2.5,1.7692307692307692,1.9523809523809523
401902953,DraftKings,4.1,3.45,1.8333333333333333,2.5,2.1,1.6666666666666663
401902955,DraftKings,1.9090909090909087,3.8,3.4,2.5,1.6666666666666663,2.1
401903112,DraftKings,1.9090909090909087,3.6,3.6,2.5,1.8333333333333333,1.869565217391304
401903110,DraftKings,2.0,3.45,3.4,2.5,2.1,1.6666666666666663
401902665,DraftKings,1.1666666666666667,7.5,15.0,3.5,2.15,1.6451612903225803
401902699,DraftKings,1.3225806451612905,5.0,9.5,2.5,1.8,1.9523809523809523
401902717,DraftKings,2.8,3.5,2.4,2.5,1.6896551724137931,2.1
401902935,DraftKings,1.2777777777777777,5.75,9.5,2.5,1.5882352941176472,2.3
401902940,DraftKings,2.35,3.35,3.05,2.5,1.9523809523809523,1.8
401903098,DraftKings,1.5882352941176472,4.0,5.0,2.5,1.7407407407407407,1.9523809523809523
401903100,,,,,,,
401903101,DraftKings,4.3,3.95,1.6896551724137931,2.5,1.6451612903225803,2.1
401903102,,,,,,,
401903109,DraftKings,1.5714285714285714,3.85,5.5,2.5,1.6896551724137931,2.05
401903114,DraftKings,1.1904761904761905,6.5,11.0,3.5,2.0,1.7142857142857144
401903120,DraftKings,1.0625,12.0,19.0,4.5,2.2,1.606060606060606
401902698,DraftKings,2.15,3.75,3.05,3.5,2.1,1.6896551724137931
401903008,DraftKings,1.7142857142857144,3.9,4.1,2.5,1.625,2.15
401903037,DraftKings,7.0,5.0,1.3448275862068966,3.5,2.1,1.6451612903225803
401902560,DraftKings,1.0833333333333333,9.5,19.0,3.5,1.8333333333333333,1.869565217391304
401902944,DraftKings,2.5,3.4,2.7,2.5,1.8333333333333333,1.869565217391304
401903107,DraftKings,2.8,3.5,2.3,2.5,1.8,1.9090909090909087
401903113,DraftKings,1.2564102564102564,5.75,9.0,3.5,2.05,1.6896551724137931
401903103,DraftKings,1.6451612903225803,3.85,4.6,2.5,1.606060606060606,2.2
401898017,DraftKings,1.4,5.0,7.0,3.5,2.35,1.5555555555555556
401902941,DraftKings,2.8,3.45,2.45,2.5,1.8333333333333333,1.9090909090909087
401902950,DraftKings,2.45,3.6,2.55,2.5,1.6451612903225803,2.1
401903106,DraftKings,1.5882352941176472,3.75,5.5,2.5,1.7407407407407407,1.9523809523809523
401903108,DraftKings,1.7692307692307692,3.5,4.3,2.5,1.8333333333333333,1.869565217391304
401903111,DraftKings,2.8,3.65,2.2,2.5,1.606060606060606,2.2
401902960,DraftKings,6.0,4.9,1.4444444444444444,3.5,2.25,1.606060606060606
401903105,DraftKings,11.0,6.0,1.2,3.5,1.9523809523809523,1.7692307692307692
401902562,DraftKings,2.25,3.3,3.2,2.5,1.7692307692307692,2.0
401903104,DraftKings,1.9523809523809523,3.4,3.65,2.5,1.7692307692307692,1.9523809523809523
401903119,DraftKings,1.3225806451612905,5.0,7.5,2.5,1.5405405405405406,2.35
401902675,DraftKings,4.7,4.2,1.6451612903225803,2.5,1.6896551724137931,2.1
401909156,DraftKings,3.25,3.05,2.35,2.5,2.4,1.5405405405405406
401909158,DraftKings,1.6666666666666663,4.0,4.7,2.5,1.606060606060606,2.25
401909204,DraftKings,2.0,3.5,3.65,2.5,1.8333333333333333,1.9090909090909087
401903528,DraftKings,1.8,4.0,3.95,2.5,1.5714285714285714,2.3
401909193,DraftKings,2.6,3.35,2.7,2.5,1.8333333333333333,1.9090909090909087
401909195,DraftKings,1.8333333333333333,3.7,4.2,2.5,1.8333333333333333,1.9090909090909087
401909197,DraftKings,2.75,3.85,2.3,3.5,1.9523809523809523,1.8
401910972,DraftKings,3.25,3.2,2.3,2.5,2.3,1.5882352941176472
401909622,DraftKings,4.5,4.0,1.6451612903225803,2.5,1.6896551724137931,2.05
401909833,DraftKings,4.4,4.0,1.7142857142857144,2.5,1.625,2.2
401910970,DraftKings,1.9523809523809523,3.25,3.8,2.5,2.05,1.6896551724137931
401910973,DraftKings,1.2941176470588236,5.5,9.5,2.5,1.6666666666666663,2.15
401909616,DraftKings,1.303030303030303,5.25,9.5,2.5,1.6666666666666663,2.15
401909626,DraftKings,1.4651162790697674,4.7,5.5,3.5,1.7692307692307692,1.9523809523809523
401909636,DraftKings,3.4,3.25,2.2,2.5,2.2,1.625
401909650,DraftKings,1.4651162790697674,4.7,6.0,3.5,2.2,1.606060606060606
401909829,DraftKings,1.0714285714285714,11.0,26.0,3.5,2.05,1.7407407407407407
401909832,DraftKings,1.6451612903225803,3.95,5.0,2.5,1.869565217391304,1.869565217391304
401910952,DraftKings,1.5,4.1,6.0,2.5,1.9090909090909087,1.7692307692307692
401910953,DraftKings,5.75,4.3,1.4761904761904765,2.5,1.606060606060606,2.2
401911219,DraftKings,3.35,3.4,2.05,2.5,1.7142857142857144,2.0
401910987,DraftKings,1.4651162790697674,4.1,6.5,2.5,1.8,1.9090909090909087
401909222,DraftKings,1.606060606060606,4.2,5.0,3.5,2.3,1.5714285714285714
401909615,DraftKings,2.0,3.2,4.0,2.5,2.2,1.625
401909620,DraftKings,1.3846153846153846,4.9,6.5,3.5,2.15,1.625
401909629,DraftKings,3.15,3.5,2.1,2.5,1.9090909090909087,1.8
401910956,DraftKings,1.7407407407407407,3.75,4.1,2.5,1.7407407407407407,1.9523809523809523
401910963,DraftKings,2.85,3.05,2.65,2.5,2.4,1.526315789473684
401910971,DraftKings,1.6896551724137931,3.5,4.9,2.5,1.7407407407407407,1.9523809523809523
401909632,DraftKings,3.3,4.0,1.9090909090909087,2.5,1.5405405405405406,2.3
401909472,DraftKings,1.181818181818182,6.5,13.0,3.5,2.25,1.5882352941176472
401909630,DraftKings,1.6896551724137931,3.45,5.0,2.5,2.2,1.606060606060606
401910969,DraftKings,1.7407407407407407,3.85,4.0,2.5,1.7142857142857144,2.0
401910974,DraftKings,1.434782608695652,4.2,7.0,2.5,1.869565217391304,1.8333333333333333
401910991,DraftKings,5.75,4.0,1.526315789473684,2.5,1.869565217391304,1.8
401909637,DraftKings,1.434782608695652,4.3,6.5,2.5,1.8,1.9090909090909087
401910986,DraftKings,2.5,3.5,2.55,2.5,1.6666666666666663,2.05
401909634,DraftKings,2.05,3.2,3.45,2.5,2.0,1.7142857142857144
401909635,DraftKings,4.0,3.35,1.869565217391304,2.5,2.1,1.6451612903225803
401909826,DraftKings,1.3773584905660377,4.3,8.5,2.5,2.05,1.6666666666666663
401910978,DraftKings,1.125,9.0,19.0,3.5,1.7692307692307692,2.0
401910985,DraftKings,2.1,3.35,3.3,2.5,2.15,1.625
401910989,DraftKings,1.3636363636363638,4.4,8.5,2.5,2.0,1.7407407407407407
401909192,DraftKings,1.9523809523809523,3.8,3.5,2.5,1.7142857142857144,2.05
401903707,DraftKings,1.9090909090909087,4.0,3.55,3.5,2.2,1.625
401909196,DraftKings,1.526315789473684,4.9,5.0,3.5,1.7692307692307692,2.0
401910982,DraftKings,1.4761904761904765,4.3,5.75,2.5,1.5555555555555556,2.3
401909157,DraftKings,2.45,3.55,2.7,2.5,1.5882352941176472,2.3
401909181,DraftKings,1.4651162790697674,4.2,7.5,2.5,2.0,1.7407407407407407
401909194,DraftKings,2.7,3.3,2.6,2.5,1.869565217391304,1.869565217391304
401909203,DraftKings,2.05,3.5,3.5,2.5,1.7142857142857144,2.05
401910981,DraftKings,2.05,3.2,3.5,2.5,1.9523809523809523,1.7407407407407407
401909613,DraftKings,4.0,3.3,1.9523809523809523,2.5,2.05,1.7142857142857144
401909619,DraftKings,3.45,3.65,1.9090909090909087,2.5,1.5714285714285714,2.25
401909627,DraftKings,4.1,3.9,1.8,2.5,1.6451612903225803,2.15
401910968,DraftKings,2.4,3.65,2.55,2.5,1.5882352941176472,2.2
401910984,DraftKings,2.75,3.3,2.4,2.5,1.8333333333333333,1.869565217391304
401909628,DraftKings,1.3448275862068966,4.8,8.0,2.5,1.5555555555555556,2.3
401910990,DraftKings,1.1538461538461535,7.5,13.0,3.5,2.05,1.6896551724137931
401909221,DraftKings,1.9523809523809523,3.9,3.45,3.5,2.25,1.606060606060606
401909614,DraftKings,1.2222222222222223,6.5,11.0,3.5,2.05,1.7142857142857144
401909621,DraftKings,1.2352941176470589,5.75,10.0,2.5,1.5405405405405406,2.3
401909633,DraftKings,1.8333333333333333,3.4,4.1,2.5,1.7692307692307692,1.9090909090909087
401909828,DraftKings,9.5,5.25,1.303030303030303,2.5,1.6896551724137931,2.1
401909830,DraftKings,2.1,3.45,3.4,2.5,2.0,1.7692307692307692
401910955,DraftKings,2.25,3.4,2.9,2.5,1.7407407407407407,1.9523809523809523
401910967,DraftKings,3.05,3.35,2.2,2.5,1.9090909090909087,1.8
401910979,DraftKings,1.4,4.7,7.5,2.5,1.7407407407407407,2.0
401910980,DraftKings,1.2105263157894737,6.0,11.0,2.5,1.5714285714285714,2.25
401910983,DraftKings,2.35,3.6,2.65,2.5,1.5882352941176472,2.2
401911218,DraftKings,1.3333333333333333,4.9,8.0,2.5,1.6451612903225803,2.1
401909471,DraftKings,6.5,4.0,1.4651162790697674,2.5,1.8,1.9090909090909087
401909631,DraftKings,1.3333333333333333,5.0,7.5,3.5,1.8333333333333333,1.869565217391304
401910961,DraftKings,1.6896551724137931,3.75,5.0,2.5,1.8333333333333333,1.9090909090909087
401910962,DraftKings,2.2,3.9,2.7,3.5,1.9090909090909087,1.7692307692307692
401910977,DraftKings,7.0,5.5,1.3636363636363638,3.5,2.0,1.7692307692307692
401911217,DraftKings,2.75,3.9,2.3,3.5,2.2,1.625
401909618,DraftKings,1.125,8.0,15.0,3.5,1.9090909090909087,1.8
401909831,DraftKings,3.25,3.7,2.1,2.5,1.6666666666666663,2.15
401910966,DraftKings,2.0,3.65,3.3,2.5,1.6896551724137931,2.05
401910975,DraftKings,1.3125,5.5,8.5,2.5,1.5882352941176472,2.3
401910988,DraftKings,3.65,3.35,1.9523809523809523,2.5,1.9523809523809523,1.7692307692307692
401909617,DraftKings,2.3,3.35,2.9,2.5,1.9090909090909087,1.8
401909825,DraftKings,3.25,3.3,2.1,2.5,2.0,1.7142857142857144
401910965,DraftKings,2.1,3.2,3.45,2.5,2.2,1.606060606060606
401910976,DraftKings,2.75,3.1,2.5,2.5,2.4,1.5128205128205128
401915426,DraftKings,2.5,3.55,2.75,2.5,1.6451612903225803,2.25
401915452,DraftKings,1.7407407407407407,4.0,4.4,3.5,2.3,1.606060606060606
401915425,DraftKings,5.0,4.1,1.6666666666666663,2.5,1.6666666666666663,2.2
401915449,DraftKings,1.7692307692307692,4.0,4.2,3.5,2.25,1.6451612903225803
401915450,DraftKings,2.15,3.5,3.35,2.5,1.7407407407407407,2.1
401915451,DraftKings,1.606060606060606,4.4,5.0,3.5,2.05,1.7692307692307692
401915424,DraftKings,1.0714285714285714,13.0,26.0,4.5,1.8333333333333333,1.9523809523809523
401915448,DraftKings,1.2105263157894737,7.5,12.0,3.5,1.606060606060606,2.3
401915423,DraftKings,5.25,3.85,1.6666666666666663,2.5,2.0,1.8333333333333333
401915445,DraftKings,1.0333333333333334,19.0,36.0,4.5,1.8333333333333333,1.9523809523809523
401915446,DraftKings,1.7692307692307692,3.9,4.5,2.5,1.5882352941176472,2.35
401915447,DraftKings,1.606060606060606,4.3,5.0,3.5,2.15,1.6896551724137931
401915422,DraftKings,1.4878048780487805,4.7,6.0,3.5,2.05,1.7407407407407407
401915444,DraftKings,4.0,3.75,1.869565217391304,2.5,1.5714285714285714,2.4
401915440,DraftKings,2.8,3.5,2.45,3.5,2.4,1.5882352941176472
401915441,DraftKings,1.6666666666666663,4.2,4.7,3.5,2.1,1.7407407407407407
401915442,DraftKings,1.0714285714285714,13.0,29.0,4.5,1.9523809523809523,1.8333333333333333
401915443,DraftKings,1.0714285714285714,14.0,26.0,5.5,2.2,1.6666666666666663
401915594,DraftKings,4.6,4.0,1.7407407407407407,2.5,1.625,2.3
401915611,DraftKings,4.5,3.35,1.9090909090909087,2.5,2.2,1.6666666666666663
401915586,DraftKings,2.2,3.55,3.25,2.5,1.6896551724137931,2.15
401915587,DraftKings,1.0555555555555556,15.0,31.0,4.5,2.0,1.8
401915588,DraftKings,1.3225806451612905,5.25,9.5,2.5,1.6666666666666663,2.2
401915589,DraftKings,4.2,3.75,1.8333333333333333,2.5,1.7692307692307692,2.05
401915590,DraftKings,2.9,3.55,2.35,2.5,1.7407407407407407,2.1
401915592,DraftKings,1.4878048780487805,4.3,6.5,2.5,1.8333333333333333,1.9523809523809523
401915593,DraftKings,4.5,4.1,1.7142857142857144,3.5,2.35,1.606060606060606
401915584,DraftKings,3.35,3.65,2.1,2.5,1.6451612903225803,2.25
401915585,DraftKings,9.0,6.0,1.2941176470588236,3.5,1.869565217391304,1.9090909090909087
401915569,DraftKings,1.434782608695652,5.0,6.5,3.5,2.1,1.7142857142857144
401915570,DraftKings,1.7692307692307692,3.85,4.5,2.5,1.7692307692307692,2.05
401915580,DraftKings,2.6,3.65,2.55,2.5,1.5882352941176472,2.4
401915581,DraftKings,1.6896551724137931,4.0,4.9,2.5,1.6451612903225803,2.25
401915582,DraftKings,1.2105263157894737,7.0,12.0,3.5,1.9090909090909087,1.869565217391304
401915583,DraftKings,3.45,3.65,2.05,2.5,1.6451612903225803,2.25
401915591,DraftKings,1.6896551724137931,4.2,4.5,3.5,2.3,1.625
