Season,Date,HomeTeam,AwayTeam,FTHG,FTAG,tipo
2023,2023-01-25,Atlético Bucaramanga,Envigado FC,0,0,apertura
2023,2023-01-25,Unión Magdalena,Atlético Huila,2,1,apertura
2023,2023-01-25,Águilas Doradas,Atlético Junior,1,1,apertura
2023,2023-01-26,Boyacá Chicó FC,Alianza FC,2,0,apertura
2023,2023-01-27,Atlético Nacional,Once Caldas,1,0,apertura
2023,2023-01-27,Deportes Tolima,América de Cali,2,1,apertura
2023,2023-01-27,Jaguares de Córdoba,Independiente Santa Fe,2,2,apertura
2023,2023-01-28,Atlético Huila,Atlético Bucaramanga,1,2,apertura
2023,2023-01-28,Envigado FC,Internacional de Bogotá,1,1,apertura
2023,2023-01-29,Atlético Nacional,Águilas Doradas,0,0,apertura
2023,2023-01-29,Deportivo Pereira,Millonarios,2,3,apertura
2023,2023-01-30,Atlético Junior,Independiente Medellín,1,1,apertura
2023,2023-01-31,Boyacá Chicó FC,Jaguares de Córdoba,1,0,apertura
2023,2023-01-31,Once Caldas,Deportes Tolima,1,1,apertura
2023,2023-02-01,América de Cali,Unión Magdalena,4,0,apertura
2023,2023-02-04,Deportivo Pereira,Atlético Huila,2,1,apertura
2023,2023-02-04,Independiente Medellín,Independiente Santa Fe,1,1,apertura
2023,2023-02-04,Jaguares de Córdoba,Atlético Nacional,2,1,apertura
2023,2023-02-05,Atlético Bucaramanga,Atlético Junior,1,0,apertura
2023,2023-02-05,Deportivo Cali,Once Caldas,0,0,apertura
2023,2023-02-05,Deportivo Pasto,América de Cali,2,4,apertura
2023,2023-02-06,Unión Magdalena,Envigado FC,1,1,apertura
2023,2023-02-07,Águilas Doradas,Deportes Tolima,4,2,apertura
2023,2023-02-10,Atlético Junior,Unión Magdalena,0,0,apertura
2023,2023-02-11,Alianza FC,Atlético Huila,2,0,apertura
2023,2023-02-11,Envigado FC,Independiente Medellín,2,1,apertura
2023,2023-02-11,Jaguares de Córdoba,Atlético Bucaramanga,1,1,apertura
2023,2023-02-12,América de Cali,Internacional de Bogotá,1,1,apertura
2023,2023-02-12,Boyacá Chicó FC,Deportivo Pereira,3,1,apertura
2023,2023-02-12,Once Caldas,Águilas Doradas,1,2,apertura
2023,2023-02-13,Atlético Nacional,Deportivo Cali,1,1,apertura
2023,2023-02-15,Independiente Santa Fe,Deportivo Pasto,0,2,apertura
2023,2023-02-16,Internacional de Bogotá,Independiente Medellín,2,1,apertura
2023,2023-02-18,Atlético Huila,Deportes Tolima,0,0,apertura
2023,2023-02-18,Envigado FC,Alianza FC,0,0,apertura
2023,2023-02-18,Independiente Medellín,América de Cali,0,1,apertura
2023,2023-02-19,Deportivo Pasto,Atlético Junior,1,0,apertura
2023,2023-02-19,Deportivo Pereira,Once Caldas,3,1,apertura
2023,2023-02-19,Internacional de Bogotá,Independiente Santa Fe,0,1,apertura
2023,2023-02-19,Millonarios,Jaguares de Córdoba,2,1,apertura
2023,2023-02-20,Atlético Bucaramanga,Atlético Nacional,1,1,apertura
2023,2023-02-21,Deportivo Cali,Águilas Doradas,1,1,apertura
2023,2023-02-25,Atlético Junior,Internacional de Bogotá,1,0,apertura
2023,2023-02-25,Águilas Doradas,Atlético Bucaramanga,1,0,apertura
2023,2023-02-26,América de Cali,Envigado FC,1,0,apertura
2023,2023-02-26,Independiente Santa Fe,Unión Magdalena,0,0,apertura
2023,2023-02-26,Jaguares de Córdoba,Deportivo Pereira,2,0,apertura
2023,2023-02-26,Once Caldas,Millonarios,1,0,apertura
2023,2023-02-27,Alianza FC,Independiente Medellín,0,1,apertura
2023,2023-02-27,Atlético Nacional,Atlético Huila,3,1,apertura
2023,2023-02-27,Deportes Tolima,Deportivo Cali,1,2,apertura
2023,2023-02-28,Boyacá Chicó FC,Deportivo Pasto,1,1,apertura
2023,2023-03-02,Deportivo Cali,Deportivo Pereira,0,1,apertura
2023,2023-03-04,Atlético Bucaramanga,Once Caldas,0,1,apertura
2023,2023-03-04,Envigado FC,Independiente Santa Fe,3,2,apertura
2023,2023-03-04,Internacional de Bogotá,Alianza FC,1,1,apertura
2023,2023-03-05,Deportivo Pasto,Atlético Nacional,0,1,apertura
2023,2023-03-05,Independiente Medellín,Águilas Doradas,3,0,apertura
2023,2023-03-05,Millonarios,Deportivo Cali,2,0,apertura
2023,2023-03-05,Unión Magdalena,Jaguares de Córdoba,1,1,apertura
2023,2023-03-06,Deportivo Pereira,Deportes Tolima,1,1,apertura
2023,2023-03-07,Atlético Huila,Boyacá Chicó FC,3,2,apertura
2023,2023-03-10,Alianza FC,Deportivo Pasto,3,1,apertura
2023,2023-03-11,Deportivo Cali,Atlético Bucaramanga,1,1,apertura
2023,2023-03-11,Jaguares de Córdoba,Atlético Huila,1,2,apertura
2023,2023-03-12,Atlético Nacional,Millonarios,0,0,apertura
2023,2023-03-12,Boyacá Chicó FC,Independiente Medellín,2,0,apertura
2023,2023-03-12,Águilas Doradas,Deportivo Pereira,2,1,apertura
2023,2023-03-13,Alianza FC,Unión Magdalena,2,1,apertura
2023,2023-03-13,Atlético Junior,Envigado FC,1,2,apertura
2023,2023-03-14,Once Caldas,Deportivo Pasto,0,1,apertura
2023,2023-03-15,Deportes Tolima,Internacional de Bogotá,1,0,apertura
2023,2023-03-15,Independiente Santa Fe,América de Cali,2,0,apertura
2023,2023-03-18,Deportivo Pereira,Atlético Nacional,0,2,apertura
2023,2023-03-18,Envigado FC,Boyacá Chicó FC,0,1,apertura
2023,2023-03-18,Internacional de Bogotá,Unión Magdalena,0,0,apertura
2023,2023-03-19,América de Cali,Alianza FC,1,0,apertura
2023,2023-03-19,Atlético Junior,Independiente Santa Fe,1,1,apertura
2023,2023-03-19,Deportivo Pasto,Deportivo Cali,2,1,apertura
2023,2023-03-19,Millonarios,Águilas Doradas,2,2,apertura
2023,2023-03-20,Independiente Medellín,Jaguares de Córdoba,1,0,apertura
2023,2023-03-21,Atlético Bucaramanga,Deportes Tolima,1,1,apertura
2023,2023-03-21,Atlético Huila,Once Caldas,2,1,apertura
2023,2023-03-22,Independiente Santa Fe,Deportivo Cali,3,0,apertura
2023,2023-03-23,Millonarios,Deportivo Pasto,2,0,apertura
2023,2023-03-24,América de Cali,Atlético Junior,2,0,apertura
2023,2023-03-24,Internacional de Bogotá,Boyacá Chicó FC,2,2,apertura
2023,2023-03-25,Alianza FC,Atlético Bucaramanga,2,0,apertura
2023,2023-03-25,Once Caldas,Deportivo Pereira,1,1,apertura
2023,2023-03-25,Águilas Doradas,Envigado FC,1,0,apertura
2023,2023-03-26,Atlético Nacional,Independiente Medellín,1,1,apertura
2023,2023-03-26,Deportes Tolima,Atlético Huila,2,1,apertura
2023,2023-03-26,Deportivo Cali,América de Cali,1,1,apertura
2023,2023-03-26,Unión Magdalena,Atlético Junior,2,2,apertura
2023,2023-03-27,Independiente Santa Fe,Millonarios,1,2,apertura
2023,2023-03-28,Jaguares de Córdoba,Deportivo Pasto,0,1,apertura
2023,2023-03-29,Boyacá Chicó FC,Internacional de Bogotá,3,1,apertura
2023,2023-03-30,Deportes Tolima,Millonarios,1,1,apertura
2023,2023-04-01,Deportivo Pasto,Deportivo Pereira,0,0,apertura
2023,2023-04-01,Envigado FC,Once Caldas,0,0,apertura
2023,2023-04-01,Independiente Medellín,Deportes Tolima,1,1,apertura
2023,2023-04-01,Independiente Santa Fe,Boyacá Chicó FC,1,0,apertura
2023,2023-04-02,América de Cali,Jaguares de Córdoba,0,0,apertura
2023,2023-04-02,Atlético Bucaramanga,Millonarios,0,2,apertura
2023,2023-04-02,Internacional de Bogotá,Atlético Nacional,0,0,apertura
2023,2023-04-03,Atlético Huila,Deportivo Cali,1,0,apertura
2023,2023-04-03,Unión Magdalena,Águilas Doradas,3,1,apertura
2023,2023-04-04,Atlético Junior,Alianza FC,1,0,apertura
2023,2023-04-07,Águilas Doradas,Atlético Huila,2,1,apertura
2023,2023-04-08,Jaguares de Córdoba,Envigado FC,2,0,apertura
2023,2023-04-08,Once Caldas,Unión Magdalena,1,1,apertura
2023,2023-04-09,Deportivo Cali,Internacional de Bogotá,0,0,apertura
2023,2023-04-09,Deportivo Pereira,Atlético Bucaramanga,1,1,apertura
2023,2023-04-09,Millonarios,Independiente Medellín,2,1,apertura
2023,2023-04-10,Alianza FC,Independiente Santa Fe,3,1,apertura
2023,2023-04-11,Atlético Nacional,Atlético Junior,0,1,apertura
2023,2023-04-11,Deportes Tolima,Deportivo Pasto,3,1,apertura
2023,2023-04-11,Internacional de Bogotá,Once Caldas,4,1,apertura
2023,2023-04-12,América de Cali,Águilas Doradas,1,3,apertura
2023,2023-04-12,Atlético Huila,Millonarios,1,1,apertura
2023,2023-04-12,Unión Magdalena,Deportivo Pereira,0,3,apertura
2023,2023-04-13,Envigado FC,Deportes Tolima,2,1,apertura
2023,2023-04-13,Independiente Medellín,Deportivo Cali,3,0,apertura
2023,2023-04-14,Atlético Junior,Boyacá Chicó FC,1,1,apertura
2023,2023-04-14,Deportivo Pasto,Atlético Bucaramanga,1,0,apertura
2023,2023-04-15,Alianza FC,Jaguares de Córdoba,3,0,apertura
2023,2023-04-16,Atlético Bucaramanga,Independiente Medellín,1,2,apertura
2023,2023-04-16,Deportes Tolima,Atlético Junior,0,1,apertura
2023,2023-04-16,Deportivo Cali,Unión Magdalena,2,1,apertura
2023,2023-04-16,Deportivo Pereira,Independiente Santa Fe,2,2,apertura
2023,2023-04-17,Águilas Doradas,Boyacá Chicó FC,2,0,apertura
2023,2023-04-18,Atlético Huila,Deportivo Pasto,1,1,apertura
2023,2023-04-19,Jaguares de Córdoba,Internacional de Bogotá,1,1,apertura
2023,2023-04-19,Once Caldas,Alianza FC,0,3,apertura
2023,2023-04-20,Boyacá Chicó FC,América de Cali,1,1,apertura
2023,2023-04-22,Alianza FC,Deportivo Cali,0,3,apertura
2023,2023-04-22,Deportivo Pasto,Águilas Doradas,0,0,apertura
2023,2023-04-22,Internacional de Bogotá,Atlético Huila,2,1,apertura
2023,2023-04-23,Atlético Junior,Jaguares de Córdoba,1,0,apertura
2023,2023-04-23,Envigado FC,Atlético Nacional,0,0,apertura
2023,2023-04-23,Independiente Santa Fe,Atlético Bucaramanga,3,0,apertura
2023,2023-04-24,Boyacá Chicó FC,Deportes Tolima,2,0,apertura
2023,2023-04-24,Unión Magdalena,Millonarios,1,1,apertura
2023,2023-04-25,América de Cali,Deportivo Pereira,2,1,apertura
2023,2023-04-25,Atlético Bucaramanga,Alianza FC,1,1,apertura
2023,2023-04-26,Atlético Huila,Independiente Medellín,2,3,apertura
2023,2023-04-26,Deportes Tolima,Jaguares de Córdoba,1,1,apertura
2023,2023-04-26,Deportivo Pasto,Internacional de Bogotá,1,1,apertura
2023,2023-04-26,Once Caldas,Boyacá Chicó FC,1,1,apertura
2023,2023-04-27,Atlético Nacional,Unión Magdalena,2,0,apertura
2023,2023-04-27,Deportivo Pereira,Envigado FC,0,0,apertura
2023,2023-04-27,Águilas Doradas,Independiente Santa Fe,3,1,apertura
2023,2023-04-28,Deportivo Cali,Atlético Junior,3,2,apertura
2023,2023-04-28,Millonarios,América de Cali,4,3,apertura
2023,2023-04-29,Independiente Santa Fe,Deportes Tolima,2,0,apertura
2023,2023-04-29,Unión Magdalena,Deportivo Pasto,2,1,apertura
2023,2023-04-30,Alianza FC,Águilas Doradas,2,1,apertura
2023,2023-04-30,Atlético Junior,Millonarios,1,0,apertura
2023,2023-04-30,Independiente Medellín,Atlético Nacional,1,3,apertura
2023,2023-04-30,Internacional de Bogotá,Deportivo Pereira,2,0,apertura
2023,2023-05-01,América de Cali,Deportivo Cali,5,2,apertura
2023,2023-05-01,Boyacá Chicó FC,Atlético Bucaramanga,0,0,apertura
2023,2023-05-01,Envigado FC,Atlético Huila,0,1,apertura
2023,2023-05-01,Jaguares de Córdoba,Once Caldas,1,0,apertura
2023,2023-05-05,Atlético Nacional,América de Cali,2,1,apertura
2023,2023-05-05,Millonarios,Envigado FC,1,1,apertura
2023,2023-05-06,Atlético Bucaramanga,Unión Magdalena,3,0,apertura
2023,2023-05-06,Águilas Doradas,Internacional de Bogotá,1,1,apertura
2023,2023-05-07,Atlético Nacional,Boyacá Chicó FC,3,1,apertura
2023,2023-05-07,Deportes Tolima,Alianza FC,2,1,apertura
2023,2023-05-07,Deportivo Pereira,Independiente Medellín,3,1,apertura
2023,2023-05-07,Once Caldas,Atlético Junior,2,0,apertura
2023,2023-05-08,Deportivo Pasto,Jaguares de Córdoba,4,0,apertura
2023,2023-05-08,Millonarios,Independiente Santa Fe,1,0,apertura
2023,2023-05-09,Atlético Huila,América de Cali,0,2,apertura
2023,2023-05-09,Deportivo Cali,Envigado FC,2,0,apertura
2023,2023-05-11,Millonarios,Alianza FC,3,1,apertura
2023,2023-05-11,Unión Magdalena,Boyacá Chicó FC,0,0,apertura
2023,2023-05-12,Envigado FC,Águilas Doradas,1,2,apertura
2023,2023-05-12,Independiente Medellín,Once Caldas,2,2,apertura
2023,2023-05-12,Independiente Santa Fe,Atlético Nacional,0,2,apertura
2023,2023-05-13,Internacional de Bogotá,Atlético Bucaramanga,1,0,apertura
2023,2023-05-13,Jaguares de Córdoba,Deportivo Cali,1,1,apertura
2023,2023-05-13,Unión Magdalena,Deportes Tolima,1,1,apertura
2023,2023-05-14,América de Cali,Once Caldas,0,0,apertura
2023,2023-05-14,Atlético Junior,Deportivo Pereira,0,0,apertura
2023,2023-05-14,Boyacá Chicó FC,Millonarios,1,1,apertura
2023,2023-05-14,Independiente Medellín,Deportivo Pasto,1,0,apertura
2023,2023-05-15,Alianza FC,Atlético Nacional,2,1,apertura
2023,2023-05-15,Independiente Santa Fe,Atlético Huila,5,0,apertura
2023,2023-05-18,Atlético Bucaramanga,América de Cali,2,1,apertura
2023,2023-05-18,Atlético Huila,Atlético Junior,0,2,apertura
2023,2023-05-18,Deportes Tolima,Atlético Nacional,2,2,apertura
2023,2023-05-18,Deportivo Cali,Boyacá Chicó FC,0,0,apertura
2023,2023-05-18,Deportivo Pasto,Envigado FC,2,1,apertura
2023,2023-05-18,Deportivo Pereira,Alianza FC,2,1,apertura
2023,2023-05-18,Independiente Medellín,Unión Magdalena,4,0,apertura
2023,2023-05-18,Millonarios,Internacional de Bogotá,0,0,apertura
2023,2023-05-18,Once Caldas,Independiente Santa Fe,3,1,apertura
2023,2023-05-18,Águilas Doradas,Jaguares de Córdoba,3,0,apertura
2023,2023-05-20,Deportivo Pasto,Atlético Nacional,1,1,semifinals
2023,2023-05-21,Independiente Medellín,Millonarios,2,2,semifinals
2023,2023-05-22,Boyacá Chicó FC,América de Cali,1,1,semifinals
2023,2023-05-23,Alianza FC,Águilas Doradas,5,3,semifinals
2023,2023-05-28,Millonarios,Boyacá Chicó FC,1,0,semifinals
2023,2023-05-28,Águilas Doradas,Deportivo Pasto,0,0,semifinals
2023,2023-05-29,América de Cali,Independiente Medellín,2,0,semifinals
2023,2023-05-29,Atlético Nacional,Alianza FC,1,1,semifinals
2023,2023-06-01,América de Cali,Millonarios,0,1,semifinals
2023,2023-06-01,Boyacá Chicó FC,Independiente Medellín,1,0,semifinals
2023,2023-06-02,Atlético Nacional,Águilas Doradas,1,0,semifinals
2023,2023-06-02,Deportivo Pasto,Alianza FC,0,0,semifinals
2023,2023-06-04,Independiente Medellín,Boyacá Chicó FC,0,0,semifinals
2023,2023-06-04,Millonarios,América de Cali,2,1,semifinals
2023,2023-06-05,Alianza FC,Deportivo Pasto,1,0,semifinals
2023,2023-06-05,Águilas Doradas,Atlético Nacional,0,1,semifinals
2023,2023-06-11,Deportivo Pasto,Águilas Doradas,3,0,semifinals
2023,2023-06-12,Boyacá Chicó FC,Millonarios,2,1,semifinals
2023,2023-06-12,Independiente Medellín,América de Cali,0,1,semifinals
2023,2023-06-13,Alianza FC,Atlético Nacional,0,0,semifinals
2023,2023-06-17,América de Cali,Boyacá Chicó FC,3,2,semifinals
2023,2023-06-17,Millonarios,Independiente Medellín,2,1,semifinals
2023,2023-06-18,Atlético Nacional,Deportivo Pasto,3,2,semifinals
2023,2023-06-18,Águilas Doradas,Alianza FC,1,1,semifinals
2023,2023-06-22,Atlético Nacional,Millonarios,0,0,finals
2023,2023-06-25,Millonarios,Atlético Nacional,1,1,finals
2023,2023-07-14,Envigado FC,Atlético Bucaramanga,1,3,clausura
2023,2023-07-15,Atlético Huila,Unión Magdalena,2,1,clausura
2023,2023-07-15,Independiente Medellín,Internacional de Bogotá,2,2,clausura
2023,2023-07-16,América de Cali,Deportes Tolima,1,0,clausura
2023,2023-07-16,Atlético Junior,Águilas Doradas,0,1,clausura
2023,2023-07-16,Deportivo Pasto,Millonarios,0,0,clausura
2023,2023-07-17,Once Caldas,Atlético Nacional,1,1,clausura
2023,2023-07-18,Deportivo Pereira,Deportivo Cali,0,2,clausura
2023,2023-07-20,Independiente Santa Fe,Jaguares de Córdoba,1,0,clausura
2023,2023-07-21,Deportes Tolima,Once Caldas,3,1,clausura
2023,2023-07-22,Deportivo Pasto,Alianza FC,1,1,clausura
2023,2023-07-22,Internacional de Bogotá,Envigado FC,1,1,clausura
2023,2023-07-23,Atlético Bucaramanga,Atlético Huila,1,0,clausura
2023,2023-07-23,Millonarios,Deportivo Pereira,0,0,clausura
2023,2023-07-24,Independiente Medellín,Atlético Junior,1,0,clausura
2023,2023-07-25,Jaguares de Córdoba,Boyacá Chicó FC,2,1,clausura
2023,2023-07-29,Deportes Tolima,Águilas Doradas,1,1,clausura
2023,2023-07-30,Alianza FC,Millonarios,1,0,clausura
2023,2023-07-30,América de Cali,Deportivo Pasto,1,1,clausura
2023,2023-07-30,Atlético Nacional,Jaguares de Córdoba,2,1,clausura
2023,2023-07-30,Once Caldas,Deportivo Cali,4,0,clausura
2023,2023-07-31,Atlético Huila,Deportivo Pereira,2,0,clausura
2023,2023-07-31,Envigado FC,Unión Magdalena,0,0,clausura
2023,2023-08-01,Atlético Junior,Atlético Bucaramanga,1,1,clausura
2023,2023-08-01,Boyacá Chicó FC,Internacional de Bogotá,0,2,clausura
2023,2023-08-03,Independiente Santa Fe,Independiente Medellín,1,0,clausura
2023,2023-08-05,Atlético Huila,Alianza FC,0,0,clausura
2023,2023-08-05,Unión Magdalena,Atlético Junior,0,0,clausura
2023,2023-08-05,Águilas Doradas,Once Caldas,2,1,clausura
2023,2023-08-06,Deportivo Pereira,Boyacá Chicó FC,1,1,clausura
2023,2023-08-06,Independiente Medellín,Envigado FC,1,0,clausura
2023,2023-08-06,Internacional de Bogotá,América de Cali,1,1,clausura
2023,2023-08-07,Atlético Bucaramanga,Jaguares de Córdoba,3,0,clausura
2023,2023-08-07,Deportivo Cali,Atlético Nacional,1,1,clausura
2023,2023-08-07,Deportivo Pasto,Independiente Santa Fe,2,0,clausura
2023,2023-08-08,Millonarios,Deportes Tolima,1,0,clausura
2023,2023-08-11,Alianza FC,Envigado FC,3,1,clausura
2023,2023-08-12,Deportes Tolima,Atlético Huila,1,0,clausura
2023,2023-08-12,Independiente Santa Fe,Internacional de Bogotá,1,1,clausura
2023,2023-08-12,Águilas Doradas,Deportivo Cali,1,0,clausura
2023,2023-08-13,América de Cali,Independiente Medellín,1,3,clausura
2023,2023-08-13,Atlético Junior,Deportivo Pasto,0,0,clausura
2023,2023-08-13,Once Caldas,Deportivo Pereira,1,0,clausura
2023,2023-08-14,Atlético Nacional,Atlético Bucaramanga,2,1,clausura
2023,2023-08-14,Jaguares de Córdoba,Millonarios,2,0,clausura
2023,2023-08-15,Boyacá Chicó FC,Unión Magdalena,0,0,clausura
2023,2023-08-19,Deportivo Pereira,Jaguares de Córdoba,3,0,clausura
2023,2023-08-20,Deportivo Pasto,Boyacá Chicó FC,1,1,clausura
2023,2023-08-20,Internacional de Bogotá,Atlético Junior,0,0,clausura
2023,2023-08-20,Unión Magdalena,Independiente Santa Fe,2,2,clausura
2023,2023-08-21,Atlético Bucaramanga,Águilas Doradas,1,1,clausura
2023,2023-08-21,Atlético Huila,Atlético Nacional,0,1,clausura
2023,2023-08-21,Independiente Medellín,Alianza FC,2,1,clausura
2023,2023-08-22,Millonarios,Once Caldas,2,1,clausura
2023,2023-08-23,Alianza FC,Internacional de Bogotá,1,0,clausura
2023,2023-08-23,Jaguares de Córdoba,Unión Magdalena,0,1,clausura
2023,2023-08-24,Atlético Junior,América de Cali,4,3,clausura
2023,2023-08-24,Boyacá Chicó FC,Atlético Huila,1,1,clausura
2023,2023-08-24,Independiente Santa Fe,Envigado FC,2,0,clausura
2023,2023-08-25,Atlético Nacional,Deportivo Pasto,2,0,clausura
2023,2023-08-25,Deportivo Cali,Millonarios,0,0,clausura
2023,2023-08-26,Envigado FC,Atlético Junior,1,2,clausura
2023,2023-08-26,Once Caldas,Atlético Bucaramanga,1,0,clausura
2023,2023-08-26,Águilas Doradas,Independiente Medellín,1,1,clausura
2023,2023-08-27,Internacional de Bogotá,Deportes Tolima,0,0,clausura
2023,2023-08-27,Millonarios,Atlético Nacional,1,0,clausura
2023,2023-08-27,Unión Magdalena,Alianza FC,2,0,clausura
2023,2023-08-28,América de Cali,Independiente Santa Fe,2,0,clausura
2023,2023-08-28,Atlético Huila,Jaguares de Córdoba,0,0,clausura
2023,2023-08-29,Atlético Bucaramanga,Deportivo Cali,1,0,clausura
2023,2023-08-29,Independiente Medellín,Boyacá Chicó FC,1,1,clausura
2023,2023-08-30,Deportivo Pasto,Once Caldas,1,0,clausura
2023,2023-08-31,Unión Magdalena,América de Cali,0,0,clausura
2023,2023-08-31,Águilas Doradas,Atlético Nacional,2,0,clausura
2023,2023-09-02,Boyacá Chicó FC,Envigado FC,1,0,clausura
2023,2023-09-02,Deportes Tolima,Atlético Bucaramanga,0,0,clausura
2023,2023-09-02,Jaguares de Córdoba,Independiente Medellín,1,1,clausura
2023,2023-09-03,Alianza FC,América de Cali,2,3,clausura
2023,2023-09-03,Atlético Nacional,Deportivo Pereira,2,0,clausura
2023,2023-09-03,Independiente Santa Fe,Atlético Junior,1,0,clausura
2023,2023-09-04,Deportivo Cali,Deportivo Pasto,4,0,clausura
2023,2023-09-04,Águilas Doradas,Millonarios,2,0,clausura
2023,2023-09-05,Once Caldas,Atlético Huila,1,2,clausura
2023,2023-09-05,Unión Magdalena,Internacional de Bogotá,1,0,clausura
2023,2023-09-06,Alianza FC,Boyacá Chicó FC,1,1,clausura
2023,2023-09-06,Envigado FC,América de Cali,0,0,clausura
2023,2023-09-07,Deportes Tolima,Deportivo Pereira,2,3,clausura
2023,2023-09-07,Deportivo Cali,Independiente Santa Fe,2,2,clausura
2023,2023-09-09,Deportivo Pasto,Jaguares de Córdoba,1,0,clausura
2023,2023-09-09,Internacional de Bogotá,Boyacá Chicó FC,0,0,clausura
2023,2023-09-10,Atlético Junior,Unión Magdalena,7,1,clausura
2023,2023-09-10,Deportivo Pereira,Once Caldas,1,2,clausura
2023,2023-09-10,Independiente Medellín,Atlético Nacional,1,0,clausura
2023,2023-09-11,América de Cali,Deportivo Cali,3,0,clausura
2023,2023-09-11,Envigado FC,Águilas Doradas,2,2,clausura
2023,2023-09-11,Millonarios,Independiente Santa Fe,2,4,clausura
2023,2023-09-12,Atlético Bucaramanga,Alianza FC,0,1,clausura
2023,2023-09-12,Atlético Huila,Deportes Tolima,3,0,clausura
2023,2023-09-13,Boyacá Chicó FC,Independiente Santa Fe,1,1,clausura
2023,2023-09-13,Deportivo Pereira,Deportivo Pasto,2,1,clausura
2023,2023-09-14,Atlético Nacional,Internacional de Bogotá,5,0,clausura
2023,2023-09-14,Deportes Tolima,Independiente Medellín,1,1,clausura
2023,2023-09-14,Jaguares de Córdoba,América de Cali,0,1,clausura
2023,2023-09-14,Águilas Doradas,Unión Magdalena,2,1,clausura
2023,2023-09-15,Alianza FC,Atlético Junior,1,5,clausura
2023,2023-09-15,Deportivo Cali,Atlético Huila,1,0,clausura
2023,2023-09-16,Millonarios,Atlético Bucaramanga,3,0,clausura
2023,2023-09-16,Once Caldas,Envigado FC,0,0,clausura
2023,2023-09-17,América de Cali,Boyacá Chicó FC,5,0,clausura
2023,2023-09-17,Independiente Santa Fe,Alianza FC,0,1,clausura
2023,2023-09-18,Atlético Huila,Águilas Doradas,1,1,clausura
2023,2023-09-18,Atlético Junior,Atlético Nacional,1,1,clausura
2023,2023-09-18,Deportivo Pasto,Deportes Tolima,1,2,clausura
2023,2023-09-18,Envigado FC,Jaguares de Córdoba,1,0,clausura
2023,2023-09-18,Unión Magdalena,Once Caldas,1,1,clausura
2023,2023-09-19,Atlético Bucaramanga,Deportivo Pereira,1,1,clausura
2023,2023-09-19,Independiente Medellín,Millonarios,1,1,clausura
2023,2023-09-20,Boyacá Chicó FC,Atlético Junior,2,1,clausura
2023,2023-09-20,Internacional de Bogotá,Deportivo Cali,1,1,clausura
2023,2023-09-21,Atlético Nacional,Independiente Santa Fe,3,0,clausura
2023,2023-09-21,Deportes Tolima,Envigado FC,2,0,clausura
2023,2023-09-21,Deportivo Pereira,Unión Magdalena,1,2,clausura
2023,2023-09-21,Águilas Doradas,América de Cali,2,2,clausura
2023,2023-09-22,Atlético Bucaramanga,Deportivo Pasto,0,2,clausura
2023,2023-09-22,Jaguares de Córdoba,Alianza FC,0,0,clausura
2023,2023-09-22,Millonarios,Atlético Huila,2,1,clausura
2023,2023-09-23,Boyacá Chicó FC,Águilas Doradas,0,1,clausura
2023,2023-09-23,Deportivo Cali,Independiente Medellín,2,2,clausura
2023,2023-09-23,Once Caldas,Internacional de Bogotá,1,1,clausura
2023,2023-09-24,América de Cali,Atlético Nacional,4,1,clausura
2023,2023-09-25,Atlético Junior,Deportes Tolima,0,1,clausura
2023,2023-09-25,Envigado FC,Millonarios,1,2,clausura
2023,2023-09-25,Independiente Santa Fe,Deportivo Pereira,1,0,clausura
2023,2023-09-25,Internacional de Bogotá,Jaguares de Córdoba,2,0,clausura
2023,2023-09-26,Alianza FC,Once Caldas,2,1,clausura
2023,2023-09-26,Independiente Medellín,Atlético Bucaramanga,2,0,clausura
2023,2023-09-27,Deportivo Pasto,Atlético Huila,1,0,clausura
2023,2023-09-27,Unión Magdalena,Deportivo Cali,3,4,clausura
2023,2023-09-30,Atlético Bucaramanga,Independiente Santa Fe,1,1,clausura
2023,2023-09-30,Deportes Tolima,Boyacá Chicó FC,2,0,clausura
2023,2023-09-30,Jaguares de Córdoba,Atlético Junior,0,0,clausura
2023,2023-10-01,Atlético Nacional,Envigado FC,3,0,clausura
2023,2023-10-01,Deportivo Pereira,América de Cali,2,4,clausura
2023,2023-10-01,Once Caldas,Independiente Medellín,2,2,clausura
2023,2023-10-01,Águilas Doradas,Deportivo Pasto,3,0,clausura
2023,2023-10-02,Deportivo Cali,Alianza FC,1,0,clausura
2023,2023-10-03,Atlético Huila,Internacional de Bogotá,1,1,clausura
2023,2023-10-07,Atlético Junior,Deportivo Cali,3,2,clausura
2023,2023-10-07,Envigado FC,Deportivo Pereira,2,3,clausura
2023,2023-10-07,Jaguares de Córdoba,Deportes Tolima,0,1,clausura
2023,2023-10-08,Independiente Santa Fe,Águilas Doradas,0,5,clausura
2023,2023-10-08,Internacional de Bogotá,Deportivo Pasto,1,0,clausura
2023,2023-10-08,Unión Magdalena,Atlético Nacional,2,1,clausura
2023,2023-10-09,Boyacá Chicó FC,Once Caldas,2,1,clausura
2023,2023-10-09,Independiente Medellín,Atlético Huila,2,0,clausura
2023,2023-10-11,Alianza FC,Atlético Bucaramanga,1,0,clausura
2023,2023-10-12,Deportivo Cali,Deportes Tolima,2,0,clausura
2023,2023-10-12,Deportivo Pereira,Águilas Doradas,0,0,clausura
2023,2023-10-14,Deportivo Pasto,Unión Magdalena,3,1,clausura
2023,2023-10-14,Deportivo Pereira,Internacional de Bogotá,1,0,clausura
2023,2023-10-14,Once Caldas,Jaguares de Córdoba,0,0,clausura
2023,2023-10-15,Atlético Nacional,Independiente Medellín,1,2,clausura
2023,2023-10-15,Millonarios,Atlético Junior,1,0,clausura
2023,2023-10-15,Águilas Doradas,Alianza FC,3,0,clausura
2023,2023-10-16,Deportes Tolima,Independiente Santa Fe,1,0,clausura
2023,2023-10-16,Deportivo Cali,América de Cali,0,0,clausura
2023,2023-10-17,Atlético Bucaramanga,Boyacá Chicó FC,1,0,clausura
2023,2023-10-17,Atlético Huila,Envigado FC,3,3,clausura
2023,2023-10-19,Millonarios,Unión Magdalena,1,1,clausura
2023,2023-10-20,Envigado FC,Deportivo Cali,3,0,clausura
2023,2023-10-21,Independiente Santa Fe,Millonarios,2,3,clausura
2023,2023-10-21,Internacional de Bogotá,Águilas Doradas,1,1,clausura
2023,2023-10-21,Jaguares de Córdoba,Deportivo Pasto,1,0,clausura
2023,2023-10-22,Atlético Junior,Once Caldas,1,0,clausura
2023,2023-10-22,Boyacá Chicó FC,Atlético Nacional,1,3,clausura
2023,2023-10-22,Unión Magdalena,Atlético Bucaramanga,1,2,clausura
2023,2023-10-23,Alianza FC,Deportes Tolima,0,1,clausura
2023,2023-10-23,Independiente Medellín,Deportivo Pereira,1,0,clausura
2023,2023-10-24,América de Cali,Atlético Huila,1,0,clausura
2023,2023-10-25,Atlético Bucaramanga,Internacional de Bogotá,2,3,clausura
2023,2023-10-25,Deportivo Cali,Jaguares de Córdoba,2,0,clausura
2023,2023-10-25,Águilas Doradas,Envigado FC,3,1,clausura
2023,2023-10-26,Deportivo Pasto,Independiente Medellín,0,0,clausura
2023,2023-10-26,Deportivo Pereira,Atlético Junior,0,2,clausura
2023,2023-10-26,Millonarios,Boyacá Chicó FC,1,1,clausura
2023,2023-10-27,Atlético Nacional,Alianza FC,2,0,clausura
2023,2023-10-27,Once Caldas,América de Cali,1,1,clausura
2023,2023-10-28,Atlético Huila,Independiente Santa Fe,2,2,clausura
2023,2023-10-28,Deportes Tolima,Unión Magdalena,2,1,clausura
2023,2023-10-31,América de Cali,Millonarios,1,0,clausura
2023,2023-11-08,Alianza FC,Deportivo Pereira,2,1,clausura
2023,2023-11-08,Atlético Junior,Atlético Huila,2,0,clausura
2023,2023-11-08,Boyacá Chicó FC,Deportivo Cali,1,1,clausura
2023,2023-11-08,Envigado FC,Deportivo Pasto,1,1,clausura
2023,2023-11-08,Independiente Santa Fe,Once Caldas,0,1,clausura
2023,2023-11-09,América de Cali,Atlético Bucaramanga,1,2,clausura
2023,2023-11-09,Atlético Nacional,Deportes Tolima,2,3,clausura
2023,2023-11-09,Internacional de Bogotá,Millonarios,2,1,clausura
2023,2023-11-09,Jaguares de Córdoba,Águilas Doradas,0,1,clausura
2023,2023-11-09,Unión Magdalena,Independiente Medellín,0,4,clausura
2023,2023-11-12,Atlético Nacional,Millonarios,0,1,playoffs---semifinals
2023,2023-11-13,América de Cali,Independiente Medellín,1,2,playoffs---semifinals
2023,2023-11-13,Deportivo Cali,Águilas Doradas,1,1,playoffs---semifinals
2023,2023-11-14,Deportes Tolima,Atlético Junior,3,1,playoffs---semifinals
2023,2023-11-18,Águilas Doradas,Deportes Tolima,0,4,playoffs---semifinals
2023,2023-11-19,Atlético Junior,Deportivo Cali,3,0,playoffs---semifinals
2023,2023-11-19,Millonarios,América de Cali,2,1,playoffs---semifinals
2023,2023-11-20,Independiente Medellín,Atlético Nacional,2,1,playoffs---semifinals
2023,2023-11-25,Deportes Tolima,Deportivo Cali,4,2,playoffs---semifinals
2023,2023-11-26,Atlético Junior,Águilas Doradas,3,1,playoffs---semifinals
2023,2023-11-26,Millonarios,Independiente Medellín,1,0,playoffs---semifinals
2023,2023-11-27,Atlético Nacional,América de Cali,1,0,playoffs---semifinals
2023,2023-11-30,Deportivo Cali,Deportes Tolima,0,2,playoffs---semifinals
2023,2023-11-30,Águilas Doradas,Atlético Junior,1,1,playoffs---semifinals
2023,2023-12-01,América de Cali,Atlético Nacional,0,1,playoffs---semifinals
2023,2023-12-01,Independiente Medellín,Millonarios,2,1,playoffs---semifinals
2023,2023-12-03,Atlético Nacional,Independiente Medellín,0,5,playoffs---semifinals
2023,2023-12-03,Deportes Tolima,Águilas Doradas,0,1,playoffs---semifinals
2023,2023-12-03,Deportivo Cali,Atlético Junior,0,2,playoffs---semifinals
2023,2023-12-04,América de Cali,Millonarios,1,0,playoffs---semifinals
2023,2023-12-07,Atlético Junior,Deportes Tolima,4,2,playoffs---semifinals
2023,2023-12-07,Independiente Medellín,América de Cali,2,1,playoffs---semifinals
2023,2023-12-07,Millonarios,Atlético Nacional,0,1,playoffs---semifinals
2023,2023-12-07,Águilas Doradas,Deportivo Cali,3,1,playoffs---semifinals
2023,2023-12-10,Atlético Junior,Independiente Medellín,3,2,playoffs---finals
2023,2023-12-14,Independiente Medellín,Atlético Junior,2,1,playoffs---finals
2024,2024-01-20,Deportivo Pereira,Deportivo Cali,2,2,apertura
2024,2024-01-20,Once Caldas,Boyacá Chicó FC,2,1,apertura
2024,2024-01-20,Patriotas,Jaguares de Córdoba,0,1,apertura
2024,2024-01-21,América de Cali,Águilas Doradas,0,1,apertura
2024,2024-01-21,Deportes Tolima,Fortaleza CEIF,1,2,apertura
2024,2024-01-21,Millonarios,Independiente Medellín,5,0,apertura
2024,2024-01-22,Atlético Junior,Atlético Bucaramanga,2,0,apertura
2024,2024-01-22,Atlético Nacional,Alianza FC,3,1,apertura
2024,2024-01-23,Deportivo Pasto,Independiente Santa Fe,0,1,apertura
2024,2024-01-23,Internacional de Bogotá,Envigado FC,0,0,apertura
2024,2024-01-26,Fortaleza CEIF,Patriotas,2,0,apertura
2024,2024-01-26,Águilas Doradas,Once Caldas,1,0,apertura
2024,2024-01-27,Alianza FC,Deportivo Cali,3,3,apertura
2024,2024-01-27,Deportivo Pasto,Deportes Tolima,1,4,apertura
2024,2024-01-27,Independiente Santa Fe,Envigado FC,3,1,apertura
2024,2024-01-28,Boyacá Chicó FC,Atlético Junior,2,2,apertura
2024,2024-01-28,Independiente Medellín,Deportivo Pereira,1,0,apertura
2024,2024-01-28,Jaguares de Córdoba,Internacional de Bogotá,0,0,apertura
2024,2024-01-29,América de Cali,Atlético Nacional,4,1,apertura
2024,2024-01-29,Atlético Bucaramanga,Millonarios,0,0,apertura
2024,2024-01-30,Patriotas,Águilas Doradas,0,0,apertura
2024,2024-01-31,Deportivo Cali,Fortaleza CEIF,2,0,apertura
2024,2024-01-31,Deportivo Pereira,Deportivo Pasto,0,1,apertura
2024,2024-01-31,Internacional de Bogotá,Independiente Santa Fe,1,0,apertura
2024,2024-02-01,Deportes Tolima,América de Cali,2,1,apertura
2024,2024-02-01,Envigado FC,Boyacá Chicó FC,2,0,apertura
2024,2024-02-01,Millonarios,Alianza FC,1,1,apertura
2024,2024-02-02,Atlético Junior,Independiente Medellín,3,0,apertura
2024,2024-02-02,Atlético Nacional,Once Caldas,1,1,apertura
2024,2024-02-03,Jaguares de Córdoba,Atlético Bucaramanga,0,1,apertura
2024,2024-02-04,América de Cali,Patriotas,1,0,apertura
2024,2024-02-04,Deportes Tolima,Millonarios,2,0,apertura
2024,2024-02-04,Fortaleza CEIF,Envigado FC,1,1,apertura
2024,2024-02-05,Alianza FC,Atlético Junior,0,1,apertura
2024,2024-02-05,Boyacá Chicó FC,Deportivo Pereira,1,2,apertura
2024,2024-02-05,Águilas Doradas,Atlético Nacional,0,3,apertura
2024,2024-02-06,Deportivo Pasto,Jaguares de Córdoba,1,1,apertura
2024,2024-02-06,Independiente Medellín,Deportivo Cali,1,0,apertura
2024,2024-02-07,Envigado FC,Alianza FC,1,2,apertura
2024,2024-02-07,Independiente Santa Fe,Atlético Bucaramanga,0,1,apertura
2024,2024-02-07,Once Caldas,Internacional de Bogotá,0,0,apertura
2024,2024-02-08,Deportivo Pereira,Fortaleza CEIF,2,0,apertura
2024,2024-02-08,Millonarios,América de Cali,1,0,apertura
2024,2024-02-09,Atlético Junior,Deportivo Pasto,2,0,apertura
2024,2024-02-09,Patriotas,Atlético Nacional,0,0,apertura
2024,2024-02-10,Deportivo Cali,Boyacá Chicó FC,4,0,apertura
2024,2024-02-10,Internacional de Bogotá,Deportes Tolima,1,1,apertura
2024,2024-02-10,Jaguares de Córdoba,Águilas Doradas,1,0,apertura
2024,2024-02-11,Atlético Bucaramanga,Once Caldas,1,1,apertura
2024,2024-02-11,Fortaleza CEIF,Atlético Junior,2,0,apertura
2024,2024-02-11,Independiente Medellín,Independiente Santa Fe,1,1,apertura
2024,2024-02-12,Alianza FC,Deportivo Pereira,1,2,apertura
2024,2024-02-12,Atlético Nacional,Millonarios,0,1,apertura
2024,2024-02-13,Deportivo Pasto,Envigado FC,0,1,apertura
2024,2024-02-14,Independiente Santa Fe,Deportivo Cali,1,0,apertura
2024,2024-02-14,Águilas Doradas,Internacional de Bogotá,1,1,apertura
2024,2024-02-15,Boyacá Chicó FC,Independiente Medellín,3,0,apertura
2024,2024-02-15,Once Caldas,Patriotas,1,0,apertura
2024,2024-02-16,América de Cali,Atlético Bucaramanga,0,0,apertura
2024,2024-02-16,Deportes Tolima,Jaguares de Córdoba,2,0,apertura
2024,2024-02-17,Deportivo Cali,Atlético Nacional,3,2,apertura
2024,2024-02-17,Millonarios,Águilas Doradas,0,1,apertura
2024,2024-02-18,Deportivo Pereira,Independiente Santa Fe,1,0,apertura
2024,2024-02-18,Envigado FC,América de Cali,1,1,apertura
2024,2024-02-18,Independiente Medellín,Fortaleza CEIF,2,2,apertura
2024,2024-02-18,Internacional de Bogotá,Patriotas,1,0,apertura
2024,2024-02-19,Atlético Junior,Deportes Tolima,0,1,apertura
2024,2024-02-19,Boyacá Chicó FC,Alianza FC,1,0,apertura
2024,2024-02-19,Jaguares de Córdoba,Once Caldas,3,0,apertura
2024,2024-02-20,Atlético Bucaramanga,Deportivo Pasto,1,0,apertura
2024,2024-02-22,Deportes Tolima,Atlético Bucaramanga,0,0,apertura
2024,2024-02-22,Independiente Santa Fe,Atlético Junior,3,0,apertura
2024,2024-02-23,América de Cali,Internacional de Bogotá,0,1,apertura
2024,2024-02-23,Fortaleza CEIF,Boyacá Chicó FC,1,1,apertura
2024,2024-02-23,Once Caldas,Deportivo Pereira,1,2,apertura
2024,2024-02-24,Deportivo Pasto,Deportivo Cali,0,1,apertura
2024,2024-02-24,Águilas Doradas,Envigado FC,2,0,apertura
2024,2024-02-25,Alianza FC,Independiente Medellín,2,0,apertura
2024,2024-02-25,Jaguares de Córdoba,América de Cali,1,1,apertura
2024,2024-02-25,Patriotas,Millonarios,1,0,apertura
2024,2024-02-26,Deportivo Pereira,Atlético Junior,3,3,apertura
2024,2024-02-26,Internacional de Bogotá,Atlético Nacional,2,0,apertura
2024,2024-02-27,Boyacá Chicó FC,Independiente Santa Fe,1,2,apertura
2024,2024-02-27,Deportivo Cali,Deportes Tolima,1,2,apertura
2024,2024-02-27,Envigado FC,Patriotas,1,0,apertura
2024,2024-02-28,Fortaleza CEIF,Alianza FC,1,2,apertura
2024,2024-02-28,Millonarios,Once Caldas,0,2,apertura
2024,2024-03-01,Envigado FC,Jaguares de Córdoba,2,2,apertura
2024,2024-03-01,Independiente Medellín,Deportivo Pasto,1,0,apertura
2024,2024-03-02,Boyacá Chicó FC,Deportes Tolima,1,1,apertura
2024,2024-03-02,Deportivo Cali,Once Caldas,0,1,apertura
2024,2024-03-02,Millonarios,Internacional de Bogotá,1,2,apertura
2024,2024-03-03,Atlético Bucaramanga,Patriotas,3,0,apertura
2024,2024-03-03,Atlético Junior,Atlético Nacional,0,0,apertura
2024,2024-03-03,Deportivo Pereira,América de Cali,2,0,apertura
2024,2024-03-04,Alianza FC,Independiente Santa Fe,0,1,apertura
2024,2024-03-04,Independiente Medellín,Águilas Doradas,1,0,apertura
2024,2024-03-05,Deportivo Pasto,Fortaleza CEIF,1,0,apertura
2024,2024-03-09,Deportivo Pasto,Boyacá Chicó FC,2,1,apertura
2024,2024-03-09,Independiente Santa Fe,Fortaleza CEIF,2,0,apertura
2024,2024-03-09,Internacional de Bogotá,Deportivo Cali,2,0,apertura
2024,2024-03-09,Águilas Doradas,Atlético Junior,0,2,apertura
2024,2024-03-10,América de Cali,Alianza FC,2,0,apertura
2024,2024-03-10,Atlético Nacional,Atlético Bucaramanga,0,0,apertura
2024,2024-03-10,Deportes Tolima,Independiente Medellín,2,2,apertura
2024,2024-03-10,Once Caldas,Envigado FC,2,1,apertura
2024,2024-03-11,Jaguares de Córdoba,Millonarios,2,1,apertura
2024,2024-03-11,Patriotas,Deportivo Pereira,0,3,apertura
2024,2024-03-16,Alianza FC,Deportivo Pasto,1,1,apertura
2024,2024-03-16,Atlético Bucaramanga,Internacional de Bogotá,4,0,apertura
2024,2024-03-16,Atlético Junior,Jaguares de Córdoba,3,1,apertura
2024,2024-03-16,Independiente Santa Fe,Deportes Tolima,1,1,apertura
2024,2024-03-17,Boyacá Chicó FC,Atlético Nacional,2,1,apertura
2024,2024-03-17,Deportivo Cali,Patriotas,0,1,apertura
2024,2024-03-17,Envigado FC,Millonarios,1,1,apertura
2024,2024-03-17,Independiente Medellín,Once Caldas,1,2,apertura
2024,2024-03-18,Deportivo Pereira,Águilas Doradas,2,1,apertura
2024,2024-03-18,Fortaleza CEIF,América de Cali,0,0,apertura
2024,2024-03-23,Deportes Tolima,Deportivo Pereira,2,1,apertura
2024,2024-03-23,Internacional de Bogotá,Independiente Medellín,1,2,apertura
2024,2024-03-23,Millonarios,Deportivo Cali,1,1,apertura
2024,2024-03-23,Patriotas,Atlético Junior,1,0,apertura
2024,2024-03-24,América de Cali,Boyacá Chicó FC,3,2,apertura
2024,2024-03-24,Atlético Bucaramanga,Envigado FC,3,1,apertura
2024,2024-03-24,Jaguares de Córdoba,Fortaleza CEIF,0,1,apertura
2024,2024-03-25,Atlético Nacional,Deportivo Pasto,1,0,apertura
2024,2024-03-25,Once Caldas,Alianza FC,1,0,apertura
2024,2024-03-25,Águilas Doradas,Independiente Santa Fe,1,1,apertura
2024,2024-03-27,Atlético Bucaramanga,Águilas Doradas,1,0,apertura
2024,2024-03-28,Atlético Nacional,Jaguares de Córdoba,2,0,apertura
2024,2024-03-28,Millonarios,Independiente Santa Fe,3,1,apertura
2024,2024-03-29,Alianza FC,Deportes Tolima,0,2,apertura
2024,2024-03-30,Atlético Junior,Internacional de Bogotá,1,0,apertura
2024,2024-03-30,Deportivo Pasto,Once Caldas,0,0,apertura
2024,2024-03-30,Envigado FC,Atlético Nacional,0,1,apertura
2024,2024-03-31,Boyacá Chicó FC,Jaguares de Córdoba,1,0,apertura
2024,2024-03-31,Deportivo Pereira,Atlético Bucaramanga,1,2,apertura
2024,2024-03-31,Fortaleza CEIF,Millonarios,1,2,apertura
2024,2024-03-31,Independiente Santa Fe,Patriotas,3,0,apertura
2024,2024-04-01,Deportivo Cali,Águilas Doradas,2,4,apertura
2024,2024-04-01,Independiente Medellín,América de Cali,1,4,apertura
2024,2024-04-05,Envigado FC,Deportivo Pereira,1,1,apertura
2024,2024-04-06,Atlético Nacional,Fortaleza CEIF,1,2,apertura
2024,2024-04-06,Once Caldas,Deportes Tolima,2,1,apertura
2024,2024-04-06,Águilas Doradas,Deportivo Pasto,0,1,apertura
2024,2024-04-07,América de Cali,Atlético Junior,4,1,apertura
2024,2024-04-07,Atlético Bucaramanga,Deportivo Cali,2,1,apertura
2024,2024-04-07,Patriotas,Alianza FC,0,0,apertura
2024,2024-04-08,Internacional de Bogotá,Boyacá Chicó FC,4,0,apertura
2024,2024-04-08,Jaguares de Córdoba,Independiente Medellín,2,2,apertura
2024,2024-04-13,Deportes Tolima,Águilas Doradas,2,1,apertura
2024,2024-04-13,Deportivo Cali,América de Cali,1,1,apertura
2024,2024-04-13,Fortaleza CEIF,Once Caldas,2,0,apertura
2024,2024-04-13,Independiente Santa Fe,Atlético Nacional,0,0,apertura
2024,2024-04-14,Atlético Junior,Envigado FC,1,1,apertura
2024,2024-04-14,Boyacá Chicó FC,Patriotas,1,2,apertura
2024,2024-04-14,Deportivo Pereira,Jaguares de Córdoba,0,0,apertura
2024,2024-04-14,Independiente Medellín,Atlético Bucaramanga,1,0,apertura
2024,2024-04-15,Alianza FC,Internacional de Bogotá,0,3,apertura
2024,2024-04-15,Deportivo Pasto,Millonarios,2,3,apertura
2024,2024-04-16,Envigado FC,Deportes Tolima,0,2,apertura
2024,2024-04-17,Jaguares de Córdoba,Deportivo Cali,1,1,apertura
2024,2024-04-17,Once Caldas,Independiente Santa Fe,0,1,apertura
2024,2024-04-17,Águilas Doradas,Alianza FC,4,0,apertura
2024,2024-04-18,Atlético Nacional,Deportivo Pereira,0,1,apertura
2024,2024-04-18,Internacional de Bogotá,Fortaleza CEIF,0,0,apertura
2024,2024-04-18,Millonarios,Atlético Junior,3,2,apertura
2024,2024-04-19,América de Cali,Deportivo Pasto,0,0,apertura
2024,2024-04-19,Patriotas,Independiente Medellín,2,3,apertura
2024,2024-04-20,Atlético Bucaramanga,Boyacá Chicó FC,2,3,apertura
2024,2024-04-20,Deportivo Pereira,Millonarios,1,2,apertura
2024,2024-04-21,Alianza FC,Jaguares de Córdoba,2,1,apertura
2024,2024-04-21,Atlético Junior,Once Caldas,1,0,apertura
2024,2024-04-21,Deportivo Cali,Envigado FC,2,0,apertura
2024,2024-04-21,Independiente Santa Fe,América de Cali,1,0,apertura
2024,2024-04-22,Deportes Tolima,Patriotas,2,1,apertura
2024,2024-04-22,Fortaleza CEIF,Atlético Bucaramanga,0,2,apertura
2024,2024-04-22,Independiente Medellín,Atlético Nacional,2,2,apertura
2024,2024-04-23,Boyacá Chicó FC,Águilas Doradas,1,2,apertura
2024,2024-04-23,Deportivo Pasto,Internacional de Bogotá,2,3,apertura
2024,2024-04-28,Atlético Bucaramanga,Alianza FC,1,0,apertura
2024,2024-04-28,Atlético Nacional,Deportes Tolima,3,1,apertura
2024,2024-04-28,Deportivo Cali,Atlético Junior,0,0,apertura
2024,2024-04-28,Envigado FC,Independiente Medellín,0,1,apertura
2024,2024-04-28,Internacional de Bogotá,Deportivo Pereira,0,2,apertura
2024,2024-04-28,Jaguares de Córdoba,Independiente Santa Fe,1,0,apertura
2024,2024-04-28,Millonarios,Boyacá Chicó FC,3,0,apertura
2024,2024-04-28,Once Caldas,América de Cali,0,0,apertura
2024,2024-04-28,Patriotas,Deportivo Pasto,0,3,apertura
2024,2024-04-28,Águilas Doradas,Fortaleza CEIF,1,1,apertura
2024,2024-05-04,Deportivo Pereira,Atlético Bucaramanga,1,0,semifinals
2024,2024-05-05,Atlético Junior,Millonarios,2,1,semifinals
2024,2024-05-05,Independiente Santa Fe,Deportes Tolima,1,0,semifinals
2024,2024-05-06,Once Caldas,Internacional de Bogotá,2,0,semifinals
2024,2024-05-11,Atlético Bucaramanga,Atlético Junior,0,0,semifinals
2024,2024-05-12,Internacional de Bogotá,Independiente Santa Fe,0,2,semifinals
2024,2024-05-12,Millonarios,Deportivo Pereira,1,0,semifinals
2024,2024-05-13,Deportes Tolima,Once Caldas,1,1,semifinals
2024,2024-05-18,Internacional de Bogotá,Deportes Tolima,2,3,semifinals
2024,2024-05-19,Atlético Junior,Deportivo Pereira,2,3,semifinals
2024,2024-05-19,Once Caldas,Independiente Santa Fe,0,0,semifinals
2024,2024-05-20,Millonarios,Atlético Bucaramanga,0,1,semifinals
2024,2024-05-23,Atlético Bucaramanga,Millonarios,0,0,semifinals
2024,2024-05-23,Deportivo Pereira,Atlético Junior,0,0,semifinals
2024,2024-05-24,Deportes Tolima,Internacional de Bogotá,3,0,semifinals
2024,2024-05-24,Independiente Santa Fe,Once Caldas,1,0,semifinals
2024,2024-05-25,Deportivo Pereira,Millonarios,2,2,semifinals
2024,2024-05-26,Atlético Junior,Atlético Bucaramanga,1,0,semifinals
2024,2024-05-27,Independiente Santa Fe,Internacional de Bogotá,2,0,semifinals
2024,2024-05-27,Once Caldas,Deportes Tolima,0,1,semifinals
2024,2024-05-31,Internacional de Bogotá,Once Caldas,1,2,semifinals
2024,2024-06-02,Atlético Bucaramanga,Deportivo Pereira,3,1,semifinals
2024,2024-06-02,Millonarios,Atlético Junior,2,0,semifinals
2024,2024-06-03,Deportes Tolima,Independiente Santa Fe,1,2,semifinals
2024,2024-06-09,Atlético Bucaramanga,Independiente Santa Fe,1,0,finals
2024,2024-06-16,Independiente Santa Fe,Atlético Bucaramanga,3,2,finals
2024,2024-07-16,Boyacá Chicó FC,Once Caldas,0,1,clausura
2024,2024-07-16,Envigado FC,Internacional de Bogotá,2,1,clausura
2024,2024-07-17,Deportivo Cali,Deportivo Pereira,0,2,clausura
2024,2024-07-17,Águilas Doradas,América de Cali,1,2,clausura
2024,2024-07-18,Alianza FC,Atlético Nacional,0,2,clausura
2024,2024-07-18,Independiente Santa Fe,Deportivo Pasto,2,1,clausura
2024,2024-07-19,Atlético Bucaramanga,Atlético Junior,1,0,clausura
2024,2024-07-19,Independiente Medellín,Millonarios,1,1,clausura
2024,2024-07-19,Jaguares de Córdoba,Patriotas,0,0,clausura
2024,2024-07-20,Envigado FC,Independiente Santa Fe,0,1,clausura
2024,2024-07-20,Fortaleza CEIF,Deportes Tolima,1,1,clausura
2024,2024-07-21,Atlético Nacional,América de Cali,2,1,clausura
2024,2024-07-21,Millonarios,Atlético Bucaramanga,1,0,clausura
2024,2024-07-21,Once Caldas,Águilas Doradas,1,0,clausura
2024,2024-07-22,Atlético Junior,Boyacá Chicó FC,2,1,clausura
2024,2024-07-23,Deportivo Cali,Alianza FC,1,0,clausura
2024,2024-07-23,Deportivo Pereira,Independiente Medellín,1,1,clausura
2024,2024-07-23,Patriotas,Fortaleza CEIF,0,2,clausura
2024,2024-07-24,Deportes Tolima,Deportivo Pasto,2,1,clausura
2024,2024-07-24,Internacional de Bogotá,Jaguares de Córdoba,1,0,clausura
2024,2024-07-25,América de Cali,Envigado FC,4,0,clausura
2024,2024-07-25,Millonarios,Atlético Nacional,1,2,clausura
2024,2024-07-27,Once Caldas,Atlético Nacional,2,0,clausura
2024,2024-07-28,Alianza FC,Millonarios,2,1,clausura
2024,2024-07-28,Atlético Bucaramanga,Jaguares de Córdoba,0,0,clausura
2024,2024-07-28,Independiente Medellín,Atlético Junior,0,0,clausura
2024,2024-07-28,Independiente Santa Fe,Internacional de Bogotá,0,1,clausura
2024,2024-07-30,Deportivo Pasto,Deportivo Pereira,2,0,clausura
2024,2024-07-30,Fortaleza CEIF,Deportivo Cali,2,1,clausura
2024,2024-07-31,Atlético Nacional,Internacional de Bogotá,0,1,clausura
2024,2024-07-31,Águilas Doradas,Patriotas,3,2,clausura
2024,2024-08-01,Independiente Medellín,Boyacá Chicó FC,1,0,clausura
2024,2024-08-03,Envigado FC,Fortaleza CEIF,0,1,clausura
2024,2024-08-03,Jaguares de Córdoba,Deportivo Pasto,0,0,clausura
2024,2024-08-03,Millonarios,Deportes Tolima,1,0,clausura
2024,2024-08-04,Atlético Junior,Alianza FC,2,2,clausura
2024,2024-08-04,Internacional de Bogotá,Once Caldas,1,1,clausura
2024,2024-08-04,Patriotas,América de Cali,1,1,clausura
2024,2024-08-05,Deportivo Cali,Independiente Medellín,2,0,clausura
2024,2024-08-06,Atlético Nacional,Águilas Doradas,1,1,clausura
2024,2024-08-07,Deportivo Pereira,Boyacá Chicó FC,1,0,clausura
2024,2024-08-08,Atlético Bucaramanga,Independiente Santa Fe,0,1,clausura
2024,2024-08-10,Atlético Nacional,Patriotas,3,1,clausura
2024,2024-08-10,Deportes Tolima,Internacional de Bogotá,5,1,clausura
2024,2024-08-11,Boyacá Chicó FC,Deportivo Cali,1,0,clausura
2024,2024-08-11,Once Caldas,Atlético Bucaramanga,2,1,clausura
2024,2024-08-12,Alianza FC,Envigado FC,1,1,clausura
2024,2024-08-13,Fortaleza CEIF,Deportivo Pereira,1,0,clausura
2024,2024-08-14,Águilas Doradas,Jaguares de Córdoba,1,0,clausura
2024,2024-08-18,Atlético Bucaramanga,América de Cali,1,2,clausura
2024,2024-08-18,Atlético Junior,Fortaleza CEIF,2,1,clausura
2024,2024-08-18,Internacional de Bogotá,Águilas Doradas,0,0,clausura
2024,2024-08-19,Boyacá Chicó FC,Envigado FC,0,0,clausura
2024,2024-08-19,Patriotas,Once Caldas,3,1,clausura
2024,2024-08-20,Jaguares de Córdoba,Deportes Tolima,0,2,clausura
2024,2024-08-21,Deportivo Cali,Independiente Santa Fe,1,3,clausura
2024,2024-08-24,Alianza FC,Boyacá Chicó FC,4,0,clausura
2024,2024-08-24,Deportivo Pasto,Atlético Bucaramanga,1,2,clausura
2024,2024-08-24,Patriotas,Internacional de Bogotá,0,0,clausura
2024,2024-08-25,Deportes Tolima,Atlético Junior,0,1,clausura
2024,2024-08-25,Águilas Doradas,Millonarios,2,1,clausura
2024,2024-08-26,Once Caldas,Jaguares de Córdoba,2,0,clausura
2024,2024-08-27,Fortaleza CEIF,Independiente Medellín,2,2,clausura
2024,2024-08-29,Deportivo Pasto,Atlético Junior,1,0,clausura
2024,2024-08-31,Jaguares de Córdoba,Atlético Nacional,0,2,clausura
2024,2024-09-01,Atlético Bucaramanga,Deportes Tolima,0,2,clausura
2024,2024-09-01,Boyacá Chicó FC,Fortaleza CEIF,2,2,clausura
2024,2024-09-01,Millonarios,Patriotas,3,0,clausura
2024,2024-09-02,Atlético Junior,Independiente Santa Fe,1,1,clausura
2024,2024-09-03,Deportivo Cali,Deportivo Pasto,0,3,clausura
2024,2024-09-04,Deportivo Pereira,Once Caldas,0,1,clausura
2024,2024-09-07,América de Cali,Jaguares de Córdoba,1,0,clausura
2024,2024-09-07,Patriotas,Envigado FC,2,0,clausura
2024,2024-09-08,Alianza FC,Fortaleza CEIF,1,1,clausura
2024,2024-09-08,Deportes Tolima,Deportivo Cali,1,1,clausura
2024,2024-09-08,Once Caldas,Millonarios,1,1,clausura
2024,2024-09-09,Deportivo Pasto,Independiente Medellín,1,0,clausura
2024,2024-09-12,América de Cali,Deportes Tolima,1,0,clausura
2024,2024-09-13,Deportivo Pereira,Alianza FC,1,0,clausura
2024,2024-09-13,Patriotas,Atlético Bucaramanga,1,2,clausura
2024,2024-09-14,Jaguares de Córdoba,Envigado FC,2,1,clausura
2024,2024-09-14,Once Caldas,Deportivo Cali,4,1,clausura
2024,2024-09-15,Deportes Tolima,Boyacá Chicó FC,2,1,clausura
2024,2024-09-15,Fortaleza CEIF,Deportivo Pasto,0,0,clausura
2024,2024-09-15,Águilas Doradas,Independiente Medellín,1,1,clausura
2024,2024-09-16,América de Cali,Deportivo Pereira,1,0,clausura
2024,2024-09-16,Internacional de Bogotá,Millonarios,1,3,clausura
2024,2024-09-21,Deportivo Cali,Internacional de Bogotá,1,1,clausura
2024,2024-09-21,Deportivo Pereira,Patriotas,0,1,clausura
2024,2024-09-21,Envigado FC,Once Caldas,0,1,clausura
2024,2024-09-22,Boyacá Chicó FC,Deportivo Pasto,1,0,clausura
2024,2024-09-22,Fortaleza CEIF,Independiente Santa Fe,1,3,clausura
2024,2024-09-22,Independiente Medellín,Deportes Tolima,0,1,clausura
2024,2024-09-23,Alianza FC,América de Cali,0,1,clausura
2024,2024-09-23,Atlético Junior,Águilas Doradas,3,4,clausura
2024,2024-09-24,Atlético Bucaramanga,Atlético Nacional,1,0,clausura
2024,2024-09-26,Millonarios,Jaguares de Córdoba,0,0,clausura
2024,2024-09-27,Atlético Nacional,Atlético Junior,0,3,clausura
2024,2024-09-27,Independiente Santa Fe,Alianza FC,2,0,clausura
2024,2024-09-27,Águilas Doradas,Deportivo Pereira,1,1,clausura
2024,2024-09-28,Internacional de Bogotá,Atlético Bucaramanga,0,1,clausura
2024,2024-09-28,Once Caldas,Independiente Medellín,0,2,clausura
2024,2024-09-29,América de Cali,Fortaleza CEIF,1,1,clausura
2024,2024-09-29,Atlético Nacional,Boyacá Chicó FC,6,2,clausura
2024,2024-09-29,Jaguares de Córdoba,Atlético Junior,1,1,clausura
2024,2024-09-29,Millonarios,Envigado FC,3,0,clausura
2024,2024-09-30,Deportes Tolima,Independiente Santa Fe,0,0,clausura
2024,2024-09-30,Deportivo Pasto,Alianza FC,1,0,clausura
2024,2024-09-30,Patriotas,Deportivo Cali,2,2,clausura
2024,2024-10-04,Independiente Santa Fe,Deportivo Pereira,1,1,clausura
2024,2024-10-05,Boyacá Chicó FC,América de Cali,0,2,clausura
2024,2024-10-05,Deportivo Cali,Millonarios,0,1,clausura
2024,2024-10-05,Envigado FC,Atlético Bucaramanga,0,0,clausura
2024,2024-10-06,Alianza FC,Once Caldas,1,0,clausura
2024,2024-10-06,Deportivo Pasto,Atlético Nacional,1,2,clausura
2024,2024-10-06,Independiente Medellín,Internacional de Bogotá,0,0,clausura
2024,2024-10-06,Independiente Santa Fe,Águilas Doradas,0,0,clausura
2024,2024-10-07,Atlético Junior,Patriotas,2,1,clausura
2024,2024-10-08,Deportivo Pereira,Deportes Tolima,1,0,clausura
2024,2024-10-08,Fortaleza CEIF,Jaguares de Córdoba,3,1,clausura
2024,2024-10-09,Envigado FC,Deportivo Pasto,0,1,clausura
2024,2024-10-10,Atlético Nacional,Deportivo Cali,1,1,clausura
2024,2024-10-11,Independiente Medellín,Alianza FC,2,0,clausura
2024,2024-10-11,Independiente Santa Fe,Boyacá Chicó FC,3,1,clausura
2024,2024-10-12,América de Cali,Millonarios,2,1,clausura
2024,2024-10-12,Internacional de Bogotá,Atlético Junior,1,0,clausura
2024,2024-10-13,Atlético Bucaramanga,Deportivo Pereira,1,1,clausura
2024,2024-10-14,Once Caldas,Deportivo Pasto,2,1,clausura
2024,2024-10-14,Patriotas,Independiente Santa Fe,1,2,clausura
2024,2024-10-14,Águilas Doradas,Deportivo Cali,1,1,clausura
2024,2024-10-15,América de Cali,Independiente Medellín,1,0,clausura
2024,2024-10-15,Atlético Nacional,Envigado FC,2,1,clausura
2024,2024-10-15,Jaguares de Córdoba,Boyacá Chicó FC,1,0,clausura
2024,2024-10-17,Millonarios,Fortaleza CEIF,2,1,clausura
2024,2024-10-19,Independiente Santa Fe,Independiente Medellín,1,1,clausura
2024,2024-10-20,Atlético Junior,Deportivo Pereira,3,1,clausura
2024,2024-10-20,Deportes Tolima,Alianza FC,2,0,clausura
2024,2024-10-20,Internacional de Bogotá,América de Cali,2,2,clausura
2024,2024-10-21,Águilas Doradas,Atlético Bucaramanga,1,3,clausura
2024,2024-10-24,Envigado FC,Águilas Doradas,3,0,clausura
2024,2024-10-26,Alianza FC,Patriotas,1,1,clausura
2024,2024-10-26,Deportes Tolima,Once Caldas,1,1,clausura
2024,2024-10-27,Deportivo Cali,Atlético Bucaramanga,1,0,clausura
2024,2024-10-27,Fortaleza CEIF,Atlético Nacional,0,1,clausura
2024,2024-10-27,Independiente Santa Fe,Millonarios,0,1,clausura
2024,2024-10-28,Atlético Junior,América de Cali,3,1,clausura
2024,2024-10-29,Boyacá Chicó FC,Internacional de Bogotá,1,0,clausura
2024,2024-10-29,Independiente Medellín,Jaguares de Córdoba,4,1,clausura
2024,2024-10-30,Deportivo Pasto,Águilas Doradas,3,1,clausura
2024,2024-10-30,Deportivo Pereira,Envigado FC,2,0,clausura
2024,2024-11-01,Jaguares de Córdoba,Deportivo Pereira,1,2,clausura
2024,2024-11-02,Envigado FC,Atlético Junior,0,0,clausura
2024,2024-11-02,Internacional de Bogotá,Alianza FC,3,2,clausura
2024,2024-11-02,Once Caldas,Fortaleza CEIF,0,2,clausura
2024,2024-11-03,América de Cali,Deportivo Cali,0,1,clausura
2024,2024-11-03,Patriotas,Boyacá Chicó FC,3,0,clausura
2024,2024-11-03,Águilas Doradas,Deportes Tolima,0,1,clausura
2024,2024-11-04,Atlético Bucaramanga,Independiente Medellín,2,3,clausura
2024,2024-11-04,Millonarios,Deportivo Pasto,1,0,clausura
2024,2024-11-05,Atlético Nacional,Independiente Santa Fe,1,1,clausura
2024,2024-11-06,Alianza FC,Águilas Doradas,3,0,clausura
2024,2024-11-06,Boyacá Chicó FC,Atlético Bucaramanga,1,1,clausura
2024,2024-11-06,Fortaleza CEIF,Internacional de Bogotá,2,1,clausura
2024,2024-11-07,Atlético Junior,Millonarios,0,0,clausura
2024,2024-11-07,Deportes Tolima,Envigado FC,3,0,clausura
2024,2024-11-07,Deportivo Cali,Jaguares de Córdoba,1,2,clausura
2024,2024-11-07,Independiente Medellín,Patriotas,3,0,clausura
2024,2024-11-08,Deportivo Pasto,América de Cali,3,1,clausura
2024,2024-11-08,Deportivo Pereira,Atlético Nacional,1,1,clausura
2024,2024-11-09,Independiente Santa Fe,Once Caldas,2,1,clausura
2024,2024-11-10,Atlético Bucaramanga,Fortaleza CEIF,1,0,clausura
2024,2024-11-10,Envigado FC,Deportivo Cali,1,0,clausura
2024,2024-11-10,Jaguares de Córdoba,Alianza FC,0,0,clausura
2024,2024-11-10,Patriotas,Deportes Tolima,2,1,clausura
2024,2024-11-11,Atlético Nacional,Independiente Medellín,1,1,clausura
2024,2024-11-11,Internacional de Bogotá,Deportivo Pasto,2,2,clausura
2024,2024-11-11,Millonarios,Deportivo Pereira,0,0,clausura
2024,2024-11-11,Águilas Doradas,Boyacá Chicó FC,0,1,clausura
2024,2024-11-12,América de Cali,Independiente Santa Fe,0,0,clausura
2024,2024-11-12,Once Caldas,Atlético Junior,0,0,clausura
2024,2024-11-15,Alianza FC,Atlético Bucaramanga,0,4,clausura
2024,2024-11-15,América de Cali,Once Caldas,3,0,clausura
2024,2024-11-15,Atlético Junior,Deportivo Cali,3,0,clausura
2024,2024-11-15,Boyacá Chicó FC,Millonarios,1,5,clausura
2024,2024-11-15,Deportes Tolima,Atlético Nacional,1,0,clausura
2024,2024-11-15,Deportivo Pasto,Patriotas,3,2,clausura
2024,2024-11-15,Deportivo Pereira,Internacional de Bogotá,4,3,clausura
2024,2024-11-15,Fortaleza CEIF,Águilas Doradas,0,1,clausura
2024,2024-11-15,Independiente Medellín,Envigado FC,1,0,clausura
2024,2024-11-15,Independiente Santa Fe,Jaguares de Córdoba,3,0,clausura
2024,2024-11-21,Atlético Nacional,Independiente Santa Fe,5,0,playoffs---semifinals
2024,2024-11-21,Millonarios,Deportivo Pasto,2,1,playoffs---semifinals
2024,2024-11-22,Atlético Junior,América de Cali,1,0,playoffs---semifinals
2024,2024-11-22,Once Caldas,Deportes Tolima,0,0,playoffs---semifinals
2024,2024-11-24,América de Cali,Once Caldas,1,1,playoffs---semifinals
2024,2024-11-24,Deportivo Pasto,Atlético Nacional,0,1,playoffs---semifinals
2024,2024-11-25,Deportes Tolima,Atlético Junior,1,0,playoffs---semifinals
2024,2024-11-27,Independiente Santa Fe,Millonarios,0,1,playoffs---semifinals
2024,2024-11-28,Deportes Tolima,América de Cali,1,0,playoffs---semifinals
2024,2024-11-28,Once Caldas,Atlético Junior,2,2,playoffs---semifinals
2024,2024-11-30,Deportivo Pasto,Independiente Santa Fe,1,0,playoffs---semifinals
2024,2024-11-30,Millonarios,Atlético Nacional,2,1,playoffs---semifinals
2024,2024-12-01,América de Cali,Deportes Tolima,4,2,playoffs---semifinals
2024,2024-12-02,Atlético Junior,Once Caldas,1,2,playoffs---semifinals
2024,2024-12-03,Atlético Nacional,Millonarios,1,1,playoffs---semifinals
2024,2024-12-03,Independiente Santa Fe,Deportivo Pasto,1,2,playoffs---semifinals
2024,2024-12-05,Atlético Junior,Deportes Tolima,3,2,playoffs---semifinals
2024,2024-12-05,Once Caldas,América de Cali,3,0,playoffs---semifinals
2024,2024-12-06,Atlético Nacional,Deportivo Pasto,2,1,playoffs---semifinals
2024,2024-12-06,Millonarios,Independiente Santa Fe,1,1,playoffs---semifinals
2024,2024-12-08,América de Cali,Atlético Junior,1,0,playoffs---semifinals
2024,2024-12-08,Deportes Tolima,Once Caldas,1,0,playoffs---semifinals
2024,2024-12-09,Deportivo Pasto,Millonarios,0,0,playoffs---semifinals
2024,2024-12-09,Independiente Santa Fe,Atlético Nacional,0,3,playoffs---semifinals
2024,2024-12-19,Deportes Tolima,Atlético Nacional,1,1,playoffs---finals
2024,2024-12-23,Atlético Nacional,Deportes Tolima,2,0,playoffs---finals
2025,2025-01-25,América de Cali,Llaneros FC,4,3,apertura
2025,2025-01-25,Boyacá Chicó FC,Atlético Bucaramanga,1,0,apertura
2025,2025-01-26,Atlético Junior,Deportivo Cali,0,0,apertura
2025,2025-01-26,Atlético Nacional,Once Caldas,4,0,apertura
2025,2025-01-26,Independiente Santa Fe,Deportivo Pereira,2,1,apertura
2025,2025-01-27,Alianza FC,Independiente Medellín,1,1,apertura
2025,2025-01-28,Deportes Tolima,Deportivo Pasto,2,0,apertura
2025,2025-01-28,Águilas Doradas,Internacional de Bogotá,1,1,apertura
2025,2025-01-29,Fortaleza CEIF,Envigado FC,0,0,apertura
2025,2025-02-01,Deportivo Pasto,Millonarios,0,1,apertura
2025,2025-02-01,Independiente Santa Fe,Deportes Tolima,0,0,apertura
2025,2025-02-01,Once Caldas,Fortaleza CEIF,2,1,apertura
2025,2025-02-02,Atlético Junior,Águilas Doradas,2,2,apertura
2025,2025-02-02,Deportivo Cali,Envigado FC,1,0,apertura
2025,2025-02-02,Internacional de Bogotá,Atlético Nacional,0,1,apertura
2025,2025-02-03,Atlético Bucaramanga,América de Cali,0,4,apertura
2025,2025-02-03,Independiente Medellín,Boyacá Chicó FC,3,0,apertura
2025,2025-02-04,Deportivo Pereira,Alianza FC,0,0,apertura
2025,2025-02-04,Llaneros FC,Unión Magdalena,2,0,apertura
2025,2025-02-08,América de Cali,Deportivo Pasto,1,1,apertura
2025,2025-02-08,Boyacá Chicó FC,Llaneros FC,2,2,apertura
2025,2025-02-08,Deportes Tolima,Alianza FC,3,1,apertura
2025,2025-02-08,Águilas Doradas,Independiente Santa Fe,0,0,apertura
2025,2025-02-09,Envigado FC,Independiente Medellín,0,1,apertura
2025,2025-02-09,Millonarios,Internacional de Bogotá,2,1,apertura
2025,2025-02-09,Once Caldas,Atlético Bucaramanga,2,1,apertura
2025,2025-02-09,Unión Magdalena,Atlético Junior,0,0,apertura
2025,2025-02-10,Atlético Nacional,Deportivo Pereira,3,0,apertura
2025,2025-02-10,Fortaleza CEIF,Deportivo Cali,1,0,apertura
2025,2025-02-12,Deportivo Pasto,Boyacá Chicó FC,3,0,apertura
2025,2025-02-12,Llaneros FC,Millonarios,2,2,apertura
2025,2025-02-13,Independiente Medellín,Unión Magdalena,1,1,apertura
2025,2025-02-13,Independiente Santa Fe,Atlético Nacional,2,2,apertura
2025,2025-02-13,Internacional de Bogotá,Envigado FC,2,3,apertura
2025,2025-02-14,Atlético Junior,Once Caldas,2,0,apertura
2025,2025-02-14,Deportivo Pereira,Deportes Tolima,0,0,apertura
2025,2025-02-15,América de Cali,Independiente Santa Fe,2,0,apertura
2025,2025-02-15,Deportivo Cali,Atlético Bucaramanga,0,0,apertura
2025,2025-02-16,Millonarios,Independiente Medellín,0,1,apertura
2025,2025-02-16,Unión Magdalena,Internacional de Bogotá,0,0,apertura
2025,2025-02-17,Envigado FC,Deportivo Pasto,0,1,apertura
2025,2025-02-18,Atlético Bucaramanga,Alianza FC,0,0,apertura
2025,2025-02-18,Fortaleza CEIF,Águilas Doradas,2,1,apertura
2025,2025-02-19,Boyacá Chicó FC,Atlético Junior,0,2,apertura
2025,2025-02-19,Llaneros FC,Deportivo Cali,0,1,apertura
2025,2025-02-20,Once Caldas,Deportivo Pereira,3,1,apertura
2025,2025-02-21,Unión Magdalena,Millonarios,1,3,apertura
2025,2025-02-22,Internacional de Bogotá,Boyacá Chicó FC,0,1,apertura
2025,2025-02-23,Alianza FC,Atlético Nacional,3,2,apertura
2025,2025-02-23,Deportivo Pereira,Fortaleza CEIF,2,0,apertura
2025,2025-02-23,Águilas Doradas,Once Caldas,0,1,apertura
2025,2025-02-24,Deportes Tolima,América de Cali,0,0,apertura
2025,2025-02-24,Deportivo Cali,Millonarios,3,1,apertura
2025,2025-02-25,Atlético Junior,Envigado FC,1,2,apertura
2025,2025-02-26,Deportivo Pasto,Unión Magdalena,2,1,apertura
2025,2025-02-28,Envigado FC,Independiente Santa Fe,1,7,apertura
2025,2025-02-28,Independiente Medellín,Llaneros FC,3,0,apertura
2025,2025-03-01,Atlético Bucaramanga,Atlético Junior,1,1,apertura
2025,2025-03-01,Boyacá Chicó FC,Águilas Doradas,1,1,apertura
2025,2025-03-02,América de Cali,Deportivo Pereira,2,0,apertura
2025,2025-03-02,Millonarios,Deportes Tolima,2,0,apertura
2025,2025-03-02,Once Caldas,Alianza FC,1,2,apertura
2025,2025-03-03,Unión Magdalena,Deportivo Cali,2,2,apertura
2025,2025-03-04,Independiente Medellín,Deportivo Pasto,1,0,apertura
2025,2025-03-05,Fortaleza CEIF,Atlético Nacional,1,5,apertura
2025,2025-03-05,Llaneros FC,Internacional de Bogotá,1,0,apertura
2025,2025-03-08,Alianza FC,Unión Magdalena,1,0,apertura
2025,2025-03-08,Deportivo Pereira,Envigado FC,2,0,apertura
2025,2025-03-08,Águilas Doradas,Atlético Bucaramanga,0,1,apertura
2025,2025-03-09,Atlético Junior,Millonarios,2,1,apertura
2025,2025-03-09,Deportivo Pasto,Llaneros FC,1,0,apertura
2025,2025-03-09,Independiente Santa Fe,Fortaleza CEIF,2,0,apertura
2025,2025-03-09,Internacional de Bogotá,Independiente Medellín,0,0,apertura
2025,2025-03-10,Atlético Nacional,América de Cali,1,0,apertura
2025,2025-03-11,Deportes Tolima,Once Caldas,2,0,apertura
2025,2025-03-11,Deportivo Cali,Boyacá Chicó FC,0,0,apertura
2025,2025-03-15,Atlético Bucaramanga,Deportivo Pereira,0,1,apertura
2025,2025-03-15,Deportivo Pasto,Internacional de Bogotá,2,1,apertura
2025,2025-03-15,Envigado FC,Atlético Nacional,0,0,apertura
2025,2025-03-15,Fortaleza CEIF,Deportes Tolima,1,1,apertura
2025,2025-03-16,América de Cali,Alianza FC,3,0,apertura
2025,2025-03-16,Millonarios,Águilas Doradas,1,0,apertura
2025,2025-03-16,Once Caldas,Independiente Santa Fe,0,1,apertura
2025,2025-03-16,Unión Magdalena,Boyacá Chicó FC,1,1,apertura
2025,2025-03-17,Independiente Medellín,Deportivo Cali,0,0,apertura
2025,2025-03-17,Llaneros FC,Atlético Junior,0,1,apertura
2025,2025-03-20,Atlético Nacional,Deportes Tolima,4,3,apertura
2025,2025-03-20,Independiente Santa Fe,Atlético Bucaramanga,1,1,apertura
2025,2025-03-22,Boyacá Chicó FC,Deportivo Pasto,0,0,apertura
2025,2025-03-22,Internacional de Bogotá,Fortaleza CEIF,1,1,apertura
2025,2025-03-23,Alianza FC,Atlético Bucaramanga,1,2,apertura
2025,2025-03-23,Atlético Nacional,Independiente Medellín,1,1,apertura
2025,2025-03-23,Deportivo Pereira,Once Caldas,1,1,apertura
2025,2025-03-23,Independiente Santa Fe,Millonarios,3,2,apertura
2025,2025-03-24,Deportes Tolima,Llaneros FC,1,0,apertura
2025,2025-03-24,Águilas Doradas,Envigado FC,1,0,apertura
2025,2025-03-25,Deportivo Cali,América de Cali,1,1,apertura
2025,2025-03-26,Alianza FC,Fortaleza CEIF,0,0,apertura
2025,2025-03-27,Atlético Junior,Unión Magdalena,2,1,apertura
2025,2025-03-27,Millonarios,Independiente Santa Fe,2,0,apertura
2025,2025-03-28,América de Cali,Boyacá Chicó FC,3,0,apertura
2025,2025-03-28,Once Caldas,Llaneros FC,1,0,apertura
2025,2025-03-29,Atlético Bucaramanga,Atlético Nacional,2,0,apertura
2025,2025-03-30,Deportivo Pasto,Deportivo Cali,1,1,apertura
2025,2025-03-30,Independiente Medellín,Águilas Doradas,0,0,apertura
2025,2025-03-30,Millonarios,Alianza FC,2,0,apertura
2025,2025-03-30,Unión Magdalena,Independiente Santa Fe,0,1,apertura
2025,2025-03-31,América de Cali,Fortaleza CEIF,1,0,apertura
2025,2025-04-01,Internacional de Bogotá,Atlético Junior,0,1,apertura
2025,2025-04-02,Boyacá Chicó FC,Deportes Tolima,1,4,apertura
2025,2025-04-02,Llaneros FC,Deportivo Pereira,2,1,apertura
2025,2025-04-04,Alianza FC,Envigado FC,1,2,apertura
2025,2025-04-05,Atlético Nacional,Unión Magdalena,1,0,apertura
2025,2025-04-05,Deportivo Cali,Internacional de Bogotá,3,1,apertura
2025,2025-04-05,Independiente Santa Fe,Deportivo Pasto,1,1,apertura
2025,2025-04-06,Deportes Tolima,Atlético Bucaramanga,2,1,apertura
2025,2025-04-06,Deportivo Pereira,Boyacá Chicó FC,1,1,apertura
2025,2025-04-06,Fortaleza CEIF,Millonarios,0,2,apertura
2025,2025-04-06,Once Caldas,América de Cali,3,0,apertura
2025,2025-04-07,Atlético Junior,Independiente Medellín,1,0,apertura
2025,2025-04-07,Águilas Doradas,Llaneros FC,1,2,apertura
2025,2025-04-11,Internacional de Bogotá,Independiente Santa Fe,2,1,apertura
2025,2025-04-12,Deportivo Cali,Águilas Doradas,0,0,apertura
2025,2025-04-12,Envigado FC,América de Cali,1,1,apertura
2025,2025-04-12,Llaneros FC,Alianza FC,0,1,apertura
2025,2025-04-12,Unión Magdalena,Deportivo Pereira,2,2,apertura
2025,2025-04-13,Boyacá Chicó FC,Once Caldas,0,0,apertura
2025,2025-04-13,Deportivo Pasto,Atlético Junior,3,3,apertura
2025,2025-04-14,Atlético Bucaramanga,Fortaleza CEIF,4,0,apertura
2025,2025-04-14,Millonarios,Atlético Nacional,0,0,apertura
2025,2025-04-15,Alianza FC,Deportivo Pasto,1,0,apertura
2025,2025-04-15,Independiente Santa Fe,Independiente Medellín,1,2,apertura
2025,2025-04-16,Deportes Tolima,Atlético Junior,0,0,apertura
2025,2025-04-16,Deportivo Pereira,Deportivo Cali,2,0,apertura
2025,2025-04-16,Once Caldas,Internacional de Bogotá,3,0,apertura
2025,2025-04-16,Águilas Doradas,Unión Magdalena,1,1,apertura
2025,2025-04-17,América de Cali,Millonarios,0,0,apertura
2025,2025-04-17,Atlético Bucaramanga,Envigado FC,1,0,apertura
2025,2025-04-17,Atlético Nacional,Boyacá Chicó FC,4,1,apertura
2025,2025-04-18,Fortaleza CEIF,Llaneros FC,1,0,apertura
2025,2025-04-19,Internacional de Bogotá,América de Cali,2,0,apertura
2025,2025-04-20,Atlético Junior,Alianza FC,2,0,apertura
2025,2025-04-20,Envigado FC,Deportes Tolima,3,1,apertura
2025,2025-04-20,Independiente Medellín,Once Caldas,2,0,apertura
2025,2025-04-20,Unión Magdalena,Atlético Bucaramanga,1,1,apertura
2025,2025-04-21,Deportivo Cali,Atlético Nacional,1,0,apertura
2025,2025-04-22,Boyacá Chicó FC,Fortaleza CEIF,0,2,apertura
2025,2025-04-22,Deportivo Pasto,Águilas Doradas,1,0,apertura
2025,2025-04-26,Alianza FC,Águilas Doradas,0,0,apertura
2025,2025-04-26,Envigado FC,Unión Magdalena,2,1,apertura
2025,2025-04-27,Deportes Tolima,Internacional de Bogotá,2,1,apertura
2025,2025-04-27,Deportivo Pereira,Atlético Junior,1,0,apertura
2025,2025-04-27,Fortaleza CEIF,Independiente Medellín,0,0,apertura
2025,2025-04-27,Independiente Santa Fe,Boyacá Chicó FC,0,0,apertura
2025,2025-04-28,América de Cali,Deportivo Cali,2,0,apertura
2025,2025-04-28,Atlético Bucaramanga,Millonarios,0,2,apertura
2025,2025-04-30,Atlético Nacional,Deportivo Pasto,3,0,apertura
2025,2025-05-01,Envigado FC,Once Caldas,1,2,apertura
2025,2025-05-01,Llaneros FC,Independiente Santa Fe,0,1,apertura
2025,2025-05-01,Águilas Doradas,América de Cali,0,1,apertura
2025,2025-05-03,Internacional de Bogotá,Alianza FC,0,2,apertura
2025,2025-05-03,Llaneros FC,Atlético Bucaramanga,2,1,apertura
2025,2025-05-04,Atlético Junior,América de Cali,0,0,apertura
2025,2025-05-04,Deportivo Cali,Deportes Tolima,1,1,apertura
2025,2025-05-04,Deportivo Pasto,Fortaleza CEIF,1,0,apertura
2025,2025-05-04,Independiente Medellín,Atlético Nacional,1,1,apertura
2025,2025-05-05,Águilas Doradas,Deportivo Pereira,3,3,apertura
2025,2025-05-06,Boyacá Chicó FC,Envigado FC,1,0,apertura
2025,2025-05-09,Millonarios,Deportivo Pereira,0,0,apertura
2025,2025-05-10,Atlético Bucaramanga,Independiente Medellín,2,0,apertura
2025,2025-05-10,Deportes Tolima,Unión Magdalena,3,1,apertura
2025,2025-05-10,Envigado FC,Águilas Doradas,0,2,apertura
2025,2025-05-10,Fortaleza CEIF,Internacional de Bogotá,4,0,apertura
2025,2025-05-11,Alianza FC,Deportivo Cali,2,0,apertura
2025,2025-05-11,Independiente Santa Fe,Atlético Junior,2,1,apertura
2025,2025-05-12,Atlético Nacional,Llaneros FC,2,1,apertura
2025,2025-05-12,Once Caldas,Millonarios,2,2,apertura
2025,2025-05-14,Deportivo Pereira,Deportivo Pasto,1,0,apertura
2025,2025-05-16,Independiente Medellín,Deportes Tolima,0,1,apertura
2025,2025-05-17,Atlético Junior,Fortaleza CEIF,2,1,apertura
2025,2025-05-17,Internacional de Bogotá,Atlético Bucaramanga,1,4,apertura
2025,2025-05-17,Millonarios,Envigado FC,1,0,apertura
2025,2025-05-18,Boyacá Chicó FC,Alianza FC,2,1,apertura
2025,2025-05-18,Deportivo Cali,Independiente Santa Fe,0,2,apertura
2025,2025-05-18,Águilas Doradas,Atlético Nacional,2,1,apertura
2025,2025-05-19,Deportivo Pasto,Once Caldas,2,1,apertura
2025,2025-05-19,Unión Magdalena,América de Cali,0,2,apertura
2025,2025-05-20,Independiente Medellín,Deportivo Pereira,2,0,apertura
2025,2025-05-20,Llaneros FC,Deportes Tolima,1,3,apertura
2025,2025-05-24,Deportivo Pereira,Internacional de Bogotá,3,0,apertura
2025,2025-05-24,Envigado FC,Llaneros FC,1,2,apertura
2025,2025-05-24,Fortaleza CEIF,Unión Magdalena,0,1,apertura
2025,2025-05-25,Alianza FC,Independiente Santa Fe,6,1,apertura
2025,2025-05-25,América de Cali,Independiente Medellín,2,0,apertura
2025,2025-05-25,Atlético Bucaramanga,Deportivo Pasto,2,1,apertura
2025,2025-05-25,Atlético Nacional,Atlético Junior,2,3,apertura
2025,2025-05-25,Deportes Tolima,Águilas Doradas,1,2,apertura
2025,2025-05-25,Millonarios,Boyacá Chicó FC,4,2,apertura
2025,2025-05-25,Once Caldas,Deportivo Cali,1,0,apertura
2025,2025-05-31,Atlético Junior,Deportes Tolima,1,1,apertura---semifinals
2025,2025-06-01,Independiente Medellín,América de Cali,1,1,apertura---semifinals
2025,2025-06-01,Independiente Santa Fe,Millonarios,0,1,apertura---semifinals
2025,2025-06-02,Atlético Nacional,Once Caldas,0,0,apertura---semifinals
2025,2025-06-05,América de Cali,Atlético Junior,2,1,apertura---semifinals
2025,2025-06-05,Deportes Tolima,Independiente Medellín,1,3,apertura---semifinals
2025,2025-06-06,Millonarios,Atlético Nacional,0,0,apertura---semifinals
2025,2025-06-06,Once Caldas,Independiente Santa Fe,1,2,apertura---semifinals
2025,2025-06-08,Atlético Nacional,Independiente Santa Fe,1,2,apertura---semifinals
2025,2025-06-08,Deportes Tolima,América de Cali,1,1,apertura---semifinals
2025,2025-06-09,Atlético Junior,Independiente Medellín,0,1,apertura---semifinals
2025,2025-06-09,Once Caldas,Millonarios,0,0,apertura---semifinals
2025,2025-06-12,Independiente Medellín,Atlético Junior,1,0,apertura---semifinals
2025,2025-06-12,Millonarios,Once Caldas,2,2,apertura---semifinals
2025,2025-06-13,América de Cali,Deportes Tolima,1,3,apertura---semifinals
2025,2025-06-13,Independiente Santa Fe,Atlético Nacional,1,2,apertura---semifinals
2025,2025-06-16,Atlético Junior,América de Cali,0,1,apertura---semifinals
2025,2025-06-16,Independiente Medellín,Deportes Tolima,2,1,apertura---semifinals
2025,2025-06-17,Atlético Nacional,Millonarios,0,1,apertura---semifinals
2025,2025-06-17,Independiente Santa Fe,Once Caldas,1,0,apertura---semifinals
2025,2025-06-19,Deportes Tolima,Atlético Junior,2,0,apertura---semifinals
2025,2025-06-20,América de Cali,Independiente Medellín,1,1,apertura---semifinals
2025,2025-06-20,Millonarios,Independiente Santa Fe,1,2,apertura---semifinals
2025,2025-06-20,Once Caldas,Atlético Nacional,1,2,apertura---semifinals
2025,2025-06-25,Independiente Santa Fe,Independiente Medellín,0,0,finals
2025,2025-06-30,Independiente Medellín,Independiente Santa Fe,1,2,finals
2025,2025-07-12,Deportivo Pasto,Deportes Tolima,3,2,clausura
2025,2025-07-12,Envigado FC,Fortaleza CEIF,0,1,clausura
2025,2025-07-12,Llaneros FC,América de Cali,0,0,clausura
2025,2025-07-12,Once Caldas,Atlético Nacional,1,3,clausura
2025,2025-07-13,Atlético Bucaramanga,Boyacá Chicó FC,1,1,clausura
2025,2025-07-13,Deportivo Cali,Atlético Junior,0,2,clausura
2025,2025-07-13,Deportivo Pereira,Independiente Santa Fe,2,2,clausura
2025,2025-07-13,Independiente Medellín,Alianza FC,1,1,clausura
2025,2025-07-14,Internacional de Bogotá,Águilas Doradas,0,0,clausura
2025,2025-07-19,Alianza FC,Deportivo Pereira,1,0,clausura
2025,2025-07-19,Deportes Tolima,Independiente Santa Fe,0,1,clausura
2025,2025-07-19,Unión Magdalena,Llaneros FC,0,0,clausura
2025,2025-07-19,Águilas Doradas,Atlético Junior,2,3,clausura
2025,2025-07-20,Atlético Nacional,Internacional de Bogotá,3,1,clausura
2025,2025-07-20,Boyacá Chicó FC,Independiente Medellín,2,0,clausura
2025,2025-07-20,Envigado FC,Deportivo Cali,0,0,clausura
2025,2025-07-20,Fortaleza CEIF,Once Caldas,2,1,clausura
2025,2025-07-22,Alianza FC,Deportes Tolima,0,1,clausura
2025,2025-07-23,Deportivo Pereira,Atlético Nacional,2,1,clausura
2025,2025-07-23,Independiente Santa Fe,Águilas Doradas,0,0,clausura
2025,2025-07-23,Llaneros FC,Boyacá Chicó FC,2,1,clausura
2025,2025-07-24,Atlético Junior,Unión Magdalena,4,1,clausura
2025,2025-07-24,Internacional de Bogotá,Millonarios,1,0,clausura
2025,2025-07-25,Deportivo Cali,Fortaleza CEIF,1,1,clausura
2025,2025-07-25,Independiente Medellín,Envigado FC,3,4,clausura
2025,2025-07-26,Atlético Nacional,Independiente Santa Fe,1,1,clausura
2025,2025-07-26,Boyacá Chicó FC,Deportivo Pasto,2,2,clausura
2025,2025-07-26,Deportes Tolima,Deportivo Pereira,1,0,clausura
2025,2025-07-27,América de Cali,Águilas Doradas,2,1,clausura
2025,2025-07-27,Envigado FC,Internacional de Bogotá,1,1,clausura
2025,2025-07-27,Once Caldas,Atlético Junior,2,2,clausura
2025,2025-07-28,Fortaleza CEIF,Alianza FC,2,2,clausura
2025,2025-07-28,Unión Magdalena,Independiente Medellín,0,2,clausura
2025,2025-07-29,Atlético Bucaramanga,Deportivo Cali,2,3,clausura
2025,2025-07-29,Millonarios,Llaneros FC,0,1,clausura
2025,2025-08-02,Atlético Junior,Boyacá Chicó FC,2,0,clausura
2025,2025-08-02,Deportivo Cali,Llaneros FC,0,3,clausura
2025,2025-08-02,Internacional de Bogotá,Unión Magdalena,0,1,clausura
2025,2025-08-03,Alianza FC,Atlético Bucaramanga,1,3,clausura
2025,2025-08-03,Deportes Tolima,Atlético Nacional,0,0,clausura
2025,2025-08-03,Deportivo Pereira,Once Caldas,2,1,clausura
2025,2025-08-03,Independiente Santa Fe,América de Cali,2,1,clausura
2025,2025-08-04,Independiente Medellín,Millonarios,1,0,clausura
2025,2025-08-04,Águilas Doradas,Fortaleza CEIF,2,2,clausura
2025,2025-08-08,Atlético Nacional,Alianza FC,3,0,clausura
2025,2025-08-08,Unión Magdalena,Deportivo Pasto,1,1,clausura
2025,2025-08-09,América de Cali,Deportes Tolima,0,1,clausura
2025,2025-08-09,Millonarios,Deportivo Cali,3,3,clausura
2025,2025-08-09,Once Caldas,Águilas Doradas,1,1,clausura
2025,2025-08-10,Atlético Bucaramanga,Independiente Santa Fe,2,1,clausura
2025,2025-08-10,Envigado FC,Atlético Junior,1,1,clausura
2025,2025-08-10,Fortaleza CEIF,Deportivo Pereira,0,0,clausura
2025,2025-08-11,Llaneros FC,Independiente Medellín,0,1,clausura
2025,2025-08-12,Boyacá Chicó FC,Internacional de Bogotá,0,0,clausura
2025,2025-08-14,Deportivo Cali,Unión Magdalena,3,1,clausura
2025,2025-08-15,Alianza FC,Once Caldas,0,0,clausura
2025,2025-08-15,Deportivo Pasto,Envigado FC,0,1,clausura
2025,2025-08-15,Deportivo Pereira,América de Cali,2,1,clausura
2025,2025-08-16,Internacional de Bogotá,Llaneros FC,2,1,clausura
2025,2025-08-16,Águilas Doradas,Boyacá Chicó FC,2,0,clausura
2025,2025-08-17,Atlético Nacional,Fortaleza CEIF,2,2,clausura
2025,2025-08-18,Atlético Junior,Atlético Bucaramanga,2,1,clausura
2025,2025-08-18,Deportes Tolima,Millonarios,3,1,clausura
2025,2025-08-19,Deportivo Pasto,Independiente Medellín,1,2,clausura
2025,2025-08-20,Independiente Santa Fe,Envigado FC,1,0,clausura
2025,2025-08-21,Millonarios,Unión Magdalena,1,2,clausura
2025,2025-08-23,Envigado FC,Deportivo Pereira,1,1,clausura
2025,2025-08-23,Independiente Medellín,Internacional de Bogotá,3,1,clausura
2025,2025-08-23,Llaneros FC,Deportivo Pasto,2,1,clausura
2025,2025-08-24,Fortaleza CEIF,Independiente Santa Fe,2,0,clausura
2025,2025-08-24,Millonarios,Atlético Junior,3,0,clausura
2025,2025-08-24,Once Caldas,Deportes Tolima,0,1,clausura
2025,2025-08-24,Unión Magdalena,Alianza FC,2,3,clausura
2025,2025-08-25,América de Cali,Atlético Nacional,1,1,clausura
2025,2025-08-25,Atlético Bucaramanga,Águilas Doradas,4,0,clausura
2025,2025-08-26,Boyacá Chicó FC,Deportivo Cali,0,0,clausura
2025,2025-08-30,Atlético Junior,Llaneros FC,4,0,clausura
2025,2025-08-30,Boyacá Chicó FC,Unión Magdalena,1,0,clausura
2025,2025-08-30,Águilas Doradas,Millonarios,1,2,clausura
2025,2025-08-31,Alianza FC,América de Cali,1,0,clausura
2025,2025-08-31,Atlético Nacional,Envigado FC,1,0,clausura
2025,2025-08-31,Deportivo Cali,Independiente Medellín,1,3,clausura
2025,2025-08-31,Deportivo Pereira,Atlético Bucaramanga,0,1,clausura
2025,2025-09-01,Deportes Tolima,Fortaleza CEIF,1,1,clausura
2025,2025-09-01,Internacional de Bogotá,Deportivo Pasto,0,0,clausura
2025,2025-09-02,Independiente Santa Fe,Once Caldas,1,2,clausura
2025,2025-09-06,Atlético Bucaramanga,Alianza FC,3,1,clausura
2025,2025-09-06,Deportivo Pasto,Boyacá Chicó FC,2,0,clausura
2025,2025-09-06,Llaneros FC,Deportes Tolima,1,0,clausura
2025,2025-09-06,Once Caldas,Deportivo Pereira,1,0,clausura
2025,2025-09-07,América de Cali,Deportivo Cali,0,0,clausura
2025,2025-09-07,Envigado FC,Águilas Doradas,1,1,clausura
2025,2025-09-07,Millonarios,Independiente Santa Fe,0,0,clausura
2025,2025-09-07,Unión Magdalena,Atlético Junior,3,1,clausura
2025,2025-09-08,Fortaleza CEIF,Internacional de Bogotá,1,0,clausura
2025,2025-09-08,Independiente Medellín,Atlético Nacional,3,3,clausura
2025,2025-09-10,Atlético Bucaramanga,Once Caldas,0,0,clausura
2025,2025-09-11,Millonarios,Deportivo Pasto,1,0,clausura
2025,2025-09-13,Alianza FC,Millonarios,3,0,clausura
2025,2025-09-13,Atlético Junior,Internacional de Bogotá,1,1,clausura
2025,2025-09-13,Fortaleza CEIF,América de Cali,1,0,clausura
2025,2025-09-14,Atlético Nacional,Atlético Bucaramanga,0,1,clausura
2025,2025-09-14,Deportivo Cali,Deportivo Pasto,2,1,clausura
2025,2025-09-14,Independiente Santa Fe,Unión Magdalena,2,0,clausura
2025,2025-09-14,Once Caldas,Envigado FC,1,0,clausura
2025,2025-09-15,Deportes Tolima,Boyacá Chicó FC,4,0,clausura
2025,2025-09-15,Deportivo Pereira,Llaneros FC,0,0,clausura
2025,2025-09-17,América de Cali,Atlético Bucaramanga,0,0,clausura
2025,2025-09-20,América de Cali,Once Caldas,2,1,clausura
2025,2025-09-20,Atlético Bucaramanga,Deportes Tolima,2,0,clausura
2025,2025-09-20,Envigado FC,Alianza FC,0,0,clausura
2025,2025-09-20,Llaneros FC,Águilas Doradas,0,1,clausura
2025,2025-09-21,Deportivo Pasto,Independiente Santa Fe,1,1,clausura
2025,2025-09-21,Internacional de Bogotá,Deportivo Cali,0,4,clausura
2025,2025-09-21,Millonarios,Fortaleza CEIF,3,2,clausura
2025,2025-09-21,Unión Magdalena,Atlético Nacional,1,2,clausura
2025,2025-09-22,Boyacá Chicó FC,Deportivo Pereira,1,1,clausura
2025,2025-09-22,Independiente Medellín,Atlético Junior,2,2,clausura
2025,2025-09-25,Deportivo Pasto,América de Cali,0,2,clausura
2025,2025-09-27,Alianza FC,Llaneros FC,3,1,clausura
2025,2025-09-27,Deportivo Pereira,Unión Magdalena,2,2,clausura
2025,2025-09-27,Fortaleza CEIF,Atlético Bucaramanga,2,1,clausura
2025,2025-09-27,Once Caldas,Boyacá Chicó FC,5,2,clausura
2025,2025-09-28,América de Cali,Envigado FC,1,1,clausura
2025,2025-09-28,Atlético Nacional,Millonarios,2,0,clausura
2025,2025-09-28,Deportes Tolima,Independiente Medellín,2,3,clausura
2025,2025-09-28,Águilas Doradas,Deportivo Cali,3,1,clausura
2025,2025-09-29,Atlético Junior,Deportivo Pasto,2,0,clausura
2025,2025-09-29,Independiente Santa Fe,Internacional de Bogotá,3,0,clausura
2025,2025-10-04,Deportivo Cali,Deportivo Pereira,1,0,clausura
2025,2025-10-04,Envigado FC,Atlético Bucaramanga,1,2,clausura
2025,2025-10-04,Unión Magdalena,Águilas Doradas,3,2,clausura
2025,2025-10-05,Atlético Junior,Deportes Tolima,0,1,clausura
2025,2025-10-05,Deportivo Pasto,Alianza FC,3,3,clausura
2025,2025-10-05,Llaneros FC,Fortaleza CEIF,0,0,clausura
2025,2025-10-06,Boyacá Chicó FC,Atlético Nacional,1,1,clausura
2025,2025-10-07,Internacional de Bogotá,Once Caldas,0,1,clausura
2025,2025-10-08,Millonarios,América de Cali,2,1,clausura
2025,2025-10-08,Águilas Doradas,Independiente Medellín,2,1,clausura
2025,2025-10-11,Deportes Tolima,Envigado FC,1,2,clausura
2025,2025-10-12,Alianza FC,Atlético Junior,0,1,clausura
2025,2025-10-12,América de Cali,Internacional de Bogotá,3,2,clausura
2025,2025-10-12,Independiente Santa Fe,Llaneros FC,1,3,clausura
2025,2025-10-13,Atlético Bucaramanga,Unión Magdalena,1,0,clausura
2025,2025-10-13,Once Caldas,Independiente Medellín,1,5,clausura
2025,2025-10-13,Águilas Doradas,Deportivo Pasto,2,2,clausura
2025,2025-10-14,Fortaleza CEIF,Boyacá Chicó FC,1,0,clausura
2025,2025-10-15,Atlético Nacional,Deportivo Cali,2,1,clausura
2025,2025-10-16,Deportivo Pereira,Millonarios,3,2,clausura
2025,2025-10-18,Boyacá Chicó FC,Independiente Santa Fe,0,0,clausura
2025,2025-10-18,Deportivo Pasto,Atlético Nacional,2,2,clausura
2025,2025-10-18,Independiente Medellín,Fortaleza CEIF,3,1,clausura
2025,2025-10-18,Unión Magdalena,Envigado FC,3,1,clausura
2025,2025-10-18,Águilas Doradas,Alianza FC,1,0,clausura
2025,2025-10-19,Atlético Junior,Deportivo Pereira,3,2,clausura
2025,2025-10-19,Deportivo Cali,América de Cali,0,2,clausura
2025,2025-10-19,Llaneros FC,Once Caldas,2,0,clausura
2025,2025-10-21,Independiente Medellín,Independiente Santa Fe,1,1,clausura
2025,2025-10-21,Internacional de Bogotá,Deportes Tolima,0,2,clausura
2025,2025-10-22,Millonarios,Atlético Bucaramanga,1,1,clausura
2025,2025-10-24,Alianza FC,Internacional de Bogotá,2,0,clausura
2025,2025-10-25,América de Cali,Atlético Junior,2,1,clausura
2025,2025-10-25,Atlético Bucaramanga,Llaneros FC,2,0,clausura
2025,2025-10-25,Deportes Tolima,Deportivo Cali,2,1,clausura
2025,2025-10-25,Deportivo Pereira,Águilas Doradas,1,5,clausura
2025,2025-10-25,Envigado FC,Boyacá Chicó FC,0,2,clausura
2025,2025-10-25,Fortaleza CEIF,Deportivo Pasto,2,0,clausura
2025,2025-10-26,Independiente Santa Fe,Millonarios,0,1,clausura
2025,2025-10-26,Once Caldas,Unión Magdalena,1,0,clausura
2025,2025-10-27,Atlético Nacional,Independiente Medellín,5,2,clausura
2025,2025-10-28,Deportivo Pasto,Deportivo Pereira,4,0,clausura
2025,2025-10-28,Águilas Doradas,Envigado FC,1,0,clausura
2025,2025-10-29,Deportivo Cali,Alianza FC,0,1,clausura
2025,2025-10-29,Internacional de Bogotá,Fortaleza CEIF,0,1,clausura
2025,2025-10-30,Atlético Junior,Independiente Santa Fe,1,2,clausura
2025,2025-10-30,Independiente Medellín,Atlético Bucaramanga,3,0,clausura
2025,2025-10-30,Millonarios,Once Caldas,0,0,clausura
2025,2025-10-30,Unión Magdalena,Deportes Tolima,0,2,clausura
2025,2025-10-31,Llaneros FC,Atlético Nacional,0,3,clausura
2025,2025-11-07,Boyacá Chicó FC,América de Cali,0,2,clausura
2025,2025-11-07,Envigado FC,Millonarios,1,1,clausura
2025,2025-11-08,Deportes Tolima,Llaneros FC,3,1,clausura
2025,2025-11-08,Deportivo Pereira,Independiente Medellín,1,4,clausura
2025,2025-11-08,Fortaleza CEIF,Atlético Junior,1,1,clausura
2025,2025-11-09,Alianza FC,Boyacá Chicó FC,2,0,clausura
2025,2025-11-09,Atlético Bucaramanga,Internacional de Bogotá,2,1,clausura
2025,2025-11-09,Atlético Nacional,Águilas Doradas,2,1,clausura
2025,2025-11-09,Once Caldas,Deportivo Pasto,1,0,clausura
2025,2025-11-10,América de Cali,Unión Magdalena,3,0,clausura
2025,2025-11-10,Independiente Santa Fe,Deportivo Cali,1,0,clausura
2025,2025-11-12,Internacional de Bogotá,Deportivo Pereira,4,0,clausura
2025,2025-11-13,Boyacá Chicó FC,Millonarios,1,2,clausura
2025,2025-11-14,Atlético Junior,Atlético Nacional,2,1,clausura
2025,2025-11-14,Deportivo Cali,Once Caldas,1,1,clausura
2025,2025-11-14,Deportivo Pasto,Atlético Bucaramanga,3,0,clausura
2025,2025-11-14,Independiente Medellín,América de Cali,3,0,clausura
2025,2025-11-14,Independiente Santa Fe,Alianza FC,1,0,clausura
2025,2025-11-14,Llaneros FC,Envigado FC,0,3,clausura
2025,2025-11-14,Unión Magdalena,Fortaleza CEIF,2,0,clausura
2025,2025-11-14,Águilas Doradas,Deportes Tolima,1,2,clausura
2025,2025-11-19,Fortaleza CEIF,Deportes Tolima,0,1,clausura---semifinals
2025,2025-11-20,Atlético Bucaramanga,Independiente Santa Fe,1,0,clausura---semifinals
2025,2025-11-20,Atlético Junior,Independiente Medellín,1,0,clausura---semifinals
2025,2025-11-21,Atlético Nacional,América de Cali,1,0,clausura---semifinals
2025,2025-11-22,Independiente Santa Fe,Fortaleza CEIF,3,0,clausura---semifinals
2025,2025-11-23,Deportes Tolima,Atlético Bucaramanga,0,0,clausura---semifinals
2025,2025-11-23,Independiente Medellín,Atlético Nacional,0,0,clausura---semifinals
2025,2025-11-24,América de Cali,Atlético Junior,1,1,clausura---semifinals
2025,2025-11-26,Independiente Santa Fe,Deportes Tolima,1,2,clausura---semifinals
2025,2025-11-27,Atlético Bucaramanga,Fortaleza CEIF,1,2,clausura---semifinals
2025,2025-11-27,Atlético Nacional,Atlético Junior,1,1,clausura---semifinals
2025,2025-11-28,América de Cali,Independiente Medellín,2,1,clausura---semifinals
2025,2025-11-29,Deportes Tolima,Independiente Santa Fe,1,0,clausura---semifinals
2025,2025-11-30,Fortaleza CEIF,Atlético Bucaramanga,0,2,clausura---semifinals
2025,2025-12-01,Atlético Junior,Atlético Nacional,2,1,clausura---semifinals
2025,2025-12-02,Independiente Medellín,América de Cali,1,1,clausura---semifinals
2025,2025-12-04,Atlético Bucaramanga,Deportes Tolima,0,0,clausura---semifinals
2025,2025-12-04,Fortaleza CEIF,Independiente Santa Fe,1,2,clausura---semifinals
2025,2025-12-05,Atlético Junior,América de Cali,2,1,clausura---semifinals
2025,2025-12-05,Atlético Nacional,Independiente Medellín,2,1,clausura---semifinals
2025,2025-12-08,América de Cali,Atlético Nacional,3,2,clausura---semifinals
2025,2025-12-08,Deportes Tolima,Fortaleza CEIF,1,0,clausura---semifinals
2025,2025-12-08,Independiente Medellín,Atlético Junior,2,1,clausura---semifinals
2025,2025-12-09,Independiente Santa Fe,Atlético Bucaramanga,0,0,clausura---semifinals
2025,2025-12-13,Atlético Junior,Deportes Tolima,3,0,playoffs---finals
2025,2025-12-17,Deportes Tolima,Atlético Junior,0,1,playoffs---finals
2026,2026-01-17,América de Cali,Internacional de Bogotá,3,0,apertura
2026,2026-01-17,Deportivo Pereira,Llaneros FC,0,2,apertura
2026,2026-01-17,Fortaleza CEIF,Alianza FC,1,0,apertura
2026,2026-01-18,Atlético Bucaramanga,Millonarios,2,1,apertura
2026,2026-01-18,Atlético Nacional,Boyacá Chicó FC,4,0,apertura
2026,2026-01-18,Deportivo Pasto,Independiente Medellín,1,0,apertura
2026,2026-01-18,Jaguares de Córdoba,Deportivo Cali,1,0,apertura
2026,2026-01-19,Atlético Junior,Deportes Tolima,0,2,apertura
2026,2026-01-19,Cúcuta Deportivo,Once Caldas,1,2,apertura
2026,2026-01-19,Independiente Santa Fe,Águilas Doradas,1,1,apertura
2026,2026-01-24,Deportes Tolima,Alianza FC,2,0,apertura
2026,2026-01-24,Deportivo Pereira,Fortaleza CEIF,0,0,apertura
2026,2026-01-24,Internacional de Bogotá,Cúcuta Deportivo,2,1,apertura
2026,2026-01-24,Llaneros FC,Atlético Bucaramanga,1,1,apertura
2026,2026-01-25,Boyacá Chicó FC,América de Cali,0,1,apertura
2026,2026-01-25,Deportivo Cali,Independiente Medellín,3,1,apertura
2026,2026-01-25,Águilas Doradas,Deportivo Pasto,1,2,apertura
2026,2026-01-26,Millonarios,Atlético Junior,1,2,apertura
2026,2026-01-26,Once Caldas,Independiente Santa Fe,1,1,apertura
2026,2026-01-27,Cúcuta Deportivo,Atlético Bucaramanga,2,2,apertura
2026,2026-01-28,Alianza FC,Boyacá Chicó FC,1,1,apertura
2026,2026-01-28,Fortaleza CEIF,Llaneros FC,1,1,apertura
2026,2026-01-28,Independiente Medellín,Deportes Tolima,2,2,apertura
2026,2026-01-29,Deportivo Pasto,Millonarios,2,1,apertura
2026,2026-01-29,Independiente Santa Fe,Deportivo Pereira,2,2,apertura
2026,2026-01-29,Águilas Doradas,Deportivo Cali,2,1,apertura
2026,2026-01-30,América de Cali,Once Caldas,1,1,apertura
2026,2026-01-30,Jaguares de Córdoba,Internacional de Bogotá,2,3,apertura
2026,2026-01-31,Cúcuta Deportivo,Fortaleza CEIF,1,1,apertura
2026,2026-02-01,Atlético Bucaramanga,Alianza FC,5,0,apertura
2026,2026-02-01,Boyacá Chicó FC,Independiente Santa Fe,0,1,apertura
2026,2026-02-01,Deportivo Cali,Deportivo Pasto,3,0,apertura
2026,2026-02-02,Llaneros FC,Águilas Doradas,1,1,apertura
2026,2026-02-02,Millonarios,Independiente Medellín,0,0,apertura
2026,2026-02-02,Once Caldas,Jaguares de Córdoba,1,1,apertura
2026,2026-02-03,Deportivo Pereira,Atlético Junior,2,3,apertura
2026,2026-02-03,Internacional de Bogotá,Deportes Tolima,0,0,apertura
2026,2026-02-05,Atlético Nacional,América de Cali,2,1,apertura
2026,2026-02-07,Deportes Tolima,Llaneros FC,0,1,apertura
2026,2026-02-07,Deportivo Pasto,Atlético Bucaramanga,0,0,apertura
2026,2026-02-07,Independiente Medellín,Internacional de Bogotá,1,2,apertura
2026,2026-02-07,Águilas Doradas,Cúcuta Deportivo,3,2,apertura
2026,2026-02-08,Alianza FC,Once Caldas,1,1,apertura
2026,2026-02-08,Atlético Junior,Boyacá Chicó FC,3,0,apertura
2026,2026-02-08,Fortaleza CEIF,Independiente Santa Fe,1,1,apertura
2026,2026-02-09,Deportivo Cali,Millonarios,0,0,apertura
2026,2026-02-09,Jaguares de Córdoba,Deportivo Pereira,1,0,apertura
2026,2026-02-10,Cúcuta Deportivo,Independiente Medellín,1,3,apertura
2026,2026-02-11,Atlético Bucaramanga,Deportes Tolima,0,0,apertura
2026,2026-02-11,Llaneros FC,Deportivo Pasto,0,1,apertura
2026,2026-02-12,Boyacá Chicó FC,Jaguares de Córdoba,5,0,apertura
2026,2026-02-12,Internacional de Bogotá,Deportivo Cali,3,2,apertura
2026,2026-02-12,Millonarios,Águilas Doradas,1,0,apertura
2026,2026-02-13,Atlético Nacional,Fortaleza CEIF,4,1,apertura
2026,2026-02-13,Once Caldas,Atlético Junior,2,1,apertura
2026,2026-02-14,América de Cali,Independiente Santa Fe,1,0,apertura
2026,2026-02-14,Millonarios,Llaneros FC,2,1,apertura
2026,2026-02-15,Deportes Tolima,Once Caldas,2,1,apertura
2026,2026-02-15,Deportivo Pasto,Internacional de Bogotá,1,1,apertura
2026,2026-02-15,Independiente Medellín,Deportivo Pereira,1,1,apertura
2026,2026-02-16,Deportivo Cali,Atlético Nacional,1,0,apertura
2026,2026-02-16,Fortaleza CEIF,Boyacá Chicó FC,2,1,apertura
2026,2026-02-17,Alianza FC,Cúcuta Deportivo,1,1,apertura
2026,2026-02-18,Jaguares de Córdoba,Independiente Santa Fe,3,1,apertura
2026,2026-02-19,Atlético Junior,América de Cali,2,1,apertura
2026,2026-02-21,Atlético Bucaramanga,Deportivo Cali,0,0,apertura
2026,2026-02-21,Deportivo Pereira,Deportivo Pasto,2,2,apertura
2026,2026-02-21,Llaneros FC,Independiente Medellín,2,2,apertura
2026,2026-02-21,Once Caldas,Fortaleza CEIF,4,2,apertura
2026,2026-02-22,Atlético Nacional,Alianza FC,3,0,apertura
2026,2026-02-22,Independiente Santa Fe,Atlético Junior,2,1,apertura
2026,2026-02-22,Internacional de Bogotá,Millonarios,3,2,apertura
2026,2026-02-23,América de Cali,Jaguares de Córdoba,3,0,apertura
2026,2026-02-23,Boyacá Chicó FC,Águilas Doradas,0,1,apertura
2026,2026-02-23,Cúcuta Deportivo,Deportes Tolima,3,2,apertura
2026,2026-02-26,Independiente Santa Fe,Atlético Nacional,1,2,apertura
2026,2026-02-27,Millonarios,Deportivo Pereira,5,1,apertura
2026,2026-02-28,Alianza FC,América de Cali,0,3,apertura
2026,2026-02-28,Once Caldas,Boyacá Chicó FC,3,0,apertura
2026,2026-03-01,Deportivo Pasto,Cúcuta Deportivo,3,2,apertura
2026,2026-03-01,Independiente Medellín,Atlético Bucaramanga,1,2,apertura
2026,2026-03-01,Jaguares de Córdoba,Atlético Junior,0,2,apertura
2026,2026-03-01,Águilas Doradas,Internacional de Bogotá,0,0,apertura
2026,2026-03-02,Deportes Tolima,Atlético Nacional,1,0,apertura
2026,2026-03-02,Deportivo Cali,Fortaleza CEIF,1,1,apertura
2026,2026-03-05,Fortaleza CEIF,Jaguares de Córdoba,2,1,apertura
2026,2026-03-06,Atlético Junior,Alianza FC,1,1,apertura
2026,2026-03-06,Llaneros FC,Internacional de Bogotá,1,1,apertura
2026,2026-03-07,Deportivo Cali,Once Caldas,0,2,apertura
2026,2026-03-07,Águilas Doradas,Atlético Nacional,1,2,apertura
2026,2026-03-09,Llaneros FC,Jaguares de Córdoba,2,0,apertura
2026,2026-03-10,Deportivo Pasto,América de Cali,2,0,apertura
2026,2026-03-10,Millonarios,Cúcuta Deportivo,2,0,apertura
2026,2026-03-11,Atlético Bucaramanga,Deportivo Pereira,3,0,apertura
2026,2026-03-11,Atlético Junior,Atlético Nacional,0,4,apertura
2026,2026-03-14,Atlético Nacional,Llaneros FC,2,0,apertura
2026,2026-03-14,Cúcuta Deportivo,Deportivo Cali,0,2,apertura
2026,2026-03-14,Internacional de Bogotá,Atlético Bucaramanga,0,0,apertura
2026,2026-03-14,Once Caldas,Deportivo Pasto,4,2,apertura
2026,2026-03-15,América de Cali,Deportes Tolima,1,1,apertura
2026,2026-03-15,Boyacá Chicó FC,Millonarios,2,1,apertura
2026,2026-03-15,Deportivo Pereira,Águilas Doradas,0,1,apertura
2026,2026-03-15,Independiente Santa Fe,Alianza FC,1,1,apertura
2026,2026-03-16,Atlético Junior,Fortaleza CEIF,2,1,apertura
2026,2026-03-16,Jaguares de Córdoba,Independiente Medellín,1,2,apertura
2026,2026-03-17,Llaneros FC,Cúcuta Deportivo,2,2,apertura
2026,2026-03-18,Deportivo Pasto,Boyacá Chicó FC,2,0,apertura
2026,2026-03-18,Millonarios,Atlético Nacional,3,0,apertura
2026,2026-03-19,Alianza FC,Jaguares de Córdoba,1,0,apertura
2026,2026-03-19,Atlético Bucaramanga,Once Caldas,1,1,apertura
2026,2026-03-19,Deportivo Cali,Independiente Santa Fe,1,1,apertura
2026,2026-03-19,Internacional de Bogotá,Deportivo Pereira,2,2,apertura
2026,2026-03-20,Deportes Tolima,Fortaleza CEIF,2,0,apertura
2026,2026-03-20,Independiente Medellín,Atlético Junior,2,0,apertura
2026,2026-03-20,Águilas Doradas,América de Cali,0,1,apertura
2026,2026-03-22,Alianza FC,Deportivo Cali,1,0,apertura
2026,2026-03-22,Atlético Nacional,Internacional de Bogotá,3,0,apertura
2026,2026-03-22,Once Caldas,Millonarios,1,4,apertura
2026,2026-03-23,Boyacá Chicó FC,Deportes Tolima,1,1,apertura
2026,2026-03-23,Independiente Santa Fe,Independiente Medellín,2,1,apertura
2026,2026-03-24,Deportivo Pereira,Cúcuta Deportivo,2,2,apertura
2026,2026-03-24,Jaguares de Córdoba,Águilas Doradas,1,1,apertura
2026,2026-03-25,Atlético Junior,Atlético Bucaramanga,2,0,apertura
2026,2026-03-25,Fortaleza CEIF,Deportivo Pasto,1,2,apertura
2026,2026-03-26,América de Cali,Llaneros FC,0,0,apertura
2026,2026-03-27,Águilas Doradas,Alianza FC,1,0,apertura
2026,2026-03-28,Atlético Bucaramanga,Independiente Santa Fe,1,2,apertura
2026,2026-03-28,Cúcuta Deportivo,Boyacá Chicó FC,1,0,apertura
2026,2026-03-29,Deportes Tolima,Jaguares de Córdoba,3,1,apertura
2026,2026-03-29,Deportivo Cali,Deportivo Pereira,1,0,apertura
2026,2026-03-29,Internacional de Bogotá,Atlético Junior,0,1,apertura
2026,2026-03-30,Deportivo Pasto,Atlético Nacional,1,2,apertura
2026,2026-03-30,Llaneros FC,Once Caldas,1,1,apertura
2026,2026-03-31,Independiente Medellín,América de Cali,2,1,apertura
2026,2026-03-31,Millonarios,Fortaleza CEIF,2,2,apertura
2026,2026-04-01,Alianza FC,Deportivo Pasto,0,0,apertura
2026,2026-04-01,Deportes Tolima,Águilas Doradas,4,1,apertura
2026,2026-04-02,América de Cali,Atlético Bucaramanga,2,0,apertura
2026,2026-04-02,Atlético Nacional,Cúcuta Deportivo,0,0,apertura
2026,2026-04-02,Boyacá Chicó FC,Deportivo Pereira,1,0,apertura
2026,2026-04-02,Independiente Santa Fe,Llaneros FC,0,1,apertura
2026,2026-04-03,Jaguares de Córdoba,Millonarios,1,0,apertura
2026,2026-04-03,Once Caldas,Independiente Medellín,1,1,apertura
2026,2026-04-04,Atlético Junior,Deportivo Cali,1,2,apertura
2026,2026-04-04,Fortaleza CEIF,Internacional de Bogotá,1,1,apertura
2026,2026-04-05,Cúcuta Deportivo,América de Cali,2,0,apertura
2026,2026-04-05,Deportes Tolima,Independiente Santa Fe,2,2,apertura
2026,2026-04-06,Deportivo Pereira,Alianza FC,2,3,apertura
2026,2026-04-07,Atlético Nacional,Jaguares de Córdoba,2,1,apertura
2026,2026-04-07,Águilas Doradas,Atlético Bucaramanga,2,1,apertura
2026,2026-04-10,Deportivo Pereira,Once Caldas,0,0,apertura
2026,2026-04-11,Deportivo Pasto,Deportes Tolima,1,0,apertura
2026,2026-04-11,Águilas Doradas,Atlético Junior,0,3,apertura
2026,2026-04-12,Deportivo Cali,Llaneros FC,1,1,apertura
2026,2026-04-12,Independiente Medellín,Atlético Nacional,2,3,apertura
2026,2026-04-12,Millonarios,Independiente Santa Fe,1,1,apertura
2026,2026-04-13,Atlético Bucaramanga,Boyacá Chicó FC,5,0,apertura
2026,2026-04-13,Internacional de Bogotá,Alianza FC,2,1,apertura
2026,2026-04-17,Boyacá Chicó FC,Deportivo Cali,1,0,apertura
2026,2026-04-17,Jaguares de Córdoba,Deportivo Pasto,2,3,apertura
2026,2026-04-19,Alianza FC,Independiente Medellín,0,1,apertura
2026,2026-04-19,Deportes Tolima,Deportivo Pereira,2,0,apertura
2026,2026-04-19,Fortaleza CEIF,Águilas Doradas,2,0,apertura
2026,2026-04-19,Independiente Santa Fe,Cúcuta Deportivo,5,0,apertura
2026,2026-04-20,América de Cali,Millonarios,3,1,apertura
2026,2026-04-20,Atlético Junior,Llaneros FC,2,0,apertura
2026,2026-04-21,Atlético Nacional,Atlético Bucaramanga,2,0,apertura
2026,2026-04-21,Once Caldas,Internacional de Bogotá,2,1,apertura
2026,2026-04-23,Fortaleza CEIF,América de Cali,1,2,apertura
2026,2026-04-23,Independiente Medellín,Boyacá Chicó FC,2,0,apertura
2026,2026-04-24,Cúcuta Deportivo,Atlético Junior,1,1,apertura
2026,2026-04-24,Deportivo Pasto,Independiente Santa Fe,1,2,apertura
2026,2026-04-24,Millonarios,Deportes Tolima,2,0,apertura
2026,2026-04-25,Atlético Bucaramanga,Jaguares de Córdoba,2,2,apertura
2026,2026-04-25,Deportivo Pereira,Atlético Nacional,1,0,apertura
2026,2026-04-26,Deportivo Cali,América de Cali,1,0,apertura
2026,2026-04-26,Independiente Medellín,Fortaleza CEIF,1,0,apertura
2026,2026-04-26,Águilas Doradas,Once Caldas,2,2,apertura
2026,2026-04-27,Internacional de Bogotá,Boyacá Chicó FC,4,0,apertura
2026,2026-04-27,Llaneros FC,Alianza FC,0,0,apertura
2026,2026-05-02,Boyacá Chicó FC,Llaneros FC,3,0,apertura
2026,2026-05-02,Jaguares de Córdoba,Cúcuta Deportivo,2,0,apertura
2026,2026-05-02,Once Caldas,Atlético Nacional,1,0,apertura
2026,2026-05-03,Alianza FC,Millonarios,2,2,apertura
2026,2026-05-03,América de Cali,Deportivo Pereira,1,0,apertura
2026,2026-05-03,Atlético Junior,Deportivo Pasto,4,3,apertura
2026,2026-05-03,Deportes Tolima,Deportivo Cali,1,1,apertura
2026,2026-05-03,Fortaleza CEIF,Atlético Bucaramanga,2,1,apertura
2026,2026-05-03,Independiente Medellín,Águilas Doradas,1,2,apertura
2026,2026-05-03,Independiente Santa Fe,Internacional de Bogotá,3,1,apertura
2026,2026-05-09,Internacional de Bogotá,Atlético Nacional,1,2,apertura---quarterfinals
2026,2026-05-10,América de Cali,Independiente Santa Fe,1,1,apertura---quarterfinals
2026,2026-05-10,Deportes Tolima,Deportivo Pasto,1,0,apertura---quarterfinals
2026,2026-05-11,Once Caldas,Atlético Junior,0,1,apertura---quarterfinals
2026,2026-05-13,Atlético Nacional,Internacional de Bogotá,7,1,apertura---quarterfinals
2026,2026-05-13,Independiente Santa Fe,América de Cali,4,0,apertura---quarterfinals
2026,2026-05-14,Atlético Junior,Once Caldas,2,2,apertura---quarterfinals
2026,2026-05-14,Deportivo Pasto,Deportes Tolima,0,2,apertura---quarterfinals
2026,2026-05-17,Deportes Tolima,Atlético Nacional,0,1,apertura---semifinals
2026,2026-05-17,Independiente Santa Fe,Atlético Junior,1,1,apertura---semifinals
2026,2026-05-24,Atlético Junior,Independiente Santa Fe,0,0,apertura---semifinals
2026,2026-05-24,Atlético Nacional,Deportes Tolima,3,1,apertura---semifinals
2026,2026-06-03,Atlético Junior,Atlético Nacional,3,0,apertura---finals
2026,2026-06-08,Atlético Nacional,Atlético Junior,1,0,apertura---finals
2026,2026-07-25,Deportivo Cali,Jaguares de Córdoba,2,0,clausura
2026,2026-07-25,Independiente Medellín,Deportivo Pasto,3,2,clausura
2026,2026-07-25,Llaneros FC,Deportivo Pereira,1,0,clausura
2026,2026-07-26,Deportes Tolima,Atlético Junior,2,1,clausura
2026,2026-07-26,Internacional de Bogotá,América de Cali,0,2,clausura
2026,2026-07-26,Millonarios,Atlético Bucaramanga,0,1,clausura
2026,2026-07-26,Águilas Doradas,Independiente Santa Fe,2,1,clausura
2026,2026-07-27,Alianza FC,Fortaleza CEIF,1,1,clausura
2026,2026-07-27,Once Caldas,Cúcuta Deportivo,5,1,clausura
2026,2026-07-31,Atlético Bucaramanga,Llaneros FC,1,1,clausura
2026,2026-08-01,Alianza FC,Deportes Tolima,1,2,clausura
2026,2026-08-01,Deportivo Pasto,Águilas Doradas,1,2,clausura
2026,2026-08-01,Fortaleza CEIF,Deportivo Pereira,0,0,clausura
2026,2026-08-02,América de Cali,Boyacá Chicó FC,7,0,clausura
2026,2026-08-02,Atlético Junior,Millonarios,0,1,clausura
2026,2026-08-02,Independiente Medellín,Deportivo Cali,1,0,clausura
2026,2026-08-02,Jaguares de Córdoba,Atlético Nacional,0,3,clausura
2026,2026-08-03,Independiente Santa Fe,Once Caldas,2,2,clausura
2026,2026-08-04,Atlético Bucaramanga,Cúcuta Deportivo,1,1,clausura
2026,2026-08-04,Llaneros FC,Fortaleza CEIF,3,1,clausura
2026,2026-08-05,Deportes Tolima,Independiente Medellín,2,3,clausura
2026,2026-08-05,Millonarios,Deportivo Pasto,2,0,clausura
2026,2026-08-06,Internacional de Bogotá,Jaguares de Córdoba,1,0,clausura
2026,2026-08-06,Once Caldas,América de Cali,0,1,clausura
2026,2026-08-08,Fortaleza CEIF,Cúcuta Deportivo,2,0,clausura
2026,2026-08-08,Independiente Santa Fe,Boyacá Chicó FC,2,0,clausura
2026,2026-08-09,Alianza FC,Atlético Bucaramanga,2,3,clausura
2026,2026-08-09,Deportes Tolima,Internacional de Bogotá,2,1,clausura
2026,2026-08-09,Deportivo Pasto,Deportivo Cali,0,2,clausura
2026,2026-08-10,América de Cali,Atlético Nacional,1,0,clausura
2026,2026-08-10,Jaguares de Córdoba,Once Caldas,1,1,clausura
2026,2026-08-19,Águilas Doradas,Llaneros FC,1,1,clausura
2026,2026-08-20,Cúcuta Deportivo,Internacional de Bogotá,1,1,clausura
2026,2026-08-21,Jaguares de Córdoba,Boyacá Chicó FC,1,0,clausura
2026,2026-08-22,Alianza FC,Deportivo Pereira,0,0,clausura
2026,2026-08-22,Deportes Tolima,Atlético Bucaramanga,0,0,clausura
2026,2026-08-22,Águilas Doradas,Millonarios,1,1,clausura
2026,2026-08-23,Deportivo Pasto,Llaneros FC,0,1,clausura
2026,2026-08-23,Fortaleza CEIF,Atlético Nacional,1,2,clausura
2026,2026-08-23,Independiente Medellín,Cúcuta Deportivo,0,1,clausura
2026,2026-08-23,Independiente Santa Fe,América de Cali,0,0,clausura
2026,2026-08-24,Atlético Junior,Once Caldas,1,1,clausura
2026,2026-08-24,Deportivo Cali,Internacional de Bogotá,2,2,clausura
2026,2026-08-26,Boyacá Chicó FC,Fortaleza CEIF,0,0,clausura
2026,2026-08-26,Cúcuta Deportivo,Alianza FC,1,0,clausura
2026,2026-08-27,América de Cali,Atlético Junior,4,2,clausura
2026,2026-08-27,Atlético Nacional,Deportivo Cali,2,1,clausura
2026,2026-08-28,Internacional de Bogotá,Deportivo Pasto,1,1,clausura
2026,2026-08-28,Llaneros FC,Millonarios,0,2,clausura
2026,2026-08-29,Jaguares de Córdoba,América de Cali,2,2,clausura
2026,2026-08-30,Alianza FC,Atlético Nacional,1,5,clausura
2026,2026-08-30,Atlético Junior,Independiente Santa Fe,1,1,clausura
2026,2026-08-30,Independiente Medellín,Llaneros FC,2,1,clausura
2026,2026-08-30,Águilas Doradas,Boyacá Chicó FC,2,2,clausura
2026,2026-08-31,Deportivo Cali,Atlético Bucaramanga,1,1,clausura
2026,2026-08-31,Millonarios,Internacional de Bogotá,0,0,clausura
2026,2026-09-01,Deportes Tolima,Cúcuta Deportivo,2,1,clausura
2026,2026-09-01,Deportivo Pasto,Deportivo Pereira,1,2,clausura
2026,2026-09-02,Fortaleza CEIF,Once Caldas,1,2,clausura
2026,2026-09-03,América de Cali,Alianza FC,3,0,clausura
2026,2026-09-03,Independiente Santa Fe,Millonarios,3,2,clausura
2026,2026-09-04,Deportivo Pereira,Independiente Medellín,0,3,clausura
2026,2026-09-05,Boyacá Chicó FC,Once Caldas,2,0,clausura
2026,2026-09-06,Atlético Junior,Jaguares de Córdoba,3,3,clausura
2026,2026-09-06,Cúcuta Deportivo,Deportivo Pasto,2,2,clausura
2026,2026-09-06,Independiente Santa Fe,Fortaleza CEIF,2,2,clausura
2026,2026-09-06,Internacional de Bogotá,Águilas Doradas,2,2,clausura
2026,2026-09-07,Deportivo Pereira,Millonarios,1,1,clausura
2026,2026-09-08,Llaneros FC,Deportes Tolima,1,2,clausura
2026,2026-09-11,Millonarios,Deportivo Cali,1,1,clausura
2026,2026-09-12,Independiente Santa Fe,Deportes Tolima,1,0,clausura
2026,2026-09-12,Internacional de Bogotá,Llaneros FC,3,2,clausura
2026,2026-09-12,Jaguares de Córdoba,Fortaleza CEIF,2,2,clausura
2026,2026-09-13,Alianza FC,Atlético Junior,1,0,clausura
2026,2026-09-13,Atlético Nacional,Águilas Doradas,2,0,clausura
2026,2026-09-13,Boyacá Chicó FC,Independiente Medellín,2,1,clausura
2026,2026-09-13,Deportivo Pereira,Atlético Bucaramanga,1,3,clausura
2026,2026-09-14,Cúcuta Deportivo,Millonarios,1,2,clausura
2026,2026-09-14,Once Caldas,Deportivo Cali,1,2,clausura
2026,2026-09-15,América de Cali,Deportivo Pasto,0,1,clausura
2026,2026-09-16,Boyacá Chicó FC,Alianza FC,1,2,clausura
2026,2026-09-17,Internacional de Bogotá,Atlético Nacional,2,3,clausura
2026,2026-09-17,Once Caldas,Deportes Tolima,1,0,clausura
2026,2026-09-18,Atlético Bucaramanga,Independiente Medellín,2,2,clausura
2026,2026-09-18,Águilas Doradas,Deportivo Pereira,2,2,clausura
2026,2026-09-19,Alianza FC,Independiente Santa Fe,1,4,clausura
2026,2026-09-19,Millonarios,Boyacá Chicó FC,3,0,clausura
2026,2026-09-20,Atlético Bucaramanga,Internacional de Bogotá,2,0,clausura
2026,2026-09-20,Deportivo Cali,Cúcuta Deportivo,3,0,clausura
2026,2026-09-20,Deportivo Pasto,Once Caldas,1,0,clausura
2026,2026-09-20,Fortaleza CEIF,Atlético Junior,1,4,clausura
2026,2026-09-21,Deportes Tolima,América de Cali,1,1,clausura
2026,2026-09-21,Llaneros FC,Atlético Nacional,2,0,clausura
2026,2026-09-23,Independiente Medellín,Jaguares de Córdoba,2,1,clausura
2026,2026-09-23,Independiente Santa Fe,Deportivo Cali,0,1,clausura
2026,2026-09-24,América de Cali,Águilas Doradas,1,0,clausura
2026,2026-09-25,Atlético Nacional,Millonarios,1,1,clausura
2026,2026-09-26,Boyacá Chicó FC,Deportivo Pasto,3,0,clausura
2026,2026-09-26,Deportivo Pereira,Internacional de Bogotá,0,0,clausura
2026,2026-09-26,Once Caldas,Atlético Bucaramanga,1,3,clausura
2026,2026-09-27,Atlético Junior,Independiente Medellín,2,0,clausura
2026,2026-09-27,Cúcuta Deportivo,Llaneros FC,2,1,clausura
2026,2026-09-27,Jaguares de Córdoba,Alianza FC,1,2,clausura
2026,2026-09-28,Deportivo Cali,Águilas Doradas,2,0,clausura
2026,2026-09-28,Fortaleza CEIF,Deportes Tolima,2,2,clausura
2026,2026-09-29,Deportivo Pereira,Independiente Santa Fe,1,2,clausura
2026,2026-09-30,Independiente Medellín,Millonarios,2,2,clausura
2026,2026-10-01,Atlético Nacional,Atlético Junior,3,1,clausura
2026,2026-10-03,Deportes Tolima,Boyacá Chicó FC,0,0,clausura
2026,2026-10-03,Águilas Doradas,Jaguares de Córdoba,2,0,clausura
2026,2026-10-04,Cúcuta Deportivo,Deportivo Pereira,4,0,clausura
2026,2026-10-04,Deportivo Pasto,Fortaleza CEIF,0,0,clausura
2026,2026-10-04,Internacional de Bogotá,Once Caldas,1,1,clausura
2026,2026-10-05,Atlético Bucaramanga,Atlético Junior,3,1,clausura
2026,2026-10-05,Llaneros FC,América de Cali,1,2,clausura
2026,2026-10-06,Independiente Medellín,Independiente Santa Fe,0,1,clausura
2026,2026-10-09,Atlético Nacional,Deportes Tolima,0,0,clausura
2026,2026-10-09,Fortaleza CEIF,Millonarios,1,1,clausura
2026,2026-10-10,Alianza FC,Águilas Doradas,2,2,clausura
2026,2026-10-10,Deportivo Pereira,Deportivo Cali,0,0,clausura
2026,2026-10-10,Once Caldas,Llaneros FC,1,0,clausura
2026,2026-10-11,Atlético Junior,Internacional de Bogotá,2,2,clausura
