id,utc,fecha,temporada,tipo,local,visita,pl,pv,neutral,nota,casa,sp,sp_ol,sp_ov,tot,o_odds,u_odds,ml_l,ml_v,sp_abre,tot_abre
401358773,2021-10-19T23:30Z,2021-10-19,2022,2,MIL,BKN,127.0,104.0,False,,Caesars Sportsbook,-1.5,-110.0,-110.0,233.5,-110.0,-110.0,-110.0,-110.0,,
401358774,2021-10-20T02:00Z,2021-10-19,2022,2,LAL,GS,114.0,121.0,False,,Caesars Sportsbook,-3.0,-110.0,-110.0,226.0,-110.0,-110.0,-155.0,135.0,,
401359833,2021-10-20T23:00Z,2021-10-20,2022,2,CHA,IND,123.0,122.0,False,,Caesars Sportsbook,-1.0,-110.0,-110.0,222.5,-110.0,-110.0,-105.0,-115.0,,
401359834,2021-10-20T23:00Z,2021-10-20,2022,2,DET,CHI,88.0,94.0,False,,Caesars Sportsbook,2.5,-110.0,-110.0,218.0,-110.0,-110.0,180.0,-210.0,,
401358775,2021-10-20T23:30Z,2021-10-20,2022,2,NY,BOS,138.0,134.0,False,,Caesars Sportsbook,-2.5,-110.0,-110.0,220.0,-110.0,-110.0,-140.0,120.0,,
401359835,2021-10-20T23:30Z,2021-10-20,2022,2,TOR,WSH,83.0,98.0,False,,Caesars Sportsbook,-2.5,-110.0,-110.0,224.0,-110.0,-110.0,-125.0,105.0,,
401359836,2021-10-21T00:00Z,2021-10-20,2022,2,MEM,CLE,132.0,121.0,False,,Caesars Sportsbook,-7.0,-110.0,-110.0,218.5,-110.0,-110.0,-280.0,240.0,,
401359837,2021-10-21T00:00Z,2021-10-20,2022,2,MIN,HOU,124.0,106.0,False,,Caesars Sportsbook,-6.5,-110.0,-110.0,231.5,-110.0,-110.0,-245.0,205.0,,
401359838,2021-10-21T00:00Z,2021-10-20,2022,2,NO,PHI,97.0,117.0,False,,Caesars Sportsbook,1.5,-110.0,-110.0,224.0,-110.0,-110.0,150.0,-170.0,,
401359839,2021-10-21T00:30Z,2021-10-20,2022,2,SA,ORL,123.0,97.0,False,,Caesars Sportsbook,-7.0,-110.0,-110.0,212.5,-110.0,-110.0,-265.0,225.0,,
401359840,2021-10-21T01:00Z,2021-10-20,2022,2,UTAH,OKC,107.0,86.0,False,,Caesars Sportsbook,-14.0,-110.0,-110.0,221.0,-110.0,-110.0,-1200.0,750.0,,
401358776,2021-10-21T02:00Z,2021-10-20,2022,2,PHX,DEN,98.0,110.0,False,,Caesars Sportsbook,-6.0,-110.0,-110.0,224.5,-110.0,-110.0,-250.0,210.0,,
401359841,2021-10-21T02:00Z,2021-10-20,2022,2,POR,SAC,121.0,124.0,False,,Caesars Sportsbook,-6.5,-110.0,-110.0,234.5,-110.0,-110.0,-260.0,220.0,,
401358777,2021-10-21T23:30Z,2021-10-21,2022,2,ATL,DAL,113.0,87.0,False,,Caesars Sportsbook,-2.0,-110.0,-110.0,225.5,-110.0,-110.0,-135.0,115.0,,
401359842,2021-10-22T00:00Z,2021-10-21,2022,2,MIA,MIL,137.0,95.0,False,,Caesars Sportsbook,-0.5,-110.0,-110.0,222.5,-110.0,-110.0,-140.0,120.0,,
401358778,2021-10-22T02:00Z,2021-10-21,2022,2,GS,LAC,115.0,113.0,False,,Caesars Sportsbook,-4.0,-110.0,-110.0,229.0,-110.0,-110.0,-175.0,155.0,,
401359843,2021-10-22T23:00Z,2021-10-22,2022,2,CLE,CHA,112.0,123.0,False,,Caesars Sportsbook,3.5,-110.0,-110.0,226.5,-110.0,-110.0,120.0,-140.0,,
401359844,2021-10-22T23:00Z,2021-10-22,2022,2,ORL,NY,96.0,121.0,False,,Caesars Sportsbook,7.0,-110.0,-110.0,213.0,-110.0,-110.0,290.0,-350.0,,
401359845,2021-10-22T23:00Z,2021-10-22,2022,2,WSH,IND,135.0,134.0,False,,Caesars Sportsbook,5.5,-180.0,160.0,225.5,-110.0,-110.0,105.0,-125.0,,
401358779,2021-10-22T23:30Z,2021-10-22,2022,2,PHI,BKN,109.0,114.0,False,,Caesars Sportsbook,1.0,-110.0,-110.0,224.5,-110.0,-110.0,100.0,-120.0,,
401359846,2021-10-22T23:30Z,2021-10-22,2022,2,BOS,TOR,83.0,115.0,False,,Caesars Sportsbook,-7.0,-110.0,-110.0,218.0,-110.0,-110.0,-270.0,230.0,,
401359847,2021-10-23T00:00Z,2021-10-22,2022,2,CHI,NO,128.0,112.0,False,,Caesars Sportsbook,-6.5,-110.0,-110.0,222.0,-110.0,-110.0,-260.0,220.0,,
401359848,2021-10-23T00:00Z,2021-10-22,2022,2,HOU,OKC,124.0,91.0,False,,Caesars Sportsbook,-0.5,-110.0,-110.0,221.0,-110.0,-110.0,-150.0,130.0,,
401359849,2021-10-23T01:00Z,2021-10-22,2022,2,DEN,SA,102.0,96.0,False,,Caesars Sportsbook,-7.5,-110.0,-110.0,221.5,-110.0,-110.0,-320.0,260.0,,
401358780,2021-10-23T02:00Z,2021-10-22,2022,2,LAL,PHX,105.0,115.0,False,,Caesars Sportsbook,-1.0,-110.0,-110.0,221.5,-110.0,-110.0,-105.0,-115.0,,
401359850,2021-10-23T02:00Z,2021-10-22,2022,2,SAC,UTAH,101.0,110.0,False,,Caesars Sportsbook,5.5,-110.0,-110.0,226.5,-110.0,-110.0,200.0,-240.0,,
401359851,2021-10-23T22:00Z,2021-10-23,2022,2,CLE,ATL,101.0,95.0,False,,Caesars Sportsbook,7.5,-110.0,-110.0,223.0,-110.0,-110.0,290.0,-350.0,,
401359852,2021-10-23T23:00Z,2021-10-23,2022,2,IND,MIA,102.0,91.0,False,,Caesars Sportsbook,3.5,-110.0,-110.0,222.0,-110.0,-110.0,145.0,-165.0,,
401359853,2021-10-23T23:30Z,2021-10-23,2022,2,TOR,DAL,95.0,103.0,False,,Caesars Sportsbook,3.5,-110.0,-110.0,216.5,-110.0,-110.0,160.0,-180.0,,
401359854,2021-10-24T00:00Z,2021-10-23,2022,2,CHI,DET,97.0,82.0,False,,Caesars Sportsbook,-8.0,-110.0,-110.0,213.0,-110.0,-110.0,-360.0,300.0,,
401359855,2021-10-24T00:00Z,2021-10-23,2022,2,MIN,NO,96.0,89.0,False,,Caesars Sportsbook,-7.5,-110.0,-110.0,228.5,-110.0,-110.0,-290.0,245.0,,
401359856,2021-10-24T00:30Z,2021-10-23,2022,2,SA,MIL,111.0,121.0,False,,Caesars Sportsbook,7.5,-110.0,-110.0,225.5,-110.0,-110.0,210.0,-250.0,,
401359857,2021-10-24T02:00Z,2021-10-23,2022,2,POR,PHX,134.0,105.0,False,,Caesars Sportsbook,-3.0,-110.0,-110.0,229.5,-110.0,-110.0,-135.0,115.0,,
401359858,2021-10-24T02:30Z,2021-10-23,2022,2,LAC,MEM,114.0,120.0,False,,Caesars Sportsbook,-4.0,-110.0,-110.0,226.5,-110.0,-110.0,-170.0,150.0,,
401359859,2021-10-24T20:00Z,2021-10-24,2022,2,BKN,CHA,95.0,111.0,False,,Caesars Sportsbook,-9.0,-110.0,-110.0,233.5,-110.0,-110.0,-430.0,350.0,,
401359860,2021-10-24T23:00Z,2021-10-24,2022,2,NY,ORL,104.0,110.0,False,,Caesars Sportsbook,-12.5,-110.0,-110.0,211.5,-110.0,-110.0,-1000.0,650.0,,
401359861,2021-10-24T23:00Z,2021-10-24,2022,2,HOU,BOS,97.0,107.0,False,,Caesars Sportsbook,5.5,-110.0,-110.0,221.0,-110.0,-110.0,190.0,-220.0,,
401359862,2021-10-24T23:00Z,2021-10-24,2022,2,OKC,PHI,103.0,115.0,False,,Caesars Sportsbook,7.5,-110.0,-110.0,215.5,-110.0,-110.0,400.0,-500.0,,
401359863,2021-10-25T01:00Z,2021-10-24,2022,2,SAC,GS,107.0,119.0,False,,Caesars Sportsbook,3.5,-110.0,-110.0,234.5,-110.0,-110.0,125.0,-145.0,,
401359864,2021-10-25T01:30Z,2021-10-24,2022,2,LAL,MEM,121.0,118.0,False,,Caesars Sportsbook,-5.0,-110.0,-110.0,225.0,-110.0,-110.0,-210.0,180.0,,
401359865,2021-10-25T23:00Z,2021-10-25,2022,2,CHA,BOS,129.0,140.0,False,,Caesars Sportsbook,-1.0,-110.0,-110.0,224.5,-110.0,-110.0,110.0,-130.0,,
401359866,2021-10-25T23:00Z,2021-10-25,2022,2,IND,MIL,109.0,119.0,False,,Caesars Sportsbook,3.0,-110.0,-110.0,229.5,-110.0,-110.0,100.0,-120.0,,
401359867,2021-10-25T23:30Z,2021-10-25,2022,2,ATL,DET,122.0,104.0,False,,Caesars Sportsbook,-11.5,-110.0,-110.0,212.5,-110.0,-110.0,-240.0,200.0,,
401359868,2021-10-25T23:30Z,2021-10-25,2022,2,BKN,WSH,104.0,90.0,False,,Caesars Sportsbook,-6.0,-110.0,-110.0,229.5,-110.0,-110.0,-250.0,210.0,,
401359869,2021-10-25T23:30Z,2021-10-25,2022,2,MIA,ORL,107.0,90.0,False,,Caesars Sportsbook,-13.5,-110.0,-110.0,211.5,-110.0,-110.0,-1000.0,650.0,,
401359870,2021-10-25T23:30Z,2021-10-25,2022,2,TOR,CHI,108.0,111.0,False,,Caesars Sportsbook,2.5,-110.0,-110.0,213.5,-110.0,-110.0,100.0,-120.0,,
401359871,2021-10-26T00:00Z,2021-10-25,2022,2,MIN,NO,98.0,107.0,False,,Caesars Sportsbook,-5.5,-110.0,-110.0,224.5,-110.0,-110.0,-160.0,140.0,,
401359872,2021-10-26T01:00Z,2021-10-25,2022,2,DEN,CLE,87.0,99.0,False,,Caesars Sportsbook,-9.5,-110.0,-110.0,220.5,-110.0,-110.0,-500.0,400.0,,
401359873,2021-10-26T02:30Z,2021-10-25,2022,2,LAC,POR,116.0,86.0,False,,Caesars Sportsbook,-2.5,-110.0,-110.0,230.0,-110.0,-110.0,-120.0,100.0,,
401359874,2021-10-26T23:30Z,2021-10-26,2022,2,NY,PHI,112.0,99.0,False,,Caesars Sportsbook,-1.0,-110.0,-110.0,217.0,-110.0,-110.0,-120.0,100.0,,
401359875,2021-10-27T00:00Z,2021-10-26,2022,2,OKC,GS,98.0,106.0,False,,Caesars Sportsbook,9.0,-110.0,-110.0,223.5,-110.0,-110.0,370.0,-450.0,,
401359876,2021-10-27T00:30Z,2021-10-26,2022,2,DAL,HOU,116.0,106.0,False,,Caesars Sportsbook,-10.5,-110.0,-110.0,222.0,-110.0,-110.0,-650.0,475.0,,
401359877,2021-10-27T00:30Z,2021-10-26,2022,2,SA,LAL,121.0,125.0,False,,Caesars Sportsbook,-2.5,-110.0,-110.0,220.0,-110.0,-110.0,-115.0,-105.0,,
401359878,2021-10-27T02:00Z,2021-10-26,2022,2,UTAH,DEN,122.0,110.0,False,,Caesars Sportsbook,-7.5,-110.0,-110.0,219.0,-110.0,-110.0,-325.0,265.0,,
401359879,2021-10-27T23:00Z,2021-10-27,2022,2,ORL,CHA,111.0,120.0,False,,Caesars Sportsbook,6.0,-110.0,-110.0,221.0,-110.0,-110.0,185.0,-215.0,,
401359880,2021-10-27T23:30Z,2021-10-27,2022,2,BOS,WSH,107.0,116.0,False,,Caesars Sportsbook,-4.0,-110.0,-110.0,224.0,-110.0,-110.0,-175.0,155.0,,
401359881,2021-10-27T23:30Z,2021-10-27,2022,2,BKN,MIA,93.0,106.0,False,,Caesars Sportsbook,-3.5,-110.0,-110.0,217.5,-110.0,-110.0,-155.0,135.0,,
401359882,2021-10-27T23:30Z,2021-10-27,2022,2,TOR,IND,118.0,100.0,False,,Caesars Sportsbook,0.5,-110.0,-110.0,214.5,-110.0,-110.0,-120.0,100.0,,
401359883,2021-10-27T23:30Z,2021-10-27,2022,2,NO,ATL,99.0,102.0,False,,Caesars Sportsbook,6.0,-110.0,-110.0,220.5,-110.0,-110.0,175.0,-200.0,,
401359884,2021-10-28T00:00Z,2021-10-27,2022,2,MIL,MIN,108.0,113.0,False,,Caesars Sportsbook,-6.0,-110.0,-110.0,231.5,-110.0,-110.0,-240.0,200.0,,
401359885,2021-10-28T00:00Z,2021-10-27,2022,2,OKC,LAL,123.0,115.0,False,,Caesars Sportsbook,1.5,-110.0,-110.0,,-110.0,-110.0,135.0,-155.0,,
401359886,2021-10-28T02:00Z,2021-10-27,2022,2,PHX,SAC,107.0,110.0,False,,Caesars Sportsbook,-8.0,-110.0,-110.0,224.5,-110.0,-110.0,-350.0,290.0,,
401359887,2021-10-28T02:00Z,2021-10-27,2022,2,POR,MEM,116.0,96.0,False,,Caesars Sportsbook,-2.5,-110.0,-110.0,233.0,-110.0,-110.0,-140.0,120.0,,
401359888,2021-10-28T02:30Z,2021-10-27,2022,2,LAC,CLE,79.0,92.0,False,,Caesars Sportsbook,-8.0,-110.0,-110.0,218.5,-110.0,-110.0,-340.0,280.0,,
401359889,2021-10-28T23:00Z,2021-10-28,2022,2,PHI,DET,110.0,102.0,False,,Caesars Sportsbook,-11.0,-110.0,-110.0,211.5,-110.0,-110.0,-600.0,450.0,,
401359890,2021-10-28T23:00Z,2021-10-28,2022,2,WSH,ATL,122.0,111.0,False,,Caesars Sportsbook,3.0,-110.0,-110.0,222.5,-110.0,-110.0,150.0,-170.0,,
401359891,2021-10-29T00:00Z,2021-10-28,2022,2,CHI,NY,103.0,104.0,False,,Caesars Sportsbook,-1.5,-110.0,-110.0,216.5,-110.0,-110.0,-125.0,105.0,,
401359892,2021-10-29T00:00Z,2021-10-28,2022,2,HOU,UTAH,91.0,122.0,False,,Caesars Sportsbook,9.0,-110.0,-110.0,222.5,-110.0,-110.0,370.0,-450.0,,
401359893,2021-10-29T00:30Z,2021-10-28,2022,2,DAL,SA,104.0,99.0,False,,Caesars Sportsbook,-6.5,-110.0,-110.0,219.5,-110.0,-110.0,-250.0,210.0,,
401359894,2021-10-29T02:00Z,2021-10-28,2022,2,GS,MEM,101.0,104.0,False,,Caesars Sportsbook,-6.0,-110.0,-110.0,228.0,-110.0,-110.0,-240.0,200.0,,
401359895,2021-10-29T23:00Z,2021-10-29,2022,2,TOR,ORL,110.0,109.0,False,,Caesars Sportsbook,-9.0,-110.0,-110.0,205.5,-110.0,-110.0,-400.0,320.0,,
401359896,2021-10-29T23:30Z,2021-10-29,2022,2,BKN,IND,105.0,98.0,False,,Caesars Sportsbook,-8.5,-110.0,-110.0,223.0,-110.0,-110.0,-380.0,310.0,,
401359897,2021-10-29T23:30Z,2021-10-29,2022,2,MIA,CHA,114.0,99.0,False,,Caesars Sportsbook,-7.0,-110.0,-110.0,221.5,-110.0,-110.0,-275.0,235.0,,
401359898,2021-10-30T00:00Z,2021-10-29,2022,2,NO,SAC,109.0,113.0,False,,Caesars Sportsbook,2.0,-110.0,-110.0,221.5,-110.0,-110.0,105.0,-125.0,,
401359899,2021-10-30T02:00Z,2021-10-29,2022,2,DEN,DAL,106.0,75.0,False,,Caesars Sportsbook,-1.0,-110.0,-110.0,216.5,-110.0,-110.0,-160.0,140.0,,
401359900,2021-10-30T02:00Z,2021-10-29,2022,2,POR,LAC,111.0,92.0,False,,Caesars Sportsbook,-3.5,-110.0,-110.0,223.5,-110.0,-110.0,-135.0,115.0,,
401359901,2021-10-30T02:30Z,2021-10-29,2022,2,LAL,CLE,113.0,101.0,False,,Caesars Sportsbook,-8.5,-110.0,-110.0,222.0,-110.0,-110.0,-360.0,300.0,,
401359902,2021-10-30T21:00Z,2021-10-30,2022,2,WSH,BOS,115.0,112.0,False,,Caesars Sportsbook,-2.0,-110.0,-110.0,223.5,-110.0,-110.0,-135.0,115.0,,
401359903,2021-10-30T23:00Z,2021-10-30,2022,2,DET,ORL,110.0,103.0,False,,Caesars Sportsbook,-6.0,-110.0,-110.0,207.5,-110.0,-110.0,-240.0,200.0,,
401359904,2021-10-30T23:00Z,2021-10-30,2022,2,NO,NY,117.0,123.0,False,,Caesars Sportsbook,7.5,-110.0,-110.0,214.0,-110.0,-110.0,310.0,-380.0,,
401359905,2021-10-30T23:30Z,2021-10-30,2022,2,IND,TOR,94.0,97.0,False,,Caesars Sportsbook,-2.5,-110.0,-110.0,212.5,-110.0,-110.0,-145.0,125.0,,
401359906,2021-10-30T23:30Z,2021-10-30,2022,2,PHI,ATL,122.0,94.0,False,,Caesars Sportsbook,-3.5,-110.0,-110.0,217.0,-110.0,-110.0,-165.0,145.0,,
401359907,2021-10-31T00:00Z,2021-10-30,2022,2,CHI,UTAH,107.0,99.0,False,,Caesars Sportsbook,3.5,-110.0,-110.0,218.5,-110.0,-110.0,140.0,-160.0,,
401359908,2021-10-31T00:00Z,2021-10-30,2022,2,MEM,MIA,103.0,129.0,False,,Caesars Sportsbook,-1.0,-110.0,-110.0,215.5,-110.0,-110.0,-155.0,135.0,,
401359909,2021-10-31T00:00Z,2021-10-30,2022,2,MIL,SA,93.0,102.0,False,,Caesars Sportsbook,-7.0,-110.0,-110.0,223.5,-110.0,-110.0,-300.0,250.0,,
401359910,2021-10-31T00:30Z,2021-10-30,2022,2,GS,OKC,103.0,82.0,False,,Caesars Sportsbook,-12.5,-110.0,-110.0,216.0,-110.0,-110.0,-1000.0,650.0,,
401359911,2021-10-31T01:00Z,2021-10-30,2022,2,MIN,DEN,91.0,93.0,False,,Caesars Sportsbook,-1.5,-110.0,-110.0,220.0,-110.0,-110.0,-115.0,-105.0,,
401359912,2021-10-31T02:00Z,2021-10-30,2022,2,PHX,CLE,101.0,92.0,False,,Caesars Sportsbook,-10.0,-110.0,-110.0,216.5,-110.0,-110.0,-475.0,380.0,,
401359913,2021-10-31T19:30Z,2021-10-31,2022,2,DAL,SAC,105.0,99.0,False,,Caesars Sportsbook,-4.0,-110.0,-110.0,218.5,-110.0,-110.0,-175.0,155.0,,
401359914,2021-10-31T23:00Z,2021-10-31,2022,2,CHA,POR,125.0,113.0,False,,Caesars Sportsbook,1.0,-110.0,-110.0,231.5,-110.0,-110.0,110.0,-130.0,,
401359915,2021-10-31T23:00Z,2021-10-31,2022,2,MIL,UTAH,95.0,107.0,False,,Caesars Sportsbook,4.5,-110.0,-110.0,222.0,-110.0,-110.0,180.0,-210.0,,
401359916,2021-10-31T23:30Z,2021-10-31,2022,2,BKN,DET,117.0,91.0,False,,Caesars Sportsbook,-12.5,-110.0,-110.0,210.5,-110.0,-110.0,-900.0,600.0,,
401359917,2021-11-01T02:30Z,2021-10-31,2022,2,LAL,HOU,95.0,85.0,False,,Caesars Sportsbook,-11.0,-110.0,-110.0,223.5,-110.0,-110.0,-650.0,475.0,,
401359918,2021-11-01T23:00Z,2021-11-01,2022,2,CHA,CLE,110.0,113.0,False,,Caesars Sportsbook,-5.0,-110.0,-110.0,220.0,-110.0,-110.0,-210.0,180.0,,
401359919,2021-11-01T23:00Z,2021-11-01,2022,2,IND,SA,131.0,118.0,False,,Caesars Sportsbook,-2.5,-110.0,-110.0,215.5,-110.0,-110.0,-140.0,120.0,,
401359920,2021-11-01T23:00Z,2021-11-01,2022,2,PHI,POR,113.0,103.0,False,,Caesars Sportsbook,0.5,-110.0,-110.0,219.5,-110.0,-110.0,100.0,-120.0,,
401359921,2021-11-01T23:30Z,2021-11-01,2022,2,ATL,WSH,118.0,111.0,False,,Caesars Sportsbook,-5.5,-110.0,-110.0,222.5,-110.0,-110.0,-210.0,180.0,,
401359922,2021-11-01T23:30Z,2021-11-01,2022,2,BOS,CHI,114.0,128.0,False,,Caesars Sportsbook,-2.5,-110.0,-110.0,215.5,-110.0,-110.0,-140.0,120.0,,
401359923,2021-11-01T23:30Z,2021-11-01,2022,2,NY,TOR,104.0,113.0,False,,Caesars Sportsbook,-7.5,-110.0,-110.0,208.5,-110.0,-110.0,-300.0,250.0,,
401359924,2021-11-02T00:00Z,2021-11-01,2022,2,MEM,DEN,106.0,97.0,False,,Caesars Sportsbook,-2.0,-110.0,-110.0,216.0,-110.0,-110.0,-120.0,100.0,,
401359925,2021-11-02T00:00Z,2021-11-01,2022,2,MIN,ORL,97.0,115.0,False,,Caesars Sportsbook,-9.0,-110.0,-110.0,216.5,-110.0,-110.0,-410.0,330.0,,
401359926,2021-11-02T02:30Z,2021-11-01,2022,2,LAC,OKC,99.0,94.0,False,,Caesars Sportsbook,-12.5,-110.0,-110.0,210.5,-110.0,-110.0,-800.0,550.0,,
401359927,2021-11-02T23:00Z,2021-11-02,2022,2,DET,MIL,89.0,117.0,False,,Caesars Sportsbook,4.0,-110.0,-110.0,211.5,-110.0,-110.0,160.0,-180.0,,
401359928,2021-11-02T23:30Z,2021-11-02,2022,2,DAL,MIA,110.0,125.0,False,,Caesars Sportsbook,2.5,-110.0,-110.0,209.5,-110.0,-110.0,120.0,-140.0,,
401359929,2021-11-03T01:00Z,2021-11-02,2022,2,UTAH,SAC,119.0,113.0,False,,Caesars Sportsbook,-9.0,-110.0,-110.0,224.0,-110.0,-110.0,-410.0,330.0,,
401359930,2021-11-03T02:00Z,2021-11-02,2022,2,PHX,NO,112.0,100.0,False,,Caesars Sportsbook,-10.0,-110.0,-110.0,215.0,-110.0,-110.0,-500.0,400.0,,
401359931,2021-11-03T02:30Z,2021-11-02,2022,2,LAL,HOU,119.0,117.0,False,,Caesars Sportsbook,-11.0,-110.0,-110.0,219.0,-110.0,-110.0,-650.0,475.0,,
401359932,2021-11-03T23:00Z,2021-11-03,2022,2,CLE,POR,107.0,104.0,False,,Caesars Sportsbook,3.0,-110.0,-110.0,216.0,-110.0,-110.0,190.0,-220.0,,
401359933,2021-11-03T23:00Z,2021-11-03,2022,2,IND,NY,111.0,98.0,False,,Caesars Sportsbook,-1.5,-110.0,-110.0,215.5,-110.0,-110.0,-110.0,-110.0,,
401359934,2021-11-03T23:00Z,2021-11-03,2022,2,ORL,BOS,79.0,92.0,False,,Caesars Sportsbook,6.5,-110.0,-110.0,212.5,-110.0,-110.0,230.0,-270.0,,
401359935,2021-11-03T23:00Z,2021-11-03,2022,2,PHI,CHI,103.0,98.0,False,,Caesars Sportsbook,-2.5,-110.0,-110.0,215.5,-110.0,-110.0,-120.0,100.0,,
401359936,2021-11-03T23:00Z,2021-11-03,2022,2,WSH,TOR,100.0,109.0,False,,Caesars Sportsbook,-3.5,-110.0,-110.0,212.0,-110.0,-110.0,-160.0,140.0,,
401359937,2021-11-03T23:30Z,2021-11-03,2022,2,BKN,ATL,117.0,108.0,False,,Caesars Sportsbook,-4.5,-110.0,-110.0,221.0,-110.0,-110.0,-185.0,165.0,,
401359938,2021-11-04T00:00Z,2021-11-03,2022,2,MEM,DEN,108.0,106.0,False,,Caesars Sportsbook,-1.0,-110.0,-110.0,215.0,-110.0,-110.0,100.0,-120.0,,
401359939,2021-11-04T00:00Z,2021-11-03,2022,2,MIN,LAC,115.0,126.0,False,,Caesars Sportsbook,-1.0,-110.0,-110.0,212.0,-110.0,-110.0,120.0,-140.0,,
401359940,2021-11-04T00:30Z,2021-11-03,2022,2,SA,DAL,108.0,109.0,False,,Caesars Sportsbook,1.0,-110.0,-110.0,216.5,-110.0,-110.0,115.0,-135.0,,
401359941,2021-11-04T02:00Z,2021-11-03,2022,2,GS,CHA,114.0,92.0,False,,Caesars Sportsbook,-6.0,-110.0,-110.0,226.5,-110.0,-110.0,-240.0,200.0,,
401359942,2021-11-04T02:00Z,2021-11-03,2022,2,SAC,NO,112.0,99.0,False,,Caesars Sportsbook,-6.0,-110.0,-110.0,219.0,-110.0,-110.0,-220.0,190.0,,
401359943,2021-11-04T23:00Z,2021-11-04,2022,2,DET,PHI,98.0,109.0,False,,Caesars Sportsbook,3.5,-110.0,-110.0,207.0,-110.0,-110.0,170.0,-190.0,,
401359944,2021-11-04T23:30Z,2021-11-04,2022,2,ATL,UTAH,98.0,116.0,False,,Caesars Sportsbook,-1.0,-110.0,-110.0,218.5,-110.0,-110.0,-110.0,-110.0,,
401359945,2021-11-04T23:30Z,2021-11-04,2022,2,MIA,BOS,78.0,95.0,False,,Caesars Sportsbook,-6.5,-110.0,-110.0,213.5,-110.0,-110.0,-265.0,225.0,,
401359946,2021-11-05T02:00Z,2021-11-04,2022,2,PHX,HOU,123.0,111.0,False,,Caesars Sportsbook,-11.5,-110.0,-110.0,220.0,-110.0,-110.0,-700.0,500.0,,
401359947,2021-11-05T02:30Z,2021-11-04,2022,2,LAL,OKC,104.0,107.0,False,,Caesars Sportsbook,-10.5,-110.0,-110.0,214.5,-110.0,-110.0,-600.0,450.0,,
401359948,2021-11-05T23:00Z,2021-11-05,2022,2,DET,BKN,90.0,96.0,False,,Caesars Sportsbook,10.0,-110.0,-110.0,210.0,-110.0,-110.0,400.0,-500.0,,
401359949,2021-11-05T23:00Z,2021-11-05,2022,2,ORL,SA,89.0,102.0,False,,Caesars Sportsbook,3.5,-110.0,-110.0,213.0,-110.0,-110.0,150.0,-170.0,,
401359950,2021-11-05T23:00Z,2021-11-05,2022,2,WSH,MEM,115.0,87.0,False,,Caesars Sportsbook,-2.5,-110.0,-110.0,221.0,-110.0,-110.0,-120.0,100.0,,
401359951,2021-11-05T23:30Z,2021-11-05,2022,2,TOR,CLE,101.0,102.0,False,,Caesars Sportsbook,-6.0,-110.0,-110.0,204.0,-110.0,-110.0,-220.0,190.0,,
401359952,2021-11-05T23:30Z,2021-11-05,2022,2,MIL,NY,98.0,113.0,False,,Caesars Sportsbook,-3.5,-110.0,-110.0,217.0,-110.0,-110.0,-160.0,140.0,,
401359953,2021-11-06T00:00Z,2021-11-05,2022,2,MIN,LAC,84.0,104.0,False,,Caesars Sportsbook,2.5,-110.0,-110.0,216.0,-110.0,-110.0,120.0,-140.0,,
401359954,2021-11-06T02:00Z,2021-11-05,2022,2,GS,NO,126.0,85.0,False,,Caesars Sportsbook,-9.5,-110.0,-110.0,214.0,-110.0,-110.0,-450.0,370.0,,
401359955,2021-11-06T02:00Z,2021-11-05,2022,2,POR,IND,110.0,106.0,False,,Caesars Sportsbook,-5.5,-110.0,-110.0,222.5,-110.0,-110.0,-215.0,185.0,,
401359956,2021-11-06T02:00Z,2021-11-05,2022,2,SAC,CHA,140.0,110.0,False,,Caesars Sportsbook,-2.0,-110.0,-110.0,232.0,-110.0,-110.0,-130.0,110.0,,
401359957,2021-11-06T21:00Z,2021-11-06,2022,2,DEN,HOU,95.0,94.0,False,,Caesars Sportsbook,-11.5,-110.0,-110.0,215.5,-110.0,-110.0,-700.0,500.0,,
401359958,2021-11-06T23:30Z,2021-11-06,2022,2,MIA,UTAH,118.0,115.0,False,,Caesars Sportsbook,-1.0,-110.0,-110.0,211.5,-110.0,-110.0,-110.0,-110.0,,
401359959,2021-11-07T00:00Z,2021-11-06,2022,2,CHI,PHI,105.0,114.0,False,,Caesars Sportsbook,-4.0,-110.0,-110.0,215.0,-110.0,-110.0,-150.0,130.0,,
401359960,2021-11-07T00:30Z,2021-11-06,2022,2,DAL,BOS,107.0,104.0,False,,Caesars Sportsbook,-3.5,-110.0,-110.0,211.0,-110.0,-110.0,-160.0,140.0,,
401359961,2021-11-07T02:00Z,2021-11-06,2022,2,PHX,ATL,121.0,117.0,False,,Caesars Sportsbook,-3.5,-110.0,-110.0,221.5,-110.0,-110.0,-165.0,145.0,,
401359962,2021-11-07T02:30Z,2021-11-06,2022,2,POR,LAL,105.0,90.0,False,,Caesars Sportsbook,-4.5,-110.0,-110.0,224.0,-110.0,-110.0,-185.0,165.0,,
401359963,2021-11-07T20:30Z,2021-11-07,2022,2,TOR,BKN,103.0,116.0,False,,Caesars Sportsbook,3.5,-110.0,-110.0,211.0,-110.0,-110.0,115.0,-135.0,,
401359964,2021-11-07T23:00Z,2021-11-07,2022,2,NY,CLE,109.0,126.0,False,,Caesars Sportsbook,-7.5,-110.0,-110.0,207.5,-110.0,-110.0,-175.0,155.0,,
401359965,2021-11-07T23:00Z,2021-11-07,2022,2,ORL,UTAH,107.0,100.0,False,,Caesars Sportsbook,12.5,-110.0,-110.0,210.5,-110.0,-110.0,500.0,-700.0,,
401359966,2021-11-07T23:00Z,2021-11-07,2022,2,WSH,MIL,101.0,94.0,False,,Caesars Sportsbook,1.0,-110.0,-110.0,219.0,-110.0,-110.0,-110.0,-110.0,,
401359967,2021-11-07T23:00Z,2021-11-07,2022,2,SAC,IND,91.0,94.0,False,,Caesars Sportsbook,-2.5,-110.0,-110.0,225.0,-110.0,-110.0,-140.0,120.0,,
401359968,2021-11-08T00:00Z,2021-11-07,2022,2,OKC,SA,99.0,94.0,False,,Caesars Sportsbook,4.5,-110.0,-110.0,214.0,-110.0,-110.0,105.0,-125.0,,
401359969,2021-11-08T01:30Z,2021-11-07,2022,2,GS,HOU,120.0,107.0,False,,Caesars Sportsbook,-13.0,-110.0,-110.0,219.5,-110.0,-110.0,-260.0,220.0,,
401359970,2021-11-08T02:00Z,2021-11-07,2022,2,LAC,CHA,120.0,106.0,False,,Caesars Sportsbook,-6.0,-110.0,-110.0,224.5,-110.0,-110.0,-165.0,145.0,,
401359971,2021-11-09T00:00Z,2021-11-08,2022,2,PHI,NY,96.0,103.0,False,,Caesars Sportsbook,1.0,-110.0,-110.0,214.0,-110.0,-110.0,115.0,-135.0,,
401359972,2021-11-09T01:00Z,2021-11-08,2022,2,CHI,BKN,118.0,95.0,False,,Caesars Sportsbook,-1.5,-110.0,-110.0,216.5,-110.0,-110.0,-110.0,-110.0,,
401359973,2021-11-09T01:00Z,2021-11-08,2022,2,MEM,MIN,125.0,118.0,False,,Caesars Sportsbook,-4.5,-110.0,-110.0,220.0,-110.0,-110.0,-185.0,165.0,,
401359974,2021-11-09T01:30Z,2021-11-08,2022,2,DAL,NO,108.0,92.0,False,,Caesars Sportsbook,-8.5,-110.0,-110.0,211.0,-110.0,-110.0,-410.0,330.0,,
401359975,2021-11-09T02:00Z,2021-11-08,2022,2,DEN,MIA,113.0,96.0,False,,Caesars Sportsbook,1.5,-110.0,-110.0,202.5,-110.0,-110.0,105.0,-125.0,,
401359976,2021-11-09T03:00Z,2021-11-08,2022,2,GS,ATL,127.0,113.0,False,,Caesars Sportsbook,-3.0,-110.0,-110.0,222.5,-110.0,-110.0,-155.0,135.0,,
401359977,2021-11-09T03:00Z,2021-11-08,2022,2,SAC,PHX,104.0,109.0,False,,Caesars Sportsbook,3.0,-110.0,-110.0,223.0,-110.0,-110.0,140.0,-160.0,,
401359978,2021-11-09T03:30Z,2021-11-08,2022,2,LAL,CHA,126.0,123.0,False,,Caesars Sportsbook,-2.5,-110.0,-110.0,226.0,-110.0,-110.0,-140.0,120.0,,
401359979,2021-11-10T00:30Z,2021-11-09,2022,2,PHI,MIL,109.0,118.0,False,,Caesars Sportsbook,5.5,-110.0,-110.0,215.5,-110.0,-110.0,245.0,-290.0,,
401359980,2021-11-10T02:00Z,2021-11-09,2022,2,UTAH,ATL,110.0,98.0,False,,Caesars Sportsbook,-8.5,-110.0,-110.0,223.5,-110.0,-110.0,-360.0,300.0,,
401359981,2021-11-10T03:00Z,2021-11-09,2022,2,LAC,POR,117.0,109.0,False,,Caesars Sportsbook,-3.0,-110.0,-110.0,220.0,-110.0,-110.0,-130.0,110.0,,
401359982,2021-11-11T00:00Z,2021-11-10,2022,2,CLE,WSH,94.0,97.0,False,,Caesars Sportsbook,3.5,-110.0,-110.0,209.0,-110.0,-110.0,145.0,-165.0,,
401359983,2021-11-11T00:00Z,2021-11-10,2022,2,ORL,BKN,90.0,123.0,False,,Caesars Sportsbook,9.0,-110.0,-110.0,211.0,-110.0,-110.0,380.0,-475.0,,
401359984,2021-11-11T00:30Z,2021-11-10,2022,2,BOS,TOR,104.0,88.0,False,,Caesars Sportsbook,-3.0,-110.0,-110.0,205.0,-110.0,-110.0,-155.0,135.0,,
401359985,2021-11-11T00:30Z,2021-11-10,2022,2,NY,MIL,100.0,112.0,False,,Caesars Sportsbook,-4.0,-110.0,-110.0,216.5,-110.0,-110.0,-165.0,145.0,,
401359986,2021-11-11T00:30Z,2021-11-10,2022,2,HOU,DET,104.0,112.0,False,,Caesars Sportsbook,-1.0,-110.0,-110.0,210.0,-110.0,-110.0,-140.0,120.0,,
401359987,2021-11-11T01:00Z,2021-11-10,2022,2,CHI,DAL,117.0,107.0,False,,Caesars Sportsbook,-3.5,-110.0,-110.0,215.0,-110.0,-110.0,-160.0,140.0,,
401359988,2021-11-11T01:00Z,2021-11-10,2022,2,MEM,CHA,108.0,118.0,False,,Caesars Sportsbook,-4.5,-110.0,-110.0,228.0,-110.0,-110.0,-185.0,165.0,,
401359989,2021-11-11T01:00Z,2021-11-10,2022,2,NO,OKC,100.0,108.0,False,,Caesars Sportsbook,-4.0,-110.0,-110.0,208.5,-110.0,-110.0,-175.0,155.0,,
401359990,2021-11-11T01:30Z,2021-11-10,2022,2,SA,SAC,136.0,117.0,False,,Caesars Sportsbook,,,,222.0,-110.0,-110.0,-110.0,-110.0,,
401359991,2021-11-11T02:00Z,2021-11-10,2022,2,DEN,IND,101.0,98.0,False,,Caesars Sportsbook,3.5,-110.0,-110.0,204.5,-110.0,-110.0,130.0,-150.0,,
401359992,2021-11-11T02:00Z,2021-11-10,2022,2,PHX,POR,119.0,109.0,False,,Caesars Sportsbook,-5.0,-110.0,-110.0,225.0,-110.0,-110.0,-155.0,135.0,,
401359993,2021-11-11T03:00Z,2021-11-10,2022,2,GS,MIN,123.0,110.0,False,,Caesars Sportsbook,-7.5,-110.0,-110.0,222.0,-110.0,-110.0,-310.0,255.0,,
401359994,2021-11-11T03:00Z,2021-11-10,2022,2,LAL,MIA,120.0,117.0,False,,Caesars Sportsbook,5.0,-110.0,-110.0,216.0,-110.0,-110.0,180.0,-210.0,,
401359995,2021-11-12T00:00Z,2021-11-11,2022,2,PHI,TOR,109.0,115.0,False,,Caesars Sportsbook,-4.0,-110.0,-110.0,212.5,-110.0,-110.0,-175.0,155.0,,
401359996,2021-11-12T02:00Z,2021-11-11,2022,2,UTAH,IND,100.0,111.0,False,,Caesars Sportsbook,-10.5,-110.0,-110.0,215.0,-110.0,-110.0,-550.0,425.0,,
401359997,2021-11-12T03:30Z,2021-11-11,2022,2,LAC,MIA,112.0,109.0,False,,Caesars Sportsbook,-2.0,-110.0,-110.0,211.0,-110.0,-110.0,-200.0,175.0,,
401359998,2021-11-13T00:00Z,2021-11-12,2022,2,CHA,NY,104.0,96.0,False,,Caesars Sportsbook,1.0,-110.0,-110.0,224.0,-110.0,-110.0,120.0,-140.0,,
401359999,2021-11-13T00:30Z,2021-11-12,2022,2,BOS,MIL,122.0,113.0,False,,Caesars Sportsbook,-5.5,-110.0,-110.0,209.5,-110.0,-110.0,-215.0,185.0,,
401360000,2021-11-13T00:30Z,2021-11-12,2022,2,CLE,DET,98.0,78.0,False,,Caesars Sportsbook,-5.0,-110.0,-110.0,200.5,-110.0,-110.0,-190.0,170.0,,
401360001,2021-11-13T01:00Z,2021-11-12,2022,2,HOU,POR,92.0,104.0,False,,Caesars Sportsbook,6.0,-110.0,-110.0,222.5,-110.0,-110.0,230.0,-270.0,,
401360002,2021-11-13T01:00Z,2021-11-12,2022,2,MEM,PHX,94.0,119.0,False,,Caesars Sportsbook,-1.0,-110.0,-110.0,222.5,-110.0,-110.0,105.0,-125.0,,
401360003,2021-11-13T01:00Z,2021-11-12,2022,2,NO,BKN,112.0,120.0,False,,Caesars Sportsbook,9.5,-110.0,-110.0,214.0,-110.0,-110.0,345.0,-425.0,,
401360004,2021-11-13T01:00Z,2021-11-12,2022,2,OKC,SAC,105.0,103.0,False,,Caesars Sportsbook,4.0,-110.0,-110.0,219.5,-110.0,-110.0,170.0,-190.0,,
401360005,2021-11-13T01:30Z,2021-11-12,2022,2,SA,DAL,109.0,123.0,False,,Caesars Sportsbook,2.0,-110.0,-110.0,220.0,-110.0,-110.0,120.0,-140.0,,
401360006,2021-11-13T02:00Z,2021-11-12,2022,2,DEN,ATL,105.0,96.0,False,,Caesars Sportsbook,-3.5,-110.0,-110.0,214.0,-110.0,-110.0,-160.0,140.0,,
401360007,2021-11-13T03:00Z,2021-11-12,2022,2,GS,CHI,119.0,93.0,False,,Caesars Sportsbook,-5.5,-110.0,-110.0,221.5,-110.0,-110.0,-230.0,195.0,,
401360008,2021-11-13T03:30Z,2021-11-12,2022,2,LAL,MIN,83.0,107.0,False,,Caesars Sportsbook,-2.0,-110.0,-110.0,223.5,-110.0,-110.0,-125.0,105.0,,
401360009,2021-11-13T22:00Z,2021-11-13,2022,2,UTAH,MIA,105.0,111.0,False,,Caesars Sportsbook,-8.0,-110.0,-110.0,212.0,-110.0,-110.0,-330.0,270.0,,
401360010,2021-11-14T00:00Z,2021-11-13,2022,2,IND,PHI,118.0,113.0,False,,Caesars Sportsbook,-3.5,-110.0,-110.0,214.0,-110.0,-110.0,-170.0,150.0,,
401360011,2021-11-14T00:00Z,2021-11-13,2022,2,ORL,WSH,92.0,104.0,False,,Caesars Sportsbook,4.0,-110.0,-110.0,203.0,-110.0,-110.0,155.0,-175.0,,
401360012,2021-11-14T00:00Z,2021-11-13,2022,2,NO,MEM,112.0,101.0,False,,Caesars Sportsbook,3.5,-110.0,-110.0,218.5,-110.0,-110.0,145.0,-165.0,,
401360013,2021-11-14T00:30Z,2021-11-13,2022,2,TOR,DET,121.0,127.0,False,,Caesars Sportsbook,-8.5,-110.0,-110.0,202.5,-110.0,-110.0,-360.0,300.0,,
401360014,2021-11-14T01:00Z,2021-11-13,2022,2,CLE,BOS,91.0,89.0,False,,Caesars Sportsbook,3.0,-110.0,-110.0,202.5,-110.0,-110.0,100.0,-120.0,,
401360015,2021-11-14T03:30Z,2021-11-13,2022,2,LAC,MIN,129.0,102.0,False,,Caesars Sportsbook,-7.0,-110.0,-110.0,220.5,-110.0,-110.0,-260.0,220.0,,
401360016,2021-11-14T20:30Z,2021-11-14,2022,2,LAL,SA,114.0,106.0,False,,Caesars Sportsbook,-2.5,-110.0,-110.0,219.5,-110.0,-110.0,-135.0,115.0,,
401360017,2021-11-14T23:00Z,2021-11-14,2022,2,ATL,MIL,120.0,100.0,False,,Caesars Sportsbook,-2.0,-110.0,-110.0,223.5,-110.0,-110.0,-130.0,110.0,,
401360018,2021-11-15T00:00Z,2021-11-14,2022,2,CHA,GS,106.0,102.0,False,,Caesars Sportsbook,5.0,-110.0,-110.0,228.0,-110.0,-110.0,180.0,-210.0,,
401360019,2021-11-15T00:00Z,2021-11-14,2022,2,HOU,PHX,89.0,115.0,False,,Caesars Sportsbook,8.5,-110.0,-110.0,221.0,-110.0,-110.0,320.0,-400.0,,
401360020,2021-11-15T00:00Z,2021-11-14,2022,2,OKC,BKN,96.0,120.0,False,,Caesars Sportsbook,9.5,-110.0,-110.0,216.0,-110.0,-110.0,350.0,-430.0,,
401360021,2021-11-15T01:00Z,2021-11-14,2022,2,DEN,POR,124.0,95.0,False,,Caesars Sportsbook,-6.0,-110.0,-110.0,208.0,-110.0,-110.0,-255.0,215.0,,
401360022,2021-11-15T02:30Z,2021-11-14,2022,2,LAC,CHI,90.0,100.0,False,,Caesars Sportsbook,-3.5,-110.0,-110.0,218.0,-110.0,-110.0,-165.0,145.0,,
401360023,2021-11-16T00:00Z,2021-11-15,2022,2,CLE,BOS,92.0,98.0,False,,Caesars Sportsbook,4.0,-110.0,-110.0,199.5,-110.0,-110.0,150.0,-170.0,,
401360024,2021-11-16T00:00Z,2021-11-15,2022,2,DET,SAC,107.0,129.0,False,,Caesars Sportsbook,5.0,-110.0,-110.0,214.0,-110.0,-110.0,160.0,-180.0,,
401360025,2021-11-16T00:00Z,2021-11-15,2022,2,WSH,NO,105.0,100.0,False,,Caesars Sportsbook,-4.5,-110.0,-110.0,208.0,-110.0,-110.0,-180.0,160.0,,
401360026,2021-11-16T00:30Z,2021-11-15,2022,2,ATL,ORL,129.0,111.0,False,,Caesars Sportsbook,-10.5,-110.0,-110.0,215.0,-110.0,-110.0,-550.0,425.0,,
401360027,2021-11-16T00:30Z,2021-11-15,2022,2,NY,IND,92.0,84.0,False,,Caesars Sportsbook,-3.0,-110.0,-110.0,211.5,-110.0,-110.0,-150.0,130.0,,
401360028,2021-11-16T01:00Z,2021-11-15,2022,2,DAL,DEN,111.0,101.0,False,,Caesars Sportsbook,-5.5,-110.0,-110.0,208.5,-110.0,-110.0,-155.0,135.0,,
401360029,2021-11-16T01:00Z,2021-11-15,2022,2,MEM,HOU,136.0,102.0,False,,Caesars Sportsbook,-11.5,-110.0,-110.0,219.0,-110.0,-110.0,-750.0,525.0,,
401360030,2021-11-16T01:00Z,2021-11-15,2022,2,MIN,PHX,96.0,99.0,False,,Caesars Sportsbook,3.0,-110.0,-110.0,222.5,-110.0,-110.0,150.0,-170.0,,
401360031,2021-11-16T01:00Z,2021-11-15,2022,2,OKC,MIA,90.0,103.0,False,,Caesars Sportsbook,6.5,-110.0,-110.0,207.0,-110.0,-110.0,220.0,-260.0,,
401360032,2021-11-16T03:00Z,2021-11-15,2022,2,POR,TOR,118.0,113.0,False,,Caesars Sportsbook,-2.5,-110.0,-110.0,215.5,-110.0,-110.0,-145.0,125.0,,
401360033,2021-11-16T03:30Z,2021-11-15,2022,2,LAL,CHI,103.0,121.0,False,,Caesars Sportsbook,1.0,-110.0,-110.0,215.5,-110.0,-110.0,-105.0,-115.0,,
401360034,2021-11-17T00:30Z,2021-11-16,2022,2,BKN,GS,99.0,117.0,False,,Caesars Sportsbook,-2.5,-110.0,-110.0,223.0,-110.0,-110.0,-130.0,110.0,,
401360035,2021-11-17T03:00Z,2021-11-16,2022,2,UTAH,PHI,120.0,85.0,False,,Caesars Sportsbook,-11.5,-110.0,-110.0,217.5,-110.0,-110.0,-550.0,425.0,,
401360036,2021-11-17T03:30Z,2021-11-16,2022,2,LAC,SA,106.0,92.0,False,,Caesars Sportsbook,-7.5,-110.0,-110.0,221.0,-110.0,-110.0,-320.0,260.0,,
401360037,2021-11-18T00:00Z,2021-11-17,2022,2,CHA,WSH,97.0,87.0,False,,Caesars Sportsbook,-1.0,-110.0,-110.0,219.5,-110.0,-110.0,-110.0,-110.0,,
401360038,2021-11-18T00:00Z,2021-11-17,2022,2,DET,IND,97.0,89.0,False,,Caesars Sportsbook,6.0,-110.0,-110.0,205.5,-110.0,-110.0,220.0,-260.0,,
401360039,2021-11-18T00:30Z,2021-11-17,2022,2,ATL,BOS,110.0,99.0,False,,Caesars Sportsbook,-5.0,-110.0,-110.0,216.0,-110.0,-110.0,-200.0,175.0,,
401360040,2021-11-18T00:30Z,2021-11-17,2022,2,BKN,CLE,109.0,99.0,False,,Caesars Sportsbook,-9.5,-110.0,-110.0,206.0,-110.0,-110.0,-500.0,400.0,,
401360041,2021-11-18T00:30Z,2021-11-17,2022,2,MIA,NO,113.0,98.0,False,,Caesars Sportsbook,-6.5,-110.0,-110.0,210.5,-110.0,-110.0,-270.0,230.0,,
401360042,2021-11-18T00:30Z,2021-11-17,2022,2,NY,ORL,98.0,104.0,False,,Caesars Sportsbook,-11.5,-110.0,-110.0,207.0,-110.0,-110.0,-750.0,525.0,,
401360043,2021-11-18T00:30Z,2021-11-17,2022,2,MIL,LAL,109.0,102.0,False,,Caesars Sportsbook,-9.0,-110.0,-110.0,223.0,-110.0,-110.0,-420.0,340.0,,
401360044,2021-11-18T01:00Z,2021-11-17,2022,2,MIN,SAC,107.0,97.0,False,,Caesars Sportsbook,-2.5,-110.0,-110.0,227.5,-110.0,-110.0,-135.0,115.0,,
401360045,2021-11-18T01:00Z,2021-11-17,2022,2,OKC,HOU,101.0,89.0,False,,Caesars Sportsbook,-3.0,-110.0,-110.0,214.5,-110.0,-110.0,,,,
401360046,2021-11-18T03:00Z,2021-11-17,2022,2,PHX,DAL,105.0,98.0,False,,Caesars Sportsbook,-8.5,-110.0,-110.0,212.0,-110.0,-110.0,-360.0,300.0,,
401360047,2021-11-18T03:00Z,2021-11-17,2022,2,POR,CHI,112.0,107.0,False,,Caesars Sportsbook,-3.5,-110.0,-110.0,221.0,-110.0,-110.0,-160.0,140.0,,
401360048,2021-11-19T00:30Z,2021-11-18,2022,2,CLE,GS,89.0,104.0,False,,Caesars Sportsbook,9.5,-110.0,-110.0,209.0,-110.0,-110.0,350.0,-430.0,,
401360049,2021-11-19T00:30Z,2021-11-18,2022,2,MIA,WSH,112.0,97.0,False,,Caesars Sportsbook,-6.5,-110.0,-110.0,206.5,-110.0,-110.0,-255.0,215.0,,
401360050,2021-11-19T01:00Z,2021-11-18,2022,2,MEM,LAC,120.0,108.0,False,,Caesars Sportsbook,-1.0,-110.0,-110.0,220.5,-110.0,-110.0,-115.0,-105.0,,
401360051,2021-11-19T01:00Z,2021-11-18,2022,2,MIN,SA,115.0,90.0,False,,Caesars Sportsbook,-2.0,-110.0,-110.0,219.5,-110.0,-110.0,-135.0,115.0,,
401360052,2021-11-19T02:00Z,2021-11-18,2022,2,DEN,PHI,89.0,103.0,False,,Caesars Sportsbook,-7.5,-110.0,-110.0,209.0,-110.0,-110.0,-320.0,260.0,,
401360053,2021-11-19T02:00Z,2021-11-18,2022,2,UTAH,TOR,119.0,103.0,False,,Caesars Sportsbook,-10.0,-110.0,-110.0,215.0,-110.0,-110.0,-500.0,400.0,,
401360054,2021-11-20T00:00Z,2021-11-19,2022,2,CHA,IND,121.0,118.0,False,,Caesars Sportsbook,-1.0,-110.0,-110.0,215.0,-110.0,-110.0,-115.0,-105.0,,
401360055,2021-11-20T00:00Z,2021-11-19,2022,2,DET,GS,102.0,105.0,False,,Caesars Sportsbook,2.0,-110.0,-110.0,200.5,-110.0,-110.0,110.0,-130.0,,
401360056,2021-11-20T00:30Z,2021-11-19,2022,2,BOS,LAL,130.0,108.0,False,,Caesars Sportsbook,-1.5,-110.0,-110.0,214.0,-110.0,-110.0,-110.0,-110.0,,
401360057,2021-11-20T00:30Z,2021-11-19,2022,2,BKN,ORL,115.0,113.0,False,,Caesars Sportsbook,-9.5,-110.0,-110.0,209.5,-110.0,-110.0,-500.0,400.0,,
401360058,2021-11-20T01:00Z,2021-11-19,2022,2,MIL,OKC,96.0,89.0,False,,Caesars Sportsbook,-12.5,-110.0,-110.0,216.0,-110.0,-110.0,-250.0,210.0,,
401360059,2021-11-20T01:00Z,2021-11-19,2022,2,NO,LAC,94.0,81.0,False,,Caesars Sportsbook,3.5,-110.0,-110.0,214.0,-110.0,-110.0,155.0,-175.0,,
401360060,2021-11-20T02:00Z,2021-11-19,2022,2,DEN,CHI,108.0,114.0,False,,Caesars Sportsbook,2.5,-110.0,-110.0,206.5,-110.0,-110.0,120.0,-140.0,,
401360061,2021-11-20T03:00Z,2021-11-19,2022,2,PHX,DAL,112.0,104.0,False,,Caesars Sportsbook,-8.5,-110.0,-110.0,211.5,-110.0,-110.0,-350.0,290.0,,
401360062,2021-11-20T03:00Z,2021-11-19,2022,2,SAC,TOR,89.0,108.0,False,,Caesars Sportsbook,-3.5,-110.0,-110.0,221.0,-110.0,-110.0,-165.0,145.0,,
401360063,2021-11-20T22:00Z,2021-11-20,2022,2,NY,HOU,106.0,99.0,False,,Caesars Sportsbook,-11.0,-110.0,-110.0,214.0,-110.0,-110.0,-600.0,450.0,,
401360064,2021-11-21T00:00Z,2021-11-20,2022,2,IND,NO,111.0,94.0,False,,Caesars Sportsbook,-7.5,-110.0,-110.0,206.5,-110.0,-110.0,-320.0,260.0,,
401360065,2021-11-21T00:00Z,2021-11-20,2022,2,WSH,MIA,103.0,100.0,False,,Caesars Sportsbook,2.0,-110.0,-110.0,207.5,-110.0,-110.0,115.0,-135.0,,
401360066,2021-11-21T00:30Z,2021-11-20,2022,2,ATL,CHA,115.0,105.0,False,,Caesars Sportsbook,-7.5,-110.0,-110.0,227.0,-110.0,-110.0,-275.0,235.0,,
401360067,2021-11-21T00:30Z,2021-11-20,2022,2,BOS,OKC,111.0,105.0,False,,Caesars Sportsbook,-9.0,-110.0,-110.0,205.0,-110.0,-110.0,-440.0,360.0,,
401360068,2021-11-21T01:00Z,2021-11-20,2022,2,MIL,ORL,117.0,108.0,False,,Caesars Sportsbook,-12.5,-110.0,-110.0,215.5,-110.0,-110.0,-800.0,550.0,,
401360069,2021-11-21T01:00Z,2021-11-20,2022,2,MIN,MEM,138.0,95.0,False,,Caesars Sportsbook,-2.5,-110.0,-110.0,221.0,-110.0,-110.0,-130.0,110.0,,
401360070,2021-11-21T03:00Z,2021-11-20,2022,2,POR,PHI,118.0,111.0,False,,Caesars Sportsbook,-7.0,-110.0,-110.0,217.0,-110.0,-110.0,-280.0,240.0,,
401360071,2021-11-21T03:00Z,2021-11-20,2022,2,SAC,UTAH,105.0,123.0,False,,Caesars Sportsbook,8.0,-110.0,-110.0,221.0,-110.0,-110.0,260.0,-320.0,,
401360072,2021-11-21T20:30Z,2021-11-21,2022,2,LAC,DAL,97.0,91.0,False,,Caesars Sportsbook,-2.0,-110.0,-110.0,209.5,-110.0,-110.0,-155.0,135.0,,
401360073,2021-11-21T23:00Z,2021-11-21,2022,2,DET,LAL,116.0,121.0,False,,Caesars Sportsbook,7.0,-110.0,-110.0,213.5,-110.0,-110.0,280.0,-340.0,,
401360074,2021-11-22T01:00Z,2021-11-21,2022,2,CHI,NY,109.0,103.0,False,,Caesars Sportsbook,-6.0,-110.0,-110.0,213.0,-110.0,-110.0,-230.0,195.0,,
401360075,2021-11-22T01:00Z,2021-11-21,2022,2,PHX,DEN,126.0,97.0,False,,Caesars Sportsbook,-11.0,-110.0,-110.0,208.5,-110.0,-110.0,-550.0,425.0,,
401360076,2021-11-22T01:30Z,2021-11-21,2022,2,GS,TOR,119.0,104.0,False,,Caesars Sportsbook,-8.5,-110.0,-110.0,217.0,-110.0,-110.0,-380.0,310.0,,
401360077,2021-11-23T00:00Z,2021-11-22,2022,2,CLE,BKN,112.0,117.0,False,,Caesars Sportsbook,6.0,-110.0,-110.0,208.5,-110.0,-110.0,195.0,-230.0,,
401360078,2021-11-23T00:00Z,2021-11-22,2022,2,WSH,CHA,103.0,109.0,False,,Caesars Sportsbook,-4.5,-110.0,-110.0,216.5,-110.0,-110.0,-180.0,160.0,,
401360079,2021-11-23T00:30Z,2021-11-22,2022,2,ATL,OKC,113.0,101.0,False,,Caesars Sportsbook,-13.5,-110.0,-110.0,212.5,-110.0,-110.0,-900.0,600.0,,
401360080,2021-11-23T00:30Z,2021-11-22,2022,2,BOS,HOU,108.0,90.0,False,,Caesars Sportsbook,-12.0,-110.0,-110.0,214.0,-110.0,-110.0,-750.0,525.0,,
401360081,2021-11-23T01:00Z,2021-11-22,2022,2,CHI,IND,77.0,109.0,False,,Caesars Sportsbook,-1.5,-110.0,-110.0,216.5,-110.0,-110.0,-125.0,105.0,,
401360082,2021-11-23T01:00Z,2021-11-22,2022,2,MIL,ORL,123.0,92.0,False,,Caesars Sportsbook,-13.5,-110.0,-110.0,218.0,-110.0,-110.0,-1100.0,700.0,,
401360083,2021-11-23T01:00Z,2021-11-22,2022,2,NO,MIN,96.0,110.0,False,,Caesars Sportsbook,3.5,-110.0,-110.0,214.0,-110.0,-110.0,115.0,-135.0,,
401360084,2021-11-23T01:30Z,2021-11-22,2022,2,SA,PHX,111.0,115.0,False,,Caesars Sportsbook,5.5,-110.0,-110.0,219.5,-110.0,-110.0,185.0,-215.0,,
401360085,2021-11-23T02:00Z,2021-11-22,2022,2,UTAH,MEM,118.0,119.0,False,,Caesars Sportsbook,-11.0,-110.0,-110.0,221.5,-110.0,-110.0,-550.0,425.0,,
401360086,2021-11-23T03:00Z,2021-11-22,2022,2,SAC,PHI,94.0,102.0,False,,Caesars Sportsbook,-1.5,-110.0,-110.0,221.5,-110.0,-110.0,-165.0,145.0,,
401360087,2021-11-24T00:00Z,2021-11-23,2022,2,DET,MIA,92.0,100.0,False,,Caesars Sportsbook,9.0,-110.0,-110.0,209.0,-110.0,-110.0,425.0,-550.0,,
401360088,2021-11-24T00:30Z,2021-11-23,2022,2,NY,LAL,106.0,100.0,False,,Caesars Sportsbook,-4.5,-110.0,-110.0,214.5,-110.0,-110.0,-190.0,170.0,,
401360089,2021-11-24T03:00Z,2021-11-23,2022,2,POR,DEN,119.0,100.0,False,,Caesars Sportsbook,-3.5,-110.0,-110.0,212.0,-110.0,-110.0,-450.0,370.0,,
401360090,2021-11-24T03:30Z,2021-11-23,2022,2,LAC,DAL,104.0,112.0,False,,Caesars Sportsbook,-2.5,-110.0,-110.0,212.5,-110.0,-110.0,-140.0,120.0,,
401360091,2021-11-25T00:00Z,2021-11-24,2022,2,CLE,PHX,115.0,120.0,False,,Caesars Sportsbook,7.5,-110.0,-110.0,212.0,-110.0,-110.0,250.0,-300.0,,
401360092,2021-11-25T00:00Z,2021-11-24,2022,2,IND,LAL,116.0,124.0,False,,Caesars Sportsbook,-2.0,-110.0,-110.0,216.5,-110.0,-110.0,-245.0,205.0,,
401360093,2021-11-25T00:00Z,2021-11-24,2022,2,ORL,CHA,99.0,106.0,False,,Caesars Sportsbook,8.0,-110.0,-110.0,219.5,-110.0,-110.0,255.0,-310.0,,
401360094,2021-11-25T00:30Z,2021-11-24,2022,2,BOS,BKN,104.0,123.0,False,,Caesars Sportsbook,-1.5,-110.0,-110.0,217.5,-110.0,-110.0,-115.0,-105.0,,
401360095,2021-11-25T01:00Z,2021-11-24,2022,2,HOU,CHI,118.0,113.0,False,,Caesars Sportsbook,8.5,-110.0,-110.0,217.0,-110.0,-110.0,400.0,-500.0,,
401360096,2021-11-25T01:00Z,2021-11-24,2022,2,MEM,TOR,113.0,126.0,False,,Caesars Sportsbook,-3.5,-110.0,-110.0,218.0,-110.0,-110.0,-165.0,145.0,,
401360097,2021-11-25T01:00Z,2021-11-24,2022,2,MIL,DET,114.0,93.0,False,,Caesars Sportsbook,-15.0,-110.0,-110.0,212.5,-110.0,-110.0,-1300.0,800.0,,
401360098,2021-11-25T01:00Z,2021-11-24,2022,2,MIN,MIA,113.0,101.0,False,,Caesars Sportsbook,-1.0,-110.0,-110.0,214.0,-110.0,-110.0,-110.0,-110.0,,
401360099,2021-11-25T01:00Z,2021-11-24,2022,2,NO,WSH,127.0,102.0,False,,Caesars Sportsbook,4.0,-110.0,-110.0,211.0,-110.0,-110.0,145.0,-165.0,,
401360100,2021-11-25T01:00Z,2021-11-24,2022,2,OKC,UTAH,104.0,110.0,False,,Caesars Sportsbook,12.5,-110.0,-110.0,208.5,-110.0,-110.0,700.0,-1100.0,,
401360101,2021-11-25T01:30Z,2021-11-24,2022,2,SA,ATL,106.0,124.0,False,,Caesars Sportsbook,4.0,-110.0,-110.0,223.0,-110.0,-110.0,150.0,-170.0,,
401360102,2021-11-25T03:00Z,2021-11-24,2022,2,GS,PHI,116.0,96.0,False,,Caesars Sportsbook,-10.0,-110.0,-110.0,216.5,-110.0,-110.0,-550.0,425.0,,
401360103,2021-11-25T03:00Z,2021-11-24,2022,2,SAC,POR,125.0,121.0,False,,Caesars Sportsbook,2.0,-110.0,-110.0,225.0,-110.0,-110.0,105.0,-125.0,,
401360104,2021-11-26T20:30Z,2021-11-26,2022,2,LAC,DET,107.0,96.0,False,,Caesars Sportsbook,-11.5,-110.0,-110.0,205.0,-110.0,-110.0,-750.0,525.0,,
401360105,2021-11-27T00:00Z,2021-11-26,2022,2,CHA,MIN,133.0,115.0,False,,Caesars Sportsbook,-2.0,-110.0,-110.0,226.0,-110.0,-110.0,-125.0,105.0,,
401360106,2021-11-27T00:00Z,2021-11-26,2022,2,NY,PHX,97.0,118.0,False,,Caesars Sportsbook,4.0,-110.0,-110.0,214.5,-110.0,-110.0,150.0,-170.0,,
401360107,2021-11-27T00:00Z,2021-11-26,2022,2,ORL,CHI,88.0,123.0,False,,Caesars Sportsbook,9.0,-110.0,-110.0,212.0,-110.0,-110.0,340.0,-420.0,,
401360108,2021-11-27T01:00Z,2021-11-26,2022,2,IND,TOR,114.0,97.0,False,,Caesars Sportsbook,-5.0,-110.0,-110.0,209.0,-110.0,-110.0,-200.0,175.0,,
401360109,2021-11-27T01:00Z,2021-11-26,2022,2,MEM,ATL,100.0,132.0,False,,Caesars Sportsbook,1.0,-110.0,-110.0,226.5,-110.0,-110.0,-110.0,-110.0,,
401360110,2021-11-27T01:00Z,2021-11-26,2022,2,OKC,WSH,99.0,101.0,False,,Caesars Sportsbook,6.0,-110.0,-110.0,209.0,-110.0,-110.0,230.0,-270.0,,
401360111,2021-11-27T01:30Z,2021-11-26,2022,2,SA,BOS,96.0,88.0,False,,Caesars Sportsbook,4.0,-110.0,-110.0,213.5,-110.0,-110.0,160.0,-180.0,,
401360112,2021-11-27T02:00Z,2021-11-26,2022,2,DEN,MIL,109.0,120.0,False,,Caesars Sportsbook,6.0,-110.0,-110.0,214.5,-110.0,-110.0,230.0,-270.0,,
401360113,2021-11-27T02:00Z,2021-11-26,2022,2,UTAH,NO,97.0,98.0,False,,Caesars Sportsbook,-14.0,-110.0,-110.0,218.5,-110.0,-110.0,-1000.0,650.0,,
401360114,2021-11-27T03:00Z,2021-11-26,2022,2,GS,POR,118.0,103.0,False,,Caesars Sportsbook,-6.0,-110.0,-110.0,225.0,-110.0,-110.0,-240.0,200.0,,
401360115,2021-11-27T03:30Z,2021-11-26,2022,2,LAL,SAC,137.0,141.0,False,,Caesars Sportsbook,-7.0,-110.0,-110.0,228.5,-110.0,-110.0,-320.0,260.0,,
401360116,2021-11-27T23:00Z,2021-11-27,2022,2,PHI,MIN,120.0,121.0,False,,Caesars Sportsbook,-6.5,-110.0,-110.0,217.5,-110.0,-110.0,-260.0,220.0,,
401360117,2021-11-28T00:30Z,2021-11-27,2022,2,ATL,NY,90.0,99.0,False,,Caesars Sportsbook,-2.5,-110.0,-110.0,216.5,-110.0,-110.0,-300.0,250.0,,
401360118,2021-11-28T00:30Z,2021-11-27,2022,2,BKN,PHX,107.0,113.0,False,,Caesars Sportsbook,-1.5,-110.0,-110.0,225.5,-110.0,-110.0,-125.0,105.0,,
401360119,2021-11-28T01:00Z,2021-11-27,2022,2,CLE,ORL,105.0,92.0,False,,Caesars Sportsbook,-10.0,-110.0,-110.0,205.0,-110.0,-110.0,-430.0,350.0,,
401360120,2021-11-28T01:00Z,2021-11-27,2022,2,CHI,MIA,104.0,107.0,False,,Caesars Sportsbook,0.5,-110.0,-110.0,210.0,-110.0,-110.0,-110.0,-110.0,,
401360121,2021-11-28T01:00Z,2021-11-27,2022,2,HOU,CHA,146.0,143.0,False,,Caesars Sportsbook,6.0,-110.0,-110.0,227.0,-110.0,-110.0,180.0,-210.0,,
401360122,2021-11-28T01:30Z,2021-11-27,2022,2,DAL,WSH,114.0,120.0,False,,Caesars Sportsbook,-6.5,-110.0,-110.0,213.0,-110.0,-110.0,-270.0,230.0,,
401360123,2021-11-28T02:00Z,2021-11-27,2022,2,UTAH,NO,127.0,105.0,False,,Caesars Sportsbook,-12.5,-110.0,-110.0,215.5,-110.0,-110.0,-1000.0,650.0,,
401360124,2021-11-28T20:30Z,2021-11-28,2022,2,LAC,GS,90.0,105.0,False,,Caesars Sportsbook,1.5,-110.0,-110.0,214.5,-110.0,-110.0,125.0,-145.0,,
401360125,2021-11-28T22:00Z,2021-11-28,2022,2,IND,MIL,100.0,118.0,False,,Caesars Sportsbook,2.5,-110.0,-110.0,216.5,-110.0,-110.0,115.0,-135.0,,
401360126,2021-11-28T23:00Z,2021-11-28,2022,2,TOR,BOS,97.0,109.0,False,,Caesars Sportsbook,-1.0,-110.0,-110.0,207.5,-110.0,-110.0,-105.0,-115.0,,
401360127,2021-11-28T23:00Z,2021-11-28,2022,2,MEM,SAC,128.0,101.0,False,,Caesars Sportsbook,-1.0,-110.0,-110.0,222.5,-110.0,-110.0,-130.0,110.0,,
401360128,2021-11-29T02:30Z,2021-11-28,2022,2,LAL,DET,110.0,106.0,False,,Caesars Sportsbook,-10.5,-110.0,-110.0,214.0,-110.0,-110.0,-550.0,425.0,,
401360129,2021-11-30T00:00Z,2021-11-29,2022,2,PHI,ORL,101.0,96.0,False,,Caesars Sportsbook,-4.5,-110.0,-110.0,,-110.0,-110.0,-265.0,225.0,,
401360130,2021-11-30T00:30Z,2021-11-29,2022,2,MIA,DEN,111.0,120.0,False,,Caesars Sportsbook,-3.0,-110.0,-110.0,205.5,-110.0,-110.0,-150.0,130.0,,
401360131,2021-11-30T01:00Z,2021-11-29,2022,2,CHI,CHA,133.0,119.0,False,,Caesars Sportsbook,-5.0,-110.0,-110.0,223.5,-110.0,-110.0,-200.0,175.0,,
401360132,2021-11-30T01:00Z,2021-11-29,2022,2,HOU,OKC,102.0,89.0,False,,Caesars Sportsbook,-2.0,-110.0,-110.0,216.5,-110.0,-110.0,-120.0,100.0,,
401360133,2021-11-30T01:00Z,2021-11-29,2022,2,MIN,IND,100.0,98.0,False,,Caesars Sportsbook,-1.0,-110.0,-110.0,,-110.0,-110.0,-130.0,110.0,,
401360134,2021-11-30T01:30Z,2021-11-29,2022,2,DAL,CLE,96.0,114.0,False,,Caesars Sportsbook,-6.5,-110.0,-110.0,210.5,-110.0,-110.0,-260.0,220.0,,
401360135,2021-11-30T01:30Z,2021-11-29,2022,2,SA,WSH,116.0,99.0,False,,Caesars Sportsbook,3.5,-110.0,-110.0,214.0,-110.0,-110.0,135.0,-155.0,,
401360136,2021-11-30T02:00Z,2021-11-29,2022,2,UTAH,POR,129.0,107.0,False,,Caesars Sportsbook,-7.5,-110.0,-110.0,221.0,-110.0,-110.0,-300.0,250.0,,
401360137,2021-11-30T03:30Z,2021-11-29,2022,2,LAC,NO,104.0,123.0,False,,Caesars Sportsbook,-7.0,-110.0,-110.0,211.0,-110.0,-110.0,-290.0,245.0,,
401360138,2021-12-01T00:30Z,2021-11-30,2022,2,BKN,NY,112.0,110.0,False,,Caesars Sportsbook,-6.0,-110.0,-110.0,215.0,-110.0,-110.0,-250.0,210.0,,
401360139,2021-12-01T00:30Z,2021-11-30,2022,2,TOR,MEM,91.0,98.0,False,,Caesars Sportsbook,-3.0,-110.0,-110.0,214.5,-110.0,-110.0,-150.0,130.0,,
401360140,2021-12-01T03:00Z,2021-11-30,2022,2,PHX,GS,104.0,96.0,False,,Caesars Sportsbook,-3.5,-110.0,-110.0,222.5,-110.0,-110.0,-160.0,140.0,,
401360141,2021-12-01T03:00Z,2021-11-30,2022,2,POR,DET,110.0,92.0,False,,Caesars Sportsbook,-7.5,-110.0,-110.0,209.0,-110.0,-110.0,-350.0,290.0,,
401360142,2021-12-01T03:00Z,2021-11-30,2022,2,SAC,LAL,92.0,117.0,False,,Caesars Sportsbook (New Jersey),0.0,-110.0,-110.0,224.0,-110.0,-110.0,-110.0,-110.0,,
401360143,2021-12-02T00:00Z,2021-12-01,2022,2,IND,ATL,111.0,114.0,False,,Caesars Sportsbook,-2.0,-110.0,-110.0,217.0,-110.0,-110.0,-135.0,115.0,,
401360144,2021-12-02T00:00Z,2021-12-01,2022,2,ORL,DEN,108.0,103.0,False,,Caesars Sportsbook,8.0,-110.0,-110.0,207.5,-110.0,-110.0,275.0,-335.0,,
401360145,2021-12-02T00:00Z,2021-12-01,2022,2,WSH,MIN,115.0,107.0,False,,Caesars Sportsbook,-3.5,-110.0,-110.0,217.5,-110.0,-110.0,-165.0,145.0,,
401360146,2021-12-02T00:30Z,2021-12-01,2022,2,BOS,PHI,88.0,87.0,False,,Caesars Sportsbook,-3.0,-110.0,-110.0,206.0,-110.0,-110.0,-155.0,135.0,,
401360147,2021-12-02T00:30Z,2021-12-01,2022,2,MIA,CLE,85.0,111.0,False,,Caesars Sportsbook,-2.5,-110.0,-110.0,206.0,-110.0,-110.0,-140.0,120.0,,
401360148,2021-12-02T01:00Z,2021-12-01,2022,2,MIL,CHA,127.0,125.0,False,,Caesars Sportsbook,-9.0,-110.0,-110.0,230.5,-110.0,-110.0,-200.0,175.0,,
401360149,2021-12-02T01:00Z,2021-12-01,2022,2,NO,DAL,107.0,139.0,False,,Caesars Sportsbook,3.5,-110.0,-110.0,216.0,-110.0,-110.0,150.0,-170.0,,
401360150,2021-12-02T01:00Z,2021-12-01,2022,2,OKC,HOU,110.0,114.0,False,,Caesars Sportsbook,-2.5,-110.0,-110.0,216.5,-110.0,-110.0,-140.0,120.0,,
401360151,2021-12-02T03:30Z,2021-12-01,2022,2,LAC,SAC,115.0,124.0,False,,Caesars Sportsbook,-6.0,-110.0,-110.0,215.0,-110.0,-110.0,-245.0,205.0,,
401360152,2021-12-03T00:30Z,2021-12-02,2022,2,NY,CHI,115.0,119.0,False,,Caesars Sportsbook,2.0,-110.0,-110.0,209.5,-110.0,-110.0,110.0,-130.0,,
401360153,2021-12-03T00:30Z,2021-12-02,2022,2,TOR,MIL,97.0,93.0,False,,Caesars Sportsbook,4.5,-110.0,-110.0,215.0,-110.0,-110.0,-110.0,-110.0,,
401360154,2021-12-03T01:00Z,2021-12-02,2022,2,MEM,OKC,152.0,79.0,False,,Caesars Sportsbook,-11.0,-110.0,-110.0,210.0,-110.0,-110.0,-210.0,180.0,,
401360155,2021-12-03T02:00Z,2021-12-02,2022,2,PHX,DET,114.0,103.0,False,,Caesars Sportsbook,-12.0,-110.0,-110.0,207.0,-110.0,-110.0,-800.0,550.0,,
401360156,2021-12-03T03:00Z,2021-12-02,2022,2,POR,SA,83.0,114.0,False,,Caesars Sportsbook,-5.0,-110.0,-110.0,215.0,-110.0,-110.0,-200.0,175.0,,
401360157,2021-12-04T00:00Z,2021-12-03,2022,2,IND,MIA,104.0,113.0,False,,Caesars Sportsbook,-5.5,-110.0,-110.0,206.0,-110.0,-110.0,-230.0,195.0,,
401360158,2021-12-04T00:00Z,2021-12-03,2022,2,WSH,CLE,101.0,116.0,False,,Caesars Sportsbook,-3.0,-110.0,-110.0,208.5,-110.0,-110.0,-130.0,110.0,,
401360159,2021-12-04T00:30Z,2021-12-03,2022,2,ATL,PHI,96.0,98.0,False,,Caesars Sportsbook,-0.5,-115.0,-105.0,216.5,-110.0,-110.0,-125.0,105.0,,
401360160,2021-12-04T00:30Z,2021-12-03,2022,2,BKN,MIN,110.0,105.0,False,,Caesars Sportsbook,-9.0,-110.0,-110.0,219.5,-110.0,-110.0,-420.0,340.0,,
401360161,2021-12-04T01:00Z,2021-12-03,2022,2,HOU,ORL,118.0,116.0,False,,Caesars Sportsbook,-2.5,-110.0,-110.0,217.5,-110.0,-110.0,-145.0,125.0,,
401360162,2021-12-04T01:30Z,2021-12-03,2022,2,DAL,NO,91.0,107.0,False,,Caesars Sportsbook,-7.0,-110.0,-110.0,214.5,-110.0,-110.0,-290.0,245.0,,
401360163,2021-12-04T02:00Z,2021-12-03,2022,2,UTAH,BOS,137.0,130.0,False,,Caesars Sportsbook,-8.0,-110.0,-110.0,210.0,-110.0,-110.0,-360.0,300.0,,
401360164,2021-12-04T03:00Z,2021-12-03,2022,2,GS,PHX,118.0,96.0,False,,Caesars Sportsbook,-7.0,-110.0,-110.0,215.0,-110.0,-110.0,-320.0,260.0,,
401360165,2021-12-04T03:00Z,2021-12-03,2022,2,LAL,LAC,115.0,119.0,False,,Caesars Sportsbook,-1.0,-110.0,-110.0,219.5,-110.0,-110.0,-140.0,120.0,,
401360166,2021-12-04T18:00Z,2021-12-04,2022,2,NY,DEN,99.0,113.0,False,,Caesars Sportsbook,-2.0,-110.0,-110.0,209.0,-110.0,-110.0,-130.0,110.0,,
401360167,2021-12-05T01:00Z,2021-12-04,2022,2,BKN,CHI,107.0,111.0,False,,Caesars Sportsbook,-2.5,-110.0,-110.0,222.0,-110.0,-110.0,-140.0,120.0,,
401360168,2021-12-05T01:00Z,2021-12-04,2022,2,MIL,MIA,124.0,102.0,False,,Caesars Sportsbook,-6.5,-110.0,-110.0,211.5,-110.0,-110.0,-240.0,200.0,,
401360169,2021-12-05T01:30Z,2021-12-04,2022,2,DAL,MEM,90.0,97.0,False,,Caesars Sportsbook,1.5,-110.0,-110.0,215.5,-110.0,-110.0,-105.0,-115.0,,
401360170,2021-12-05T01:30Z,2021-12-04,2022,2,GS,SA,107.0,112.0,False,,Caesars Sportsbook,-9.0,-110.0,-110.0,219.0,-110.0,-110.0,-420.0,340.0,,
401360171,2021-12-05T03:00Z,2021-12-04,2022,2,POR,BOS,117.0,145.0,False,,Caesars Sportsbook,-1.0,-110.0,-110.0,210.5,-110.0,-110.0,-115.0,-105.0,,
401360172,2021-12-05T03:00Z,2021-12-04,2022,2,SAC,LAC,104.0,99.0,False,,Caesars Sportsbook,1.0,-110.0,-110.0,219.5,-110.0,-110.0,105.0,-125.0,,
401360173,2021-12-05T20:30Z,2021-12-05,2022,2,CLE,UTAH,108.0,109.0,False,,Caesars Sportsbook,5.0,-110.0,-110.0,210.5,-110.0,-110.0,165.0,-185.0,,
401360174,2021-12-05T23:00Z,2021-12-05,2022,2,ATL,CHA,127.0,130.0,False,,Caesars Sportsbook (Colorado),-7.0,-110.0,-110.0,220.0,-110.0,-110.0,-280.0,230.0,,
401360175,2021-12-05T23:00Z,2021-12-05,2022,2,TOR,WSH,102.0,90.0,False,,Caesars Sportsbook (Colorado),-1.0,-105.0,-115.0,212.0,-110.0,-110.0,-115.0,-105.0,,
401360176,2021-12-06T00:00Z,2021-12-05,2022,2,HOU,NO,118.0,108.0,False,,Caesars Sportsbook,3.0,-110.0,-110.0,222.0,-110.0,-110.0,130.0,-150.0,,
401360177,2021-12-07T00:00Z,2021-12-06,2022,2,CHA,PHI,124.0,127.0,False,,Caesars Sportsbook,7.0,-110.0,-110.0,214.5,-110.0,-110.0,155.0,-175.0,,
401360178,2021-12-07T00:00Z,2021-12-06,2022,2,DET,OKC,103.0,114.0,False,,Caesars Sportsbook,-3.0,-110.0,-110.0,205.5,-110.0,-110.0,-135.0,115.0,,
401360179,2021-12-07T00:00Z,2021-12-06,2022,2,IND,WSH,116.0,110.0,False,,Caesars Sportsbook,-5.5,-110.0,-110.0,211.0,-110.0,-110.0,-160.0,140.0,,
401360180,2021-12-07T00:30Z,2021-12-06,2022,2,MIA,MEM,90.0,105.0,False,,Caesars Sportsbook,-6.0,-110.0,-110.0,214.5,-110.0,-110.0,-230.0,195.0,,
401360181,2021-12-07T01:00Z,2021-12-06,2022,2,CHI,DEN,109.0,97.0,False,,Caesars Sportsbook (Colorado),-2.0,-110.0,-110.0,213.5,-110.0,-110.0,-130.0,110.0,,
401360182,2021-12-07T01:00Z,2021-12-06,2022,2,MIL,CLE,112.0,104.0,False,,Caesars Sportsbook,-8.5,-110.0,-110.0,215.5,-110.0,-110.0,-180.0,160.0,,
401360183,2021-12-07T01:00Z,2021-12-06,2022,2,MIN,ATL,110.0,121.0,False,,Caesars Sportsbook,-2.0,-110.0,-110.0,221.5,-110.0,-110.0,-120.0,100.0,,
401360184,2021-12-07T02:00Z,2021-12-06,2022,2,PHX,SA,108.0,104.0,False,,Caesars Sportsbook,-7.5,-110.0,-110.0,216.0,-110.0,-110.0,-180.0,160.0,,
401360185,2021-12-07T03:00Z,2021-12-06,2022,2,GS,ORL,126.0,95.0,False,,Caesars Sportsbook,-16.0,-110.0,-110.0,217.0,-110.0,-110.0,-320.0,260.0,,
401360186,2021-12-07T03:00Z,2021-12-06,2022,2,POR,LAC,90.0,102.0,False,,Caesars Sportsbook,1.0,-110.0,-110.0,212.5,-110.0,-110.0,165.0,-185.0,,
401360187,2021-12-08T00:30Z,2021-12-07,2022,2,DAL,BKN,99.0,102.0,False,,Caesars Sportsbook,1.5,-110.0,-110.0,222.0,-110.0,-110.0,105.0,-125.0,,
401360188,2021-12-08T01:30Z,2021-12-07,2022,2,SA,NY,109.0,121.0,False,,Caesars Sportsbook,-1.0,-110.0,-110.0,212.5,-110.0,-110.0,105.0,-125.0,,
401360189,2021-12-08T03:00Z,2021-12-07,2022,2,LAL,BOS,117.0,102.0,False,,Caesars Sportsbook,-3.0,-110.0,-110.0,219.5,-110.0,-110.0,-145.0,125.0,,
401360190,2021-12-09T00:00Z,2021-12-08,2022,2,CHA,PHI,106.0,110.0,False,,Caesars Sportsbook,6.0,-110.0,-110.0,216.0,-110.0,-110.0,210.0,-250.0,,
401360191,2021-12-09T00:00Z,2021-12-08,2022,2,CLE,CHI,115.0,92.0,False,,Caesars Sportsbook,-3.0,-110.0,-110.0,212.5,-110.0,-110.0,-135.0,115.0,,
401360192,2021-12-09T00:00Z,2021-12-08,2022,2,DET,WSH,116.0,119.0,False,,Caesars Sportsbook,5.5,-110.0,-110.0,210.5,-110.0,-110.0,190.0,-220.0,,
401360193,2021-12-09T00:00Z,2021-12-08,2022,2,IND,NY,122.0,102.0,False,,Caesars Sportsbook,-5.0,-110.0,-110.0,208.0,-110.0,-110.0,-160.0,140.0,,
401360194,2021-12-09T00:30Z,2021-12-08,2022,2,MIA,MIL,113.0,104.0,False,,Caesars Sportsbook,6.0,-110.0,-110.0,217.0,-110.0,-110.0,225.0,-265.0,,
401360195,2021-12-09T00:30Z,2021-12-08,2022,2,TOR,OKC,109.0,110.0,False,,Caesars Sportsbook,-7.5,-110.0,-110.0,206.0,-110.0,-110.0,-330.0,270.0,,
401360196,2021-12-09T01:00Z,2021-12-08,2022,2,HOU,BKN,114.0,104.0,False,,Caesars Sportsbook,3.0,-110.0,-110.0,223.0,-110.0,-110.0,140.0,-160.0,,
401360197,2021-12-09T01:00Z,2021-12-08,2022,2,MEM,DAL,96.0,104.0,False,,Caesars Sportsbook,-1.0,-110.0,-110.0,219.5,-110.0,-110.0,-110.0,-110.0,,
401360198,2021-12-09T01:00Z,2021-12-08,2022,2,MIN,UTAH,104.0,136.0,False,,Caesars Sportsbook,6.5,-110.0,-110.0,218.0,-110.0,-110.0,230.0,-270.0,,
401360199,2021-12-09T01:00Z,2021-12-08,2022,2,NO,DEN,114.0,120.0,False,,Caesars Sportsbook,1.5,-110.0,-110.0,213.0,-110.0,-110.0,105.0,-125.0,,
401360200,2021-12-09T03:00Z,2021-12-08,2022,2,GS,POR,104.0,94.0,False,,Caesars Sportsbook,-15.0,-110.0,-110.0,215.5,-110.0,-110.0,-1600.0,900.0,,
401360201,2021-12-09T03:00Z,2021-12-08,2022,2,SAC,ORL,142.0,130.0,False,,Caesars Sportsbook,-7.0,-110.0,-110.0,222.5,-110.0,-110.0,-165.0,145.0,,
401360202,2021-12-09T03:30Z,2021-12-08,2022,2,LAC,BOS,114.0,111.0,False,,Caesars Sportsbook,-1.5,-110.0,-110.0,208.5,-110.0,-110.0,-125.0,105.0,,
401360203,2021-12-10T00:00Z,2021-12-09,2022,2,PHI,UTAH,96.0,118.0,False,,Caesars Sportsbook,3.0,-110.0,-110.0,216.0,-110.0,-110.0,125.0,-145.0,,
401360204,2021-12-10T01:00Z,2021-12-09,2022,2,MEM,LAL,108.0,95.0,False,,Caesars Sportsbook,3.0,-110.0,-110.0,221.5,-110.0,-110.0,115.0,-135.0,,
401360205,2021-12-10T01:30Z,2021-12-09,2022,2,SA,DEN,123.0,111.0,False,,Caesars Sportsbook,-0.5,-110.0,-110.0,216.5,-110.0,-110.0,-120.0,100.0,,
401360206,2021-12-11T00:00Z,2021-12-10,2022,2,CHA,SAC,124.0,123.0,False,,Caesars Sportsbook,1.0,-110.0,-110.0,231.5,-110.0,-110.0,-105.0,-115.0,,
401360207,2021-12-11T00:00Z,2021-12-10,2022,2,IND,DAL,106.0,93.0,False,,Caesars Sportsbook,-2.0,-110.0,-110.0,213.5,-110.0,-110.0,-130.0,110.0,,
401360208,2021-12-11T00:30Z,2021-12-10,2022,2,ATL,BKN,105.0,113.0,False,,Caesars Sportsbook,-2.0,-110.0,-110.0,228.0,-110.0,-110.0,-130.0,110.0,,
401360209,2021-12-11T00:30Z,2021-12-10,2022,2,TOR,NY,90.0,87.0,False,,Caesars Sportsbook,-1.5,-110.0,-110.0,207.5,-110.0,-110.0,-120.0,100.0,,
401360210,2021-12-11T01:00Z,2021-12-10,2022,2,HOU,MIL,114.0,123.0,False,,Caesars Sportsbook,8.5,-110.0,-110.0,227.5,-110.0,-110.0,170.0,-190.0,,
401360211,2021-12-11T01:00Z,2021-12-10,2022,2,MIN,CLE,106.0,123.0,False,,Caesars Sportsbook,,,,213.0,-110.0,-110.0,110.0,-130.0,,
401360212,2021-12-11T01:00Z,2021-12-10,2022,2,NO,DET,109.0,93.0,False,,Caesars Sportsbook,-6.5,-110.0,-110.0,211.0,-110.0,-110.0,-165.0,145.0,,
401360213,2021-12-11T01:00Z,2021-12-10,2022,2,OKC,LAL,95.0,116.0,False,,Caesars Sportsbook,3.0,-110.0,-110.0,218.0,-110.0,-110.0,150.0,-170.0,,
401360214,2021-12-11T03:00Z,2021-12-10,2022,2,PHX,BOS,111.0,90.0,False,,Caesars Sportsbook,-3.5,-110.0,-110.0,213.0,-110.0,-110.0,-160.0,140.0,,
401360215,2021-12-11T20:30Z,2021-12-11,2022,2,LAC,ORL,106.0,104.0,False,,Caesars Sportsbook,-8.5,-110.0,-110.0,215.0,-110.0,-110.0,-360.0,300.0,,
401360216,2021-12-12T00:00Z,2021-12-11,2022,2,WSH,UTAH,98.0,123.0,False,,Caesars Sportsbook,7.0,-110.0,-110.0,221.0,-110.0,-110.0,240.0,-280.0,,
401360217,2021-12-12T01:00Z,2021-12-11,2022,2,CLE,SAC,117.0,103.0,False,,Caesars Sportsbook,-6.5,-110.0,-110.0,223.5,-110.0,-110.0,-255.0,215.0,,
401360218,2021-12-12T01:00Z,2021-12-11,2022,2,MIA,CHI,118.0,92.0,False,,Caesars Sportsbook,,,,209.0,-110.0,-110.0,-105.0,-115.0,,
401360219,2021-12-12T01:00Z,2021-12-11,2022,2,MEM,HOU,113.0,106.0,False,,Caesars Sportsbook,-8.0,-110.0,-110.0,217.5,-110.0,-110.0,-340.0,280.0,,
401360220,2021-12-12T01:30Z,2021-12-11,2022,2,PHI,GS,102.0,93.0,False,,Caesars Sportsbook,0.5,-110.0,-110.0,212.5,-110.0,-110.0,140.0,-160.0,,
401360221,2021-12-12T01:30Z,2021-12-11,2022,2,SA,DEN,112.0,127.0,False,,Caesars Sportsbook,1.5,-110.0,-110.0,219.0,-110.0,-110.0,-110.0,-110.0,,
401360222,2021-12-12T17:00Z,2021-12-12,2022,2,NY,MIL,97.0,112.0,False,,Caesars Sportsbook,4.5,-110.0,-110.0,216.5,-110.0,-110.0,200.0,-240.0,,
401360223,2021-12-12T23:00Z,2021-12-12,2022,2,DET,BKN,104.0,116.0,False,,Caesars Sportsbook,2.5,-110.0,-110.0,,-110.0,-110.0,155.0,-175.0,,
401360224,2021-12-13T00:00Z,2021-12-12,2022,2,OKC,DAL,84.0,103.0,False,,Caesars Sportsbook,4.0,-110.0,-110.0,206.5,-110.0,-110.0,155.0,-175.0,,
401360225,2021-12-13T00:00Z,2021-12-12,2022,2,SA,NO,112.0,97.0,False,,Caesars Sportsbook,-2.0,-110.0,-110.0,221.0,-110.0,-110.0,-130.0,110.0,,
401360226,2021-12-13T02:00Z,2021-12-12,2022,2,POR,MIN,111.0,116.0,False,,Caesars Sportsbook,-1.0,-110.0,-110.0,225.5,-110.0,-110.0,-155.0,135.0,,
401360227,2021-12-13T02:30Z,2021-12-12,2022,2,LAL,ORL,106.0,94.0,False,,Caesars Sportsbook,-9.5,-110.0,-110.0,220.0,-110.0,-110.0,-440.0,360.0,,
401360228,2021-12-14T00:00Z,2021-12-13,2022,2,CLE,MIA,105.0,94.0,False,,Caesars Sportsbook,-5.5,-110.0,-110.0,208.5,-110.0,-110.0,-210.0,180.0,,
401360229,2021-12-14T00:00Z,2021-12-13,2022,2,IND,GS,100.0,102.0,False,,Caesars Sportsbook,4.0,-110.0,-110.0,214.0,-110.0,-110.0,155.0,-175.0,,
401360230,2021-12-14T00:00Z,2021-12-13,2022,2,TOR,SAC,124.0,101.0,False,,Caesars Sportsbook,-4.5,-110.0,-110.0,222.5,-110.0,-110.0,-180.0,160.0,,
401360231,2021-12-14T00:30Z,2021-12-13,2022,2,ATL,HOU,126.0,132.0,False,,Caesars Sportsbook,-10.0,-110.0,-110.0,227.0,-110.0,-110.0,-500.0,400.0,,
401360232,2021-12-14T00:30Z,2021-12-13,2022,2,BOS,MIL,117.0,103.0,False,,Caesars Sportsbook,,,,222.5,-110.0,-110.0,-105.0,-115.0,,
401360233,2021-12-14T01:00Z,2021-12-13,2022,2,MEM,PHI,126.0,91.0,False,,Caesars Sportsbook,4.0,-110.0,-110.0,209.0,-110.0,-110.0,115.0,-135.0,,
401360234,2021-12-14T01:30Z,2021-12-13,2022,2,DAL,CHA,120.0,96.0,False,,Caesars Sportsbook,-3.0,-110.0,-110.0,215.5,-110.0,-110.0,-145.0,125.0,,
401360235,2021-12-14T02:00Z,2021-12-13,2022,2,DEN,WSH,113.0,107.0,False,,Caesars Sportsbook,-3.5,-110.0,-110.0,216.0,-110.0,-110.0,-165.0,145.0,,
401360236,2021-12-14T03:30Z,2021-12-13,2022,2,LAC,PHX,111.0,95.0,False,,Caesars Sportsbook,2.5,-110.0,-110.0,212.0,-110.0,-110.0,135.0,-155.0,,
401360237,2021-12-15T00:30Z,2021-12-14,2022,2,BKN,TOR,131.0,129.0,False,,Caesars Sportsbook,-4.0,-110.0,-110.0,216.0,-110.0,-110.0,-170.0,150.0,,
401360238,2021-12-15T00:30Z,2021-12-14,2022,2,NY,GS,96.0,105.0,False,,Caesars Sportsbook,5.0,-110.0,-110.0,212.0,-110.0,-110.0,200.0,-240.0,,
401360240,2021-12-15T03:00Z,2021-12-14,2022,2,POR,PHX,107.0,111.0,False,,Caesars Sportsbook,1.5,-110.0,-110.0,217.0,-110.0,-110.0,100.0,-120.0,,
401360241,2021-12-16T00:00Z,2021-12-15,2022,2,CLE,HOU,124.0,89.0,False,,Caesars Sportsbook,-8.5,-110.0,-110.0,217.0,-110.0,-110.0,-420.0,340.0,,
401360242,2021-12-16T00:00Z,2021-12-15,2022,2,ORL,ATL,99.0,111.0,False,,Caesars Sportsbook,8.0,-110.0,-110.0,223.0,-110.0,-110.0,270.0,-330.0,,
401360243,2021-12-16T00:00Z,2021-12-15,2022,2,PHI,MIA,96.0,101.0,False,,Caesars Sportsbook,-8.0,-110.0,-110.0,204.0,-110.0,-110.0,-310.0,255.0,,
401360244,2021-12-16T00:30Z,2021-12-15,2022,2,DAL,LAL,104.0,107.0,False,,Caesars Sportsbook,0.5,-110.0,-110.0,212.5,-110.0,-110.0,135.0,-155.0,,
401360245,2021-12-16T01:00Z,2021-12-15,2022,2,MIL,IND,114.0,99.0,False,,Caesars Sportsbook,1.0,-110.0,-110.0,214.5,-110.0,-110.0,110.0,-130.0,,
401360246,2021-12-16T01:00Z,2021-12-15,2022,2,OKC,NO,110.0,113.0,False,,Caesars Sportsbook,1.0,-110.0,-110.0,212.0,-110.0,-110.0,165.0,-185.0,,
401360247,2021-12-16T01:30Z,2021-12-15,2022,2,SA,CHA,115.0,131.0,False,,Caesars Sportsbook,-3.5,-110.0,-110.0,225.5,-110.0,-110.0,-160.0,140.0,,
401360248,2021-12-16T02:00Z,2021-12-15,2022,2,DEN,MIN,107.0,124.0,False,,Caesars Sportsbook,-4.0,-110.0,-110.0,224.0,-110.0,-110.0,-175.0,155.0,,
401360249,2021-12-16T03:00Z,2021-12-15,2022,2,UTAH,LAC,124.0,103.0,False,,Caesars Sportsbook,-12.0,-110.0,-110.0,217.0,-110.0,-110.0,-650.0,475.0,,
401360250,2021-12-16T03:00Z,2021-12-15,2022,2,POR,MEM,103.0,113.0,False,,Caesars Sportsbook,0.5,-110.0,-110.0,218.0,-110.0,-110.0,105.0,-125.0,,
401360251,2021-12-16T03:00Z,2021-12-15,2022,2,SAC,WSH,119.0,105.0,False,,Caesars Sportsbook,1.0,-110.0,-110.0,226.5,-110.0,-110.0,120.0,-140.0,,
401360252,2021-12-17T00:00Z,2021-12-16,2022,2,IND,DET,122.0,113.0,False,,Caesars Sportsbook,-10.5,-110.0,-110.0,208.5,-110.0,-110.0,-500.0,400.0,,
401360253,2021-12-17T00:30Z,2021-12-16,2022,2,BKN,PHI,114.0,105.0,False,,Caesars Sportsbook,-0.5,100.0,-120.0,217.0,-110.0,-110.0,100.0,-120.0,,
401360255,2021-12-17T01:00Z,2021-12-16,2022,2,HOU,NY,103.0,116.0,False,,Caesars Sportsbook,5.0,-110.0,-110.0,215.0,-110.0,-110.0,180.0,-210.0,,
401360256,2021-12-17T02:00Z,2021-12-16,2022,2,PHX,WSH,118.0,98.0,False,,Caesars Sportsbook,-8.5,-110.0,-110.0,213.0,-110.0,-110.0,-420.0,330.0,,
401360257,2021-12-18T00:00Z,2021-12-17,2022,2,ORL,MIA,105.0,115.0,False,,Caesars Sportsbook,2.5,-110.0,-110.0,203.0,-110.0,-110.0,320.0,-400.0,,
401360258,2021-12-18T00:30Z,2021-12-17,2022,2,ATL,DEN,115.0,133.0,False,,Caesars Sportsbook,-3.5,-110.0,-110.0,225.5,-110.0,-110.0,-130.0,110.0,,
401360259,2021-12-18T00:30Z,2021-12-17,2022,2,BOS,GS,107.0,111.0,False,,Caesars Sportsbook,1.5,-110.0,-110.0,216.5,-110.0,-110.0,175.0,-200.0,,
401360262,2021-12-18T01:00Z,2021-12-17,2022,2,NO,MIL,116.0,112.0,False,,Caesars Sportsbook,-1.0,-110.0,-110.0,215.0,-110.0,-110.0,-120.0,100.0,,
401360261,2021-12-18T02:00Z,2021-12-17,2022,2,UTAH,SA,126.0,128.0,False,,Caesars Sportsbook,-11.5,-110.0,-110.0,227.5,-110.0,-110.0,-700.0,475.0,,
401360260,2021-12-18T03:00Z,2021-12-17,2022,2,MIN,LAL,110.0,92.0,False,,Caesars Sportsbook,1.5,-110.0,-110.0,222.0,-110.0,-110.0,-105.0,-115.0,,
401360263,2021-12-18T03:00Z,2021-12-17,2022,2,POR,CHA,125.0,116.0,False,,Caesars Sportsbook,-1.5,-110.0,-110.0,230.0,-110.0,-110.0,-120.0,100.0,,
401360264,2021-12-18T03:00Z,2021-12-17,2022,2,SAC,MEM,105.0,124.0,False,,Caesars Sportsbook,5.5,-110.0,-110.0,221.0,-110.0,-110.0,230.0,-270.0,,
401360265,2021-12-18T17:00Z,2021-12-18,2022,2,DET,HOU,107.0,116.0,False,,Caesars Sportsbook,1.0,-110.0,-110.0,220.0,-110.0,-110.0,-110.0,-110.0,,
401360269,2021-12-19T00:00Z,2021-12-18,2022,2,BOS,NY,114.0,107.0,False,,Caesars Sportsbook,-6.0,-110.0,-110.0,209.0,-110.0,-110.0,-250.0,210.0,,
401360266,2021-12-19T00:30Z,2021-12-18,2022,2,BKN,ORL,93.0,100.0,False,,Caesars Sportsbook,-2.0,-110.0,-110.0,211.5,-110.0,-110.0,-220.0,190.0,,
401360267,2021-12-19T00:30Z,2021-12-18,2022,2,TOR,GS,119.0,100.0,False,,Caesars Sportsbook,-7.5,-110.0,-110.0,202.0,-110.0,-110.0,-340.0,280.0,,
401360268,2021-12-19T01:00Z,2021-12-18,2022,2,OKC,LAC,104.0,103.0,False,,Caesars Sportsbook,4.5,-110.0,-110.0,209.5,-110.0,-110.0,165.0,-185.0,,
401360270,2021-12-19T02:00Z,2021-12-18,2022,2,MIL,CLE,90.0,119.0,False,,Caesars Sportsbook,3.0,-110.0,-110.0,211.5,-110.0,-110.0,180.0,-210.0,,
401360271,2021-12-19T02:00Z,2021-12-18,2022,2,UTAH,WSH,103.0,109.0,False,,Caesars Sportsbook,-9.5,-110.0,-110.0,222.5,-110.0,-110.0,-450.0,370.0,,
401360273,2021-12-19T23:00Z,2021-12-19,2022,2,DET,MIA,100.0,90.0,False,,Caesars Sportsbook,7.0,-110.0,-110.0,207.5,-110.0,-110.0,245.0,-290.0,,
401360274,2021-12-19T23:00Z,2021-12-19,2022,2,MEM,POR,100.0,105.0,False,,Caesars Sportsbook,-4.5,-110.0,-110.0,221.0,-110.0,-110.0,-185.0,165.0,,
401360275,2021-12-19T23:00Z,2021-12-19,2022,2,SAC,SA,121.0,114.0,False,,Caesars Sportsbook,5.0,-110.0,-110.0,227.5,-110.0,-110.0,175.0,-200.0,,
401360272,2021-12-20T01:00Z,2021-12-19,2022,2,CHI,LAL,115.0,110.0,False,,Caesars Sportsbook,-2.5,-110.0,-110.0,216.0,-110.0,-110.0,-280.0,240.0,,
401360279,2021-12-20T01:00Z,2021-12-19,2022,2,MIN,DAL,111.0,105.0,False,,Caesars Sportsbook,-3.5,-110.0,-110.0,214.0,-110.0,-110.0,-160.0,140.0,,
401360280,2021-12-20T01:00Z,2021-12-19,2022,2,PHX,CHA,137.0,106.0,False,,Caesars Sportsbook,-8.5,-110.0,-110.0,231.0,-110.0,-110.0,-400.0,320.0,,
401360281,2021-12-21T00:30Z,2021-12-20,2022,2,BOS,PHI,103.0,108.0,False,,Caesars Sportsbook,-3.0,-110.0,-110.0,214.5,-110.0,-110.0,-155.0,135.0,,
401360283,2021-12-21T01:00Z,2021-12-20,2022,2,CHI,HOU,133.0,118.0,False,,Caesars Sportsbook,-7.0,-110.0,-110.0,222.5,-110.0,-110.0,-290.0,245.0,,
401360284,2021-12-21T01:00Z,2021-12-20,2022,2,MEM,OKC,99.0,102.0,False,,Caesars Sportsbook,-9.0,-110.0,-110.0,216.0,-110.0,-110.0,-420.0,340.0,,
401360285,2021-12-21T02:00Z,2021-12-20,2022,2,UTAH,CHA,112.0,102.0,False,,Caesars Sportsbook,-12.5,-110.0,-110.0,237.0,-110.0,-110.0,-900.0,600.0,,
401360286,2021-12-21T03:00Z,2021-12-20,2022,2,GS,SAC,113.0,98.0,False,,Caesars Sportsbook,-13.5,-110.0,-110.0,222.0,-110.0,-110.0,-1000.0,650.0,,
401360287,2021-12-21T03:30Z,2021-12-20,2022,2,LAC,SA,92.0,116.0,False,,Caesars Sportsbook,-6.5,-110.0,-110.0,220.0,-110.0,-110.0,-250.0,210.0,,
401360289,2021-12-22T00:30Z,2021-12-21,2022,2,MIA,IND,125.0,96.0,False,,Caesars Sportsbook,1.5,-110.0,-110.0,211.0,-110.0,-110.0,120.0,-140.0,,
401360290,2021-12-22T00:30Z,2021-12-21,2022,2,NY,DET,105.0,91.0,False,,Caesars Sportsbook,-7.5,-110.0,-110.0,206.0,-110.0,-110.0,-300.0,250.0,,
401360291,2021-12-22T01:00Z,2021-12-21,2022,2,NO,POR,111.0,97.0,False,,Caesars Sportsbook,-0.5,-110.0,-110.0,217.5,-110.0,-110.0,-110.0,-110.0,,
401360292,2021-12-22T01:30Z,2021-12-21,2022,2,DAL,MIN,114.0,102.0,False,,Caesars Sportsbook,2.5,-110.0,-110.0,213.0,-110.0,-110.0,120.0,-140.0,,
401360293,2021-12-22T03:00Z,2021-12-21,2022,2,LAL,PHX,90.0,108.0,False,,Caesars Sportsbook,7.0,-110.0,-110.0,223.5,-110.0,-110.0,260.0,-320.0,,
401360294,2021-12-23T00:30Z,2021-12-22,2022,2,ATL,ORL,98.0,104.0,False,,Caesars Sportsbook,-7.5,-110.0,-110.0,208.5,-110.0,-110.0,-300.0,250.0,,
401360295,2021-12-23T00:30Z,2021-12-22,2022,2,BOS,CLE,111.0,101.0,False,,Caesars Sportsbook,-6.5,-110.0,-110.0,217.0,-110.0,-110.0,-240.0,200.0,,
401360297,2021-12-23T01:00Z,2021-12-22,2022,2,MIL,HOU,126.0,106.0,False,,Caesars Sportsbook,-8.5,-110.0,-110.0,224.0,-110.0,-110.0,-430.0,350.0,,
401360298,2021-12-23T01:00Z,2021-12-22,2022,2,OKC,DEN,108.0,94.0,False,,Caesars Sportsbook,6.0,-110.0,-110.0,212.5,-110.0,-110.0,220.0,-260.0,,
401360299,2021-12-23T03:00Z,2021-12-22,2022,2,SAC,LAC,89.0,105.0,False,,Caesars Sportsbook,5.5,-110.0,-110.0,217.0,-110.0,-110.0,155.0,-175.0,,
401360300,2021-12-24T00:00Z,2021-12-23,2022,2,IND,HOU,118.0,106.0,False,,Caesars Sportsbook,-7.0,-110.0,-110.0,223.5,-110.0,-110.0,-260.0,220.0,,
401360301,2021-12-24T00:00Z,2021-12-23,2022,2,ORL,NO,104.0,110.0,False,,Caesars Sportsbook,6.5,-110.0,-110.0,211.0,-110.0,-110.0,165.0,-185.0,,
401360302,2021-12-24T00:00Z,2021-12-23,2022,2,PHI,ATL,96.0,98.0,False,,Caesars Sportsbook,-11.5,-110.0,-110.0,205.0,-110.0,-110.0,-700.0,500.0,,
401360303,2021-12-24T00:30Z,2021-12-23,2022,2,MIA,DET,115.0,112.0,False,,Caesars Sportsbook,-3.5,-110.0,-110.0,207.0,-110.0,-110.0,-800.0,550.0,,
401360304,2021-12-24T00:30Z,2021-12-23,2022,2,NY,WSH,117.0,124.0,False,,Caesars Sportsbook,-0.5,-110.0,-110.0,206.5,-110.0,-110.0,-140.0,120.0,,
401360305,2021-12-24T01:30Z,2021-12-23,2022,2,DAL,MIL,95.0,102.0,False,,Caesars Sportsbook,3.0,-110.0,-110.0,209.0,-110.0,-110.0,145.0,-165.0,,
401360306,2021-12-24T02:00Z,2021-12-23,2022,2,DEN,CHA,107.0,115.0,False,,Caesars Sportsbook,-2.0,-110.0,-110.0,231.5,-110.0,-110.0,-135.0,115.0,,
401360307,2021-12-24T02:00Z,2021-12-23,2022,2,PHX,OKC,113.0,101.0,False,,Caesars Sportsbook,-15.0,-110.0,-110.0,213.5,-110.0,-110.0,-1300.0,800.0,,
401360308,2021-12-24T02:00Z,2021-12-23,2022,2,UTAH,MIN,128.0,116.0,False,,Caesars Sportsbook,-15.0,-110.0,-110.0,225.0,-110.0,-110.0,-1300.0,800.0,,
401360309,2021-12-24T03:00Z,2021-12-23,2022,2,GS,MEM,113.0,104.0,False,,Caesars Sportsbook,-5.5,-110.0,-110.0,216.5,-110.0,-110.0,-220.0,190.0,,
401360311,2021-12-24T03:30Z,2021-12-23,2022,2,LAL,SA,110.0,138.0,False,,Caesars Sportsbook,-1.5,-110.0,-110.0,226.5,-110.0,-110.0,-125.0,105.0,,
401358781,2021-12-25T17:00Z,2021-12-25,2022,2,NY,ATL,101.0,87.0,False,,Caesars Sportsbook,-6.0,-110.0,-110.0,206.5,-110.0,-110.0,-250.0,210.0,,
401358782,2021-12-25T19:30Z,2021-12-25,2022,2,MIL,BOS,117.0,113.0,False,,Caesars Sportsbook,-8.0,-110.0,-110.0,222.5,-110.0,-110.0,-340.0,280.0,,
401358783,2021-12-25T22:00Z,2021-12-25,2022,2,PHX,GS,107.0,116.0,False,,Caesars Sportsbook,-2.0,-110.0,-110.0,215.5,-110.0,-110.0,-165.0,145.0,,
401358784,2021-12-26T01:00Z,2021-12-25,2022,2,LAL,BKN,115.0,122.0,False,,Caesars Sportsbook,-2.5,-110.0,-110.0,223.0,-110.0,-110.0,-140.0,120.0,,
401358785,2021-12-26T03:30Z,2021-12-25,2022,2,UTAH,DAL,120.0,116.0,False,,Caesars Sportsbook,-13.5,-110.0,-110.0,214.0,-110.0,-110.0,-1000.0,650.0,,
401360312,2021-12-26T20:30Z,2021-12-26,2022,2,MIA,ORL,93.0,83.0,False,,Caesars Sportsbook,-3.5,-110.0,-110.0,,-110.0,-110.0,-230.0,195.0,,
401360313,2021-12-26T23:00Z,2021-12-26,2022,2,CLE,TOR,144.0,99.0,False,,Caesars Sportsbook,-8.5,-110.0,-110.0,207.5,-110.0,-110.0,-360.0,300.0,,
401360314,2021-12-26T23:00Z,2021-12-26,2022,2,WSH,PHI,96.0,117.0,False,,Caesars Sportsbook,3.5,-110.0,-110.0,205.0,-110.0,-110.0,155.0,-175.0,,
401360315,2021-12-26T23:00Z,2021-12-26,2022,2,SAC,MEM,102.0,127.0,False,,Caesars Sportsbook,4.0,-110.0,-110.0,227.0,-110.0,-110.0,115.0,-135.0,,
401360316,2021-12-27T00:00Z,2021-12-26,2022,2,OKC,NO,117.0,112.0,False,,Caesars Sportsbook,,,,213.0,-110.0,-110.0,105.0,-125.0,,
401360317,2021-12-27T00:00Z,2021-12-26,2022,2,SA,DET,144.0,109.0,False,,Caesars Sportsbook,-10.0,-110.0,-110.0,221.5,-110.0,-110.0,-500.0,400.0,,
401360318,2021-12-27T01:00Z,2021-12-26,2022,2,CHI,IND,113.0,105.0,False,,Caesars Sportsbook,-4.5,-110.0,-110.0,220.0,-110.0,-110.0,-180.0,160.0,,
401360319,2021-12-27T02:00Z,2021-12-26,2022,2,LAC,DEN,100.0,103.0,False,,Caesars Sportsbook,4.5,-110.0,-110.0,212.5,-110.0,-110.0,140.0,-160.0,,
401360320,2021-12-28T00:00Z,2021-12-27,2022,2,CHA,HOU,123.0,99.0,False,,Caesars Sportsbook,-8.0,-110.0,-110.0,233.5,-110.0,-110.0,-320.0,260.0,,
401360321,2021-12-28T00:30Z,2021-12-27,2022,2,ATL,CHI,118.0,130.0,False,,Caesars Sportsbook,1.0,-110.0,-110.0,,-110.0,-110.0,115.0,-135.0,,
401360322,2021-12-28T01:00Z,2021-12-27,2022,2,MIN,BOS,108.0,103.0,False,,Caesars Sportsbook,5.5,-110.0,-110.0,214.5,-110.0,-110.0,185.0,-215.0,,
401360323,2021-12-28T01:30Z,2021-12-27,2022,2,SA,UTAH,104.0,110.0,False,,Caesars Sportsbook,7.0,-110.0,-110.0,230.5,-110.0,-110.0,240.0,-280.0,,
401360324,2021-12-28T02:00Z,2021-12-27,2022,2,PHX,MEM,113.0,114.0,False,,Caesars Sportsbook,-2.5,-110.0,-110.0,,-110.0,-110.0,-180.0,160.0,,
401360325,2021-12-28T03:00Z,2021-12-27,2022,2,POR,DAL,117.0,132.0,False,,Caesars Sportsbook,-1.0,-110.0,-110.0,215.0,-110.0,-110.0,-155.0,135.0,,
401360326,2021-12-28T03:30Z,2021-12-27,2022,2,LAC,BKN,108.0,124.0,False,,Caesars Sportsbook,3.5,-110.0,-110.0,215.0,-110.0,-110.0,145.0,-165.0,,
401360327,2021-12-29T00:00Z,2021-12-28,2022,2,ORL,MIL,110.0,127.0,False,,Caesars Sportsbook,12.5,-110.0,-110.0,216.5,-110.0,-110.0,850.0,-1450.0,,
401360328,2021-12-29T00:30Z,2021-12-28,2022,2,MIA,WSH,119.0,112.0,False,,Caesars Sportsbook,-8.0,-110.0,-110.0,203.0,-110.0,-110.0,-310.0,255.0,,
401360329,2021-12-29T00:30Z,2021-12-28,2022,2,TOR,PHI,109.0,114.0,False,,Caesars Sportsbook,5.5,-110.0,-110.0,215.5,-110.0,-110.0,200.0,-240.0,,
401360330,2021-12-29T01:00Z,2021-12-28,2022,2,HOU,LAL,123.0,132.0,False,,Caesars Sportsbook,5.0,-110.0,-110.0,227.0,-110.0,-110.0,185.0,-215.0,,
401360331,2021-12-29T01:00Z,2021-12-28,2022,2,MIN,NY,88.0,96.0,False,,Caesars Sportsbook,5.0,-110.0,-110.0,211.0,-110.0,-110.0,180.0,-210.0,,
401360332,2021-12-29T01:00Z,2021-12-28,2022,2,NO,CLE,108.0,104.0,False,,Caesars Sportsbook,4.0,-110.0,-110.0,209.5,-110.0,-110.0,165.0,-185.0,,
401360333,2021-12-29T03:00Z,2021-12-28,2022,2,GS,DEN,86.0,89.0,False,,Caesars Sportsbook,-8.0,-110.0,-110.0,216.5,-110.0,-110.0,-330.0,270.0,,
401360334,2021-12-29T03:00Z,2021-12-28,2022,2,SAC,OKC,117.0,111.0,False,,Caesars Sportsbook,-5.5,-110.0,-110.0,224.5,-110.0,-110.0,-220.0,190.0,,
401360335,2021-12-30T00:00Z,2021-12-29,2022,2,DET,NY,85.0,94.0,False,,Caesars Sportsbook,6.5,-110.0,-110.0,214.5,-110.0,-110.0,275.0,-335.0,,
401360336,2021-12-30T00:00Z,2021-12-29,2022,2,IND,CHA,108.0,116.0,False,,Caesars Sportsbook,-4.0,-110.0,-110.0,225.0,-110.0,-110.0,-135.0,115.0,,
401360337,2021-12-30T00:30Z,2021-12-29,2022,2,BOS,LAC,82.0,91.0,False,,Caesars Sportsbook,-6.0,-110.0,-110.0,209.5,-110.0,-110.0,-160.0,140.0,,
401360338,2021-12-30T01:00Z,2021-12-29,2022,2,CHI,ATL,131.0,117.0,False,,Caesars Sportsbook,-8.0,-110.0,-110.0,227.0,-110.0,-110.0,-340.0,280.0,,
401360339,2021-12-30T01:00Z,2021-12-29,2022,2,MEM,LAL,104.0,99.0,False,,Caesars Sportsbook,-6.0,-110.0,-110.0,224.0,-110.0,-110.0,-230.0,195.0,,
401360341,2021-12-30T02:00Z,2021-12-29,2022,2,PHX,OKC,115.0,97.0,False,,Caesars Sportsbook,-16.0,-110.0,-110.0,218.5,-110.0,-110.0,-1800.0,1000.0,,
401360342,2021-12-30T03:00Z,2021-12-29,2022,2,POR,UTAH,105.0,120.0,False,,Caesars Sportsbook,6.5,-110.0,-110.0,228.5,-110.0,-110.0,260.0,-320.0,,
401360343,2021-12-30T03:30Z,2021-12-29,2022,2,SAC,DAL,95.0,94.0,False,,Caesars Sportsbook,1.5,-110.0,-110.0,220.5,-110.0,-110.0,100.0,-120.0,,
401360344,2021-12-31T00:00Z,2021-12-30,2022,2,BKN,PHI,102.0,110.0,False,,Caesars Sportsbook,-5.0,-110.0,-110.0,220.5,-110.0,-110.0,-200.0,175.0,,
401360345,2021-12-31T00:00Z,2021-12-30,2022,2,ORL,MIL,118.0,136.0,False,,Caesars Sportsbook,14.0,-110.0,-110.0,217.5,-110.0,-110.0,750.0,-1200.0,,
401360346,2021-12-31T00:00Z,2021-12-30,2022,2,WSH,CLE,110.0,93.0,False,,Caesars Sportsbook,-1.5,-110.0,-110.0,209.5,-110.0,-110.0,-170.0,150.0,,
401360348,2021-12-31T18:00Z,2021-12-31,2022,2,BOS,PHX,123.0,108.0,False,,Caesars Sportsbook,1.0,-110.0,-110.0,,-110.0,-110.0,105.0,-125.0,,
401360349,2021-12-31T20:00Z,2021-12-31,2022,2,IND,CHI,106.0,108.0,False,,Caesars Sportsbook,3.0,-110.0,-110.0,219.5,-110.0,-110.0,130.0,-150.0,,
401360350,2021-12-31T23:00Z,2021-12-31,2022,2,SAC,DAL,96.0,112.0,False,,Caesars Sportsbook,1.0,-110.0,-110.0,215.5,-110.0,-110.0,-110.0,-110.0,,
401360351,2022-01-01T00:00Z,2021-12-31,2022,2,HOU,MIA,110.0,120.0,False,,Caesars Sportsbook,3.5,-110.0,-110.0,219.0,-110.0,-110.0,190.0,-220.0,,
401360352,2022-01-01T00:30Z,2021-12-31,2022,2,CLE,ATL,118.0,121.0,False,,Caesars Sportsbook,-1.5,-110.0,-110.0,218.0,-110.0,-110.0,-125.0,105.0,,
401360353,2022-01-01T00:30Z,2021-12-31,2022,2,TOR,LAC,116.0,108.0,False,,Caesars Sportsbook,-7.0,-110.0,-110.0,211.5,-110.0,-110.0,-260.0,220.0,,
401360354,2022-01-01T01:00Z,2021-12-31,2022,2,MEM,SA,118.0,105.0,False,,Caesars Sportsbook,-5.5,-110.0,-110.0,227.0,-110.0,-110.0,-230.0,195.0,,
401360355,2022-01-01T01:00Z,2021-12-31,2022,2,OKC,NY,95.0,80.0,False,,Caesars Sportsbook,4.0,-110.0,-110.0,209.5,-110.0,-110.0,130.0,-150.0,,
401360356,2022-01-01T02:00Z,2021-12-31,2022,2,UTAH,MIN,120.0,108.0,False,,Caesars Sportsbook,-12.5,-110.0,-110.0,221.5,-110.0,-110.0,-800.0,550.0,,
401360357,2022-01-01T03:30Z,2021-12-31,2022,2,LAL,POR,139.0,106.0,False,,Caesars Sportsbook,-6.0,-110.0,-110.0,227.0,-110.0,-110.0,-250.0,210.0,,
401360358,2022-01-01T23:30Z,2022-01-01,2022,2,MIL,NO,136.0,113.0,False,,Caesars Sportsbook,-12.0,-110.0,-110.0,222.5,-110.0,-110.0,-850.0,575.0,,
401360359,2022-01-02T00:00Z,2022-01-01,2022,2,DET,SA,117.0,116.0,False,,Caesars Sportsbook,6.5,-110.0,-110.0,222.0,-110.0,-110.0,230.0,-270.0,,
401360360,2022-01-02T00:00Z,2022-01-01,2022,2,WSH,CHI,119.0,120.0,False,,Caesars Sportsbook,2.0,-110.0,-110.0,222.0,-110.0,-110.0,115.0,-135.0,,
401360361,2022-01-02T00:30Z,2022-01-01,2022,2,BKN,LAC,116.0,120.0,False,,Caesars Sportsbook,-14.0,-110.0,-110.0,219.5,-110.0,-110.0,-1450.0,850.0,,
401360362,2022-01-02T01:00Z,2022-01-01,2022,2,HOU,DEN,111.0,124.0,False,,Caesars Sportsbook,7.0,-110.0,-110.0,220.5,-110.0,-110.0,280.0,-340.0,,
401360363,2022-01-02T02:00Z,2022-01-01,2022,2,UTAH,GS,116.0,123.0,False,,Caesars Sportsbook,-5.0,-110.0,-110.0,223.5,-110.0,-110.0,-200.0,175.0,,
401360364,2022-01-02T20:30Z,2022-01-02,2022,2,TOR,NY,120.0,105.0,False,,Caesars Sportsbook,-8.5,-110.0,-110.0,208.0,-110.0,-110.0,-380.0,310.0,,
401360365,2022-01-02T23:00Z,2022-01-02,2022,2,BOS,ORL,116.0,111.0,False,,Caesars Sportsbook,-10.0,-110.0,-110.0,213.5,-110.0,-110.0,-550.0,425.0,,
401360366,2022-01-02T23:00Z,2022-01-02,2022,2,CLE,IND,108.0,104.0,False,,Caesars Sportsbook,-4.5,-110.0,-110.0,207.5,-110.0,-110.0,-185.0,165.0,,
401360367,2022-01-02T23:00Z,2022-01-02,2022,2,SAC,MIA,115.0,113.0,False,,Caesars Sportsbook,3.5,-110.0,-110.0,222.5,-110.0,-110.0,145.0,-165.0,,
401360368,2022-01-03T00:00Z,2022-01-02,2022,2,CHA,PHX,99.0,133.0,False,,Caesars Sportsbook,2.5,-110.0,-110.0,233.0,-110.0,-110.0,100.0,-120.0,,
401360369,2022-01-03T00:00Z,2022-01-02,2022,2,OKC,DAL,86.0,95.0,False,,Caesars Sportsbook,10.0,-110.0,-110.0,206.5,-110.0,-110.0,370.0,-450.0,,
401360370,2022-01-03T02:30Z,2022-01-02,2022,2,LAL,MIN,108.0,103.0,False,,Caesars Sportsbook,-7.5,-110.0,-110.0,221.0,-110.0,-110.0,-325.0,265.0,,
401360371,2022-01-04T00:00Z,2022-01-03,2022,2,PHI,HOU,133.0,113.0,False,,Caesars Sportsbook,-13.0,-110.0,-110.0,218.5,-110.0,-110.0,-1100.0,700.0,,
401360372,2022-01-04T00:00Z,2022-01-03,2022,2,WSH,CHA,124.0,121.0,False,,Caesars Sportsbook,-1.5,-110.0,-110.0,230.5,-110.0,-110.0,-125.0,105.0,,
401360373,2022-01-04T00:30Z,2022-01-03,2022,2,BKN,MEM,104.0,118.0,False,,Caesars Sportsbook,-6.5,-110.0,-110.0,230.0,-110.0,-110.0,-255.0,215.0,,
401360374,2022-01-04T01:00Z,2022-01-03,2022,2,CHI,ORL,102.0,98.0,False,,Caesars Sportsbook,-13.5,-110.0,-110.0,217.5,-110.0,-110.0,-1100.0,700.0,,
401360375,2022-01-04T01:00Z,2022-01-03,2022,2,MIL,DET,106.0,115.0,False,,Caesars Sportsbook,-17.0,-110.0,-110.0,226.5,-110.0,-110.0,-2400.0,1200.0,,
401360376,2022-01-04T01:00Z,2022-01-03,2022,2,NO,UTAH,104.0,115.0,False,,Caesars Sportsbook,10.0,-110.0,-110.0,229.0,-110.0,-110.0,320.0,-400.0,,
401360377,2022-01-04T01:30Z,2022-01-03,2022,2,DAL,DEN,103.0,89.0,False,,Caesars Sportsbook,-2.5,-110.0,-110.0,213.5,-110.0,-110.0,-145.0,125.0,,
401360378,2022-01-04T03:00Z,2022-01-03,2022,2,GS,MIA,115.0,108.0,False,,Caesars Sportsbook,-10.5,-110.0,-110.0,217.0,-110.0,-110.0,-550.0,425.0,,
401360379,2022-01-04T03:00Z,2022-01-03,2022,2,POR,ATL,136.0,131.0,False,,Caesars Sportsbook,6.0,-110.0,-110.0,223.5,-110.0,-110.0,150.0,-170.0,,
401360380,2022-01-04T03:30Z,2022-01-03,2022,2,LAC,MIN,104.0,122.0,False,,Caesars Sportsbook,-3.5,-110.0,-110.0,216.0,-110.0,-110.0,-160.0,140.0,,
401360381,2022-01-05T00:00Z,2022-01-04,2022,2,CLE,MEM,106.0,110.0,False,,Caesars Sportsbook (Colorado),-3.0,-110.0,-110.0,215.5,-110.0,-110.0,-150.0,130.0,,
401360382,2022-01-05T00:00Z,2022-01-04,2022,2,TOR,SA,129.0,104.0,False,,Caesars Sportsbook (Colorado),-6.5,-110.0,-110.0,224.5,-110.0,-110.0,-280.0,230.0,,
401360383,2022-01-05T00:30Z,2022-01-04,2022,2,NY,IND,104.0,94.0,False,,Caesars Sportsbook (Colorado),-2.5,-110.0,-110.0,207.0,-110.0,-110.0,-145.0,125.0,,
401360384,2022-01-05T01:00Z,2022-01-04,2022,2,NO,PHX,110.0,123.0,False,,Caesars Sportsbook (Colorado),7.5,-110.0,-110.0,224.5,-110.0,-110.0,250.0,-320.0,,
401360385,2022-01-05T03:30Z,2022-01-04,2022,2,LAL,SAC,122.0,114.0,False,,Caesars Sportsbook (Colorado),-6.5,-110.0,-110.0,230.0,-110.0,-110.0,-270.0,220.0,,
401360386,2022-01-06T00:00Z,2022-01-05,2022,2,CHA,DET,140.0,111.0,False,,Caesars Sportsbook,-10.5,-110.0,-110.0,228.0,-110.0,-110.0,-550.0,425.0,,
401360387,2022-01-06T00:00Z,2022-01-05,2022,2,ORL,PHI,106.0,116.0,False,,Caesars Sportsbook,8.5,-110.0,-110.0,211.5,-110.0,-110.0,310.0,-380.0,,
401360388,2022-01-06T00:00Z,2022-01-05,2022,2,WSH,HOU,111.0,114.0,False,,Caesars Sportsbook,-7.5,-110.0,-110.0,230.0,-110.0,-110.0,-320.0,260.0,,
401360389,2022-01-06T00:30Z,2022-01-05,2022,2,BOS,SA,97.0,99.0,False,,Caesars Sportsbook,-7.5,-110.0,-110.0,222.5,-110.0,-110.0,-310.0,255.0,,
401360390,2022-01-06T00:30Z,2022-01-05,2022,2,IND,BKN,121.0,129.0,False,,Caesars Sportsbook,8.5,-110.0,-110.0,225.0,-110.0,-110.0,320.0,-400.0,,
401360391,2022-01-06T00:30Z,2022-01-05,2022,2,DAL,GS,99.0,82.0,False,,Caesars Sportsbook,5.0,-110.0,-110.0,212.5,-110.0,-110.0,155.0,-175.0,,
401360392,2022-01-06T01:00Z,2022-01-05,2022,2,MIL,TOR,111.0,117.0,False,,Caesars Sportsbook,-2.5,-110.0,-110.0,221.5,-110.0,-110.0,-135.0,115.0,,
401360393,2022-01-06T01:00Z,2022-01-05,2022,2,MIN,OKC,98.0,90.0,False,,Caesars Sportsbook,-9.5,-110.0,-110.0,218.5,-110.0,-110.0,-430.0,350.0,,
401360394,2022-01-06T03:00Z,2022-01-05,2022,2,DEN,UTAH,109.0,115.0,False,,Caesars Sportsbook,1.0,-110.0,-110.0,225.5,-110.0,-110.0,-110.0,-110.0,,
401360395,2022-01-06T03:00Z,2022-01-05,2022,2,POR,MIA,109.0,115.0,False,,Caesars Sportsbook,0.5,-110.0,-110.0,216.0,-110.0,-110.0,125.0,-145.0,,
401360396,2022-01-06T03:00Z,2022-01-05,2022,2,SAC,ATL,102.0,108.0,False,,Caesars Sportsbook,-1.5,-110.0,-110.0,230.0,-110.0,-110.0,-120.0,100.0,,
401360397,2022-01-07T00:30Z,2022-01-06,2022,2,NY,BOS,108.0,105.0,False,,Caesars Sportsbook,0.5,-110.0,-110.0,207.5,-110.0,-110.0,110.0,-130.0,,
401360398,2022-01-07T01:00Z,2022-01-06,2022,2,MEM,DET,118.0,88.0,False,,Caesars Sportsbook,-13.5,-110.0,-110.0,217.5,-110.0,-110.0,-1000.0,650.0,,
401360399,2022-01-07T01:00Z,2022-01-06,2022,2,NO,GS,101.0,96.0,False,,Caesars Sportsbook,-0.5,-110.0,-110.0,211.5,-110.0,-110.0,-115.0,-105.0,,
401360400,2022-01-07T03:00Z,2022-01-06,2022,2,PHX,LAC,106.0,89.0,False,,Caesars Sportsbook,-10.5,-110.0,-110.0,221.5,-110.0,-110.0,-600.0,450.0,,
401360401,2022-01-08T00:00Z,2022-01-07,2022,2,PHI,SA,119.0,100.0,False,,Caesars Sportsbook,-8.5,-110.0,-110.0,220.0,-110.0,-110.0,-350.0,290.0,,
401360402,2022-01-08T00:30Z,2022-01-07,2022,2,BKN,MIL,109.0,121.0,False,,Caesars Sportsbook,-4.5,-110.0,-110.0,232.0,-110.0,-110.0,-185.0,165.0,,
401360403,2022-01-08T00:30Z,2022-01-07,2022,2,TOR,UTAH,122.0,108.0,False,,Caesars Sportsbook,-13.5,-110.0,-110.0,216.5,-110.0,-110.0,-1000.0,650.0,,
401360404,2022-01-08T01:00Z,2022-01-07,2022,2,CHI,WSH,130.0,122.0,False,,Caesars Sportsbook,-5.0,-110.0,-110.0,223.5,-110.0,-110.0,-215.0,185.0,,
401360405,2022-01-08T01:00Z,2022-01-07,2022,2,HOU,DAL,106.0,130.0,False,,Caesars Sportsbook,2.0,-110.0,-110.0,214.5,-110.0,-110.0,130.0,-150.0,,
401360406,2022-01-08T01:00Z,2022-01-07,2022,2,OKC,MIN,105.0,135.0,False,,Caesars Sportsbook,5.5,-110.0,-110.0,219.0,-110.0,-110.0,175.0,-200.0,,
401360407,2022-01-08T02:00Z,2022-01-07,2022,2,DEN,SAC,121.0,111.0,False,,Caesars Sportsbook,-8.0,-110.0,-110.0,226.5,-110.0,-110.0,-320.0,260.0,,
401360408,2022-01-08T03:00Z,2022-01-07,2022,2,LAL,ATL,134.0,118.0,False,,Caesars Sportsbook,-1.5,-110.0,-110.0,231.5,-110.0,-110.0,-120.0,100.0,,
401360409,2022-01-08T03:00Z,2022-01-07,2022,2,POR,CLE,101.0,114.0,False,,Caesars Sportsbook,6.0,-110.0,-110.0,216.5,-110.0,-110.0,195.0,-230.0,,
401360410,2022-01-08T20:30Z,2022-01-08,2022,2,LAC,MEM,108.0,123.0,False,,Caesars Sportsbook,2.0,-110.0,-110.0,215.0,-110.0,-110.0,110.0,-130.0,,
401360411,2022-01-09T00:00Z,2022-01-08,2022,2,CHA,MIL,114.0,106.0,False,,Caesars Sportsbook,-0.5,-110.0,-110.0,235.0,-110.0,-110.0,-120.0,100.0,,
401360412,2022-01-09T00:00Z,2022-01-08,2022,2,DET,ORL,97.0,92.0,False,,Caesars Sportsbook,-1.5,-110.0,-110.0,215.0,-110.0,-110.0,-120.0,100.0,,
401360413,2022-01-09T00:00Z,2022-01-08,2022,2,IND,UTAH,125.0,113.0,False,,Caesars Sportsbook,4.5,-110.0,-110.0,226.0,-110.0,-110.0,165.0,-185.0,,
401360414,2022-01-09T00:30Z,2022-01-08,2022,2,BOS,NY,99.0,75.0,False,,Caesars Sportsbook,-8.0,-110.0,-110.0,205.5,-110.0,-110.0,-330.0,270.0,,
401360415,2022-01-09T02:00Z,2022-01-08,2022,2,PHX,MIA,100.0,123.0,False,,Caesars Sportsbook,-10.0,-110.0,-110.0,219.5,-110.0,-110.0,-500.0,400.0,,
401360421,2022-01-09T17:00Z,2022-01-09,2022,2,BKN,SA,121.0,119.0,False,,Caesars Sportsbook,-10.0,-110.0,-110.0,233.0,-110.0,-110.0,-500.0,400.0,,
401360416,2022-01-09T20:30Z,2022-01-09,2022,2,LAC,ATL,106.0,93.0,False,,Caesars Sportsbook,4.0,-110.0,-110.0,228.0,-110.0,-110.0,155.0,-175.0,,
401360417,2022-01-09T23:00Z,2022-01-09,2022,2,ORL,WSH,100.0,102.0,False,,Caesars Sportsbook,7.0,-110.0,-110.0,220.0,-110.0,-110.0,245.0,-290.0,,
401360418,2022-01-09T23:00Z,2022-01-09,2022,2,TOR,NO,105.0,101.0,False,,Caesars Sportsbook,-7.0,-110.0,-110.0,220.5,-110.0,-110.0,-300.0,250.0,,
401360419,2022-01-10T00:00Z,2022-01-09,2022,2,HOU,MIN,123.0,141.0,False,,Caesars Sportsbook,7.0,-110.0,-110.0,236.0,-110.0,-110.0,230.0,-270.0,,
401360420,2022-01-10T00:00Z,2022-01-09,2022,2,OKC,DEN,95.0,99.0,False,,Caesars Sportsbook,7.0,-110.0,-110.0,214.5,-110.0,-110.0,220.0,-260.0,,
401360422,2022-01-10T00:30Z,2022-01-09,2022,2,DAL,CHI,113.0,99.0,False,,Caesars Sportsbook (Colorado),2.0,-110.0,-110.0,218.0,-110.0,-110.0,110.0,-130.0,,
401360423,2022-01-10T01:30Z,2022-01-09,2022,2,GS,CLE,96.0,82.0,False,,Caesars Sportsbook,-7.5,-110.0,-110.0,217.5,-110.0,-110.0,-340.0,280.0,,
401360424,2022-01-10T02:00Z,2022-01-09,2022,2,POR,SAC,103.0,88.0,False,,Caesars Sportsbook,,,,223.5,-110.0,-110.0,105.0,-125.0,,
401360425,2022-01-10T02:30Z,2022-01-09,2022,2,LAL,MEM,119.0,127.0,False,,Caesars Sportsbook,-1.0,-110.0,-110.0,230.0,-110.0,-110.0,-130.0,110.0,,
401360426,2022-01-11T00:00Z,2022-01-10,2022,2,CHA,MIL,103.0,99.0,False,,Caesars Sportsbook,2.5,-110.0,-110.0,236.0,-110.0,-110.0,130.0,-150.0,,
401360427,2022-01-11T00:00Z,2022-01-10,2022,2,DET,UTAH,126.0,116.0,False,,Caesars Sportsbook,11.0,-110.0,-110.0,224.0,-110.0,-110.0,500.0,-700.0,,
401360428,2022-01-11T00:30Z,2022-01-10,2022,2,BOS,IND,101.0,98.0,False,,Caesars Sportsbook,-9.0,-110.0,-110.0,210.5,-110.0,-110.0,-380.0,310.0,,
401360429,2022-01-11T00:30Z,2022-01-10,2022,2,NY,SA,111.0,96.0,False,,Caesars Sportsbook,-6.5,-110.0,-110.0,213.5,-110.0,-110.0,-260.0,220.0,,
401360530,2022-01-11T01:00Z,2022-01-10,2022,2,HOU,PHI,91.0,111.0,False,,Caesars Sportsbook,10.5,-110.0,-110.0,227.5,-110.0,-110.0,425.0,-550.0,,
401360430,2022-01-11T03:00Z,2022-01-10,2022,2,SAC,CLE,108.0,109.0,False,,Caesars Sportsbook,5.5,-110.0,-110.0,219.5,-110.0,-110.0,175.0,-200.0,,
401401133,2022-01-11T03:00Z,2022-01-10,2022,2,POR,BKN,114.0,108.0,False,Makeup from Dec. 23,Caesars Sportsbook,3.0,-110.0,-110.0,,-110.0,-110.0,170.0,-190.0,,
401360431,2022-01-12T00:00Z,2022-01-11,2022,2,WSH,OKC,122.0,118.0,False,,Caesars Sportsbook,-6.5,-110.0,-110.0,210.5,-110.0,-110.0,-255.0,215.0,,
401360432,2022-01-12T00:30Z,2022-01-11,2022,2,TOR,PHX,95.0,99.0,False,,Caesars Sportsbook,4.5,-110.0,-110.0,222.0,-110.0,-110.0,165.0,-185.0,,
401360433,2022-01-12T01:00Z,2022-01-11,2022,2,MEM,GS,116.0,108.0,False,,Caesars Sportsbook,1.5,-110.0,-110.0,221.5,-110.0,-110.0,110.0,-130.0,,
401360434,2022-01-12T01:00Z,2022-01-11,2022,2,NO,MIN,128.0,125.0,False,,Caesars Sportsbook,4.0,-110.0,-110.0,226.0,-110.0,-110.0,140.0,-160.0,,
401401138,2022-01-12T01:00Z,2022-01-11,2022,2,CHI,DET,133.0,87.0,False,Makeup from Dec. 14,Caesars Sportsbook,-13.5,-110.0,-110.0,219.5,-110.0,-110.0,-1100.0,700.0,,
401360435,2022-01-12T03:30Z,2022-01-11,2022,2,LAC,DEN,87.0,85.0,False,,Caesars Sportsbook,0.5,-110.0,-110.0,213.0,-110.0,-110.0,120.0,-140.0,,
401360437,2022-01-13T00:00Z,2022-01-12,2022,2,IND,BOS,100.0,119.0,False,,Caesars Sportsbook,1.0,-110.0,-110.0,210.0,-110.0,-110.0,-110.0,-110.0,,
401360438,2022-01-13T00:00Z,2022-01-12,2022,2,PHI,CHA,98.0,109.0,False,,Caesars Sportsbook,-5.5,-110.0,-110.0,225.0,-110.0,-110.0,-210.0,180.0,,
401360439,2022-01-13T00:00Z,2022-01-12,2022,2,WSH,ORL,112.0,106.0,False,,Caesars Sportsbook,-6.5,-110.0,-110.0,213.0,-110.0,-110.0,-250.0,210.0,,
401360440,2022-01-13T00:30Z,2022-01-12,2022,2,ATL,MIA,91.0,115.0,False,,Caesars Sportsbook,-2.5,-110.0,-110.0,221.0,-110.0,-110.0,-145.0,125.0,,
401360441,2022-01-13T00:30Z,2022-01-12,2022,2,NY,DAL,108.0,85.0,False,,Caesars Sportsbook,2.5,-110.0,-110.0,203.0,-110.0,-110.0,120.0,-140.0,,
401360442,2022-01-13T01:30Z,2022-01-12,2022,2,SA,HOU,124.0,128.0,False,,Caesars Sportsbook,-7.0,-110.0,-110.0,235.0,-110.0,-110.0,-275.0,235.0,,
401360443,2022-01-13T02:00Z,2022-01-12,2022,2,UTAH,CLE,91.0,111.0,False,,Caesars Sportsbook,-5.0,-110.0,-110.0,223.0,-110.0,-110.0,-200.0,175.0,,
401360444,2022-01-13T03:00Z,2022-01-12,2022,2,CHI,BKN,112.0,138.0,False,,Caesars Sportsbook,-1.5,-110.0,-110.0,238.0,-110.0,-110.0,-105.0,-115.0,,
401360445,2022-01-13T03:00Z,2022-01-12,2022,2,SAC,LAL,125.0,116.0,False,,Caesars Sportsbook,3.5,-110.0,-110.0,231.0,-110.0,-110.0,150.0,-170.0,,
401360446,2022-01-14T00:30Z,2022-01-13,2022,2,MIL,GS,118.0,99.0,False,,Caesars Sportsbook,-1.5,-110.0,-110.0,224.0,-110.0,-110.0,-115.0,-105.0,,
401360447,2022-01-14T01:00Z,2022-01-13,2022,2,MEM,MIN,116.0,108.0,False,,Caesars Sportsbook,-3.0,-110.0,-110.0,231.0,-110.0,-110.0,-145.0,125.0,,
401360448,2022-01-14T01:00Z,2022-01-13,2022,2,NO,LAC,113.0,89.0,False,,Caesars Sportsbook,-3.5,-110.0,-110.0,213.0,-110.0,-110.0,-160.0,140.0,,
401360449,2022-01-14T01:30Z,2022-01-13,2022,2,BKN,OKC,109.0,130.0,False,,Caesars Sportsbook,-5.5,-110.0,-110.0,216.0,-110.0,-110.0,-220.0,190.0,,
401360450,2022-01-14T03:00Z,2022-01-13,2022,2,DEN,POR,140.0,108.0,False,,Caesars Sportsbook,-11.0,-110.0,-110.0,210.0,-110.0,-110.0,-650.0,475.0,,
401360451,2022-01-15T00:00Z,2022-01-14,2022,2,CHA,ORL,109.0,116.0,False,,Caesars Sportsbook,-11.0,-110.0,-110.0,223.0,-110.0,-110.0,-650.0,475.0,,
401360452,2022-01-15T00:00Z,2022-01-14,2022,2,DET,TOR,103.0,87.0,False,,Caesars Sportsbook,8.0,-110.0,-110.0,210.5,-110.0,-110.0,320.0,-380.0,,
401360453,2022-01-15T00:00Z,2022-01-14,2022,2,IND,PHX,94.0,112.0,False,,Caesars Sportsbook,6.0,-110.0,-110.0,219.5,-110.0,-110.0,195.0,-230.0,,
401360454,2022-01-15T00:00Z,2022-01-14,2022,2,PHI,BOS,111.0,99.0,False,,Caesars Sportsbook,-3.0,-110.0,-110.0,207.5,-110.0,-110.0,-135.0,115.0,,
401360456,2022-01-15T00:30Z,2022-01-14,2022,2,CHI,GS,96.0,138.0,False,,Caesars Sportsbook,-3.0,-110.0,-110.0,226.0,-110.0,-110.0,-135.0,115.0,,
401360455,2022-01-15T01:00Z,2022-01-14,2022,2,MIA,ATL,124.0,118.0,False,,Caesars Sportsbook,-5.5,-110.0,-110.0,222.5,-110.0,-110.0,-215.0,185.0,,
401360457,2022-01-15T01:30Z,2022-01-14,2022,2,SA,CLE,109.0,114.0,False,,Caesars Sportsbook,3.5,-110.0,-110.0,220.0,-110.0,-110.0,135.0,-155.0,,
401360458,2022-01-15T03:00Z,2022-01-14,2022,2,MEM,DAL,85.0,112.0,False,,Caesars Sportsbook,-2.5,-110.0,-110.0,219.0,-110.0,-110.0,-140.0,120.0,,
401360459,2022-01-15T03:00Z,2022-01-14,2022,2,SAC,HOU,126.0,114.0,False,,Caesars Sportsbook,-5.0,-110.0,-110.0,238.0,-110.0,-110.0,-200.0,175.0,,
401360460,2022-01-15T23:30Z,2022-01-15,2022,2,MIL,TOR,96.0,103.0,False,,Caesars Sportsbook,-7.5,-110.0,-110.0,219.0,-110.0,-110.0,-330.0,270.0,,
401360461,2022-01-16T00:00Z,2022-01-15,2022,2,WSH,POR,110.0,115.0,False,,Caesars Sportsbook,-7.5,-110.0,-110.0,214.5,-110.0,-110.0,-290.0,245.0,,
401360462,2022-01-16T00:30Z,2022-01-15,2022,2,ATL,NY,108.0,117.0,False,,Caesars Sportsbook,-1.0,-110.0,-110.0,214.5,-110.0,-110.0,-115.0,-105.0,,
401360463,2022-01-16T00:30Z,2022-01-15,2022,2,BKN,NO,120.0,105.0,False,,Caesars Sportsbook,-6.0,-110.0,-110.0,230.5,-110.0,-110.0,-250.0,210.0,,
401360464,2022-01-16T01:00Z,2022-01-15,2022,2,MIA,PHI,98.0,109.0,False,,Caesars Sportsbook,-3.0,-110.0,-110.0,212.5,-110.0,-110.0,-130.0,110.0,,
401360465,2022-01-16T01:00Z,2022-01-15,2022,2,OKC,CLE,102.0,107.0,False,,Caesars Sportsbook,5.0,-110.0,-110.0,208.0,-110.0,-110.0,175.0,-200.0,,
401360466,2022-01-16T01:30Z,2022-01-15,2022,2,BOS,CHI,114.0,112.0,False,,Caesars Sportsbook,-7.0,-110.0,-110.0,214.0,-110.0,-110.0,-300.0,250.0,,
401360467,2022-01-16T01:30Z,2022-01-15,2022,2,SA,LAC,101.0,94.0,False,,Caesars Sportsbook,-1.5,-110.0,-110.0,220.5,-110.0,-110.0,-125.0,105.0,,
401360468,2022-01-16T02:00Z,2022-01-15,2022,2,DEN,LAL,133.0,96.0,False,,Caesars Sportsbook,-4.0,-110.0,-110.0,225.5,-110.0,-110.0,-175.0,155.0,,
401360469,2022-01-16T02:30Z,2022-01-15,2022,2,DAL,ORL,108.0,92.0,False,,Caesars Sportsbook,-11.5,-110.0,-110.0,211.0,-110.0,-110.0,-700.0,500.0,,
401360436,2022-01-16T18:00Z,2022-01-16,2022,2,DET,PHX,108.0,135.0,False,,Caesars Sportsbook,12.0,-110.0,-110.0,216.5,-110.0,-110.0,550.0,-800.0,,
401360470,2022-01-16T23:00Z,2022-01-16,2022,2,SAC,HOU,112.0,118.0,False,,Caesars Sportsbook,-4.5,-110.0,-110.0,239.0,-110.0,-110.0,-180.0,160.0,,
401360471,2022-01-17T01:00Z,2022-01-16,2022,2,MIN,GS,119.0,99.0,False,,Caesars Sportsbook,-5.0,-110.0,-110.0,215.5,-110.0,-110.0,-145.0,125.0,,
401360472,2022-01-17T01:00Z,2022-01-16,2022,2,DEN,UTAH,102.0,125.0,False,,Caesars Sportsbook,4.5,-110.0,-110.0,223.5,-110.0,-110.0,190.0,-220.0,,
401360473,2022-01-17T17:30Z,2022-01-17,2022,2,BOS,NO,104.0,92.0,False,,Caesars Sportsbook,-4.0,-110.0,-110.0,214.5,-110.0,-110.0,-180.0,160.0,,
401360474,2022-01-17T18:00Z,2022-01-17,2022,2,NY,CHA,87.0,97.0,False,,Caesars Sportsbook,-3.0,-110.0,-110.0,215.0,-110.0,-110.0,-130.0,110.0,,
401360475,2022-01-17T19:00Z,2022-01-17,2022,2,WSH,PHI,117.0,98.0,False,,Caesars Sportsbook,1.5,-110.0,-110.0,220.5,-110.0,-110.0,110.0,-130.0,,
401360476,2022-01-17T20:00Z,2022-01-17,2022,2,CLE,BKN,114.0,107.0,False,,Caesars Sportsbook,-4.0,-110.0,-110.0,223.0,-110.0,-110.0,-170.0,150.0,,
401360477,2022-01-17T20:30Z,2022-01-17,2022,2,MEM,CHI,119.0,106.0,False,,Caesars Sportsbook,-3.0,-110.0,-110.0,225.0,-110.0,-110.0,-360.0,300.0,,
401360478,2022-01-17T20:30Z,2022-01-17,2022,2,LAC,IND,139.0,133.0,False,,Caesars Sportsbook,-2.0,-110.0,-110.0,210.5,-110.0,-110.0,-130.0,110.0,,
401360479,2022-01-17T23:00Z,2022-01-17,2022,2,ATL,MIL,121.0,114.0,False,,Caesars Sportsbook,5.5,-110.0,-110.0,233.0,-110.0,-110.0,170.0,-190.0,,
401360480,2022-01-18T00:00Z,2022-01-17,2022,2,ORL,POR,88.0,98.0,False,,Caesars Sportsbook,2.0,-110.0,-110.0,218.5,-110.0,-110.0,110.0,-130.0,,
401360481,2022-01-18T00:30Z,2022-01-17,2022,2,MIA,TOR,104.0,99.0,False,,Caesars Sportsbook,-4.0,-110.0,-110.0,205.5,-110.0,-110.0,-175.0,155.0,,
401360482,2022-01-18T01:30Z,2022-01-17,2022,2,DAL,OKC,104.0,102.0,False,,Caesars Sportsbook,-11.5,-110.0,-110.0,210.0,-110.0,-110.0,-800.0,550.0,,
401360483,2022-01-18T01:30Z,2022-01-17,2022,2,SA,PHX,107.0,121.0,False,,Caesars Sportsbook,5.0,-110.0,-110.0,228.0,-110.0,-110.0,145.0,-165.0,,
401360484,2022-01-18T03:30Z,2022-01-17,2022,2,LAL,UTAH,101.0,95.0,False,,Caesars Sportsbook,4.5,-110.0,-110.0,230.0,-110.0,-110.0,180.0,-210.0,,
401360485,2022-01-19T00:30Z,2022-01-18,2022,2,NY,MIN,110.0,112.0,False,,Caesars Sportsbook,0.5,-110.0,-110.0,217.5,-110.0,-110.0,105.0,-125.0,,
401360486,2022-01-19T03:00Z,2022-01-18,2022,2,GS,DET,102.0,86.0,False,,Caesars Sportsbook,-15.5,-110.0,-110.0,217.5,-110.0,-110.0,-1800.0,1000.0,,
401360487,2022-01-20T00:00Z,2022-01-19,2022,2,PHI,ORL,123.0,110.0,False,,Caesars Sportsbook (Colorado),-11.5,-110.0,-110.0,213.5,-110.0,-110.0,-800.0,550.0,,
401360488,2022-01-20T00:00Z,2022-01-19,2022,2,WSH,BKN,118.0,119.0,False,,Caesars Sportsbook (Colorado),-1.0,-110.0,-110.0,235.5,-110.0,-110.0,-115.0,-105.0,,
401360489,2022-01-20T00:30Z,2022-01-19,2022,2,ATL,MIN,134.0,122.0,False,,Caesars Sportsbook (Colorado),-1.5,-110.0,-110.0,235.5,-110.0,-110.0,-120.0,100.0,,
401360490,2022-01-20T00:30Z,2022-01-19,2022,2,BOS,CHA,102.0,111.0,False,,Caesars Sportsbook (Colorado),-3.0,-110.0,-110.0,222.5,-110.0,-110.0,-145.0,125.0,,
401360491,2022-01-20T00:30Z,2022-01-19,2022,2,MIA,POR,104.0,92.0,False,,Caesars Sportsbook (Colorado),-9.0,-110.0,-110.0,210.5,-110.0,-110.0,-450.0,350.0,,
401360492,2022-01-20T01:00Z,2022-01-19,2022,2,CHI,CLE,117.0,104.0,False,,Caesars Sportsbook (Colorado),3.0,-110.0,-110.0,214.5,-110.0,-110.0,130.0,-150.0,,
401360493,2022-01-20T01:00Z,2022-01-19,2022,2,MIL,MEM,126.0,114.0,False,,Caesars Sportsbook (Colorado),-6.5,-110.0,-110.0,228.0,-110.0,-110.0,-270.0,220.0,,
401360494,2022-01-20T01:30Z,2022-01-19,2022,2,DAL,TOR,102.0,98.0,False,,Caesars Sportsbook (Colorado),-4.0,-110.0,-110.0,207.5,-110.0,-110.0,-190.0,160.0,,
401360495,2022-01-20T01:30Z,2022-01-19,2022,2,SA,OKC,118.0,96.0,False,,Caesars Sportsbook (Colorado),-7.0,-110.0,-110.0,221.5,-110.0,-110.0,-280.0,230.0,,
401360496,2022-01-20T02:00Z,2022-01-19,2022,2,UTAH,HOU,111.0,116.0,False,,Caesars Sportsbook (Colorado),-14.0,-110.0,-110.0,230.0,-110.0,-110.0,-1100.0,700.0,,
401360497,2022-01-20T03:00Z,2022-01-19,2022,2,DEN,LAC,130.0,128.0,False,,Caesars Sportsbook (Colorado),-9.5,-110.0,-110.0,212.0,-110.0,-110.0,-440.0,340.0,,
401360498,2022-01-20T03:00Z,2022-01-19,2022,2,SAC,DET,131.0,133.0,False,,Caesars Sportsbook (Colorado),-7.5,-110.0,-110.0,221.0,-110.0,-110.0,-300.0,240.0,,
401360499,2022-01-20T03:30Z,2022-01-19,2022,2,LAL,IND,104.0,111.0,False,,Caesars Sportsbook (Colorado),-3.5,-110.0,-110.0,224.5,-110.0,-110.0,-160.0,140.0,,
401360500,2022-01-21T00:30Z,2022-01-20,2022,2,NY,NO,91.0,102.0,False,,Caesars Sportsbook,-3.5,-110.0,-110.0,211.5,-110.0,-110.0,-165.0,145.0,,
401360501,2022-01-21T00:30Z,2022-01-20,2022,2,DAL,PHX,101.0,109.0,False,,Caesars Sportsbook,2.5,-110.0,-110.0,215.5,-110.0,-110.0,110.0,-130.0,,
401360502,2022-01-21T03:00Z,2022-01-20,2022,2,GS,IND,117.0,121.0,False,,Caesars Sportsbook,-14.5,-110.0,-110.0,216.0,-110.0,-110.0,-1100.0,700.0,,
401360503,2022-01-22T00:00Z,2022-01-21,2022,2,CHA,OKC,121.0,98.0,False,,Caesars Sportsbook,-3.0,-110.0,-110.0,,-110.0,-110.0,-185.0,165.0,,
401360504,2022-01-22T00:00Z,2022-01-21,2022,2,ORL,LAL,105.0,116.0,False,,Caesars Sportsbook,5.0,-110.0,-110.0,217.5,-110.0,-110.0,165.0,-185.0,,
401360505,2022-01-22T00:00Z,2022-01-21,2022,2,PHI,LAC,101.0,102.0,False,,Caesars Sportsbook,-7.0,-110.0,-110.0,213.0,-110.0,-110.0,-290.0,245.0,,
401360506,2022-01-22T00:30Z,2022-01-21,2022,2,ATL,MIA,110.0,108.0,False,,Caesars Sportsbook,-1.5,-110.0,-110.0,217.0,-110.0,-110.0,-115.0,-105.0,,
401360507,2022-01-22T00:30Z,2022-01-21,2022,2,BOS,POR,105.0,109.0,False,,Caesars Sportsbook,-8.5,-110.0,-110.0,212.0,-110.0,-110.0,-350.0,290.0,,
401360508,2022-01-22T01:00Z,2022-01-21,2022,2,WSH,TOR,105.0,109.0,False,,Caesars Sportsbook,2.5,-110.0,-110.0,218.0,-110.0,-110.0,120.0,-140.0,,
401360509,2022-01-22T01:00Z,2022-01-21,2022,2,MIL,CHI,94.0,90.0,False,,Caesars Sportsbook,-11.0,-110.0,-110.0,227.5,-110.0,-110.0,-500.0,400.0,,
401360510,2022-01-22T01:30Z,2022-01-21,2022,2,SA,BKN,102.0,117.0,False,,Caesars Sportsbook,-1.0,-110.0,-110.0,234.5,-110.0,-110.0,-110.0,-110.0,,
401360511,2022-01-22T02:00Z,2022-01-21,2022,2,DEN,MEM,118.0,122.0,False,,Caesars Sportsbook,-3.5,-110.0,-110.0,224.5,-110.0,-110.0,-160.0,140.0,,
401360512,2022-01-22T02:00Z,2022-01-21,2022,2,UTAH,DET,111.0,101.0,False,,Caesars Sportsbook,-14.5,-110.0,-110.0,216.5,-110.0,-110.0,-1200.0,750.0,,
401360513,2022-01-22T03:00Z,2022-01-21,2022,2,GS,HOU,105.0,103.0,False,,Caesars Sportsbook,-11.5,-110.0,-110.0,230.0,-110.0,-110.0,-650.0,475.0,,
401360515,2022-01-23T00:00Z,2022-01-22,2022,2,MIL,SAC,133.0,127.0,False,,Caesars Sportsbook,-8.0,-110.0,-110.0,226.5,-110.0,-110.0,-335.0,275.0,,
401360514,2022-01-23T01:00Z,2022-01-22,2022,2,CLE,OKC,94.0,87.0,False,,Caesars Sportsbook,-12.0,-110.0,-110.0,207.0,-110.0,-110.0,-900.0,600.0,,
401360516,2022-01-23T02:00Z,2022-01-22,2022,2,PHX,IND,113.0,103.0,False,,Caesars Sportsbook,-13.0,-110.0,-110.0,219.0,-110.0,-110.0,-1000.0,650.0,,
401360517,2022-01-23T18:00Z,2022-01-23,2022,2,NY,LAC,110.0,102.0,False,,Caesars Sportsbook,-4.0,-110.0,-110.0,204.5,-110.0,-110.0,-170.0,150.0,,
401360518,2022-01-23T20:30Z,2022-01-23,2022,2,WSH,BOS,87.0,116.0,False,,Caesars Sportsbook,0.5,-110.0,-110.0,216.5,-110.0,-110.0,115.0,-135.0,,
401360519,2022-01-23T23:00Z,2022-01-23,2022,2,MIA,LAL,113.0,107.0,False,,Caesars Sportsbook,-4.5,-110.0,-110.0,212.0,-110.0,-110.0,-175.0,155.0,,
401360520,2022-01-23T23:00Z,2022-01-23,2022,2,ORL,CHI,114.0,95.0,False,,Caesars Sportsbook,3.0,-110.0,-110.0,215.5,-110.0,-110.0,140.0,-160.0,,
401360521,2022-01-23T23:00Z,2022-01-23,2022,2,TOR,POR,105.0,114.0,False,,Caesars Sportsbook,-8.0,-110.0,-110.0,215.0,-110.0,-110.0,-340.0,280.0,,
401360522,2022-01-24T00:00Z,2022-01-23,2022,2,CHA,ATL,91.0,113.0,False,,Caesars Sportsbook,-1.5,-110.0,-110.0,232.5,-110.0,-110.0,-120.0,100.0,,
401360523,2022-01-24T00:00Z,2022-01-23,2022,2,SA,PHI,109.0,115.0,False,,Caesars Sportsbook,2.0,-110.0,-110.0,222.0,-110.0,-110.0,-105.0,-115.0,,
401360524,2022-01-24T00:30Z,2022-01-23,2022,2,DAL,MEM,104.0,91.0,False,,Caesars Sportsbook,-4.0,-110.0,-110.0,219.0,-110.0,-110.0,-170.0,150.0,,
401360525,2022-01-24T01:00Z,2022-01-23,2022,2,MIN,BKN,136.0,125.0,False,,Caesars Sportsbook,-3.0,-110.0,-110.0,237.0,-110.0,-110.0,-130.0,110.0,,
401360526,2022-01-24T01:00Z,2022-01-23,2022,2,DEN,DET,117.0,111.0,False,,Caesars Sportsbook,-12.0,-110.0,-110.0,217.5,-110.0,-110.0,-800.0,550.0,,
401360527,2022-01-24T01:30Z,2022-01-23,2022,2,GS,UTAH,94.0,92.0,False,,Caesars Sportsbook,-2.0,-110.0,-110.0,218.0,-110.0,-110.0,-130.0,110.0,,
401360528,2022-01-25T00:00Z,2022-01-24,2022,2,CLE,NY,95.0,93.0,False,,Caesars Sportsbook,-5.0,-110.0,-110.0,202.0,-110.0,-110.0,-200.0,175.0,,
401360531,2022-01-25T01:00Z,2022-01-24,2022,2,NO,IND,117.0,113.0,False,,Caesars Sportsbook,-1.0,-110.0,-110.0,218.0,-110.0,-110.0,-135.0,115.0,,
401360549,2022-01-25T01:00Z,2022-01-24,2022,2,OKC,CHI,110.0,111.0,False,,Caesars Sportsbook,0.5,-110.0,-110.0,217.5,-110.0,-110.0,100.0,-120.0,,
401360532,2022-01-25T02:00Z,2022-01-24,2022,2,PHX,UTAH,115.0,109.0,False,,Caesars Sportsbook,-4.5,-110.0,-110.0,220.5,-110.0,-110.0,-700.0,500.0,,
401360533,2022-01-26T00:00Z,2022-01-25,2022,2,DET,DEN,105.0,110.0,False,,Caesars Sportsbook,7.0,-110.0,-110.0,217.5,-110.0,-110.0,240.0,-280.0,,
401360534,2022-01-26T00:00Z,2022-01-25,2022,2,TOR,CHA,125.0,113.0,False,,Caesars Sportsbook,1.0,-110.0,-110.0,220.5,-110.0,-110.0,100.0,-120.0,,
401360535,2022-01-26T00:00Z,2022-01-25,2022,2,WSH,LAC,115.0,116.0,False,,Caesars Sportsbook,-5.0,-110.0,-110.0,218.5,-110.0,-110.0,-210.0,180.0,,
401401137,2022-01-26T00:00Z,2022-01-25,2022,2,PHI,NO,117.0,107.0,False,Makeup from Dec. 19,Caesars Sportsbook,-11.5,-110.0,-110.0,212.5,-110.0,-110.0,-600.0,450.0,,
401360536,2022-01-26T00:30Z,2022-01-25,2022,2,BOS,SAC,128.0,75.0,False,,Caesars Sportsbook,-8.5,-110.0,-110.0,218.5,-110.0,-110.0,-420.0,340.0,,
401360537,2022-01-26T00:30Z,2022-01-25,2022,2,BKN,LAL,96.0,106.0,False,,Caesars Sportsbook,4.0,-110.0,-110.0,224.5,-110.0,-110.0,115.0,-135.0,,
401360538,2022-01-26T01:00Z,2022-01-25,2022,2,HOU,SA,104.0,134.0,False,,Caesars Sportsbook,4.5,-110.0,-110.0,235.0,-110.0,-110.0,170.0,-190.0,,
401360539,2022-01-26T03:00Z,2022-01-25,2022,2,GS,DAL,130.0,92.0,False,,Caesars Sportsbook,-3.5,-110.0,-110.0,210.5,-110.0,-110.0,-135.0,115.0,,
401360540,2022-01-26T03:00Z,2022-01-25,2022,2,POR,MIN,107.0,109.0,False,,Caesars Sportsbook,3.0,-110.0,-110.0,233.5,-110.0,-110.0,130.0,-150.0,,
401360541,2022-01-27T00:00Z,2022-01-26,2022,2,CLE,MIL,115.0,99.0,False,,Caesars Sportsbook,4.0,-110.0,-110.0,217.0,-110.0,-110.0,120.0,-140.0,,
401360542,2022-01-27T00:00Z,2022-01-26,2022,2,IND,CHA,126.0,158.0,False,,Caesars Sportsbook,1.5,-110.0,-110.0,230.0,-110.0,-110.0,115.0,-135.0,,
401360543,2022-01-27T00:00Z,2022-01-26,2022,2,ORL,LAC,102.0,111.0,False,,Caesars Sportsbook,-0.5,-110.0,-110.0,213.0,-110.0,-110.0,-115.0,-105.0,,
401360544,2022-01-27T00:30Z,2022-01-26,2022,2,ATL,SAC,121.0,104.0,False,,Caesars Sportsbook,-11.0,-110.0,-110.0,228.0,-110.0,-110.0,-550.0,425.0,,
401360546,2022-01-27T00:30Z,2022-01-26,2022,2,MIA,NY,110.0,96.0,False,,Caesars Sportsbook,-6.0,-110.0,-110.0,202.0,-110.0,-110.0,-240.0,200.0,,
401401134,2022-01-27T01:00Z,2022-01-26,2022,2,BKN,DEN,118.0,124.0,False,Makeup from Dec. 19,Caesars Sportsbook,1.0,-110.0,-110.0,218.0,-110.0,-110.0,195.0,-230.0,,
401401140,2022-01-27T01:00Z,2022-01-26,2022,2,CHI,TOR,111.0,105.0,False,Makeup from Dec. 22,Caesars Sportsbook,-4.5,-110.0,-110.0,219.0,-110.0,-110.0,-155.0,135.0,,
401360547,2022-01-27T01:30Z,2022-01-26,2022,2,SA,MEM,110.0,118.0,False,,Caesars Sportsbook,4.0,-110.0,-110.0,228.5,-110.0,-110.0,155.0,-175.0,,
401360550,2022-01-27T03:00Z,2022-01-26,2022,2,UTAH,PHX,97.0,105.0,False,,Caesars Sportsbook,1.0,-110.0,-110.0,223.5,-110.0,-110.0,105.0,-125.0,,
401360551,2022-01-27T03:00Z,2022-01-26,2022,2,POR,DAL,112.0,132.0,False,,Caesars Sportsbook,4.0,-110.0,-110.0,218.0,-110.0,-110.0,155.0,-175.0,,
401360552,2022-01-28T00:30Z,2022-01-27,2022,2,PHI,LAL,105.0,87.0,False,,Caesars Sportsbook,-2.0,-110.0,-110.0,214.5,-110.0,-110.0,-240.0,200.0,,
401360553,2022-01-28T03:00Z,2022-01-27,2022,2,GS,MIN,124.0,115.0,False,,Caesars Sportsbook,-6.5,-110.0,-110.0,229.5,-110.0,-110.0,-250.0,210.0,,
401360555,2022-01-29T00:00Z,2022-01-28,2022,2,ORL,DET,119.0,103.0,False,,Caesars Sportsbook,-3.5,-110.0,-110.0,215.5,-110.0,-110.0,-135.0,115.0,,
401360554,2022-01-29T00:30Z,2022-01-28,2022,2,CHA,LAL,117.0,114.0,False,,Caesars Sportsbook,-9.5,-110.0,-110.0,225.0,-110.0,-110.0,-410.0,330.0,,
401360556,2022-01-29T00:30Z,2022-01-28,2022,2,ATL,BOS,108.0,92.0,False,,Caesars Sportsbook,-2.0,-110.0,-110.0,217.5,-110.0,-110.0,-130.0,110.0,,
401360548,2022-01-29T01:00Z,2022-01-28,2022,2,NO,DEN,105.0,116.0,False,,Caesars Sportsbook,4.5,-110.0,-110.0,221.5,-110.0,-110.0,150.0,-170.0,,
401360557,2022-01-29T01:00Z,2022-01-28,2022,2,MIA,LAC,121.0,114.0,False,,Caesars Sportsbook,-8.5,-110.0,-110.0,209.0,-110.0,-110.0,-350.0,290.0,,
401360558,2022-01-29T01:00Z,2022-01-28,2022,2,HOU,POR,110.0,125.0,False,,Caesars Sportsbook,2.0,-110.0,-110.0,234.5,-110.0,-110.0,130.0,-150.0,,
401360559,2022-01-29T01:00Z,2022-01-28,2022,2,MEM,UTAH,119.0,109.0,False,,Caesars Sportsbook,-1.0,-110.0,-110.0,225.0,-110.0,-110.0,-140.0,120.0,,
401360560,2022-01-29T01:00Z,2022-01-28,2022,2,OKC,IND,110.0,113.0,False,,Caesars Sportsbook,,,,222.0,-110.0,-110.0,115.0,-135.0,,
401360561,2022-01-29T01:30Z,2022-01-28,2022,2,SA,CHI,131.0,122.0,False,,Caesars Sportsbook,-2.0,-110.0,-110.0,233.0,-110.0,-110.0,-130.0,110.0,,
401360562,2022-01-29T02:00Z,2022-01-28,2022,2,PHX,MIN,134.0,124.0,False,,Caesars Sportsbook,-8.0,-110.0,-110.0,228.5,-110.0,-110.0,-350.0,290.0,,
401360563,2022-01-29T03:00Z,2022-01-28,2022,2,MIL,NY,123.0,108.0,False,,Caesars Sportsbook,-9.0,-110.0,-110.0,216.5,-110.0,-110.0,-410.0,330.0,,
401360564,2022-01-30T00:00Z,2022-01-29,2022,2,NO,BOS,97.0,107.0,False,,Caesars Sportsbook,6.5,-110.0,-110.0,215.5,-110.0,-110.0,210.0,-250.0,,
401360565,2022-01-30T00:00Z,2022-01-29,2022,2,DAL,IND,132.0,105.0,False,,Caesars Sportsbook,-10.5,-110.0,-110.0,217.5,-110.0,-110.0,-550.0,425.0,,
401360566,2022-01-30T00:30Z,2022-01-29,2022,2,PHI,SAC,103.0,101.0,False,,Caesars Sportsbook,-11.5,-110.0,-110.0,219.0,-110.0,-110.0,-600.0,450.0,,
401360567,2022-01-30T01:00Z,2022-01-29,2022,2,MIA,TOR,120.0,124.0,False,,Caesars Sportsbook,-2.5,-110.0,-110.0,210.0,-110.0,-110.0,-140.0,120.0,,
401360568,2022-01-30T01:00Z,2022-01-29,2022,2,MEM,WSH,115.0,95.0,False,,Caesars Sportsbook,-6.0,-110.0,-110.0,227.0,-110.0,-110.0,-230.0,195.0,,
401360569,2022-01-30T01:30Z,2022-01-29,2022,2,GS,BKN,110.0,106.0,False,,Caesars Sportsbook,-3.5,-110.0,-110.0,225.5,-110.0,-110.0,-500.0,400.0,,
401360570,2022-01-30T18:00Z,2022-01-30,2022,2,ATL,LAL,129.0,121.0,False,,Caesars Sportsbook,-7.5,-110.0,-110.0,224.0,-110.0,-110.0,-165.0,145.0,,
401360571,2022-01-30T18:00Z,2022-01-30,2022,2,CHA,LAC,90.0,115.0,False,,Caesars Sportsbook,-6.0,-110.0,-110.0,226.0,-110.0,-110.0,-165.0,145.0,,
401360572,2022-01-30T20:30Z,2022-01-30,2022,2,CHI,POR,130.0,116.0,False,,Caesars Sportsbook,-5.0,-110.0,-110.0,228.0,-110.0,-110.0,-200.0,175.0,,
401360573,2022-01-30T23:00Z,2022-01-30,2022,2,DET,CLE,115.0,105.0,False,,Caesars Sportsbook,8.5,-110.0,-110.0,207.5,-110.0,-110.0,290.0,-350.0,,
401360574,2022-01-31T00:00Z,2022-01-30,2022,2,ORL,DAL,110.0,108.0,False,,Caesars Sportsbook,5.0,-110.0,-110.0,212.5,-110.0,-110.0,180.0,-210.0,,
401360575,2022-01-31T00:00Z,2022-01-30,2022,2,MIL,DEN,100.0,136.0,False,,Caesars Sportsbook,-6.5,-110.0,-110.0,233.0,-110.0,-110.0,-250.0,210.0,,
401360576,2022-01-31T01:00Z,2022-01-30,2022,2,MIN,UTAH,126.0,106.0,False,,Caesars Sportsbook,-2.0,-110.0,-110.0,227.5,-110.0,-110.0,-120.0,100.0,,
401360577,2022-01-31T01:00Z,2022-01-30,2022,2,PHX,SA,115.0,110.0,False,,Caesars Sportsbook,-13.0,-110.0,-110.0,230.0,-110.0,-110.0,-1000.0,650.0,,
401360578,2022-02-01T00:00Z,2022-01-31,2022,2,CLE,NO,93.0,90.0,False,,Caesars Sportsbook,-4.5,-110.0,-110.0,206.5,-110.0,-110.0,-185.0,165.0,,
401360579,2022-02-01T00:00Z,2022-01-31,2022,2,IND,LAC,122.0,116.0,False,,Caesars Sportsbook,-1.0,-110.0,-110.0,223.5,-110.0,-110.0,100.0,-120.0,,
401360580,2022-02-01T00:00Z,2022-01-31,2022,2,PHI,MEM,122.0,119.0,False,,Caesars Sportsbook,1.0,-110.0,-110.0,217.5,-110.0,-110.0,140.0,-160.0,,
401360581,2022-02-01T00:30Z,2022-01-31,2022,2,BOS,MIA,122.0,92.0,False,,Caesars Sportsbook,-2.0,-110.0,-110.0,208.5,-110.0,-110.0,-250.0,210.0,,
401360582,2022-02-01T00:30Z,2022-01-31,2022,2,NY,SAC,116.0,96.0,False,,Caesars Sportsbook,-6.5,-110.0,-110.0,213.0,-110.0,-110.0,-270.0,230.0,,
401360586,2022-02-01T00:30Z,2022-01-31,2022,2,ATL,TOR,100.0,106.0,False,,Caesars Sportsbook,1.0,-110.0,-110.0,212.0,-110.0,-110.0,110.0,-130.0,,
401360583,2022-02-01T01:00Z,2022-01-31,2022,2,HOU,GS,108.0,122.0,False,,Caesars Sportsbook,11.0,-110.0,-110.0,231.5,-110.0,-110.0,425.0,-550.0,,
401360584,2022-02-01T01:00Z,2022-01-31,2022,2,OKC,POR,98.0,81.0,False,,Caesars Sportsbook,4.0,-110.0,-110.0,215.0,-110.0,-110.0,135.0,-155.0,,
401360585,2022-02-02T00:00Z,2022-02-01,2022,2,DET,NO,101.0,111.0,False,,Caesars Sportsbook,1.0,-110.0,-110.0,217.5,-110.0,-110.0,125.0,-145.0,,
401360587,2022-02-02T00:30Z,2022-02-01,2022,2,MIL,WSH,112.0,98.0,False,,Caesars Sportsbook,-11.0,-110.0,-110.0,228.0,-110.0,-110.0,-700.0,500.0,,
401360603,2022-02-02T00:30Z,2022-02-01,2022,2,TOR,MIA,110.0,106.0,False,,Caesars Sportsbook,-1.5,-110.0,-110.0,211.5,-110.0,-110.0,-125.0,105.0,,
401360588,2022-02-02T01:00Z,2022-02-01,2022,2,CHI,ORL,126.0,115.0,False,,Caesars Sportsbook,-8.5,-110.0,-110.0,223.0,-110.0,-110.0,-400.0,320.0,,
401360589,2022-02-02T01:00Z,2022-02-01,2022,2,MIN,DEN,130.0,115.0,False,,Caesars Sportsbook,-1.5,-110.0,-110.0,228.0,-110.0,-110.0,-125.0,105.0,,
401360590,2022-02-02T01:30Z,2022-02-01,2022,2,SA,GS,120.0,124.0,False,,Caesars Sportsbook,-1.5,-110.0,-110.0,218.5,-110.0,-110.0,-155.0,135.0,,
401360591,2022-02-02T03:00Z,2022-02-01,2022,2,PHX,BKN,121.0,111.0,False,,Caesars Sportsbook,-7.0,-110.0,-110.0,230.5,-110.0,-110.0,-275.0,235.0,,
401360592,2022-02-03T00:00Z,2022-02-02,2022,2,IND,ORL,118.0,119.0,False,,Caesars Sportsbook,-3.5,-110.0,-110.0,224.5,-110.0,-110.0,-160.0,140.0,,
401360593,2022-02-03T00:00Z,2022-02-02,2022,2,PHI,WSH,103.0,106.0,False,,Caesars Sportsbook,-10.0,-110.0,-110.0,209.5,-110.0,-110.0,-550.0,425.0,,
401360594,2022-02-03T00:30Z,2022-02-02,2022,2,BOS,CHA,113.0,107.0,False,,Caesars Sportsbook,-6.5,-110.0,-110.0,224.5,-110.0,-110.0,-245.0,205.0,,
401360595,2022-02-03T00:30Z,2022-02-02,2022,2,NY,MEM,108.0,120.0,False,,Caesars Sportsbook,1.0,-110.0,-110.0,217.0,-110.0,-110.0,150.0,-170.0,,
401360596,2022-02-03T01:00Z,2022-02-02,2022,2,HOU,CLE,115.0,104.0,False,,Caesars Sportsbook,1.5,-110.0,-110.0,217.5,-110.0,-110.0,170.0,-190.0,,
401360597,2022-02-03T01:30Z,2022-02-02,2022,2,DAL,OKC,114.0,120.0,False,,Caesars Sportsbook,-12.0,-110.0,-110.0,206.0,-110.0,-110.0,-800.0,550.0,,
401360598,2022-02-03T03:00Z,2022-02-02,2022,2,UTAH,DEN,108.0,104.0,False,,Caesars Sportsbook,-2.0,-110.0,-110.0,215.5,-110.0,-110.0,-255.0,215.0,,
401360599,2022-02-03T03:00Z,2022-02-02,2022,2,SAC,BKN,112.0,101.0,False,,Caesars Sportsbook,5.5,-110.0,-110.0,230.5,-110.0,-110.0,175.0,-200.0,,
401360600,2022-02-03T03:30Z,2022-02-02,2022,2,LAL,POR,99.0,94.0,False,,Caesars Sportsbook,-4.0,-110.0,-110.0,225.0,-110.0,-110.0,-170.0,150.0,,
401360601,2022-02-04T00:00Z,2022-02-03,2022,2,DET,MIN,117.0,128.0,False,,Caesars Sportsbook,7.0,-110.0,-110.0,226.0,-110.0,-110.0,250.0,-300.0,,
401401143,2022-02-04T00:00Z,2022-02-03,2022,2,SA,MIA,95.0,112.0,False,Makeup from Dec. 29,Caesars Sportsbook,6.5,-110.0,-110.0,223.5,-110.0,-110.0,265.0,-325.0,,
401360602,2022-02-04T00:30Z,2022-02-03,2022,2,ATL,PHX,124.0,115.0,False,,Caesars Sportsbook,3.0,-110.0,-110.0,229.0,-110.0,-110.0,130.0,-150.0,,
401401141,2022-02-04T00:30Z,2022-02-03,2022,2,TOR,CHI,127.0,120.0,False,Makeup from Dec. 16,Caesars Sportsbook,-4.5,-110.0,-110.0,223.0,-110.0,-110.0,-185.0,165.0,,
401360604,2022-02-04T03:00Z,2022-02-03,2022,2,GS,SAC,126.0,114.0,False,,Caesars Sportsbook,-14.0,-110.0,-110.0,225.5,-110.0,-110.0,-1100.0,700.0,,
401360605,2022-02-04T03:00Z,2022-02-03,2022,2,LAC,LAL,111.0,110.0,False,,Caesars Sportsbook,-3.5,-110.0,-110.0,218.5,-110.0,-110.0,-140.0,120.0,,
401360606,2022-02-05T00:00Z,2022-02-04,2022,2,CHA,CLE,101.0,102.0,False,,Caesars Sportsbook,-6.5,-110.0,-110.0,216.5,-110.0,-110.0,-260.0,220.0,,
401360607,2022-02-05T00:00Z,2022-02-04,2022,2,DET,BOS,93.0,102.0,False,,Caesars Sportsbook,8.5,-110.0,-110.0,215.0,-110.0,-110.0,400.0,-500.0,,
401360608,2022-02-05T00:00Z,2022-02-04,2022,2,IND,CHI,115.0,122.0,False,,Caesars Sportsbook,2.5,-110.0,-110.0,228.0,-110.0,-110.0,-105.0,-115.0,,
401360609,2022-02-05T00:30Z,2022-02-04,2022,2,TOR,ATL,125.0,114.0,False,,Caesars Sportsbook,-1.0,-110.0,-110.0,220.0,-110.0,-110.0,-140.0,120.0,,
401360611,2022-02-05T01:30Z,2022-02-04,2022,2,SA,HOU,131.0,106.0,False,,Caesars Sportsbook,-2.0,-110.0,-110.0,237.0,-110.0,-110.0,-280.0,240.0,,
401360612,2022-02-05T02:00Z,2022-02-04,2022,2,UTAH,BKN,125.0,102.0,False,,Caesars Sportsbook,-5.5,-110.0,-110.0,229.0,-110.0,-110.0,-220.0,190.0,,
401360613,2022-02-05T02:00Z,2022-02-04,2022,2,DEN,NO,105.0,113.0,False,,Caesars Sportsbook,-5.5,-110.0,-110.0,223.0,-110.0,-110.0,-220.0,190.0,,
401360610,2022-02-05T03:00Z,2022-02-04,2022,2,DAL,PHI,107.0,98.0,False,,Caesars Sportsbook,-1.0,-110.0,-110.0,210.5,-110.0,-110.0,-110.0,-110.0,,
401360614,2022-02-05T03:00Z,2022-02-04,2022,2,POR,OKC,93.0,96.0,False,,Caesars Sportsbook,-6.0,-110.0,-110.0,213.5,-110.0,-110.0,-250.0,210.0,,
401360615,2022-02-05T22:00Z,2022-02-05,2022,2,ORL,MEM,115.0,135.0,False,,Caesars Sportsbook,7.5,-110.0,-110.0,227.0,-110.0,-110.0,330.0,-410.0,,
401360616,2022-02-06T00:00Z,2022-02-05,2022,2,CHA,MIA,86.0,104.0,False,,Caesars Sportsbook,3.5,-110.0,-110.0,227.0,-110.0,-110.0,125.0,-145.0,,
401360617,2022-02-06T00:00Z,2022-02-05,2022,2,WSH,PHX,80.0,95.0,False,,Caesars Sportsbook,7.5,-110.0,-110.0,220.0,-110.0,-110.0,275.0,-335.0,,
401360618,2022-02-06T01:30Z,2022-02-05,2022,2,LAL,NY,122.0,115.0,False,,Caesars Sportsbook,-1.5,-110.0,-110.0,216.5,-110.0,-110.0,-145.0,125.0,,
401360619,2022-02-06T03:00Z,2022-02-05,2022,2,POR,MIL,108.0,137.0,False,,Caesars Sportsbook,9.0,-110.0,-110.0,230.5,-110.0,-110.0,425.0,-550.0,,
401360620,2022-02-06T03:00Z,2022-02-05,2022,2,SAC,OKC,113.0,103.0,False,,Caesars Sportsbook,-7.5,-110.0,-110.0,210.5,-110.0,-110.0,-320.0,260.0,,
401360621,2022-02-06T20:30Z,2022-02-06,2022,2,CHI,PHI,108.0,119.0,False,,Caesars Sportsbook,3.0,-110.0,-110.0,219.5,-110.0,-110.0,120.0,-140.0,,
401360622,2022-02-06T20:30Z,2022-02-06,2022,2,MIN,DET,118.0,105.0,False,,Caesars Sportsbook,-12.5,-110.0,-110.0,230.5,-110.0,-110.0,-900.0,600.0,,
401360623,2022-02-06T20:30Z,2022-02-06,2022,2,DEN,BKN,124.0,104.0,False,,Caesars Sportsbook,-8.5,-110.0,-110.0,227.5,-110.0,-110.0,-360.0,300.0,,
401360624,2022-02-06T23:00Z,2022-02-06,2022,2,CLE,IND,98.0,85.0,False,,Caesars Sportsbook,-6.5,-110.0,-110.0,214.0,-110.0,-110.0,-270.0,230.0,,
401360625,2022-02-06T23:00Z,2022-02-06,2022,2,ORL,BOS,83.0,116.0,False,,Caesars Sportsbook,9.0,-110.0,-110.0,215.0,-110.0,-110.0,380.0,-475.0,,
401360626,2022-02-06T23:00Z,2022-02-06,2022,2,DAL,ATL,103.0,94.0,False,,Caesars Sportsbook,-1.0,-110.0,-110.0,224.5,-110.0,-110.0,-110.0,-110.0,,
401360627,2022-02-07T00:00Z,2022-02-06,2022,2,HOU,NO,107.0,120.0,False,,Caesars Sportsbook,5.0,-110.0,-110.0,226.5,-110.0,-110.0,210.0,-250.0,,
401360628,2022-02-07T02:00Z,2022-02-06,2022,2,LAC,MIL,113.0,137.0,False,,Caesars Sportsbook,3.5,-110.0,-110.0,227.0,-110.0,-110.0,165.0,-185.0,,
401360629,2022-02-08T00:00Z,2022-02-07,2022,2,CHA,TOR,101.0,116.0,False,,Caesars Sportsbook,0.5,-110.0,-110.0,225.5,-110.0,-110.0,-110.0,-110.0,,
401360630,2022-02-08T00:00Z,2022-02-07,2022,2,WSH,MIA,100.0,121.0,False,,Caesars Sportsbook,6.0,-110.0,-110.0,208.0,-110.0,-110.0,250.0,-300.0,,
401360631,2022-02-08T01:00Z,2022-02-07,2022,2,CHI,PHX,124.0,127.0,False,,Caesars Sportsbook,6.0,-110.0,-110.0,229.5,-110.0,-110.0,225.0,-265.0,,
401360632,2022-02-08T01:00Z,2022-02-07,2022,2,OKC,GS,98.0,110.0,False,,Caesars Sportsbook,12.5,-110.0,-110.0,209.5,-110.0,-110.0,550.0,-800.0,,
401360633,2022-02-08T02:00Z,2022-02-07,2022,2,UTAH,NY,113.0,104.0,False,,Caesars Sportsbook,-7.0,-110.0,-110.0,218.5,-110.0,-110.0,-310.0,255.0,,
401360634,2022-02-09T00:00Z,2022-02-08,2022,2,PHI,PHX,109.0,114.0,False,,Caesars Sportsbook,-1.0,-110.0,-110.0,217.5,-110.0,-110.0,-115.0,-105.0,,
401360635,2022-02-09T00:30Z,2022-02-08,2022,2,ATL,IND,133.0,112.0,False,,Caesars Sportsbook,-12.5,-110.0,-110.0,228.0,-110.0,-110.0,-900.0,600.0,,
401360636,2022-02-09T00:30Z,2022-02-08,2022,2,BKN,BOS,91.0,126.0,False,,Caesars Sportsbook,9.5,-110.0,-110.0,213.5,-110.0,-110.0,320.0,-400.0,,
401360637,2022-02-09T01:00Z,2022-02-08,2022,2,MEM,LAC,135.0,109.0,False,,Caesars Sportsbook,-8.0,-110.0,-110.0,227.0,-110.0,-110.0,-350.0,290.0,,
401360638,2022-02-09T01:00Z,2022-02-08,2022,2,NO,HOU,110.0,97.0,False,,Caesars Sportsbook,-9.0,-110.0,-110.0,224.0,-110.0,-110.0,-420.0,340.0,,
401360639,2022-02-09T01:30Z,2022-02-08,2022,2,DAL,DET,116.0,86.0,False,,Caesars Sportsbook,-11.0,-110.0,-110.0,212.0,-110.0,-110.0,-650.0,475.0,,
401360640,2022-02-09T02:00Z,2022-02-08,2022,2,DEN,NY,132.0,115.0,False,,Caesars Sportsbook,-8.5,-110.0,-110.0,221.0,-110.0,-110.0,-400.0,320.0,,
401360641,2022-02-09T03:00Z,2022-02-08,2022,2,LAL,MIL,116.0,131.0,False,,Caesars Sportsbook,3.5,-110.0,-110.0,235.0,-110.0,-110.0,155.0,-175.0,,
401360642,2022-02-09T03:00Z,2022-02-08,2022,2,POR,ORL,95.0,113.0,False,,Caesars Sportsbook (Colorado),1.0,-110.0,-110.0,222.0,-110.0,-110.0,-105.0,-115.0,,
401360643,2022-02-09T03:00Z,2022-02-08,2022,2,SAC,MIN,114.0,134.0,False,,Caesars Sportsbook,6.5,-110.0,-110.0,235.0,-110.0,-110.0,220.0,-260.0,,
401360644,2022-02-10T00:00Z,2022-02-09,2022,2,CLE,SA,105.0,92.0,False,,Caesars Sportsbook,-5.5,-110.0,-110.0,218.0,-110.0,-110.0,-240.0,200.0,,
401360645,2022-02-10T00:30Z,2022-02-09,2022,2,CHA,CHI,109.0,121.0,False,,Caesars Sportsbook,1.5,-110.0,-110.0,237.5,-110.0,-110.0,110.0,-130.0,,
401360646,2022-02-10T01:00Z,2022-02-09,2022,2,OKC,TOR,98.0,117.0,False,,Caesars Sportsbook,9.5,-110.0,-110.0,204.5,-110.0,-110.0,400.0,-500.0,,
401360647,2022-02-10T03:00Z,2022-02-09,2022,2,UTAH,GS,111.0,85.0,False,,Caesars Sportsbook,-1.0,-110.0,-110.0,227.5,-110.0,-110.0,-110.0,-110.0,,
401360648,2022-02-10T03:00Z,2022-02-09,2022,2,POR,LAL,107.0,105.0,False,,Caesars Sportsbook,7.5,-110.0,-110.0,222.0,-110.0,-110.0,320.0,-400.0,,
401360649,2022-02-10T03:00Z,2022-02-09,2022,2,SAC,MIN,132.0,119.0,False,,Caesars Sportsbook,8.0,-110.0,-110.0,234.5,-110.0,-110.0,290.0,-350.0,,
401360650,2022-02-11T00:00Z,2022-02-10,2022,2,DET,MEM,107.0,132.0,False,,Caesars Sportsbook,12.0,-110.0,-110.0,224.5,-110.0,-110.0,500.0,-700.0,,
401360651,2022-02-11T00:30Z,2022-02-10,2022,2,WSH,BKN,113.0,112.0,False,,Caesars Sportsbook,-1.0,-110.0,-110.0,218.5,-110.0,-110.0,-120.0,100.0,,
401360652,2022-02-11T00:30Z,2022-02-10,2022,2,NO,MIA,97.0,112.0,False,,Caesars Sportsbook,5.5,-110.0,-110.0,217.0,-110.0,-110.0,150.0,-170.0,,
401360653,2022-02-11T01:00Z,2022-02-10,2022,2,HOU,TOR,120.0,139.0,False,,Caesars Sportsbook,7.0,-110.0,-110.0,224.5,-110.0,-110.0,260.0,-320.0,,
401360654,2022-02-11T01:30Z,2022-02-10,2022,2,DAL,LAC,112.0,105.0,False,,Caesars Sportsbook,-6.0,-110.0,-110.0,215.5,-110.0,-110.0,-255.0,215.0,,
401360655,2022-02-11T03:00Z,2022-02-10,2022,2,PHX,MIL,131.0,107.0,False,,Caesars Sportsbook,-3.0,-110.0,-110.0,234.5,-110.0,-110.0,-155.0,135.0,,
401360656,2022-02-11T03:00Z,2022-02-10,2022,2,GS,NY,114.0,116.0,False,,Caesars Sportsbook,-9.0,-110.0,-110.0,217.5,-110.0,-110.0,-430.0,350.0,,
401360657,2022-02-12T00:00Z,2022-02-11,2022,2,DET,CHA,119.0,141.0,False,,Caesars Sportsbook,7.5,-110.0,-110.0,227.5,-110.0,-110.0,205.0,-245.0,,
401360658,2022-02-12T00:00Z,2022-02-11,2022,2,IND,CLE,113.0,120.0,False,,Caesars Sportsbook,7.5,-110.0,-110.0,216.0,-110.0,-110.0,210.0,-250.0,,
401360659,2022-02-12T00:00Z,2022-02-11,2022,2,PHI,OKC,100.0,87.0,False,,Caesars Sportsbook,-5.0,-110.0,-110.0,,-110.0,-110.0,-320.0,260.0,,
401360660,2022-02-12T00:30Z,2022-02-11,2022,2,ATL,SA,121.0,136.0,False,,Caesars Sportsbook,-9.0,-110.0,-110.0,233.0,-110.0,-110.0,-400.0,320.0,,
401360661,2022-02-12T00:30Z,2022-02-11,2022,2,BOS,DEN,108.0,102.0,False,,Caesars Sportsbook,-6.5,-110.0,-110.0,218.5,-110.0,-110.0,-260.0,220.0,,
401360662,2022-02-12T01:00Z,2022-02-11,2022,2,CHI,MIN,134.0,122.0,False,,Caesars Sportsbook,-1.0,-110.0,-110.0,241.0,-110.0,-110.0,-120.0,100.0,,
401360663,2022-02-12T02:00Z,2022-02-11,2022,2,UTAH,ORL,114.0,99.0,False,,Caesars Sportsbook,-12.0,-110.0,-110.0,222.0,-110.0,-110.0,-1000.0,650.0,,
401360664,2022-02-12T22:00Z,2022-02-12,2022,2,POR,NY,112.0,103.0,False,,Caesars Sportsbook,5.0,-110.0,-110.0,216.5,-110.0,-110.0,165.0,-185.0,,
401360665,2022-02-13T00:00Z,2022-02-12,2022,2,CHA,MEM,118.0,125.0,False,,Caesars Sportsbook,7.5,-110.0,-110.0,240.0,-110.0,-110.0,220.0,-260.0,,
401360666,2022-02-13T00:00Z,2022-02-12,2022,2,WSH,SAC,110.0,123.0,False,,Caesars Sportsbook,0.5,-110.0,-110.0,226.0,-110.0,-110.0,130.0,-150.0,,
401360667,2022-02-13T00:00Z,2022-02-12,2022,2,NO,SA,114.0,124.0,False,,Caesars Sportsbook,-6.5,-110.0,-110.0,230.0,-110.0,-110.0,-250.0,210.0,,
401360668,2022-02-13T00:30Z,2022-02-12,2022,2,PHI,CLE,103.0,93.0,False,,Caesars Sportsbook,-2.5,-110.0,-110.0,209.0,-110.0,-110.0,-140.0,120.0,,
401360669,2022-02-13T00:30Z,2022-02-12,2022,2,TOR,DEN,109.0,110.0,False,,Caesars Sportsbook,-5.5,-110.0,-110.0,223.0,-110.0,-110.0,-210.0,180.0,,
401360670,2022-02-13T01:00Z,2022-02-12,2022,2,MIA,BKN,115.0,111.0,False,,Caesars Sportsbook,-11.5,-110.0,-110.0,223.5,-110.0,-110.0,-650.0,475.0,,
401360671,2022-02-13T01:00Z,2022-02-12,2022,2,CHI,OKC,106.0,101.0,False,,Caesars Sportsbook,-10.0,-110.0,-110.0,217.5,-110.0,-110.0,-650.0,475.0,,
401360672,2022-02-13T01:30Z,2022-02-12,2022,2,DAL,LAC,97.0,99.0,False,,Caesars Sportsbook,-7.0,-110.0,-110.0,212.5,-110.0,-110.0,-270.0,230.0,,
401360673,2022-02-13T01:30Z,2022-02-12,2022,2,GS,LAL,117.0,115.0,False,,Caesars Sportsbook,-6.5,-110.0,-110.0,226.0,-110.0,-110.0,-260.0,220.0,,
401360674,2022-02-13T02:00Z,2022-02-12,2022,2,PHX,ORL,132.0,105.0,False,,Caesars Sportsbook,-16.5,-110.0,-110.0,222.5,-110.0,-110.0,-1800.0,1000.0,,
401360675,2022-02-13T19:00Z,2022-02-13,2022,2,BOS,ATL,105.0,95.0,False,,Caesars Sportsbook,-7.5,-110.0,-110.0,223.5,-110.0,-110.0,-280.0,240.0,,
401360676,2022-02-13T20:00Z,2022-02-13,2022,2,IND,MIN,120.0,129.0,False,,Caesars Sportsbook,6.0,-110.0,-110.0,240.5,-110.0,-110.0,255.0,-310.0,,
401360677,2022-02-15T00:00Z,2022-02-14,2022,2,WSH,DET,103.0,94.0,False,,Caesars Sportsbook,-3.5,-110.0,-110.0,217.5,-110.0,-110.0,-160.0,140.0,,
401360678,2022-02-15T00:30Z,2022-02-14,2022,2,BKN,SAC,109.0,85.0,False,,Caesars Sportsbook,3.5,-110.0,-110.0,229.5,-110.0,-110.0,110.0,-130.0,,
401360679,2022-02-15T00:30Z,2022-02-14,2022,2,NY,OKC,123.0,127.0,False,,Caesars Sportsbook,-10.0,-110.0,-110.0,206.5,-110.0,-110.0,-500.0,400.0,,
401360680,2022-02-15T01:00Z,2022-02-14,2022,2,CHI,SA,120.0,109.0,False,,Caesars Sportsbook,-3.0,-110.0,-110.0,234.0,-110.0,-110.0,-150.0,130.0,,
401360681,2022-02-15T01:00Z,2022-02-14,2022,2,MIL,POR,107.0,122.0,False,,Caesars Sportsbook,-11.0,-110.0,-110.0,225.5,-110.0,-110.0,-650.0,475.0,,
401360682,2022-02-15T01:00Z,2022-02-14,2022,2,NO,TOR,120.0,90.0,False,,Caesars Sportsbook,4.5,-110.0,-110.0,220.0,-110.0,-110.0,140.0,-160.0,,
401360683,2022-02-15T02:00Z,2022-02-14,2022,2,DEN,ORL,121.0,111.0,False,,Caesars Sportsbook,-11.0,-110.0,-110.0,222.5,-110.0,-110.0,-650.0,475.0,,
401360684,2022-02-15T02:00Z,2022-02-14,2022,2,UTAH,HOU,135.0,101.0,False,,Caesars Sportsbook,-15.5,-110.0,-110.0,232.5,-110.0,-110.0,-1600.0,900.0,,
401360685,2022-02-15T03:30Z,2022-02-14,2022,2,LAC,GS,119.0,104.0,False,,Caesars Sportsbook,6.0,-110.0,-110.0,218.5,-110.0,-110.0,220.0,-260.0,,
401360686,2022-02-16T00:30Z,2022-02-15,2022,2,ATL,CLE,124.0,116.0,False,,Caesars Sportsbook,-0.5,-115.0,-105.0,222.5,-110.0,-110.0,-140.0,120.0,,
401360687,2022-02-16T00:30Z,2022-02-15,2022,2,MIA,DAL,99.0,107.0,False,,Caesars Sportsbook,-1.5,-110.0,-110.0,211.5,-110.0,-110.0,-200.0,175.0,,
401360688,2022-02-16T00:30Z,2022-02-15,2022,2,PHI,BOS,87.0,135.0,False,,Caesars Sportsbook,2.0,-110.0,-110.0,208.5,-110.0,-110.0,110.0,-130.0,,
401360689,2022-02-16T01:00Z,2022-02-15,2022,2,MIL,IND,128.0,119.0,False,,Caesars Sportsbook,-14.5,-110.0,-110.0,238.5,-110.0,-110.0,-1200.0,750.0,,
401360690,2022-02-16T01:00Z,2022-02-15,2022,2,MIN,CHA,126.0,120.0,False,,Caesars Sportsbook,-6.0,-110.0,-110.0,244.0,-110.0,-110.0,-240.0,200.0,,
401360691,2022-02-16T01:00Z,2022-02-15,2022,2,NO,MEM,109.0,121.0,False,,Caesars Sportsbook,3.5,-110.0,-110.0,225.0,-110.0,-110.0,140.0,-160.0,,
401360692,2022-02-16T03:00Z,2022-02-15,2022,2,PHX,LAC,103.0,96.0,False,,Caesars Sportsbook,-13.0,-110.0,-110.0,221.5,-110.0,-110.0,-1000.0,650.0,,
401360693,2022-02-17T00:00Z,2022-02-16,2022,2,ORL,ATL,109.0,130.0,False,,Caesars Sportsbook,5.0,-110.0,-110.0,227.5,-110.0,-110.0,185.0,-215.0,,
401360694,2022-02-17T00:30Z,2022-02-16,2022,2,BOS,DET,111.0,112.0,False,,Caesars Sportsbook,-12.5,-110.0,-110.0,212.5,-110.0,-110.0,-900.0,600.0,,
401360695,2022-02-17T00:30Z,2022-02-16,2022,2,IND,WSH,113.0,108.0,False,,Caesars Sportsbook,-1.0,-110.0,-110.0,225.0,-110.0,-110.0,-115.0,-105.0,,
401360696,2022-02-17T00:30Z,2022-02-16,2022,2,NY,BKN,106.0,111.0,False,,Caesars Sportsbook,-4.5,-110.0,-110.0,213.5,-110.0,-110.0,-145.0,125.0,,
401360697,2022-02-17T01:00Z,2022-02-16,2022,2,CHI,SAC,125.0,118.0,False,,Caesars Sportsbook,-6.0,-110.0,-110.0,232.0,-110.0,-110.0,-240.0,200.0,,
401360698,2022-02-17T01:00Z,2022-02-16,2022,2,MEM,POR,119.0,123.0,False,,Caesars Sportsbook,-12.0,-110.0,-110.0,229.5,-110.0,-110.0,-800.0,550.0,,
401360699,2022-02-17T01:00Z,2022-02-16,2022,2,MIN,TOR,91.0,103.0,False,,Caesars Sportsbook,1.0,-110.0,-110.0,228.0,-110.0,-110.0,-110.0,-110.0,,
401360700,2022-02-17T01:00Z,2022-02-16,2022,2,OKC,SA,106.0,114.0,False,,Caesars Sportsbook,7.5,-110.0,-110.0,219.0,-110.0,-110.0,270.0,-330.0,,
401360701,2022-02-17T02:00Z,2022-02-16,2022,2,PHX,HOU,124.0,121.0,False,,Caesars Sportsbook,-17.5,-110.0,-110.0,235.5,-110.0,-110.0,-2000.0,1100.0,,
401360702,2022-02-17T03:00Z,2022-02-16,2022,2,GS,DEN,116.0,117.0,False,,Caesars Sportsbook,-5.5,-110.0,-110.0,226.0,-110.0,-110.0,-210.0,180.0,,
401360703,2022-02-17T03:00Z,2022-02-16,2022,2,LAL,UTAH,106.0,101.0,False,,Caesars Sportsbook,4.5,-110.0,-110.0,226.0,-110.0,-110.0,165.0,-185.0,,
401360704,2022-02-18T00:00Z,2022-02-17,2022,2,CHA,MIA,107.0,111.0,False,,Caesars Sportsbook,5.5,-110.0,-110.0,227.0,-110.0,-110.0,150.0,-170.0,,
401401136,2022-02-18T00:30Z,2022-02-17,2022,2,BKN,WSH,103.0,117.0,False,Makeup from Dec. 21,Caesars Sportsbook,-4.5,-110.0,-110.0,214.5,-110.0,-110.0,-185.0,165.0,,
401360705,2022-02-18T01:00Z,2022-02-17,2022,2,NO,DAL,118.0,125.0,False,,Caesars Sportsbook,3.5,-110.0,-110.0,218.0,-110.0,-110.0,120.0,-140.0,,
401360706,2022-02-18T01:30Z,2022-02-17,2022,2,MIL,PHI,120.0,123.0,False,,Caesars Sportsbook,-6.5,-110.0,-110.0,222.0,-110.0,-110.0,-260.0,220.0,,
401360707,2022-02-18T03:30Z,2022-02-17,2022,2,LAC,HOU,142.0,111.0,False,,Caesars Sportsbook,-11.0,-110.0,-110.0,229.0,-110.0,-110.0,-600.0,450.0,,
401360708,2022-02-25T00:00Z,2022-02-24,2022,2,DET,CLE,106.0,103.0,False,,Caesars Sportsbook,8.0,-110.0,-110.0,208.5,-110.0,-110.0,190.0,-220.0,,
401360709,2022-02-25T00:30Z,2022-02-24,2022,2,BKN,BOS,106.0,129.0,False,,Caesars Sportsbook,2.5,-105.0,-115.0,214.5,-110.0,-110.0,330.0,-410.0,,
401360710,2022-02-25T01:00Z,2022-02-24,2022,2,CHI,ATL,112.0,108.0,False,,Caesars Sportsbook,-3.0,-110.0,-110.0,239.5,-110.0,-110.0,-155.0,135.0,,
401360711,2022-02-25T01:00Z,2022-02-24,2022,2,MIN,MEM,119.0,114.0,False,,Caesars Sportsbook,2.5,-110.0,-110.0,241.0,-110.0,-110.0,110.0,-130.0,,
401360712,2022-02-25T01:00Z,2022-02-24,2022,2,OKC,PHX,104.0,124.0,False,,Caesars Sportsbook,10.5,-110.0,-110.0,220.5,-110.0,-110.0,425.0,-550.0,,
401360713,2022-02-25T03:00Z,2022-02-24,2022,2,POR,GS,95.0,132.0,False,,Caesars Sportsbook,10.0,-110.0,-110.0,227.0,-110.0,-110.0,400.0,-500.0,,
401360714,2022-02-25T03:00Z,2022-02-24,2022,2,SAC,DEN,110.0,128.0,False,,Caesars Sportsbook,4.5,-110.0,-110.0,235.0,-110.0,-110.0,150.0,-170.0,,
401360715,2022-02-26T00:00Z,2022-02-25,2022,2,CHA,TOR,125.0,93.0,False,,Caesars Sportsbook,2.5,-110.0,-110.0,225.0,-110.0,-110.0,105.0,-125.0,,
401360716,2022-02-26T00:00Z,2022-02-25,2022,2,IND,OKC,125.0,129.0,False,,Caesars Sportsbook,-7.5,-110.0,-110.0,226.5,-110.0,-110.0,-320.0,260.0,,
401360717,2022-02-26T00:00Z,2022-02-25,2022,2,ORL,HOU,119.0,111.0,False,,Caesars Sportsbook,-1.0,-110.0,-110.0,,-110.0,-110.0,-140.0,120.0,,
401360718,2022-02-26T00:00Z,2022-02-25,2022,2,WSH,SA,153.0,157.0,False,,Caesars Sportsbook,3.0,-110.0,-110.0,226.0,-110.0,-110.0,145.0,-165.0,,
401360719,2022-02-26T00:30Z,2022-02-25,2022,2,NY,MIA,100.0,115.0,False,,Caesars Sportsbook,6.0,-110.0,-110.0,213.5,-110.0,-110.0,195.0,-230.0,,
401360720,2022-02-26T01:00Z,2022-02-25,2022,2,MIN,PHI,102.0,133.0,False,,Caesars Sportsbook,2.5,-110.0,-110.0,230.0,-110.0,-110.0,115.0,-135.0,,
401360721,2022-02-26T02:00Z,2022-02-25,2022,2,PHX,NO,102.0,117.0,False,,Caesars Sportsbook,-6.0,-110.0,-110.0,229.0,-110.0,-110.0,-250.0,210.0,,
401360722,2022-02-26T02:00Z,2022-02-25,2022,2,UTAH,DAL,114.0,109.0,False,,Caesars Sportsbook,-6.0,-110.0,-110.0,217.0,-110.0,-110.0,-240.0,200.0,,
401360723,2022-02-26T03:00Z,2022-02-25,2022,2,LAL,LAC,102.0,105.0,False,,Caesars Sportsbook,-1.0,-110.0,-110.0,222.0,-110.0,-110.0,-145.0,125.0,,
401360724,2022-02-26T17:00Z,2022-02-26,2022,2,DET,BOS,104.0,113.0,False,,Caesars Sportsbook,11.0,-110.0,-110.0,216.5,-110.0,-110.0,525.0,-750.0,,
401360725,2022-02-27T00:30Z,2022-02-26,2022,2,ATL,TOR,127.0,100.0,False,,Caesars Sportsbook,-3.5,-110.0,-110.0,224.5,-110.0,-110.0,-145.0,125.0,,
401360726,2022-02-27T01:00Z,2022-02-26,2022,2,CLE,WSH,92.0,86.0,False,,Caesars Sportsbook,-8.5,-110.0,-110.0,206.0,-110.0,-110.0,-400.0,320.0,,
401360727,2022-02-27T01:00Z,2022-02-26,2022,2,MIA,SA,133.0,129.0,False,,Caesars Sportsbook,-4.5,-110.0,-110.0,223.0,-110.0,-110.0,-800.0,550.0,,
401360728,2022-02-27T01:00Z,2022-02-26,2022,2,CHI,MEM,110.0,116.0,False,,Caesars Sportsbook,-1.0,-110.0,-110.0,237.5,-110.0,-110.0,110.0,-130.0,,
401360729,2022-02-27T01:30Z,2022-02-26,2022,2,MIL,BKN,123.0,126.0,False,,Caesars Sportsbook,-9.5,-110.0,-110.0,238.5,-110.0,-110.0,-500.0,400.0,,
401360730,2022-02-27T02:00Z,2022-02-26,2022,2,DEN,SAC,115.0,110.0,False,,Caesars Sportsbook,-8.0,-110.0,-110.0,237.0,-110.0,-110.0,-340.0,280.0,,
401360731,2022-02-27T18:00Z,2022-02-27,2022,2,NY,PHI,109.0,125.0,False,,Caesars Sportsbook,8.5,-110.0,-110.0,219.5,-110.0,-110.0,165.0,-195.0,,
401360732,2022-02-27T20:30Z,2022-02-27,2022,2,PHX,UTAH,114.0,118.0,False,,Caesars Sportsbook,0.5,-110.0,-110.0,226.0,-110.0,-110.0,115.0,-135.0,,
401360733,2022-02-27T22:00Z,2022-02-27,2022,2,IND,BOS,128.0,107.0,False,,Caesars Sportsbook,3.0,-110.0,-110.0,,-110.0,-110.0,175.0,-200.0,,
401360734,2022-02-28T00:00Z,2022-02-27,2022,2,CHA,DET,126.0,127.0,False,,Caesars Sportsbook,-10.5,-110.0,-110.0,229.0,-110.0,-110.0,-220.0,190.0,,
401360735,2022-02-28T00:00Z,2022-02-27,2022,2,HOU,LAC,98.0,99.0,False,,Caesars Sportsbook,6.5,-110.0,-110.0,230.0,-110.0,-110.0,150.0,-170.0,,
401360736,2022-02-28T00:30Z,2022-02-27,2022,2,GS,DAL,101.0,107.0,False,,Caesars Sportsbook,-3.5,-110.0,-110.0,217.5,-110.0,-110.0,-165.0,145.0,,
401360737,2022-02-28T02:00Z,2022-02-27,2022,2,POR,DEN,92.0,124.0,False,,Caesars Sportsbook,8.0,-110.0,-110.0,229.0,-110.0,-110.0,165.0,-185.0,,
401360738,2022-02-28T03:00Z,2022-02-27,2022,2,LAL,NO,95.0,123.0,False,,Caesars Sportsbook,-2.5,-110.0,-110.0,225.5,-110.0,-110.0,-140.0,120.0,,
401360739,2022-03-01T00:00Z,2022-02-28,2022,2,CLE,MIN,122.0,127.0,False,,Caesars Sportsbook,1.0,-105.0,-115.0,218.5,-110.0,-110.0,110.0,-130.0,,
401360740,2022-03-01T00:00Z,2022-02-28,2022,2,ORL,IND,119.0,103.0,False,,Caesars Sportsbook,-2.5,-110.0,-110.0,232.5,-110.0,-110.0,-140.0,120.0,,
401360545,2022-03-01T00:30Z,2022-02-28,2022,2,BKN,TOR,97.0,133.0,False,,Caesars Sportsbook,3.5,-110.0,-110.0,217.0,-110.0,-110.0,130.0,-150.0,,
401360741,2022-03-01T00:30Z,2022-02-28,2022,2,MIA,CHI,112.0,99.0,False,,Caesars Sportsbook,-4.5,-110.0,-110.0,222.0,-110.0,-110.0,-140.0,120.0,,
401360742,2022-03-01T01:00Z,2022-02-28,2022,2,MEM,SA,118.0,105.0,False,,Caesars Sportsbook,-8.5,-110.0,-110.0,239.0,-110.0,-110.0,-210.0,180.0,,
401360743,2022-03-01T01:00Z,2022-02-28,2022,2,MIL,CHA,130.0,106.0,False,,Caesars Sportsbook,-10.5,-110.0,-110.0,238.5,-110.0,-110.0,-550.0,425.0,,
401360744,2022-03-01T01:00Z,2022-02-28,2022,2,OKC,SAC,110.0,131.0,False,,Caesars Sportsbook,4.5,-110.0,-110.0,228.5,-110.0,-110.0,120.0,-140.0,,
401360745,2022-03-02T00:00Z,2022-03-01,2022,2,WSH,DET,116.0,113.0,False,,Caesars Sportsbook,-3.0,-110.0,-110.0,217.5,-110.0,-110.0,-155.0,135.0,,
401360746,2022-03-02T00:30Z,2022-03-01,2022,2,BOS,ATL,107.0,98.0,False,,Caesars Sportsbook,-6.5,-110.0,-110.0,226.0,-110.0,-110.0,-260.0,220.0,,
401360747,2022-03-02T00:30Z,2022-03-01,2022,2,TOR,BKN,109.0,108.0,False,,Caesars Sportsbook,-8.0,-110.0,-110.0,218.5,-110.0,-110.0,-380.0,310.0,,
401360748,2022-03-02T01:00Z,2022-03-01,2022,2,HOU,LAC,100.0,113.0,False,,Caesars Sportsbook,7.0,-110.0,-110.0,227.5,-110.0,-110.0,145.0,-165.0,,
401360749,2022-03-02T01:00Z,2022-03-01,2022,2,MIN,GS,129.0,114.0,False,,Caesars Sportsbook,-1.0,-110.0,-110.0,230.0,-110.0,-110.0,110.0,-130.0,,
401360750,2022-03-02T03:00Z,2022-03-01,2022,2,LAL,DAL,104.0,109.0,False,,Caesars Sportsbook,5.0,-110.0,-110.0,217.0,-110.0,-110.0,125.0,-145.0,,
401360751,2022-03-03T00:00Z,2022-03-02,2022,2,CLE,CHA,98.0,119.0,False,,Caesars Sportsbook,-1.5,-110.0,-110.0,,-110.0,-110.0,-140.0,120.0,,
401360752,2022-03-03T00:00Z,2022-03-02,2022,2,ORL,IND,114.0,122.0,False,,Caesars Sportsbook,-1.0,-110.0,-110.0,231.5,-110.0,-110.0,115.0,-135.0,,
401360753,2022-03-03T00:30Z,2022-03-02,2022,2,PHI,NY,123.0,108.0,False,,Caesars Sportsbook,-11.0,-110.0,-110.0,223.5,-110.0,-110.0,-600.0,450.0,,
401360754,2022-03-03T01:00Z,2022-03-02,2022,2,HOU,UTAH,127.0,132.0,False,,Caesars Sportsbook,12.5,-110.0,-110.0,229.5,-110.0,-110.0,850.0,-1450.0,,
401360755,2022-03-03T01:00Z,2022-03-02,2022,2,MIL,MIA,120.0,119.0,False,,Caesars Sportsbook,-4.5,-110.0,-110.0,224.0,-110.0,-110.0,-145.0,125.0,,
401360756,2022-03-03T01:00Z,2022-03-02,2022,2,NO,SAC,125.0,95.0,False,,Caesars Sportsbook,-6.5,-110.0,-110.0,235.0,-110.0,-110.0,-250.0,210.0,,
401360757,2022-03-03T02:00Z,2022-03-02,2022,2,DEN,OKC,107.0,119.0,False,,Caesars Sportsbook,-14.5,-110.0,-110.0,226.0,-110.0,-110.0,-1600.0,750.0,,
401360758,2022-03-03T03:00Z,2022-03-02,2022,2,PHX,POR,120.0,90.0,False,,Caesars Sportsbook,-11.0,-110.0,-110.0,225.0,-110.0,-110.0,-650.0,475.0,,
401360529,2022-03-04T00:00Z,2022-03-03,2022,2,ATL,CHI,130.0,124.0,False,,Caesars Sportsbook,-1.5,-110.0,-110.0,235.5,-110.0,-110.0,-120.0,100.0,,
401360759,2022-03-04T00:30Z,2022-03-03,2022,2,BOS,MEM,120.0,107.0,False,,Caesars Sportsbook,-0.5,-110.0,-110.0,223.5,-110.0,-110.0,-135.0,115.0,,
401360760,2022-03-04T00:30Z,2022-03-03,2022,2,BKN,MIA,107.0,113.0,False,,Caesars Sportsbook,-0.5,-110.0,-110.0,223.5,-110.0,-110.0,-120.0,100.0,,
401360761,2022-03-04T00:30Z,2022-03-03,2022,2,TOR,DET,106.0,108.0,False,,Caesars Sportsbook,-8.0,-110.0,-110.0,218.5,-110.0,-110.0,-380.0,310.0,,
401360762,2022-03-04T01:30Z,2022-03-03,2022,2,DAL,GS,122.0,113.0,False,,Caesars Sportsbook,-0.5,-110.0,-110.0,221.0,-110.0,-110.0,-125.0,105.0,,
401360763,2022-03-04T01:30Z,2022-03-03,2022,2,SA,SAC,112.0,115.0,False,,Caesars Sportsbook,-6.5,-110.0,-110.0,243.0,-110.0,-110.0,-260.0,220.0,,
401360764,2022-03-04T03:00Z,2022-03-03,2022,2,LAC,LAL,132.0,111.0,False,,Caesars Sportsbook,-2.0,-110.0,-110.0,221.0,-110.0,-110.0,-125.0,105.0,,
401360765,2022-03-05T00:00Z,2022-03-04,2022,2,DET,IND,111.0,106.0,False,,Caesars Sportsbook,3.0,-110.0,-110.0,231.0,-110.0,-110.0,125.0,-145.0,,
401360766,2022-03-05T00:00Z,2022-03-04,2022,2,PHI,CLE,125.0,119.0,False,,Caesars Sportsbook,-8.0,-110.0,-110.0,216.5,-110.0,-110.0,-345.0,285.0,,
401360767,2022-03-05T00:00Z,2022-03-04,2022,2,WSH,ATL,114.0,117.0,False,,Caesars Sportsbook,4.0,-110.0,-110.0,224.5,-110.0,-110.0,185.0,-225.0,,
401360768,2022-03-05T00:30Z,2022-03-04,2022,2,CHI,MIL,112.0,118.0,False,,Caesars Sportsbook,5.0,-110.0,-110.0,240.5,-110.0,-110.0,180.0,-210.0,,
401401142,2022-03-05T00:30Z,2022-03-04,2022,2,TOR,ORL,97.0,103.0,False,Makeup from Dec. 20,Caesars Sportsbook,-8.0,-110.0,-110.0,219.5,-110.0,-110.0,-345.0,285.0,,
401360769,2022-03-05T01:00Z,2022-03-04,2022,2,NO,UTAH,124.0,90.0,False,,Caesars Sportsbook,3.5,-110.0,-110.0,223.5,-110.0,-110.0,160.0,-180.0,,
401360770,2022-03-05T01:00Z,2022-03-04,2022,2,OKC,MIN,101.0,138.0,False,,Caesars Sportsbook,7.5,-110.0,-110.0,230.5,-110.0,-110.0,350.0,-430.0,,
401360771,2022-03-05T02:00Z,2022-03-04,2022,2,DEN,HOU,116.0,101.0,False,,Caesars Sportsbook,-9.0,-110.0,-110.0,234.0,-110.0,-110.0,-500.0,400.0,,
401360772,2022-03-05T03:00Z,2022-03-04,2022,2,PHX,NY,115.0,114.0,False,,Caesars Sportsbook,-6.5,-110.0,-110.0,221.5,-110.0,-110.0,-255.0,215.0,,
401360773,2022-03-05T22:00Z,2022-03-05,2022,2,DAL,SAC,114.0,113.0,False,,Caesars Sportsbook,-4.5,-110.0,-110.0,220.5,-110.0,-110.0,-185.0,165.0,,
401360774,2022-03-06T00:00Z,2022-03-05,2022,2,CHA,SA,123.0,117.0,False,,Caesars Sportsbook,-4.0,-110.0,-110.0,236.5,-110.0,-110.0,-170.0,150.0,,
401360775,2022-03-06T01:00Z,2022-03-05,2022,2,MIA,PHI,99.0,82.0,False,,Caesars Sportsbook,-5.5,-110.0,-110.0,213.5,-110.0,-110.0,-210.0,180.0,,
401360776,2022-03-06T01:00Z,2022-03-05,2022,2,MEM,ORL,124.0,96.0,False,,Caesars Sportsbook,-16.0,-110.0,-110.0,229.0,-110.0,-110.0,-1800.0,1000.0,,
401360777,2022-03-06T01:00Z,2022-03-05,2022,2,MIN,POR,135.0,121.0,False,,Caesars Sportsbook,-14.0,-110.0,-110.0,235.5,-110.0,-110.0,-1200.0,750.0,,
401360778,2022-03-06T01:30Z,2022-03-05,2022,2,LAL,GS,124.0,116.0,False,,Caesars Sportsbook,6.0,-110.0,-110.0,229.0,-110.0,-110.0,190.0,-220.0,,
401360779,2022-03-06T18:00Z,2022-03-06,2022,2,BOS,BKN,126.0,120.0,False,,Caesars Sportsbook (Colorado),-6.0,-110.0,-110.0,226.0,-110.0,-110.0,-230.0,190.0,,
401360780,2022-03-06T20:30Z,2022-03-06,2022,2,MIL,PHX,132.0,122.0,False,,Caesars Sportsbook (Colorado),-9.0,-110.0,-110.0,231.5,-110.0,-110.0,-450.0,350.0,,
401360782,2022-03-06T23:00Z,2022-03-06,2022,2,WSH,IND,133.0,123.0,False,,Caesars Sportsbook (Colorado),-2.5,-110.0,-110.0,227.0,-110.0,-110.0,-135.0,115.0,,
401360783,2022-03-07T00:00Z,2022-03-06,2022,2,HOU,MEM,123.0,112.0,False,,Caesars Sportsbook (Colorado),10.5,-110.0,-110.0,238.0,-110.0,-110.0,450.0,-650.0,,
401360784,2022-03-07T00:00Z,2022-03-06,2022,2,OKC,UTAH,103.0,116.0,False,,Caesars Sportsbook (Colorado),14.0,-110.0,-110.0,221.0,-110.0,-110.0,700.0,-1100.0,,
401360781,2022-03-07T00:30Z,2022-03-06,2022,2,CLE,TOR,104.0,96.0,False,,Caesars Sportsbook (Colorado),-4.5,-110.0,-110.0,210.5,-110.0,-110.0,-200.0,170.0,,
401360786,2022-03-07T01:00Z,2022-03-06,2022,2,DEN,NO,138.0,130.0,False,,Caesars Sportsbook (Colorado),-4.5,-110.0,-110.0,229.0,-110.0,-110.0,-190.0,160.0,,
401360785,2022-03-07T03:00Z,2022-03-06,2022,2,LAC,NY,93.0,116.0,False,,Caesars Sportsbook (Colorado),-5.5,-110.0,-110.0,220.5,-110.0,-110.0,-230.0,190.0,,
401360787,2022-03-08T00:00Z,2022-03-07,2022,2,DET,ATL,113.0,110.0,False,,Caesars Sportsbook,8.0,-110.0,-110.0,229.5,-110.0,-110.0,160.0,-180.0,,
401360788,2022-03-08T00:00Z,2022-03-07,2022,2,PHI,CHI,121.0,106.0,False,,Caesars Sportsbook,-7.5,-110.0,-110.0,233.5,-110.0,-110.0,-330.0,270.0,,
401360789,2022-03-08T00:30Z,2022-03-07,2022,2,MIA,HOU,123.0,106.0,False,,Caesars Sportsbook,-17.0,-110.0,-110.0,224.5,-110.0,-110.0,-2400.0,1200.0,,
401360790,2022-03-08T01:00Z,2022-03-07,2022,2,MIN,POR,124.0,81.0,False,,Caesars Sportsbook,-13.5,-110.0,-110.0,229.5,-110.0,-110.0,-1100.0,700.0,,
401360791,2022-03-08T01:30Z,2022-03-07,2022,2,DAL,UTAH,111.0,103.0,False,,Caesars Sportsbook,-1.0,-110.0,-110.0,215.5,-110.0,-110.0,-110.0,-110.0,,
401360792,2022-03-08T01:30Z,2022-03-07,2022,2,SA,LAL,117.0,110.0,False,,Caesars Sportsbook,-1.5,-110.0,-110.0,233.0,-110.0,-110.0,-150.0,130.0,,
401401144,2022-03-08T02:00Z,2022-03-07,2022,2,DEN,GS,131.0,124.0,False,Makeup from Dec. 30,Caesars Sportsbook,-8.5,-110.0,-110.0,221.0,-110.0,-110.0,-350.0,290.0,,
401360793,2022-03-08T03:30Z,2022-03-07,2022,2,SAC,NY,115.0,131.0,False,,Caesars Sportsbook,-4.0,-110.0,-110.0,231.5,-110.0,-110.0,-130.0,110.0,,
401360794,2022-03-09T00:00Z,2022-03-08,2022,2,CHA,BKN,121.0,132.0,False,,Caesars Sportsbook,3.5,-110.0,-110.0,239.0,-110.0,-110.0,115.0,-135.0,,
401360795,2022-03-09T00:00Z,2022-03-08,2022,2,IND,CLE,124.0,127.0,False,,Caesars Sportsbook,4.5,-110.0,-110.0,222.0,-110.0,-110.0,115.0,-135.0,,
401360796,2022-03-09T00:00Z,2022-03-08,2022,2,ORL,PHX,99.0,102.0,False,,Caesars Sportsbook,2.0,-110.0,-110.0,222.0,-110.0,-110.0,145.0,-165.0,,
401360797,2022-03-09T00:30Z,2022-03-08,2022,2,MEM,NO,132.0,111.0,False,,Caesars Sportsbook,-8.0,-110.0,-110.0,230.0,-110.0,-110.0,-330.0,270.0,,
401360798,2022-03-09T01:00Z,2022-03-08,2022,2,OKC,MIL,115.0,142.0,False,,Caesars Sportsbook,14.5,-110.0,-110.0,232.0,-110.0,-110.0,225.0,-265.0,,
401360799,2022-03-09T03:00Z,2022-03-08,2022,2,GS,LAC,112.0,97.0,False,,Caesars Sportsbook,-6.0,-110.0,-110.0,225.0,-110.0,-110.0,-240.0,200.0,,
401360800,2022-03-10T00:00Z,2022-03-09,2022,2,CHA,BOS,101.0,115.0,False,,Caesars Sportsbook,7.0,-110.0,-110.0,224.0,-110.0,-110.0,240.0,-280.0,,
401360801,2022-03-10T00:00Z,2022-03-09,2022,2,DET,CHI,108.0,114.0,False,,Caesars Sportsbook,5.5,-110.0,-110.0,230.0,-110.0,-110.0,220.0,-260.0,,
401360802,2022-03-10T00:30Z,2022-03-09,2022,2,MIA,PHX,90.0,111.0,False,,Caesars Sportsbook,-4.0,-110.0,-110.0,219.0,-110.0,-110.0,-165.0,145.0,,
401360803,2022-03-10T01:00Z,2022-03-09,2022,2,MIL,ATL,124.0,115.0,False,,Caesars Sportsbook,-4.5,-110.0,-110.0,241.0,-110.0,-110.0,-185.0,165.0,,
401360804,2022-03-10T01:00Z,2022-03-09,2022,2,HOU,LAL,139.0,130.0,False,,Caesars Sportsbook,6.5,-110.0,-110.0,236.0,-110.0,-110.0,250.0,-300.0,,
401360805,2022-03-10T01:00Z,2022-03-09,2022,2,MIN,OKC,132.0,102.0,False,,Caesars Sportsbook,-15.5,-110.0,-110.0,236.0,-110.0,-110.0,-1300.0,800.0,,
401360806,2022-03-10T01:00Z,2022-03-09,2022,2,NO,ORL,102.0,108.0,False,,Caesars Sportsbook,-8.5,-110.0,-110.0,222.0,-110.0,-110.0,-360.0,300.0,,
401360807,2022-03-10T01:30Z,2022-03-09,2022,2,DAL,NY,77.0,107.0,False,,Caesars Sportsbook,-9.0,-110.0,-110.0,217.5,-110.0,-110.0,-405.0,325.0,,
401360808,2022-03-10T01:30Z,2022-03-09,2022,2,SA,TOR,104.0,119.0,False,,Caesars Sportsbook,0.5,-110.0,-110.0,228.5,-110.0,-110.0,110.0,-130.0,,
401360809,2022-03-10T03:00Z,2022-03-09,2022,2,UTAH,POR,123.0,85.0,False,,Caesars Sportsbook,-19.5,-110.0,-110.0,223.5,-110.0,-110.0,-2400.0,1200.0,,
401360810,2022-03-10T03:00Z,2022-03-09,2022,2,SAC,DEN,100.0,106.0,False,,Caesars Sportsbook,6.5,-110.0,-110.0,239.5,-110.0,-110.0,215.0,-255.0,,
401360811,2022-03-10T03:30Z,2022-03-09,2022,2,LAC,WSH,115.0,109.0,False,,Caesars Sportsbook,-3.5,-110.0,-110.0,218.0,-110.0,-110.0,-140.0,120.0,,
401360812,2022-03-11T00:30Z,2022-03-10,2022,2,PHI,BKN,100.0,129.0,False,,Caesars Sportsbook,-4.0,-110.0,-110.0,236.0,-110.0,-110.0,-145.0,125.0,,
401360813,2022-03-11T03:00Z,2022-03-10,2022,2,DEN,GS,102.0,113.0,False,,Caesars Sportsbook,1.5,-110.0,-110.0,230.0,-110.0,-110.0,100.0,-120.0,,
401360814,2022-03-12T00:00Z,2022-03-11,2022,2,ORL,MIN,118.0,110.0,False,,Caesars Sportsbook,8.5,-110.0,-110.0,232.5,-110.0,-110.0,300.0,-360.0,,
401360815,2022-03-12T00:30Z,2022-03-11,2022,2,ATL,LAC,112.0,106.0,False,,Caesars Sportsbook,-7.5,-110.0,-110.0,226.0,-110.0,-110.0,-300.0,250.0,,
401360816,2022-03-12T00:30Z,2022-03-11,2022,2,BOS,DET,114.0,103.0,False,,Caesars Sportsbook,-14.5,-110.0,-110.0,215.0,-110.0,-110.0,-1100.0,700.0,,
401360817,2022-03-12T01:00Z,2022-03-11,2022,2,MIA,CLE,117.0,105.0,False,,Caesars Sportsbook,-8.0,-110.0,-110.0,210.0,-110.0,-110.0,-335.0,275.0,,
401360818,2022-03-12T01:00Z,2022-03-11,2022,2,HOU,DAL,100.0,113.0,False,,Caesars Sportsbook,10.5,-110.0,-110.0,226.5,-110.0,-110.0,450.0,-600.0,,
401360819,2022-03-12T01:00Z,2022-03-11,2022,2,MEM,NY,118.0,114.0,False,,Caesars Sportsbook,-9.5,-110.0,-110.0,229.0,-110.0,-110.0,-440.0,360.0,,
401360820,2022-03-12T01:00Z,2022-03-11,2022,2,NO,CHA,120.0,142.0,False,,Caesars Sportsbook,2.0,-110.0,-110.0,224.0,-110.0,-110.0,145.0,-165.0,,
401360821,2022-03-12T01:30Z,2022-03-11,2022,2,SA,UTAH,104.0,102.0,False,,Caesars Sportsbook,6.0,-110.0,-110.0,228.0,-110.0,-110.0,190.0,-220.0,,
401360822,2022-03-12T02:00Z,2022-03-11,2022,2,PHX,TOR,112.0,117.0,False,,Caesars Sportsbook,-5.0,-110.0,-110.0,222.0,-110.0,-110.0,-200.0,175.0,,
401360823,2022-03-12T03:30Z,2022-03-11,2022,2,LAL,WSH,122.0,109.0,False,,Caesars Sportsbook,-4.5,-110.0,-110.0,229.0,-110.0,-110.0,-185.0,165.0,,
401360824,2022-03-13T01:00Z,2022-03-12,2022,2,MIA,MIN,104.0,113.0,False,,Caesars Sportsbook,-3.5,-110.0,-110.0,230.5,-110.0,-110.0,-135.0,115.0,,
401360825,2022-03-13T01:00Z,2022-03-12,2022,2,CHI,CLE,101.0,91.0,False,,Caesars Sportsbook,-1.5,-110.0,-110.0,217.0,-110.0,-110.0,-200.0,175.0,,
401360826,2022-03-13T01:00Z,2022-03-12,2022,2,SA,IND,108.0,119.0,False,,Caesars Sportsbook,-2.0,-110.0,-110.0,239.0,-110.0,-110.0,-120.0,100.0,,
401360827,2022-03-13T01:30Z,2022-03-12,2022,2,GS,MIL,122.0,109.0,False,,Caesars Sportsbook,1.5,-110.0,-110.0,238.5,-110.0,-110.0,110.0,-130.0,,
401360828,2022-03-13T02:00Z,2022-03-12,2022,2,DEN,TOR,115.0,127.0,False,,Caesars Sportsbook,-7.0,-110.0,-110.0,221.5,-110.0,-110.0,-260.0,220.0,,
401360829,2022-03-13T02:00Z,2022-03-12,2022,2,UTAH,SAC,134.0,125.0,False,,Caesars Sportsbook,-8.5,-110.0,-110.0,229.5,-110.0,-110.0,-400.0,320.0,,
401360830,2022-03-13T03:00Z,2022-03-12,2022,2,POR,WSH,127.0,118.0,False,,Caesars Sportsbook,6.5,-110.0,-110.0,221.0,-110.0,-110.0,215.0,-255.0,,
401360831,2022-03-13T17:00Z,2022-03-13,2022,2,BKN,NY,110.0,107.0,False,,Caesars Sportsbook,-5.5,-110.0,-110.0,224.0,-110.0,-110.0,-160.0,140.0,,
401360832,2022-03-13T19:00Z,2022-03-13,2022,2,DET,LAC,102.0,106.0,False,,Caesars Sportsbook,5.0,-110.0,-110.0,217.0,-110.0,-110.0,115.0,-135.0,,
401360833,2022-03-13T19:30Z,2022-03-13,2022,2,BOS,DAL,92.0,95.0,False,,Caesars Sportsbook,-7.0,-110.0,-110.0,213.0,-110.0,-110.0,-280.0,240.0,,
401360834,2022-03-13T22:00Z,2022-03-13,2022,2,ORL,PHI,114.0,116.0,False,,Caesars Sportsbook,13.0,-110.0,-110.0,221.5,-110.0,-110.0,210.0,-250.0,,
401360835,2022-03-13T23:00Z,2022-03-13,2022,2,ATL,IND,131.0,128.0,False,,Caesars Sportsbook,-12.0,-110.0,-110.0,238.0,-110.0,-110.0,-270.0,230.0,,
401360836,2022-03-13T23:00Z,2022-03-13,2022,2,NO,HOU,130.0,105.0,False,,Caesars Sportsbook,-7.0,-110.0,-110.0,231.5,-110.0,-110.0,-170.0,150.0,,
401360837,2022-03-13T23:00Z,2022-03-13,2022,2,OKC,MEM,118.0,125.0,False,,Caesars Sportsbook,13.0,-110.0,-110.0,229.0,-110.0,-110.0,255.0,-310.0,,
401360838,2022-03-14T01:00Z,2022-03-13,2022,2,PHX,LAL,140.0,111.0,False,,Caesars Sportsbook,-7.5,-110.0,-110.0,232.5,-110.0,-110.0,-320.0,260.0,,
401360839,2022-03-14T23:00Z,2022-03-14,2022,2,CLE,LAC,120.0,111.0,False,,Caesars Sportsbook,-7.0,-110.0,-110.0,213.5,-110.0,-110.0,-280.0,240.0,,
401360840,2022-03-14T23:30Z,2022-03-14,2022,2,ATL,POR,122.0,113.0,False,,Caesars Sportsbook,-14.0,-110.0,-110.0,230.0,-110.0,-110.0,-1100.0,700.0,,
401360841,2022-03-14T23:30Z,2022-03-14,2022,2,PHI,DEN,110.0,114.0,False,,Caesars Sportsbook,-3.5,-110.0,-110.0,224.0,-110.0,-110.0,-160.0,140.0,,
401360842,2022-03-15T00:00Z,2022-03-14,2022,2,OKC,CHA,116.0,134.0,False,,Caesars Sportsbook,8.5,-110.0,-110.0,230.0,-110.0,-110.0,190.0,-220.0,,
401360843,2022-03-15T00:30Z,2022-03-14,2022,2,SA,MIN,139.0,149.0,False,,Caesars Sportsbook,6.0,-110.0,-110.0,241.5,-110.0,-110.0,115.0,-135.0,,
401360844,2022-03-15T02:00Z,2022-03-14,2022,2,GS,WSH,126.0,112.0,False,,Caesars Sportsbook,-11.5,-110.0,-110.0,227.0,-110.0,-110.0,-800.0,550.0,,
401360845,2022-03-15T02:00Z,2022-03-14,2022,2,SAC,CHI,112.0,103.0,False,,Caesars Sportsbook,4.5,-110.0,-110.0,236.5,-110.0,-110.0,110.0,-130.0,,
401360846,2022-03-15T02:00Z,2022-03-14,2022,2,UTAH,MIL,111.0,117.0,False,,Caesars Sportsbook,-2.0,-110.0,-110.0,232.5,-110.0,-110.0,-135.0,115.0,,
401360847,2022-03-15T02:30Z,2022-03-14,2022,2,LAL,TOR,103.0,114.0,False,,Caesars Sportsbook,4.5,-110.0,-110.0,226.5,-110.0,-110.0,160.0,-180.0,,
401360848,2022-03-15T23:00Z,2022-03-15,2022,2,IND,MEM,102.0,135.0,False,,Caesars Sportsbook,6.5,-110.0,-110.0,236.5,-110.0,-110.0,220.0,-260.0,,
401360849,2022-03-15T23:00Z,2022-03-15,2022,2,ORL,BKN,108.0,150.0,False,,Caesars Sportsbook,9.5,-110.0,-110.0,231.5,-110.0,-110.0,400.0,-500.0,,
401360850,2022-03-15T23:30Z,2022-03-15,2022,2,MIA,DET,105.0,98.0,False,,Caesars Sportsbook,-14.0,-110.0,-110.0,213.0,-110.0,-110.0,-1300.0,800.0,,
401360851,2022-03-16T00:00Z,2022-03-15,2022,2,NO,PHX,115.0,131.0,False,,Caesars Sportsbook,5.0,-110.0,-110.0,231.5,-110.0,-110.0,160.0,-180.0,,
401360852,2022-03-16T23:00Z,2022-03-16,2022,2,CHA,ATL,116.0,106.0,False,,Caesars Sportsbook,-1.0,-110.0,-110.0,241.0,-110.0,-110.0,-110.0,-110.0,,
401360853,2022-03-16T23:00Z,2022-03-16,2022,2,CLE,PHI,114.0,118.0,False,,Caesars Sportsbook,3.5,-110.0,-110.0,220.0,-110.0,-110.0,150.0,-170.0,,
401360854,2022-03-16T23:00Z,2022-03-16,2022,2,WSH,DEN,109.0,127.0,False,,Caesars Sportsbook,6.0,-110.0,-110.0,229.5,-110.0,-110.0,220.0,-260.0,,
401360855,2022-03-16T23:30Z,2022-03-16,2022,2,BKN,DAL,111.0,113.0,False,,Caesars Sportsbook,3.0,-110.0,-110.0,222.0,-110.0,-110.0,105.0,-125.0,,
401360856,2022-03-16T23:30Z,2022-03-16,2022,2,NY,POR,128.0,98.0,False,,Caesars Sportsbook,-12.5,-110.0,-110.0,222.0,-110.0,-110.0,-800.0,550.0,,
401360857,2022-03-17T00:00Z,2022-03-16,2022,2,HOU,PHX,112.0,129.0,False,,Caesars Sportsbook,11.5,-110.0,-110.0,237.0,-110.0,-110.0,425.0,-550.0,,
401360858,2022-03-17T00:00Z,2022-03-16,2022,2,MIN,LAL,124.0,104.0,False,,Caesars Sportsbook,-8.0,-110.0,-110.0,242.0,-110.0,-110.0,-400.0,320.0,,
401360859,2022-03-17T00:30Z,2022-03-16,2022,2,SA,OKC,122.0,120.0,False,,Caesars Sportsbook,-11.5,-110.0,-110.0,233.0,-110.0,-110.0,-800.0,550.0,,
401360860,2022-03-17T01:00Z,2022-03-16,2022,2,UTAH,CHI,125.0,110.0,False,,Caesars Sportsbook,-7.0,-110.0,-110.0,224.0,-110.0,-110.0,-260.0,220.0,,
401360861,2022-03-17T02:00Z,2022-03-16,2022,2,GS,BOS,88.0,110.0,False,,Caesars Sportsbook,-1.5,-110.0,-110.0,220.0,-110.0,-110.0,-135.0,115.0,,
401360862,2022-03-17T02:00Z,2022-03-16,2022,2,SAC,MIL,126.0,135.0,False,,Caesars Sportsbook,8.5,-110.0,-110.0,241.5,-110.0,-110.0,320.0,-400.0,,
401360863,2022-03-17T02:30Z,2022-03-16,2022,2,LAC,TOR,100.0,103.0,False,,Caesars Sportsbook,1.5,-110.0,-110.0,214.0,-110.0,-110.0,120.0,-140.0,,
401360864,2022-03-17T23:00Z,2022-03-17,2022,2,ORL,DET,120.0,134.0,False,,Caesars Sportsbook,-3.0,-110.0,-110.0,219.5,-110.0,-110.0,-150.0,130.0,,
401360875,2022-03-18T23:00Z,2022-03-18,2022,2,PHI,DAL,111.0,101.0,False,,Caesars Sportsbook,-3.0,-110.0,-110.0,222.0,-110.0,-110.0,-150.0,130.0,,
401360865,2022-03-18T23:30Z,2022-03-18,2022,2,NY,WSH,100.0,97.0,False,,Caesars Sportsbook,-6.0,-110.0,-110.0,224.5,-110.0,-110.0,-240.0,200.0,,
401360866,2022-03-18T23:30Z,2022-03-18,2022,2,TOR,LAL,123.0,128.0,False,,Caesars Sportsbook,-9.0,-110.0,-110.0,224.5,-110.0,-110.0,-340.0,280.0,,
401360872,2022-03-18T23:30Z,2022-03-18,2022,2,ATL,MEM,120.0,105.0,False,,Caesars Sportsbook,6.0,-110.0,-110.0,237.5,-110.0,-110.0,210.0,-250.0,,
401360873,2022-03-18T23:30Z,2022-03-18,2022,2,BKN,POR,128.0,123.0,False,,Caesars Sportsbook,-13.0,-110.0,-110.0,225.0,-110.0,-110.0,-1100.0,700.0,,
401360874,2022-03-18T23:30Z,2022-03-18,2022,2,CLE,DEN,119.0,116.0,False,,Caesars Sportsbook,2.5,-110.0,-110.0,220.5,-110.0,-110.0,130.0,-150.0,,
401360867,2022-03-19T00:00Z,2022-03-18,2022,2,MIA,OKC,120.0,108.0,False,,Caesars Sportsbook,-15.0,-110.0,-110.0,220.5,-110.0,-110.0,-1600.0,900.0,,
401360868,2022-03-19T00:00Z,2022-03-18,2022,2,HOU,IND,118.0,121.0,False,,Caesars Sportsbook,3.0,-110.0,-110.0,239.0,-110.0,-110.0,135.0,-155.0,,
401360869,2022-03-19T00:30Z,2022-03-18,2022,2,SA,NO,91.0,124.0,False,,Caesars Sportsbook,-3.0,-110.0,-110.0,237.0,-110.0,-110.0,-155.0,135.0,,
401360870,2022-03-19T01:00Z,2022-03-18,2022,2,UTAH,LAC,121.0,92.0,False,,Caesars Sportsbook (Colorado),-6.0,-110.0,-110.0,213.5,-110.0,-110.0,-220.0,180.0,,
401360871,2022-03-19T02:00Z,2022-03-18,2022,2,SAC,BOS,97.0,126.0,False,,Caesars Sportsbook,8.0,-110.0,-110.0,225.0,-110.0,-110.0,340.0,-420.0,,
401360876,2022-03-19T02:00Z,2022-03-18,2022,2,PHX,CHI,129.0,102.0,False,,Caesars Sportsbook,-6.0,-110.0,-110.0,230.0,-110.0,-110.0,-260.0,220.0,,
401360877,2022-03-19T21:00Z,2022-03-19,2022,2,MIN,MIL,138.0,119.0,False,,Caesars Sportsbook,-3.0,-110.0,-110.0,241.5,-110.0,-110.0,-150.0,130.0,,
401360878,2022-03-19T23:00Z,2022-03-19,2022,2,CHA,DAL,129.0,108.0,False,,Caesars Sportsbook,-2.5,-110.0,-110.0,223.5,-110.0,-110.0,-120.0,100.0,,
401360879,2022-03-20T00:00Z,2022-03-19,2022,2,CLE,DET,113.0,109.0,False,,Caesars Sportsbook,-6.0,-110.0,-110.0,217.5,-110.0,-110.0,-250.0,210.0,,
401360880,2022-03-20T00:00Z,2022-03-19,2022,2,WSH,LAL,127.0,119.0,False,,Caesars Sportsbook,0.5,-110.0,-110.0,229.5,-110.0,-110.0,-105.0,-115.0,,
401360881,2022-03-20T19:30Z,2022-03-20,2022,2,IND,POR,129.0,98.0,False,,Caesars Sportsbook,-7.5,-110.0,-110.0,235.5,-110.0,-110.0,-185.0,165.0,,
401360882,2022-03-20T19:30Z,2022-03-20,2022,2,HOU,MEM,98.0,122.0,False,,Caesars Sportsbook,4.0,-110.0,-110.0,,-110.0,-110.0,230.0,-270.0,,
401360883,2022-03-20T22:00Z,2022-03-20,2022,2,ATL,NO,112.0,117.0,False,,Caesars Sportsbook,-5.0,-110.0,-110.0,235.0,-110.0,-110.0,-200.0,175.0,,
401360884,2022-03-20T22:00Z,2022-03-20,2022,2,ORL,OKC,90.0,85.0,False,,Caesars Sportsbook,-2.5,-110.0,-110.0,221.5,-110.0,-110.0,-350.0,290.0,,
401360885,2022-03-20T22:00Z,2022-03-20,2022,2,SAC,PHX,124.0,127.0,False,,Caesars Sportsbook,8.5,-110.0,-110.0,230.0,-110.0,-110.0,290.0,-350.0,,
401360886,2022-03-20T23:30Z,2022-03-20,2022,2,NY,UTAH,93.0,108.0,False,,Caesars Sportsbook,4.5,-110.0,-110.0,223.5,-110.0,-110.0,145.0,-165.0,,
401360887,2022-03-21T00:00Z,2022-03-20,2022,2,DEN,BOS,104.0,124.0,False,,Caesars Sportsbook,2.5,-110.0,-110.0,221.5,-110.0,-110.0,130.0,-150.0,,
401360888,2022-03-21T00:30Z,2022-03-20,2022,2,PHI,TOR,88.0,93.0,False,,Caesars Sportsbook,-8.0,-110.0,-110.0,219.0,-110.0,-110.0,-360.0,300.0,,
401360889,2022-03-21T00:30Z,2022-03-20,2022,2,GS,SA,108.0,110.0,False,,Caesars Sportsbook,-6.0,-110.0,-110.0,225.5,-110.0,-110.0,-265.0,225.0,,
401360890,2022-03-21T23:00Z,2022-03-21,2022,2,CHA,NO,106.0,103.0,False,,Caesars Sportsbook,-6.0,-110.0,-110.0,236.0,-110.0,-110.0,-165.0,145.0,,
401360891,2022-03-21T23:00Z,2022-03-21,2022,2,CLE,LAL,120.0,131.0,False,,Caesars Sportsbook,-4.5,-110.0,-110.0,228.0,-110.0,-110.0,-145.0,125.0,,
401360892,2022-03-21T23:00Z,2022-03-21,2022,2,DET,POR,115.0,119.0,False,,Caesars Sportsbook,-3.5,-110.0,-110.0,,-110.0,-110.0,-220.0,190.0,,
401360893,2022-03-21T23:30Z,2022-03-21,2022,2,PHI,MIA,113.0,106.0,False,,Caesars Sportsbook,2.0,-110.0,-110.0,210.5,-110.0,-110.0,260.0,-320.0,,
401360894,2022-03-21T23:30Z,2022-03-21,2022,2,BKN,UTAH,114.0,106.0,False,,Caesars Sportsbook,0.5,-110.0,-110.0,229.0,-110.0,-110.0,115.0,-135.0,,
401360895,2022-03-22T00:00Z,2022-03-21,2022,2,CHI,TOR,113.0,99.0,False,,Caesars Sportsbook,-4.0,-110.0,-110.0,219.0,-110.0,-110.0,-135.0,115.0,,
401360896,2022-03-22T00:00Z,2022-03-21,2022,2,HOU,WSH,115.0,97.0,False,,Caesars Sportsbook,3.0,-110.0,-110.0,233.0,-110.0,-110.0,140.0,-160.0,,
401360897,2022-03-22T00:00Z,2022-03-21,2022,2,OKC,BOS,123.0,132.0,False,,Caesars Sportsbook,13.5,-110.0,-110.0,216.5,-110.0,-110.0,260.0,-320.0,,
401360898,2022-03-22T00:30Z,2022-03-21,2022,2,DAL,MIN,110.0,108.0,False,,Caesars Sportsbook,-2.0,-110.0,-110.0,229.5,-110.0,-110.0,-120.0,100.0,,
401360899,2022-03-22T23:00Z,2022-03-22,2022,2,ORL,GS,94.0,90.0,False,,Caesars Sportsbook,7.5,-110.0,-110.0,214.5,-110.0,-110.0,280.0,-340.0,,
401360900,2022-03-22T23:30Z,2022-03-22,2022,2,NY,ATL,111.0,117.0,False,,Caesars Sportsbook,1.0,-110.0,-110.0,226.5,-110.0,-110.0,120.0,-140.0,,
401360901,2022-03-23T00:00Z,2022-03-22,2022,2,MIL,CHI,126.0,98.0,False,,Caesars Sportsbook,-6.5,-110.0,-110.0,234.5,-110.0,-110.0,-275.0,235.0,,
401360902,2022-03-23T02:00Z,2022-03-22,2022,2,DEN,LAC,127.0,115.0,False,,Caesars Sportsbook,-6.5,-110.0,-110.0,224.0,-110.0,-110.0,-270.0,230.0,,
401360903,2022-03-23T23:00Z,2022-03-23,2022,2,CHA,NY,106.0,121.0,False,,Caesars Sportsbook,-8.5,-110.0,-110.0,225.5,-110.0,-110.0,-360.0,300.0,,
401360904,2022-03-23T23:00Z,2022-03-23,2022,2,DET,ATL,122.0,101.0,False,,Caesars Sportsbook,5.0,-110.0,-110.0,227.5,-110.0,-110.0,175.0,-200.0,,
401360905,2022-03-23T23:00Z,2022-03-23,2022,2,IND,SAC,109.0,110.0,False,,Caesars Sportsbook,-6.0,-110.0,-110.0,233.0,-110.0,-110.0,-220.0,190.0,,
401360906,2022-03-23T23:30Z,2022-03-23,2022,2,BOS,UTAH,125.0,97.0,False,,Caesars Sportsbook,-4.5,-110.0,-110.0,215.5,-110.0,-110.0,-175.0,155.0,,
401360907,2022-03-23T23:30Z,2022-03-23,2022,2,MIA,GS,104.0,118.0,False,,Caesars Sportsbook,-3.0,-110.0,-110.0,209.0,-110.0,-110.0,-475.0,380.0,,
401360908,2022-03-23T23:30Z,2022-03-23,2022,2,MEM,BKN,132.0,120.0,False,,Caesars Sportsbook,2.0,-110.0,-110.0,237.5,-110.0,-110.0,-105.0,-115.0,,
401360909,2022-03-24T00:00Z,2022-03-23,2022,2,MIN,PHX,116.0,125.0,False,,Caesars Sportsbook,-0.5,-110.0,-110.0,239.0,-110.0,-110.0,-120.0,100.0,,
401360910,2022-03-24T00:00Z,2022-03-23,2022,2,OKC,ORL,118.0,102.0,False,,Caesars Sportsbook,0.5,-110.0,-110.0,219.0,-110.0,-110.0,115.0,-135.0,,
401360911,2022-03-24T00:30Z,2022-03-23,2022,2,DAL,HOU,110.0,91.0,False,,Caesars Sportsbook,-10.5,-110.0,-110.0,219.0,-110.0,-110.0,-500.0,400.0,,
401360912,2022-03-24T02:00Z,2022-03-23,2022,2,LAL,PHI,121.0,126.0,False,,Caesars Sportsbook,8.5,-110.0,-110.0,226.0,-110.0,-110.0,370.0,-450.0,,
401360913,2022-03-24T02:00Z,2022-03-23,2022,2,POR,SA,96.0,133.0,False,,Caesars Sportsbook,9.0,-110.0,-110.0,231.5,-110.0,-110.0,380.0,-475.0,,
401360914,2022-03-24T23:30Z,2022-03-24,2022,2,TOR,CLE,117.0,104.0,False,,Caesars Sportsbook,-2.0,-110.0,-110.0,213.5,-110.0,-110.0,-165.0,145.0,,
401360915,2022-03-25T00:00Z,2022-03-24,2022,2,MEM,IND,133.0,103.0,False,,Caesars Sportsbook,-11.0,-110.0,-110.0,236.5,-110.0,-110.0,-650.0,475.0,,
401360916,2022-03-25T00:00Z,2022-03-24,2022,2,MIL,WSH,114.0,102.0,False,,Caesars Sportsbook,-9.0,-110.0,-110.0,230.0,-110.0,-110.0,-420.0,340.0,,
401360917,2022-03-25T00:00Z,2022-03-24,2022,2,NO,CHI,126.0,109.0,False,,Caesars Sportsbook,-1.0,-110.0,-110.0,224.0,-110.0,-110.0,-135.0,115.0,,
401360918,2022-03-25T01:00Z,2022-03-24,2022,2,DEN,PHX,130.0,140.0,False,,Caesars Sportsbook,-1.0,-110.0,-110.0,231.5,-110.0,-110.0,-115.0,-105.0,,
401360919,2022-03-25T23:00Z,2022-03-25,2022,2,CHA,UTAH,107.0,101.0,False,,Caesars Sportsbook (Colorado),4.0,-110.0,-110.0,228.0,-110.0,-110.0,145.0,-170.0,,
401360920,2022-03-25T23:00Z,2022-03-25,2022,2,DET,WSH,97.0,100.0,False,,Caesars Sportsbook (Colorado),-4.0,-110.0,-110.0,223.0,-110.0,-110.0,-180.0,155.0,,
401360921,2022-03-25T23:30Z,2022-03-25,2022,2,ATL,GS,121.0,110.0,False,,Caesars Sportsbook (Colorado),-2.0,-110.0,-110.0,223.0,-110.0,-110.0,-130.0,110.0,,
401360922,2022-03-26T00:00Z,2022-03-25,2022,2,MIA,NY,103.0,111.0,False,,Caesars Sportsbook (Colorado),-9.5,-110.0,-110.0,214.0,-110.0,-110.0,-450.0,350.0,,
401360923,2022-03-26T00:00Z,2022-03-25,2022,2,MIN,DAL,116.0,95.0,False,,Caesars Sportsbook (Colorado),-4.0,-110.0,-110.0,228.0,-110.0,-110.0,-170.0,145.0,,
401360924,2022-03-26T02:00Z,2022-03-25,2022,2,POR,HOU,106.0,125.0,False,,Caesars Sportsbook (Colorado),4.5,-110.0,-110.0,234.0,-110.0,-110.0,160.0,-190.0,,
401360925,2022-03-26T02:30Z,2022-03-25,2022,2,LAC,PHI,97.0,122.0,False,,Caesars Sportsbook (Colorado),5.0,-110.0,-110.0,218.0,-110.0,-110.0,180.0,-220.0,,
401360926,2022-03-26T21:00Z,2022-03-26,2022,2,NO,SA,103.0,107.0,False,,Caesars Sportsbook,-6.0,-110.0,-110.0,230.0,-110.0,-110.0,-240.0,200.0,,
401360927,2022-03-26T23:00Z,2022-03-26,2022,2,ORL,SAC,110.0,114.0,False,,Caesars Sportsbook,-2.5,-110.0,-110.0,221.5,-110.0,-110.0,-120.0,100.0,,
401360928,2022-03-26T23:30Z,2022-03-26,2022,2,TOR,IND,131.0,91.0,False,,Caesars Sportsbook,-12.0,-110.0,-110.0,222.5,-110.0,-110.0,-700.0,500.0,,
401360929,2022-03-27T00:00Z,2022-03-26,2022,2,CLE,CHI,94.0,98.0,False,,Caesars Sportsbook,-2.0,-110.0,-110.0,223.0,-110.0,-110.0,-115.0,-105.0,,
401360930,2022-03-27T00:00Z,2022-03-26,2022,2,MIA,BKN,95.0,110.0,False,,Caesars Sportsbook,2.5,-110.0,-110.0,231.5,-110.0,-110.0,100.0,-120.0,,
401360931,2022-03-27T00:00Z,2022-03-26,2022,2,MEM,MIL,127.0,102.0,False,,Caesars Sportsbook,0.5,-110.0,-110.0,234.0,-110.0,-110.0,-105.0,-115.0,,
401360932,2022-03-27T01:00Z,2022-03-26,2022,2,DEN,OKC,113.0,107.0,False,,Caesars Sportsbook,-17.5,-110.0,-110.0,229.0,-110.0,-110.0,-1800.0,1000.0,,
401360933,2022-03-27T02:00Z,2022-03-26,2022,2,POR,HOU,98.0,115.0,False,,Caesars Sportsbook,4.5,-110.0,-110.0,232.0,-110.0,-110.0,160.0,-180.0,,
401360934,2022-03-27T19:30Z,2022-03-27,2022,2,DET,NY,102.0,104.0,False,,Caesars Sportsbook,4.5,-110.0,-110.0,218.0,-110.0,-110.0,170.0,-190.0,,
401360935,2022-03-27T22:00Z,2022-03-27,2022,2,BOS,MIN,134.0,112.0,False,,Caesars Sportsbook,-6.5,-110.0,-110.0,230.0,-110.0,-110.0,-165.0,145.0,,
401360936,2022-03-27T22:00Z,2022-03-27,2022,2,WSH,GS,123.0,115.0,False,,Caesars Sportsbook,6.5,-110.0,-110.0,216.0,-110.0,-110.0,245.0,-290.0,,
401360937,2022-03-27T22:00Z,2022-03-27,2022,2,PHX,PHI,114.0,104.0,False,,Caesars Sportsbook,-4.0,-110.0,-110.0,226.5,-110.0,-110.0,-145.0,125.0,,
401360938,2022-03-27T23:00Z,2022-03-27,2022,2,NO,LAL,116.0,108.0,False,,Caesars Sportsbook,-4.0,-110.0,-110.0,233.5,-110.0,-110.0,-170.0,150.0,,
401360939,2022-03-27T23:30Z,2022-03-27,2022,2,BKN,CHA,110.0,119.0,False,,Caesars Sportsbook,-7.0,-110.0,-110.0,238.0,-110.0,-110.0,-270.0,230.0,,
401360940,2022-03-27T23:30Z,2022-03-27,2022,2,DAL,UTAH,114.0,100.0,False,,Caesars Sportsbook,-3.5,-110.0,-110.0,216.0,-110.0,-110.0,-160.0,140.0,,
401360941,2022-03-28T23:00Z,2022-03-28,2022,2,CHA,DEN,109.0,113.0,False,,Caesars Sportsbook,3.5,-110.0,-110.0,232.0,-110.0,-110.0,125.0,-145.0,,
401360942,2022-03-28T23:00Z,2022-03-28,2022,2,CLE,ORL,107.0,101.0,False,,Caesars Sportsbook,-8.5,-110.0,-110.0,217.0,-110.0,-110.0,-420.0,340.0,,
401360943,2022-03-28T23:00Z,2022-03-28,2022,2,IND,ATL,123.0,132.0,False,,Caesars Sportsbook,7.0,-110.0,-110.0,237.0,-110.0,-110.0,270.0,-330.0,,
401360944,2022-03-28T23:30Z,2022-03-28,2022,2,MIA,SAC,123.0,100.0,False,,Caesars Sportsbook,-14.0,-110.0,-110.0,217.0,-110.0,-110.0,-1300.0,800.0,,
401360945,2022-03-28T23:30Z,2022-03-28,2022,2,NY,CHI,109.0,104.0,False,,Caesars Sportsbook,4.0,-110.0,-110.0,218.0,-110.0,-110.0,145.0,-165.0,,
401360946,2022-03-28T23:30Z,2022-03-28,2022,2,TOR,BOS,115.0,112.0,False,,Caesars Sportsbook,-8.5,-110.0,-110.0,211.5,-110.0,-110.0,-380.0,310.0,,
401360947,2022-03-29T00:00Z,2022-03-28,2022,2,HOU,SA,120.0,123.0,False,,Caesars Sportsbook,3.5,-110.0,-110.0,233.0,-110.0,-110.0,380.0,-475.0,,
401360948,2022-03-29T00:00Z,2022-03-28,2022,2,MEM,GS,123.0,95.0,False,,Caesars Sportsbook,-9.5,-110.0,-110.0,221.5,-110.0,-110.0,-450.0,370.0,,
401360949,2022-03-29T02:00Z,2022-03-28,2022,2,POR,OKC,131.0,134.0,False,,Caesars Sportsbook,0.5,-110.0,-110.0,221.0,-110.0,-110.0,-120.0,100.0,,
401360950,2022-03-29T23:00Z,2022-03-29,2022,2,PHI,MIL,116.0,118.0,False,,Caesars Sportsbook,-1.0,-110.0,-110.0,232.0,-110.0,-110.0,-110.0,-110.0,,
401360951,2022-03-29T23:00Z,2022-03-29,2022,2,WSH,CHI,94.0,107.0,False,,Caesars Sportsbook,4.5,-110.0,-110.0,223.5,-110.0,-110.0,155.0,-175.0,,
401360952,2022-03-29T23:30Z,2022-03-29,2022,2,BKN,DET,130.0,123.0,False,,Caesars Sportsbook,-13.5,-110.0,-110.0,234.0,-110.0,-110.0,-1000.0,650.0,,
401360953,2022-03-29T23:30Z,2022-03-29,2022,2,DAL,LAL,128.0,110.0,False,,Caesars Sportsbook,-12.0,-110.0,-110.0,219.5,-110.0,-110.0,-800.0,550.0,,
401360954,2022-03-30T02:00Z,2022-03-29,2022,2,LAC,UTAH,121.0,115.0,False,,Caesars Sportsbook,1.5,-110.0,-110.0,217.0,-110.0,-110.0,115.0,-135.0,,
401360955,2022-03-30T23:00Z,2022-03-30,2022,2,CLE,DAL,112.0,120.0,False,,Caesars Sportsbook,1.0,-110.0,-110.0,215.0,-110.0,-110.0,110.0,-130.0,,
401360956,2022-03-30T23:00Z,2022-03-30,2022,2,IND,DEN,118.0,125.0,False,,Caesars Sportsbook,10.5,-110.0,-110.0,237.0,-110.0,-110.0,400.0,-500.0,,
401360957,2022-03-30T23:00Z,2022-03-30,2022,2,WSH,ORL,127.0,110.0,False,,Caesars Sportsbook,-4.0,-110.0,-110.0,218.5,-110.0,-110.0,-170.0,150.0,,
401360958,2022-03-30T23:30Z,2022-03-30,2022,2,BOS,MIA,98.0,106.0,False,,Caesars Sportsbook,-5.0,-110.0,-110.0,213.0,-110.0,-110.0,-210.0,180.0,,
401360959,2022-03-30T23:30Z,2022-03-30,2022,2,NY,CHA,114.0,125.0,False,,Caesars Sportsbook,2.0,-110.0,-110.0,223.5,-110.0,-110.0,120.0,-140.0,,
401360960,2022-03-30T23:30Z,2022-03-30,2022,2,TOR,MIN,125.0,102.0,False,,Caesars Sportsbook,-2.5,-110.0,-110.0,229.0,-110.0,-110.0,-145.0,125.0,,
401360961,2022-03-31T00:00Z,2022-03-30,2022,2,HOU,SAC,118.0,121.0,False,,Caesars Sportsbook,2.5,-110.0,-110.0,231.0,-110.0,-110.0,130.0,-150.0,,
401360962,2022-03-31T00:00Z,2022-03-30,2022,2,OKC,ATL,118.0,136.0,False,,Caesars Sportsbook,12.5,-110.0,-110.0,229.0,-110.0,-110.0,600.0,-900.0,,
401360963,2022-03-31T00:30Z,2022-03-30,2022,2,SA,MEM,111.0,112.0,False,,Caesars Sportsbook,6.0,-110.0,-110.0,235.0,-110.0,-110.0,170.0,-190.0,,
401360964,2022-03-31T02:00Z,2022-03-30,2022,2,GS,PHX,103.0,107.0,False,,Caesars Sportsbook,4.5,-110.0,-110.0,222.0,-110.0,-110.0,175.0,-200.0,,
401360965,2022-03-31T02:00Z,2022-03-30,2022,2,POR,NO,107.0,117.0,False,,Caesars Sportsbook,13.0,-110.0,-110.0,225.5,-110.0,-110.0,800.0,-1300.0,,
401360966,2022-03-31T23:00Z,2022-03-31,2022,2,DET,PHI,102.0,94.0,False,,Caesars Sportsbook,11.0,-110.0,-110.0,225.5,-110.0,-110.0,370.0,-450.0,,
401360967,2022-03-31T23:30Z,2022-03-31,2022,2,BKN,MIL,119.0,120.0,False,,Caesars Sportsbook,-2.0,-110.0,-110.0,243.5,-110.0,-110.0,-115.0,-105.0,,
401401145,2022-03-31T23:30Z,2022-03-31,2022,2,ATL,CLE,131.0,107.0,False,Makeup from Dec. 19,Caesars Sportsbook,-6.5,-110.0,-110.0,230.0,-110.0,-110.0,-250.0,210.0,,
401360968,2022-04-01T00:00Z,2022-03-31,2022,2,CHI,LAC,135.0,130.0,False,,Caesars Sportsbook,-2.5,-110.0,-110.0,221.5,-110.0,-110.0,-140.0,120.0,,
401360969,2022-04-01T02:00Z,2022-03-31,2022,2,UTAH,LAL,122.0,109.0,False,,Caesars Sportsbook,-13.5,-110.0,-110.0,228.0,-110.0,-110.0,-1000.0,650.0,,
401360970,2022-04-01T23:00Z,2022-04-01,2022,2,ORL,TOR,89.0,102.0,False,,Caesars Sportsbook,9.5,-110.0,-110.0,216.5,-110.0,-110.0,450.0,-600.0,,
401360971,2022-04-01T23:00Z,2022-04-01,2022,2,WSH,DAL,135.0,103.0,False,,Caesars Sportsbook,9.0,-110.0,-110.0,216.5,-110.0,-110.0,300.0,-360.0,,
401360972,2022-04-01T23:30Z,2022-04-01,2022,2,BOS,IND,128.0,123.0,False,,Caesars Sportsbook,-15.0,-110.0,-110.0,226.5,-110.0,-110.0,-1600.0,900.0,,
401360973,2022-04-02T00:00Z,2022-04-01,2022,2,HOU,SAC,117.0,122.0,False,,Caesars Sportsbook,2.0,-110.0,-110.0,234.0,-110.0,-110.0,130.0,-150.0,,
401360974,2022-04-02T00:00Z,2022-04-01,2022,2,MEM,PHX,122.0,114.0,False,,Caesars Sportsbook,7.5,-110.0,-110.0,228.5,-110.0,-110.0,260.0,-320.0,,
401360975,2022-04-02T00:00Z,2022-04-01,2022,2,MIL,LAC,119.0,153.0,False,,Caesars Sportsbook,-3.5,-110.0,-110.0,217.5,-110.0,-110.0,-165.0,145.0,,
401360976,2022-04-02T00:00Z,2022-04-01,2022,2,OKC,DET,101.0,110.0,False,,Caesars Sportsbook,4.0,-110.0,-110.0,221.5,-110.0,-110.0,125.0,-145.0,,
401360977,2022-04-02T00:30Z,2022-04-01,2022,2,SA,POR,130.0,111.0,False,,Caesars Sportsbook,-13.5,-110.0,-110.0,228.0,-110.0,-110.0,-1300.0,800.0,,
401360978,2022-04-02T01:00Z,2022-04-01,2022,2,DEN,MIN,130.0,136.0,False,,Caesars Sportsbook,-3.0,-110.0,-110.0,242.0,-110.0,-110.0,-125.0,105.0,,
401360979,2022-04-02T02:30Z,2022-04-01,2022,2,LAL,NO,111.0,114.0,False,,Caesars Sportsbook,-2.0,-110.0,-110.0,230.0,-110.0,-110.0,-130.0,110.0,,
401360980,2022-04-02T16:30Z,2022-04-02,2022,2,PHI,CHA,144.0,114.0,False,,Caesars Sportsbook,-6.0,-110.0,-110.0,229.0,-110.0,-110.0,-250.0,210.0,,
401360981,2022-04-02T17:00Z,2022-04-02,2022,2,NY,CLE,101.0,119.0,False,,Caesars Sportsbook,-0.5,-110.0,-110.0,220.5,-110.0,-110.0,-115.0,-105.0,,
401360982,2022-04-02T23:30Z,2022-04-02,2022,2,ATL,BKN,122.0,115.0,False,,Caesars Sportsbook,3.0,-110.0,-110.0,243.0,-110.0,-110.0,110.0,-130.0,,
401360983,2022-04-03T00:00Z,2022-04-02,2022,2,CHI,MIA,109.0,127.0,False,,Caesars Sportsbook,2.0,-110.0,-110.0,216.5,-110.0,-110.0,120.0,-140.0,,
401360984,2022-04-03T00:30Z,2022-04-02,2022,2,GS,UTAH,111.0,107.0,False,,Caesars Sportsbook,1.5,-110.0,-110.0,218.0,-110.0,-110.0,110.0,-130.0,,
401360985,2022-04-03T17:00Z,2022-04-03,2022,2,BOS,WSH,144.0,102.0,False,,Caesars Sportsbook,-13.0,-110.0,-110.0,221.5,-110.0,-110.0,-280.0,240.0,,
401360986,2022-04-03T17:00Z,2022-04-03,2022,2,MIL,DAL,112.0,118.0,False,,Caesars Sportsbook,-6.5,-110.0,-110.0,227.0,-110.0,-110.0,-275.0,235.0,,
401360987,2022-04-03T19:30Z,2022-04-03,2022,2,LAL,DEN,118.0,129.0,False,,Caesars Sportsbook,2.0,-110.0,-110.0,231.0,-110.0,-110.0,195.0,-230.0,,
401360988,2022-04-03T21:00Z,2022-04-03,2022,2,IND,DET,117.0,121.0,False,,Caesars Sportsbook,-1.5,-110.0,-110.0,232.5,-110.0,-110.0,-140.0,120.0,,
401360989,2022-04-03T22:00Z,2022-04-03,2022,2,CLE,PHI,108.0,112.0,False,,Caesars Sportsbook,5.0,-110.0,-110.0,225.0,-110.0,-110.0,190.0,-220.0,,
401360990,2022-04-03T22:00Z,2022-04-03,2022,2,ORL,NY,88.0,118.0,False,,Caesars Sportsbook,4.5,-110.0,-110.0,215.5,-110.0,-110.0,120.0,-140.0,,
401360991,2022-04-03T23:00Z,2022-04-03,2022,2,TOR,MIA,109.0,114.0,False,,Caesars Sportsbook,-5.0,-110.0,-110.0,214.0,-110.0,-110.0,-210.0,180.0,,
401360992,2022-04-03T23:00Z,2022-04-03,2022,2,HOU,MIN,132.0,139.0,False,,Caesars Sportsbook,12.5,-110.0,-110.0,245.5,-110.0,-110.0,240.0,-280.0,,
401360993,2022-04-03T23:00Z,2022-04-03,2022,2,OKC,PHX,117.0,96.0,False,,Caesars Sportsbook,14.0,-110.0,-110.0,221.0,-110.0,-110.0,255.0,-310.0,,
401360994,2022-04-03T23:00Z,2022-04-03,2022,2,SA,POR,113.0,92.0,False,,Caesars Sportsbook,-13.5,-110.0,-110.0,230.0,-110.0,-110.0,-1100.0,700.0,,
401360995,2022-04-04T01:00Z,2022-04-03,2022,2,SAC,GS,90.0,109.0,False,,Caesars Sportsbook,6.5,-110.0,-110.0,221.0,-110.0,-110.0,125.0,-145.0,,
401360996,2022-04-04T01:30Z,2022-04-03,2022,2,LAC,NO,119.0,100.0,False,,Caesars Sportsbook,-2.5,-110.0,-110.0,222.5,-110.0,-110.0,-120.0,100.0,,
401360997,2022-04-05T23:00Z,2022-04-05,2022,2,IND,PHI,122.0,131.0,False,,Caesars Sportsbook,12.0,-110.0,-110.0,235.0,-110.0,-110.0,500.0,-700.0,,
401360998,2022-04-05T23:00Z,2022-04-05,2022,2,ORL,CLE,120.0,115.0,False,,Caesars Sportsbook,8.5,-110.0,-110.0,,-110.0,-110.0,175.0,-200.0,,
401360999,2022-04-05T23:30Z,2022-04-05,2022,2,BKN,HOU,118.0,105.0,False,,Caesars Sportsbook,-18.0,-110.0,-110.0,,-110.0,-110.0,-360.0,300.0,,
401361000,2022-04-05T23:30Z,2022-04-05,2022,2,MIA,CHA,144.0,115.0,False,,Caesars Sportsbook,-4.5,-110.0,-110.0,,-110.0,-110.0,-145.0,125.0,,
401361001,2022-04-05T23:30Z,2022-04-05,2022,2,TOR,ATL,118.0,108.0,False,,Caesars Sportsbook,-4.5,-110.0,-110.0,,-110.0,-110.0,-135.0,115.0,,
401361002,2022-04-06T00:00Z,2022-04-05,2022,2,CHI,MIL,106.0,127.0,False,,Caesars Sportsbook,6.0,-110.0,-110.0,231.5,-110.0,-110.0,230.0,-270.0,,
401361003,2022-04-06T00:00Z,2022-04-05,2022,2,MIN,WSH,114.0,132.0,False,,Caesars Sportsbook,-12.0,-110.0,-110.0,238.5,-110.0,-110.0,-750.0,525.0,,
401361004,2022-04-06T00:00Z,2022-04-05,2022,2,OKC,POR,98.0,94.0,False,,Caesars Sportsbook,-3.5,-110.0,-110.0,,-110.0,-110.0,-135.0,115.0,,
401361005,2022-04-06T01:00Z,2022-04-05,2022,2,DEN,SA,97.0,116.0,False,,Caesars Sportsbook,-9.0,-110.0,-110.0,234.5,-110.0,-110.0,-400.0,320.0,,
401361006,2022-04-06T01:00Z,2022-04-05,2022,2,UTAH,MEM,121.0,115.0,False,,Caesars Sportsbook,-6.0,-110.0,-110.0,,-110.0,-110.0,-150.0,130.0,,
401361007,2022-04-06T02:00Z,2022-04-05,2022,2,SAC,NO,109.0,123.0,False,,Caesars Sportsbook,7.5,-110.0,-110.0,,-110.0,-110.0,150.0,-170.0,,
401361008,2022-04-06T02:30Z,2022-04-05,2022,2,PHX,LAL,121.0,110.0,False,,Caesars Sportsbook,-12.5,-110.0,-110.0,234.5,-110.0,-110.0,-850.0,575.0,,
401361009,2022-04-06T23:00Z,2022-04-06,2022,2,DET,DAL,113.0,131.0,False,,Caesars Sportsbook,9.0,-110.0,-110.0,218.5,-110.0,-110.0,320.0,-400.0,,
401361010,2022-04-06T23:30Z,2022-04-06,2022,2,NY,BKN,98.0,110.0,False,,Caesars Sportsbook,5.0,-110.0,-110.0,229.5,-110.0,-110.0,235.0,-275.0,,
401361011,2022-04-07T00:00Z,2022-04-06,2022,2,ATL,WSH,118.0,103.0,False,,Caesars Sportsbook,-10.0,-110.0,-110.0,235.0,-110.0,-110.0,-550.0,425.0,,
401361012,2022-04-07T00:00Z,2022-04-06,2022,2,CHI,BOS,94.0,117.0,False,,Caesars Sportsbook,6.5,-110.0,-110.0,225.0,-110.0,-110.0,245.0,-290.0,,
401361013,2022-04-07T01:00Z,2022-04-06,2022,2,UTAH,OKC,137.0,101.0,False,,Caesars Sportsbook,-15.5,-110.0,-110.0,215.0,-110.0,-110.0,-1600.0,900.0,,
401361014,2022-04-07T02:00Z,2022-04-06,2022,2,LAC,PHX,113.0,109.0,False,,Caesars Sportsbook,-7.0,-110.0,-110.0,223.0,-110.0,-110.0,-280.0,240.0,,
401361015,2022-04-07T23:00Z,2022-04-07,2022,2,CHA,ORL,128.0,101.0,False,,Caesars Sportsbook,-5.0,-110.0,-110.0,,-110.0,-110.0,-280.0,240.0,,
401361016,2022-04-07T23:30Z,2022-04-07,2022,2,TOR,PHI,119.0,114.0,False,,Caesars Sportsbook,0.5,-110.0,-110.0,219.0,-110.0,-110.0,130.0,-150.0,,
401361017,2022-04-07T23:30Z,2022-04-07,2022,2,MIL,BOS,127.0,121.0,False,,Caesars Sportsbook,-2.5,-110.0,-110.0,227.5,-110.0,-110.0,-360.0,300.0,,
401361018,2022-04-08T00:00Z,2022-04-07,2022,2,MIN,SA,127.0,121.0,False,,Caesars Sportsbook,-7.0,-110.0,-110.0,238.0,-110.0,-110.0,-290.0,245.0,,
401361019,2022-04-08T00:00Z,2022-04-07,2022,2,NO,POR,127.0,94.0,False,,Caesars Sportsbook,-16.5,-110.0,-110.0,222.5,-110.0,-110.0,-1800.0,1000.0,,
401361020,2022-04-08T01:00Z,2022-04-07,2022,2,DEN,MEM,122.0,109.0,False,,Caesars Sportsbook,-4.5,-110.0,-110.0,234.5,-110.0,-110.0,-180.0,160.0,,
401361021,2022-04-08T02:00Z,2022-04-07,2022,2,GS,LAL,128.0,112.0,False,,Caesars Sportsbook,-14.0,-110.0,-110.0,219.0,-110.0,-110.0,-1100.0,700.0,,
401361022,2022-04-08T23:00Z,2022-04-08,2022,2,DET,MIL,101.0,131.0,False,,Caesars Sportsbook,6.0,-110.0,-110.0,231.5,-110.0,-110.0,380.0,-475.0,,
401361023,2022-04-08T23:00Z,2022-04-08,2022,2,WSH,NY,92.0,114.0,False,,Caesars Sportsbook,-0.5,-110.0,-110.0,224.0,-110.0,-110.0,140.0,-160.0,,
401361024,2022-04-08T23:30Z,2022-04-08,2022,2,BKN,CLE,118.0,107.0,False,,Caesars Sportsbook,-8.5,-110.0,-110.0,232.5,-110.0,-110.0,-345.0,285.0,,
401361025,2022-04-08T23:30Z,2022-04-08,2022,2,TOR,HOU,117.0,115.0,False,,Caesars Sportsbook,-11.5,-110.0,-110.0,228.0,-110.0,-110.0,-700.0,500.0,,
401361026,2022-04-09T00:00Z,2022-04-08,2022,2,MIA,ATL,113.0,109.0,False,,Caesars Sportsbook,-0.5,-110.0,-110.0,230.5,-110.0,-110.0,-115.0,-105.0,,
401361027,2022-04-09T00:00Z,2022-04-08,2022,2,CHI,CHA,117.0,133.0,False,,Caesars Sportsbook,-2.5,-110.0,-110.0,236.5,-110.0,-110.0,-140.0,120.0,,
401361028,2022-04-09T00:30Z,2022-04-08,2022,2,DAL,POR,128.0,78.0,False,,Caesars Sportsbook,-19.5,-110.0,-110.0,221.0,-110.0,-110.0,-2400.0,1200.0,,
401361029,2022-04-09T01:30Z,2022-04-08,2022,2,UTAH,PHX,105.0,111.0,False,,Caesars Sportsbook,-3.0,-110.0,-110.0,229.0,-110.0,-110.0,-145.0,125.0,,
401361030,2022-04-09T02:30Z,2022-04-08,2022,2,LAL,OKC,120.0,101.0,False,,Caesars Sportsbook,-6.0,-110.0,-110.0,225.0,-110.0,-110.0,-230.0,195.0,,
401361033,2022-04-09T17:00Z,2022-04-09,2022,2,PHI,IND,133.0,120.0,False,,Caesars Sportsbook,-14.5,-110.0,-110.0,236.0,-110.0,-110.0,-335.0,275.0,,
401361032,2022-04-09T22:00Z,2022-04-09,2022,2,MEM,NO,141.0,114.0,False,,Caesars Sportsbook,-7.5,-110.0,-110.0,230.0,-110.0,-110.0,-330.0,270.0,,
401361034,2022-04-10T00:30Z,2022-04-09,2022,2,SA,GS,94.0,100.0,False,,Caesars Sportsbook,6.5,-110.0,-110.0,219.0,-110.0,-110.0,140.0,-160.0,,
401361031,2022-04-10T01:30Z,2022-04-09,2022,2,LAC,SAC,117.0,98.0,False,,Caesars Sportsbook,-11.5,-110.0,-110.0,224.0,-110.0,-110.0,-240.0,200.0,,
401361035,2022-04-10T19:30Z,2022-04-10,2022,2,BKN,IND,134.0,126.0,False,,Caesars Sportsbook,-17.0,-110.0,-110.0,245.0,-110.0,-110.0,-2000.0,1100.0,,
401361036,2022-04-10T19:30Z,2022-04-10,2022,2,CHA,WSH,124.0,108.0,False,,Caesars Sportsbook,-13.0,-110.0,-110.0,232.5,-110.0,-110.0,-1000.0,650.0,,
401361037,2022-04-10T19:30Z,2022-04-10,2022,2,CLE,MIL,133.0,115.0,False,,Caesars Sportsbook,-8.5,-110.0,-110.0,226.5,-110.0,-110.0,-410.0,330.0,,
401361040,2022-04-10T19:30Z,2022-04-10,2022,2,HOU,ATL,114.0,130.0,False,,Caesars Sportsbook,12.0,-110.0,-110.0,241.5,-110.0,-110.0,550.0,-800.0,,
401361042,2022-04-10T23:00Z,2022-04-10,2022,2,MEM,BOS,110.0,139.0,False,,Caesars Sportsbook,2.0,-110.0,-110.0,224.0,-110.0,-110.0,320.0,-400.0,,
401361045,2022-04-10T23:00Z,2022-04-10,2022,2,NY,TOR,105.0,94.0,False,,Caesars Sportsbook (Colorado),0.0,-110.0,-110.0,214.0,-110.0,-110.0,-110.0,-110.0,,
401361046,2022-04-10T23:00Z,2022-04-10,2022,2,ORL,MIA,125.0,111.0,False,,Caesars Sportsbook,8.0,-110.0,-110.0,218.0,-110.0,-110.0,260.0,-320.0,,
401361047,2022-04-10T23:00Z,2022-04-10,2022,2,PHI,DET,118.0,106.0,False,,Caesars Sportsbook,-6.5,-110.0,-110.0,220.5,-110.0,-110.0,-280.0,240.0,,
401361043,2022-04-11T00:30Z,2022-04-10,2022,2,MIN,CHI,120.0,124.0,False,,Caesars Sportsbook,-7.0,-110.0,-110.0,229.5,-110.0,-110.0,-300.0,250.0,,
401361038,2022-04-11T01:30Z,2022-04-10,2022,2,DAL,SA,130.0,120.0,False,,Caesars Sportsbook,-10.0,-110.0,-110.0,225.0,-110.0,-110.0,-500.0,400.0,,
401361039,2022-04-11T01:30Z,2022-04-10,2022,2,DEN,LAL,141.0,146.0,False,,Caesars Sportsbook,-6.0,-110.0,-110.0,229.0,-110.0,-110.0,-260.0,220.0,,
401361041,2022-04-11T01:30Z,2022-04-10,2022,2,LAC,OKC,138.0,88.0,False,,Caesars Sportsbook,-11.5,-110.0,-110.0,216.0,-110.0,-110.0,-700.0,500.0,,
401361044,2022-04-11T01:30Z,2022-04-10,2022,2,NO,GS,107.0,128.0,False,,Caesars Sportsbook,6.5,-110.0,-110.0,221.0,-110.0,-110.0,250.0,-300.0,,
401361048,2022-04-11T01:30Z,2022-04-10,2022,2,PHX,SAC,109.0,116.0,False,,Caesars Sportsbook,-10.0,-110.0,-110.0,227.5,-110.0,-110.0,-550.0,425.0,,
401361049,2022-04-11T01:30Z,2022-04-10,2022,2,POR,UTAH,80.0,111.0,False,,Caesars Sportsbook,17.0,-110.0,-110.0,220.0,-110.0,-110.0,340.0,-420.0,,
401428070,2022-04-12T23:00Z,2022-04-12,2022,5,BKN,CLE,115.0,108.0,False,NBA Play-In - East - 7th Place vs 8th Place,Caesars Sportsbook,-9.5,-110.0,-110.0,227.0,-110.0,-110.0,-500.0,400.0,,
401428071,2022-04-13T01:30Z,2022-04-12,2022,5,MIN,LAC,109.0,104.0,False,NBA Play-In - West - 7th Place vs 8th Place,Caesars Sportsbook,-3.5,-110.0,-110.0,231.0,-110.0,-110.0,-150.0,130.0,,
401428072,2022-04-13T23:00Z,2022-04-13,2022,5,ATL,CHA,132.0,103.0,False,NBA Play-In - East - 9th Place vs 10th Place,Caesars Sportsbook,-5.5,-110.0,-110.0,235.5,-110.0,-110.0,-220.0,190.0,,
401428073,2022-04-14T01:30Z,2022-04-13,2022,5,NO,SA,113.0,103.0,False,NBA Play-In - West - 9th Place vs 10th Place,Caesars Sportsbook,-5.0,-110.0,-110.0,224.0,-110.0,-110.0,-210.0,180.0,,
401428074,2022-04-15T23:30Z,2022-04-15,2022,5,CLE,ATL,101.0,107.0,False,NBA Play-In - East - 8th Seed Game,Caesars Sportsbook,2.0,-110.0,-110.0,223.0,-110.0,-110.0,110.0,-130.0,,
401428075,2022-04-16T02:00Z,2022-04-15,2022,5,LAC,NO,101.0,105.0,False,NBA Play-In - West - 8th Seed Game,Caesars Sportsbook (Colorado),1.0,-110.0,-110.0,216.0,-110.0,-110.0,100.0,-120.0,,
401429872,2022-04-16T17:00Z,2022-04-16,2022,3,DAL,UTAH,93.0,99.0,False,West 1st Round - Game 1,Caesars Sportsbook,4.5,-110.0,-110.0,208.0,-110.0,-110.0,210.0,-250.0,,
401429873,2022-04-16T19:30Z,2022-04-16,2022,3,MEM,MIN,117.0,130.0,False,West 1st Round - Game 1,Caesars Sportsbook,-2.5,-110.0,-110.0,,-110.0,-110.0,-175.0,155.0,,
401429874,2022-04-16T22:00Z,2022-04-16,2022,3,PHI,TOR,131.0,111.0,False,East 1st Round - Game 1,Caesars Sportsbook,-4.5,-110.0,-110.0,216.0,-110.0,-110.0,-185.0,165.0,,
401429875,2022-04-17T00:30Z,2022-04-16,2022,3,GS,DEN,123.0,107.0,False,West 1st Round - Game 1,Caesars Sportsbook,-6.5,-110.0,-110.0,223.0,-110.0,-110.0,-245.0,205.0,,
401429891,2022-04-17T17:00Z,2022-04-17,2022,3,MIA,ATL,115.0,91.0,False,East 1st Round - Game 1,Caesars Sportsbook,-6.5,-110.0,-110.0,220.5,-110.0,-110.0,-260.0,220.0,,
401429890,2022-04-17T19:30Z,2022-04-17,2022,3,BOS,BKN,115.0,114.0,False,East 1st Round - Game 1,Caesars Sportsbook,-4.5,-110.0,-110.0,226.5,-110.0,-110.0,-170.0,150.0,,
401429892,2022-04-17T22:30Z,2022-04-17,2022,3,MIL,CHI,93.0,86.0,False,East 1st Round - Game 1,Caesars Sportsbook,-10.5,-110.0,-110.0,230.0,-110.0,-110.0,-650.0,475.0,,
401429893,2022-04-18T01:00Z,2022-04-17,2022,3,PHX,NO,110.0,99.0,False,West 1st Round - Game 1,Caesars Sportsbook,-9.5,-110.0,-110.0,224.0,-110.0,-110.0,-550.0,425.0,,
401430233,2022-04-18T23:30Z,2022-04-18,2022,3,PHI,TOR,112.0,97.0,False,East 1st Round - Game 2,Caesars Sportsbook,-7.5,-110.0,-110.0,217.0,-110.0,-110.0,-330.0,270.0,,
401430232,2022-04-19T00:30Z,2022-04-18,2022,3,DAL,UTAH,110.0,104.0,False,West 1st Round - Game 2,Caesars Sportsbook,5.0,-110.0,-110.0,206.5,-110.0,-110.0,190.0,-220.0,,
401430247,2022-04-19T02:00Z,2022-04-18,2022,3,GS,DEN,126.0,106.0,False,West 1st Round - Game 2,Caesars Sportsbook,-7.0,-110.0,-110.0,222.5,-110.0,-110.0,-300.0,250.0,,
401430216,2022-04-19T23:30Z,2022-04-19,2022,3,MIA,ATL,115.0,105.0,False,East 1st Round - Game 2,Caesars Sportsbook,-8.0,-110.0,-110.0,221.5,-110.0,-110.0,-340.0,280.0,,
401430223,2022-04-20T00:30Z,2022-04-19,2022,3,MEM,MIN,124.0,96.0,False,West 1st Round - Game 2,Caesars Sportsbook,-7.0,-110.0,-110.0,240.0,-110.0,-110.0,-290.0,245.0,,
401430222,2022-04-20T02:00Z,2022-04-19,2022,3,PHX,NO,114.0,125.0,False,West 1st Round - Game 2,Caesars Sportsbook,-9.5,-110.0,-110.0,221.5,-110.0,-110.0,-500.0,400.0,,
401430210,2022-04-20T23:00Z,2022-04-20,2022,3,BOS,BKN,114.0,107.0,False,East 1st Round - Game 2,Caesars Sportsbook,-3.5,-110.0,-110.0,225.0,-110.0,-110.0,-155.0,135.0,,
401430236,2022-04-21T00:00Z,2022-04-20,2022,3,TOR,PHI,101.0,104.0,False,East 1st Round - Game 3,Caesars Sportsbook,2.0,-110.0,-110.0,216.5,-110.0,-110.0,110.0,-130.0,,
401430246,2022-04-21T01:30Z,2022-04-20,2022,3,MIL,CHI,110.0,114.0,False,East 1st Round - Game 2,Caesars Sportsbook,-10.0,-110.0,-110.0,225.0,-110.0,-110.0,-500.0,400.0,,
401430227,2022-04-21T23:30Z,2022-04-21,2022,3,MIN,MEM,95.0,104.0,False,West 1st Round - Game 3,Caesars Sportsbook,2.0,-110.0,-110.0,237.5,-110.0,-110.0,120.0,-140.0,,
401430235,2022-04-22T01:00Z,2022-04-21,2022,3,UTAH,DAL,118.0,126.0,False,West 1st Round - Game 3,Caesars Sportsbook,-8.5,-110.0,-110.0,208.0,-110.0,-110.0,-380.0,310.0,,
401430250,2022-04-22T02:00Z,2022-04-21,2022,3,DEN,GS,113.0,118.0,False,West 1st Round - Game 3,Caesars Sportsbook,2.5,-110.0,-110.0,222.0,-110.0,-110.0,125.0,-145.0,,
401430217,2022-04-22T23:55Z,2022-04-22,2022,3,ATL,MIA,111.0,110.0,False,East 1st Round - Game 3,Caesars Sportsbook,1.5,-110.0,-110.0,222.0,-110.0,-110.0,110.0,-130.0,,
401430248,2022-04-23T00:30Z,2022-04-22,2022,3,CHI,MIL,81.0,111.0,False,East 1st Round - Game 3,Caesars Sportsbook,2.5,-110.0,-110.0,222.0,-110.0,-110.0,120.0,-140.0,,
401430224,2022-04-23T02:00Z,2022-04-22,2022,3,NO,PHX,111.0,114.0,False,West 1st Round - Game 3,Caesars Sportsbook,0.5,-110.0,-110.0,215.0,-110.0,-110.0,120.0,-140.0,,
401430240,2022-04-23T18:00Z,2022-04-23,2022,3,TOR,PHI,110.0,102.0,False,East 1st Round - Game 4,Caesars Sportsbook,3.0,-110.0,-110.0,212.5,-110.0,-110.0,125.0,-145.0,,
401430237,2022-04-23T20:30Z,2022-04-23,2022,3,UTAH,DAL,100.0,99.0,False,West 1st Round - Game 4,Caesars Sportsbook,-5.5,-110.0,-110.0,214.0,-110.0,-110.0,-220.0,190.0,,
401430211,2022-04-23T23:30Z,2022-04-23,2022,3,BKN,BOS,103.0,109.0,False,East 1st Round - Game 3,Caesars Sportsbook,-3.5,-110.0,-110.0,222.5,-110.0,-110.0,-175.0,155.0,,
401430230,2022-04-24T02:00Z,2022-04-23,2022,3,MIN,MEM,119.0,118.0,False,West 1st Round - Game 4,Caesars Sportsbook,3.0,-110.0,-110.0,232.5,-110.0,-110.0,115.0,-135.0,,
401430249,2022-04-24T17:00Z,2022-04-24,2022,3,CHI,MIL,95.0,119.0,False,East 1st Round - Game 4,Caesars Sportsbook,4.0,-110.0,-110.0,219.5,-110.0,-110.0,165.0,-185.0,,
401430253,2022-04-24T19:30Z,2022-04-24,2022,3,DEN,GS,126.0,121.0,False,West 1st Round - Game 4,Caesars Sportsbook,3.5,-110.0,-110.0,223.0,-110.0,-110.0,190.0,-220.0,,
401430218,2022-04-24T23:00Z,2022-04-24,2022,3,ATL,MIA,86.0,110.0,False,East 1st Round - Game 4,Caesars Sportsbook,1.5,-110.0,-110.0,220.0,-110.0,-110.0,-105.0,-115.0,,
401430225,2022-04-25T01:30Z,2022-04-24,2022,3,NO,PHX,118.0,103.0,False,West 1st Round - Game 4,Caesars Sportsbook,3.0,-110.0,-110.0,215.5,-110.0,-110.0,115.0,-135.0,,
401430212,2022-04-25T23:00Z,2022-04-25,2022,3,BKN,BOS,112.0,116.0,False,East 1st Round - Game 4,Caesars Sportsbook,-1.5,-110.0,-110.0,222.0,-110.0,-110.0,-120.0,100.0,,
401430243,2022-04-26T00:00Z,2022-04-25,2022,3,PHI,TOR,88.0,103.0,False,East 1st Round - Game 5,Caesars Sportsbook,-9.0,-110.0,-110.0,211.5,-110.0,-110.0,-380.0,310.0,,
401430239,2022-04-26T01:30Z,2022-04-25,2022,3,DAL,UTAH,102.0,77.0,False,West 1st Round - Game 5,Caesars Sportsbook,-3.0,-110.0,-110.0,212.0,-110.0,-110.0,-155.0,135.0,,
401430219,2022-04-26T23:00Z,2022-04-26,2022,3,MIA,ATL,97.0,94.0,False,East 1st Round - Game 5,Caesars Sportsbook,-4.5,-110.0,-110.0,216.0,-110.0,-110.0,-185.0,165.0,,
401430231,2022-04-26T23:30Z,2022-04-26,2022,3,MEM,MIN,111.0,109.0,False,West 1st Round - Game 5,Caesars Sportsbook,-7.0,-110.0,-110.0,231.5,-110.0,-110.0,-270.0,230.0,,
401430226,2022-04-27T02:00Z,2022-04-26,2022,3,PHX,NO,112.0,97.0,False,West 1st Round - Game 5,Caesars Sportsbook,-2.0,-110.0,-110.0,,-110.0,-110.0,-165.0,145.0,,
401430251,2022-04-27T23:30Z,2022-04-27,2022,3,MIL,CHI,116.0,100.0,False,East 1st Round - Game 5,Caesars Sportsbook,-12.5,-110.0,-110.0,217.5,-110.0,-110.0,-1000.0,650.0,,
401430255,2022-04-28T02:00Z,2022-04-27,2022,3,GS,DEN,102.0,98.0,False,West 1st Round - Game 5,Caesars Sportsbook,-9.0,-110.0,-110.0,225.5,-110.0,-110.0,-440.0,360.0,,
401430244,2022-04-28T23:00Z,2022-04-28,2022,3,TOR,PHI,97.0,132.0,False,East 1st Round - Game 6,Caesars Sportsbook,1.5,-110.0,-110.0,210.0,-110.0,-110.0,-105.0,-115.0,,
401430228,2022-04-28T23:30Z,2022-04-28,2022,3,NO,PHX,109.0,115.0,False,West 1st Round - Game 6,Caesars Sportsbook,3.5,-110.0,-110.0,216.5,-110.0,-110.0,135.0,-155.0,,
401430241,2022-04-29T02:00Z,2022-04-28,2022,3,UTAH,DAL,96.0,98.0,False,West 1st Round - Game 6,Caesars Sportsbook,-1.0,-110.0,-110.0,210.5,-110.0,-110.0,100.0,-120.0,,
401430234,2022-04-30T01:00Z,2022-04-29,2022,3,MIN,MEM,106.0,114.0,False,West 1st Round - Game 6,Caesars Sportsbook,1.5,-110.0,-110.0,230.0,-110.0,-110.0,105.0,-125.0,,
401433610,2022-05-01T17:00Z,2022-05-01,2022,3,BOS,MIL,89.0,101.0,False,East Semifinals - Game 1,Caesars Sportsbook,-5.0,-110.0,-110.0,216.0,-110.0,-110.0,-210.0,180.0,,
401434770,2022-05-01T19:30Z,2022-05-01,2022,3,MEM,GS,116.0,117.0,False,West Semifinals - Game 1,Caesars Sportsbook,2.0,-110.0,-110.0,227.5,-110.0,-110.0,110.0,-130.0,,
401434050,2022-05-02T23:30Z,2022-05-02,2022,3,MIA,PHI,106.0,92.0,False,East Semifinals - Game 1,Caesars Sportsbook,-3.0,-110.0,-110.0,208.5,-110.0,-110.0,-350.0,290.0,,
401434070,2022-05-03T02:00Z,2022-05-02,2022,3,PHX,DAL,121.0,114.0,False,West Semifinals - Game 1,Caesars Sportsbook,-6.0,-110.0,-110.0,214.5,-110.0,-110.0,-245.0,205.0,,
401433611,2022-05-03T23:00Z,2022-05-03,2022,3,BOS,MIL,109.0,86.0,False,East Semifinals - Game 2,Caesars Sportsbook,-4.0,-110.0,-110.0,216.0,-110.0,-110.0,-180.0,160.0,,
401434771,2022-05-04T01:30Z,2022-05-03,2022,3,MEM,GS,106.0,101.0,False,West Semifinals - Game 2,Caesars Sportsbook,2.0,-110.0,-110.0,227.5,-110.0,-110.0,110.0,-130.0,,
401434051,2022-05-04T23:30Z,2022-05-04,2022,3,MIA,PHI,119.0,103.0,False,East Semifinals - Game 2,Caesars Sportsbook,-8.0,-110.0,-110.0,208.5,-110.0,-110.0,-410.0,330.0,,
401434110,2022-05-05T02:00Z,2022-05-04,2022,3,PHX,DAL,129.0,109.0,False,West Semifinals - Game 2,Caesars Sportsbook,-6.0,-110.0,-110.0,217.5,-110.0,-110.0,-250.0,210.0,,
401434052,2022-05-06T23:00Z,2022-05-06,2022,3,PHI,MIA,99.0,79.0,False,East Semifinals - Game 3,Caesars Sportsbook,-1.5,-110.0,-110.0,210.5,-110.0,-110.0,-110.0,-110.0,,
401434111,2022-05-07T01:30Z,2022-05-06,2022,3,DAL,PHX,103.0,94.0,False,West Semifinals - Game 3,Caesars Sportsbook,-1.0,-110.0,-110.0,218.0,-110.0,-110.0,-120.0,100.0,,
401433612,2022-05-07T19:30Z,2022-05-07,2022,3,MIL,BOS,103.0,101.0,False,East Semifinals - Game 3,Caesars Sportsbook,-2.5,-110.0,-110.0,211.0,-110.0,-110.0,-125.0,105.0,,
401434772,2022-05-08T00:30Z,2022-05-07,2022,3,GS,MEM,142.0,112.0,False,West Semifinals - Game 3,Caesars Sportsbook,-7.0,-110.0,-110.0,226.0,-110.0,-110.0,-320.0,260.0,,
401434112,2022-05-08T19:30Z,2022-05-08,2022,3,DAL,PHX,111.0,101.0,False,West Semifinals - Game 4,Caesars Sportsbook,1.0,-110.0,-110.0,215.0,-110.0,-110.0,115.0,-135.0,,
401434053,2022-05-09T00:00Z,2022-05-08,2022,3,PHI,MIA,116.0,108.0,False,East Semifinals - Game 4,Caesars Sportsbook,-2.5,-110.0,-110.0,208.5,-110.0,-110.0,-140.0,120.0,,
401433613,2022-05-09T23:30Z,2022-05-09,2022,3,MIL,BOS,108.0,116.0,False,East Semifinals - Game 4,Caesars Sportsbook,-1.5,-110.0,-110.0,212.5,-110.0,-110.0,-120.0,100.0,,
401434773,2022-05-10T02:00Z,2022-05-09,2022,3,GS,MEM,101.0,98.0,False,West Semifinals - Game 4,Caesars Sportsbook,-10.0,-110.0,-110.0,222.5,-110.0,-110.0,-500.0,400.0,,
401434054,2022-05-10T23:30Z,2022-05-10,2022,3,MIA,PHI,120.0,85.0,False,East Semifinals - Game 5,Caesars Sportsbook,-3.0,-110.0,-110.0,208.0,-110.0,-110.0,-140.0,120.0,,
401434113,2022-05-11T02:00Z,2022-05-10,2022,3,PHX,DAL,110.0,80.0,False,West Semifinals - Game 5,Caesars Sportsbook,-7.0,-110.0,-110.0,216.0,-110.0,-110.0,-290.0,245.0,,
401433614,2022-05-11T23:00Z,2022-05-11,2022,3,BOS,MIL,107.0,110.0,False,East Semifinals - Game 5,Caesars Sportsbook,-1.5,-110.0,-110.0,214.5,-110.0,-110.0,-220.0,190.0,,
401434774,2022-05-12T01:30Z,2022-05-11,2022,3,MEM,GS,134.0,95.0,False,West Semifinals - Game 5,Caesars Sportsbook,3.0,-110.0,-110.0,219.0,-110.0,-110.0,150.0,-170.0,,
401434055,2022-05-12T23:00Z,2022-05-12,2022,3,PHI,MIA,90.0,99.0,False,East Semifinals - Game 6,Caesars Sportsbook,-2.5,-110.0,-110.0,207.0,-110.0,-110.0,-140.0,120.0,,
401434114,2022-05-13T01:30Z,2022-05-12,2022,3,DAL,PHX,113.0,86.0,False,West Semifinals - Game 6,Caesars Sportsbook,2.0,-110.0,-110.0,214.0,-110.0,-110.0,110.0,-130.0,,
401433615,2022-05-13T23:30Z,2022-05-13,2022,3,MIL,BOS,95.0,108.0,False,East Semifinals - Game 6,BetfairSportsbook,-1.5,-111.0,-111.0,212.5,-111.0,-111.0,-125.0,100.0,,
401434775,2022-05-14T02:20Z,2022-05-13,2022,3,GS,MEM,110.0,96.0,False,West Semifinals - Game 6,BetfairSportsbook,-8.0,-111.0,-111.0,218.5,-111.0,-111.0,-400.0,280.0,,
401433616,2022-05-15T19:30Z,2022-05-15,2022,3,BOS,MIL,109.0,81.0,False,East Semifinals - Game 7,BetfairSportsbook,-5.0,-111.0,-111.0,205.0,-111.0,-111.0,-225.0,170.0,,
401434115,2022-05-16T00:00Z,2022-05-15,2022,3,PHX,DAL,90.0,123.0,False,West Semifinals - Game 7,BetfairSportsbook,-6.5,-111.0,-111.0,204.5,-111.0,-111.0,-275.0,210.0,,
401438130,2022-05-18T00:30Z,2022-05-17,2022,3,MIA,BOS,118.0,107.0,False,East Finals - Game 1,BetfairSportsbook,-4.5,-111.0,-111.0,203.0,-111.0,-111.0,-213.0,163.0,,
401438944,2022-05-19T01:00Z,2022-05-18,2022,3,GS,DAL,112.0,87.0,False,West Finals - Game 1,BetfairSportsbook,-5.5,-111.0,-111.0,216.5,-111.0,-111.0,-225.0,188.0,,
401438131,2022-05-20T00:30Z,2022-05-19,2022,3,MIA,BOS,102.0,127.0,False,East Finals - Game 2,BetfairSportsbook,-1.0,-111.0,-111.0,206.0,-111.0,-111.0,-111.0,-111.0,,
401438945,2022-05-21T01:00Z,2022-05-20,2022,3,GS,DAL,126.0,117.0,False,West Finals - Game 2,BetfairSportsbook,-6.5,-111.0,-111.0,211.5,-111.0,-111.0,-275.0,210.0,,
401438132,2022-05-22T00:30Z,2022-05-21,2022,3,BOS,MIA,103.0,109.0,False,East Finals - Game 3,BetfairSportsbook,-5.5,-111.0,-111.0,207.5,-111.0,-111.0,-250.0,188.0,,
401438946,2022-05-23T01:00Z,2022-05-22,2022,3,DAL,GS,100.0,109.0,False,West Finals - Game 3,BetfairSportsbook,-3.0,-111.0,-111.0,217.0,-111.0,-111.0,-163.0,125.0,,
401438133,2022-05-24T00:30Z,2022-05-23,2022,3,BOS,MIA,102.0,82.0,False,East Finals - Game 4,BetfairSportsbook,-6.5,-111.0,-111.0,205.5,-111.0,-111.0,-275.0,210.0,,
401438947,2022-05-25T01:00Z,2022-05-24,2022,3,DAL,GS,119.0,109.0,False,West Finals - Game 4,BetfairSportsbook,-1.5,-111.0,-111.0,215.5,-111.0,-111.0,-125.0,100.0,,
401438134,2022-05-26T00:30Z,2022-05-25,2022,3,MIA,BOS,80.0,93.0,False,East Finals - Game 5,BetfairSportsbook,3.5,-111.0,-111.0,203.5,-111.0,-111.0,138.0,-175.0,,
401438948,2022-05-27T01:00Z,2022-05-26,2022,3,GS,DAL,120.0,110.0,False,West Finals - Game 5,BetfairSportsbook,-6.5,-111.0,-111.0,215.0,-111.0,-111.0,-300.0,225.0,,
401438135,2022-05-28T00:30Z,2022-05-27,2022,3,BOS,MIA,103.0,111.0,False,East Finals - Game 6,BetfairSportsbook,-8.5,-111.0,-111.0,201.5,-111.0,-111.0,-450.0,310.0,,
401438136,2022-05-30T00:30Z,2022-05-29,2022,3,MIA,BOS,96.0,100.0,False,East Finals - Game 7,BetfairSportsbook,3.0,-111.0,-111.0,197.0,-111.0,-111.0,125.0,-163.0,,
401442530,2022-06-03T01:00Z,2022-06-02,2022,3,GS,BOS,108.0,120.0,False,NBA Finals - Game 1,BetfairSportsbook,-4.0,-111.0,-111.0,214.5,-111.0,-111.0,-175.0,138.0,,
401442531,2022-06-06T00:00Z,2022-06-05,2022,3,GS,BOS,107.0,88.0,False,NBA Finals - Game 2,BetfairSportsbook,-4.5,-111.0,-111.0,213.0,-111.0,-111.0,-213.0,163.0,,
401442532,2022-06-09T01:00Z,2022-06-08,2022,3,BOS,GS,116.0,100.0,False,NBA Finals - Game 3,BetfairSportsbook,-3.5,-111.0,-111.0,213.5,-111.0,-111.0,-154.0,120.0,,
401442533,2022-06-11T01:00Z,2022-06-10,2022,3,BOS,GS,97.0,107.0,False,NBA Finals - Game 4,BetfairSportsbook,-4.0,-111.0,-111.0,213.5,-111.0,-111.0,-175.0,138.0,,
401442534,2022-06-14T01:00Z,2022-06-13,2022,3,GS,BOS,104.0,94.0,False,NBA Finals - Game 5,BetfairSportsbook,-4.0,-111.0,-111.0,211.0,-111.0,-111.0,-175.0,138.0,,
401442535,2022-06-17T01:00Z,2022-06-16,2022,3,BOS,GS,90.0,103.0,False,NBA Finals - Game 6,BetfairSportsbook,-3.5,-111.0,-111.0,211.0,-111.0,-111.0,-175.0,138.0,,
401468016,2022-10-18T23:30Z,2022-10-18,2023,2,BOS,PHI,126.0,117.0,False,,BetfairSportsbook,-3.0,-111.0,-111.0,216.5,-111.0,-111.0,-154.0,120.0,,
401468017,2022-10-19T02:00Z,2022-10-18,2023,2,GS,LAL,123.0,109.0,False,,BetfairSportsbook,-7.5,-111.0,-111.0,224.0,-111.0,-111.0,-333.0,240.0,,
401468018,2022-10-19T23:00Z,2022-10-19,2023,2,DET,ORL,113.0,109.0,False,,BetfairSportsbook,-3.5,-111.0,-111.0,216.0,-111.0,-111.0,-167.0,130.0,,
401468019,2022-10-19T23:00Z,2022-10-19,2023,2,IND,WSH,107.0,114.0,False,,BetfairSportsbook,2.5,-111.0,-111.0,228.0,-111.0,-111.0,115.0,-150.0,,
401468020,2022-10-19T23:30Z,2022-10-19,2023,2,ATL,HOU,117.0,107.0,False,,BetfairSportsbook,-10.5,-111.0,-111.0,235.5,-111.0,-111.0,-600.0,400.0,,
401468021,2022-10-19T23:30Z,2022-10-19,2023,2,BKN,NO,108.0,130.0,False,,BetfairSportsbook,-3.0,-111.0,-111.0,232.0,-111.0,-111.0,-150.0,115.0,,
401468022,2022-10-19T23:30Z,2022-10-19,2023,2,MIA,CHI,108.0,116.0,False,,BetfairSportsbook,-7.5,-111.0,-111.0,216.0,-111.0,-111.0,-333.0,240.0,,
401468023,2022-10-19T23:30Z,2022-10-19,2023,2,TOR,CLE,108.0,105.0,False,,BetfairSportsbook,-3.0,-111.0,-111.0,216.5,-111.0,-111.0,-154.0,120.0,,
401468024,2022-10-19T23:30Z,2022-10-19,2023,2,MEM,NY,115.0,112.0,False,,BetfairSportsbook,-4.5,-111.0,-111.0,226.5,-111.0,-111.0,-200.0,155.0,,
401468025,2022-10-20T00:00Z,2022-10-19,2023,2,MIN,OKC,115.0,108.0,False,,BetfairSportsbook,-11.0,-111.0,-111.0,227.0,-111.0,-111.0,-800.0,500.0,,
401468026,2022-10-20T00:00Z,2022-10-19,2023,2,SA,CHA,102.0,129.0,False,,BetfairSportsbook,1.0,-111.0,-111.0,221.5,-111.0,-111.0,-111.0,-111.0,,
401468027,2022-10-20T01:00Z,2022-10-19,2023,2,UTAH,DEN,123.0,102.0,False,,BetfairSportsbook,7.0,-111.0,-111.0,225.5,-111.0,-111.0,210.0,-275.0,,
401468028,2022-10-20T02:00Z,2022-10-19,2023,2,PHX,DAL,107.0,105.0,False,,BetfairSportsbook,-3.5,-111.0,-111.0,218.0,-111.0,-111.0,-188.0,145.0,,
401468029,2022-10-20T02:00Z,2022-10-19,2023,2,SAC,POR,108.0,115.0,False,,BetfairSportsbook,-3.5,-111.0,-111.0,229.5,-111.0,-111.0,-175.0,138.0,,
401468170,2022-10-20T23:30Z,2022-10-20,2023,2,PHI,MIL,88.0,90.0,False,,BetfairSportsbook,-4.0,-111.0,-111.0,225.0,-111.0,-111.0,-188.0,145.0,,
401468171,2022-10-21T02:00Z,2022-10-20,2023,2,LAL,LAC,97.0,103.0,False,,BetfairSportsbook,5.0,-111.0,-111.0,226.5,-111.0,-111.0,163.0,-213.0,,
401468172,2022-10-21T23:00Z,2022-10-21,2023,2,CHA,NO,112.0,124.0,False,,BetfairSportsbook,7.0,-111.0,-111.0,226.5,-111.0,-111.0,210.0,-275.0,,
401468173,2022-10-21T23:00Z,2022-10-21,2023,2,IND,SA,134.0,137.0,False,,BetfairSportsbook,-1.5,-111.0,-111.0,232.5,-111.0,-111.0,-125.0,100.0,,
401468174,2022-10-21T23:00Z,2022-10-21,2023,2,WSH,CHI,102.0,100.0,False,,BetfairSportsbook,-1.5,-111.0,-111.0,220.0,-111.0,-111.0,-133.0,105.0,,
401468175,2022-10-21T23:30Z,2022-10-21,2023,2,ATL,ORL,108.0,98.0,False,,BetfairSportsbook,-9.0,-111.0,-111.0,225.5,-111.0,-111.0,-450.0,310.0,,
401468176,2022-10-21T23:30Z,2022-10-21,2023,2,BKN,TOR,109.0,105.0,False,,BetfairSportsbook,-2.5,-111.0,-111.0,226.0,-111.0,-111.0,-150.0,115.0,,
401468177,2022-10-21T23:30Z,2022-10-21,2023,2,MIA,BOS,104.0,111.0,False,,BetfairSportsbook,1.5,-111.0,-111.0,221.5,-111.0,-111.0,100.0,-125.0,,
401468178,2022-10-21T23:30Z,2022-10-21,2023,2,NY,DET,130.0,106.0,False,,BetfairSportsbook,-7.5,-111.0,-111.0,221.0,-111.0,-111.0,-300.0,225.0,,
401468179,2022-10-22T00:00Z,2022-10-21,2023,2,HOU,MEM,122.0,129.0,False,,BetfairSportsbook,7.0,-111.0,-111.0,231.5,-111.0,-111.0,210.0,-275.0,,
401468180,2022-10-22T00:00Z,2022-10-21,2023,2,MIN,UTAH,126.0,132.0,False,,BetfairSportsbook,-8.0,-111.0,-111.0,227.0,-111.0,-111.0,-350.0,250.0,,
401468181,2022-10-22T02:00Z,2022-10-21,2023,2,GS,DEN,123.0,128.0,False,,BetfairSportsbook,-5.5,-111.0,-111.0,229.5,-111.0,-111.0,-250.0,188.0,,
401468182,2022-10-22T02:00Z,2022-10-21,2023,2,POR,PHX,113.0,111.0,False,,BetfairSportsbook,5.0,-111.0,-111.0,224.0,-111.0,-111.0,170.0,-225.0,,
401468183,2022-10-22T22:00Z,2022-10-22,2023,2,PHI,SA,105.0,114.0,False,,BetfairSportsbook,-13.5,-111.0,-111.0,225.0,-111.0,-111.0,-1000.0,550.0,,
401468184,2022-10-22T23:00Z,2022-10-22,2023,2,IND,DET,124.0,115.0,False,,BetfairSportsbook,-1.0,-111.0,-111.0,231.5,-111.0,-111.0,-111.0,-111.0,,
401468185,2022-10-22T23:00Z,2022-10-22,2023,2,ORL,BOS,120.0,126.0,False,,BetfairSportsbook,9.0,-111.0,-111.0,215.5,-111.0,-111.0,280.0,-400.0,,
401468186,2022-10-23T00:00Z,2022-10-22,2023,2,MIA,TOR,112.0,109.0,False,,BetfairSportsbook,-3.0,-111.0,-111.0,216.5,-111.0,-111.0,-163.0,125.0,,
401468187,2022-10-23T00:00Z,2022-10-22,2023,2,CHI,CLE,96.0,128.0,False,,BetfairSportsbook,2.0,-111.0,-111.0,220.5,-111.0,-111.0,100.0,-125.0,,
401468188,2022-10-23T00:00Z,2022-10-22,2023,2,MIL,HOU,125.0,105.0,False,,BetfairSportsbook,-13.0,-111.0,-111.0,228.0,-111.0,-111.0,-1000.0,550.0,,
401468189,2022-10-23T00:30Z,2022-10-22,2023,2,DAL,MEM,137.0,96.0,False,,BetfairSportsbook,-6.0,-111.0,-111.0,219.5,-111.0,-111.0,-250.0,188.0,,
401468190,2022-10-23T01:00Z,2022-10-22,2023,2,DEN,OKC,122.0,117.0,False,,BetfairSportsbook,-8.5,-111.0,-111.0,227.5,-111.0,-111.0,-450.0,310.0,,
401468191,2022-10-23T02:00Z,2022-10-22,2023,2,SAC,LAC,109.0,111.0,False,,BetfairSportsbook,2.5,-111.0,-111.0,225.0,-111.0,-111.0,115.0,-150.0,,
401468192,2022-10-23T19:30Z,2022-10-23,2023,2,LAL,POR,104.0,106.0,False,,BetfairSportsbook,-4.0,-111.0,-111.0,226.5,-111.0,-111.0,-188.0,145.0,,
401468193,2022-10-23T21:00Z,2022-10-23,2023,2,ATL,CHA,109.0,126.0,False,,BetfairSportsbook,-10.0,-111.0,-111.0,227.0,-111.0,-111.0,-500.0,333.0,,
401468194,2022-10-23T23:00Z,2022-10-23,2023,2,CLE,WSH,117.0,107.0,False,,BetfairSportsbook,-3.5,-111.0,-111.0,217.0,-111.0,-111.0,-175.0,138.0,,
401468195,2022-10-23T23:00Z,2022-10-23,2023,2,NO,UTAH,121.0,122.0,False,,BetfairSportsbook,-8.5,-111.0,-111.0,232.0,-111.0,-111.0,-350.0,250.0,,
401468196,2022-10-24T00:00Z,2022-10-23,2023,2,OKC,MIN,106.0,116.0,False,,BetfairSportsbook,9.5,-111.0,-111.0,225.5,-111.0,-111.0,310.0,-450.0,,
401468197,2022-10-24T00:30Z,2022-10-23,2023,2,GS,SAC,130.0,125.0,False,,BetfairSportsbook,-10.0,-111.0,-111.0,232.5,-111.0,-111.0,-500.0,333.0,,
401468198,2022-10-24T02:00Z,2022-10-23,2023,2,LAC,PHX,95.0,112.0,False,,BetfairSportsbook,1.0,-111.0,-111.0,219.0,-111.0,-111.0,-111.0,-111.0,,
401468199,2022-10-24T23:00Z,2022-10-24,2023,2,PHI,IND,120.0,106.0,False,,BetfairSportsbook,-12.5,-111.0,-111.0,228.5,-111.0,-111.0,-1000.0,550.0,,
401468200,2022-10-24T23:30Z,2022-10-24,2023,2,MIA,TOR,90.0,98.0,False,,BetfairSportsbook,-3.5,-111.0,-111.0,214.0,-111.0,-111.0,-175.0,138.0,,
401468201,2022-10-24T23:30Z,2022-10-24,2023,2,NY,ORL,115.0,102.0,False,,BetfairSportsbook,-7.5,-111.0,-111.0,223.0,-111.0,-111.0,-333.0,240.0,,
401468202,2022-10-25T00:00Z,2022-10-24,2023,2,CHI,BOS,120.0,102.0,False,,BetfairSportsbook,5.0,-111.0,-111.0,226.0,-111.0,-111.0,163.0,-213.0,,
401468203,2022-10-25T00:00Z,2022-10-24,2023,2,HOU,UTAH,114.0,108.0,False,,BetfairSportsbook,2.5,-111.0,-111.0,234.0,-111.0,-111.0,115.0,-150.0,,
401468204,2022-10-25T00:00Z,2022-10-24,2023,2,MEM,BKN,134.0,124.0,False,,BetfairSportsbook,-1.5,-111.0,-111.0,235.5,-111.0,-111.0,-111.0,-111.0,,
401468205,2022-10-25T00:00Z,2022-10-24,2023,2,MIN,SA,106.0,115.0,False,,BetfairSportsbook,-9.0,-111.0,-111.0,234.5,-111.0,-111.0,-450.0,310.0,,
401468206,2022-10-25T02:00Z,2022-10-24,2023,2,POR,DEN,135.0,110.0,False,,BetfairSportsbook,5.0,-111.0,-111.0,227.5,-111.0,-111.0,170.0,-225.0,,
401468207,2022-10-25T23:00Z,2022-10-25,2023,2,WSH,DET,120.0,99.0,False,,BetfairSportsbook,-5.5,-111.0,-111.0,221.0,-111.0,-111.0,-225.0,170.0,,
401468208,2022-10-25T23:30Z,2022-10-25,2023,2,NO,DAL,113.0,111.0,False,,BetfairSportsbook,5.5,-111.0,-111.0,218.5,-111.0,-111.0,188.0,-250.0,,
401468209,2022-10-26T00:00Z,2022-10-25,2023,2,OKC,LAC,108.0,94.0,False,,BetfairSportsbook,5.5,-111.0,-111.0,217.0,-111.0,-111.0,188.0,-250.0,,
401468210,2022-10-26T02:00Z,2022-10-25,2023,2,PHX,GS,134.0,105.0,False,,BetfairSportsbook,-1.5,-111.0,-111.0,227.0,-111.0,-111.0,-125.0,100.0,,
401468211,2022-10-26T23:00Z,2022-10-26,2023,2,CLE,ORL,103.0,92.0,False,,BetfairSportsbook,-9.0,-111.0,-111.0,215.5,-111.0,-111.0,-450.0,310.0,,
401468212,2022-10-26T23:00Z,2022-10-26,2023,2,DET,ATL,113.0,118.0,False,,BetfairSportsbook,7.5,-111.0,-111.0,229.0,-111.0,-111.0,240.0,-333.0,,
401468213,2022-10-26T23:30Z,2022-10-26,2023,2,NY,CHA,134.0,131.0,False,,BetfairSportsbook,-7.5,-111.0,-111.0,224.0,-111.0,-111.0,-333.0,240.0,,
401468214,2022-10-26T23:30Z,2022-10-26,2023,2,TOR,PHI,119.0,109.0,False,,BetfairSportsbook,1.5,-111.0,-111.0,211.5,-111.0,-111.0,100.0,-125.0,,
401468215,2022-10-26T23:30Z,2022-10-26,2023,2,MIL,BKN,110.0,99.0,False,,BetfairSportsbook,-3.0,-111.0,-111.0,230.0,-111.0,-111.0,-154.0,120.0,,
401468216,2022-10-27T00:00Z,2022-10-26,2023,2,CHI,IND,124.0,109.0,False,,BetfairSportsbook,-7.0,-111.0,-111.0,233.5,-111.0,-111.0,-275.0,210.0,,
401468217,2022-10-27T00:00Z,2022-10-26,2023,2,MIN,SA,134.0,122.0,False,,BetfairSportsbook,-10.0,-111.0,-111.0,234.5,-111.0,-111.0,-500.0,333.0,,
401468218,2022-10-27T01:00Z,2022-10-26,2023,2,UTAH,HOU,109.0,101.0,False,,BetfairSportsbook,-8.0,-111.0,-111.0,232.5,-111.0,-111.0,-350.0,250.0,,
401468220,2022-10-27T02:00Z,2022-10-26,2023,2,POR,MIA,98.0,119.0,False,,BetfairSportsbook,2.5,-111.0,-111.0,220.5,-111.0,-111.0,120.0,-154.0,,
401468219,2022-10-27T02:15Z,2022-10-26,2023,2,DEN,LAL,110.0,99.0,False,,BetfairSportsbook,-5.0,-111.0,-111.0,230.5,-111.0,-111.0,-200.0,155.0,,
401468221,2022-10-27T23:30Z,2022-10-27,2023,2,BKN,DAL,125.0,129.0,False,,BetfairSportsbook,3.0,-111.0,-111.0,225.5,-111.0,-111.0,120.0,-154.0,,
401468222,2022-10-28T00:00Z,2022-10-27,2023,2,OKC,LAC,118.0,110.0,False,,BetfairSportsbook,7.0,-111.0,-111.0,218.5,-111.0,-111.0,210.0,-275.0,,
401468223,2022-10-28T02:00Z,2022-10-27,2023,2,GS,MIA,123.0,110.0,False,,BetfairSportsbook,-6.0,-111.0,-111.0,227.0,-111.0,-111.0,-250.0,188.0,,
401468224,2022-10-28T02:00Z,2022-10-27,2023,2,SAC,MEM,110.0,125.0,False,,BetfairSportsbook,2.5,-111.0,-111.0,236.5,-111.0,-111.0,120.0,-154.0,,
401468225,2022-10-28T23:00Z,2022-10-28,2023,2,DET,ATL,112.0,136.0,False,,BetfairSportsbook,5.5,-111.0,-111.0,229.5,-111.0,-111.0,188.0,-250.0,,
401468226,2022-10-28T23:00Z,2022-10-28,2023,2,ORL,CHA,113.0,93.0,False,,BetfairSportsbook,1.5,-111.0,-111.0,221.0,-111.0,-111.0,100.0,-125.0,,
401468227,2022-10-28T23:30Z,2022-10-28,2023,2,BOS,CLE,123.0,132.0,False,,BetfairSportsbook,-6.5,-111.0,-111.0,218.5,-111.0,-111.0,-275.0,210.0,,
401468228,2022-10-28T23:30Z,2022-10-28,2023,2,TOR,PHI,90.0,112.0,False,,BetfairSportsbook,-4.5,-111.0,-111.0,214.0,-111.0,-111.0,-188.0,145.0,,
401468229,2022-10-28T23:30Z,2022-10-28,2023,2,WSH,IND,117.0,127.0,False,,BetfairSportsbook,-5.0,-111.0,-111.0,229.0,-111.0,-111.0,-213.0,163.0,,
401468230,2022-10-29T00:00Z,2022-10-28,2023,2,MIL,NY,119.0,108.0,False,,BetfairSportsbook,-6.5,-111.0,-111.0,223.5,-111.0,-111.0,-250.0,188.0,,
401468231,2022-10-29T00:00Z,2022-10-28,2023,2,MIN,LAL,111.0,102.0,False,,BetfairSportsbook,-8.0,-111.0,-111.0,231.5,-111.0,-111.0,-350.0,250.0,,
401468232,2022-10-29T00:30Z,2022-10-28,2023,2,SA,CHI,129.0,124.0,False,,BetfairSportsbook,4.0,-111.0,-111.0,230.0,-111.0,-111.0,145.0,-188.0,,
401468233,2022-10-29T01:00Z,2022-10-28,2023,2,DEN,UTAH,117.0,101.0,False,,BetfairSportsbook,-7.5,-111.0,-111.0,231.5,-111.0,-111.0,-333.0,240.0,,
401468235,2022-10-29T02:00Z,2022-10-28,2023,2,POR,HOU,125.0,111.0,False,,BetfairSportsbook,-4.0,-111.0,-111.0,222.5,-111.0,-111.0,-200.0,155.0,,
401468234,2022-10-29T02:15Z,2022-10-28,2023,2,PHX,NO,124.0,111.0,False,,BetfairSportsbook,-8.5,-111.0,-111.0,225.5,-111.0,-111.0,-400.0,280.0,,
401468236,2022-10-29T22:00Z,2022-10-29,2023,2,SAC,MIA,119.0,113.0,False,,BetfairSportsbook,4.0,-111.0,-111.0,227.0,-111.0,-111.0,145.0,-188.0,,
401468237,2022-10-29T23:00Z,2022-10-29,2023,2,CHA,GS,120.0,113.0,False,,BetfairSportsbook,10.0,-111.0,-111.0,233.5,-111.0,-111.0,333.0,-500.0,,
401468238,2022-10-29T23:30Z,2022-10-29,2023,2,BKN,IND,116.0,125.0,False,,BetfairSportsbook,-11.5,-111.0,-111.0,239.5,-111.0,-111.0,-700.0,450.0,,
401468239,2022-10-30T00:00Z,2022-10-29,2023,2,CHI,PHI,109.0,114.0,False,,BetfairSportsbook,2.5,-111.0,-111.0,221.5,-111.0,-111.0,115.0,-150.0,,
401468240,2022-10-30T00:00Z,2022-10-29,2023,2,MIL,ATL,123.0,115.0,False,,BetfairSportsbook,-5.0,-111.0,-111.0,228.5,-111.0,-111.0,-213.0,163.0,,
401468241,2022-10-30T01:00Z,2022-10-29,2023,2,DAL,OKC,111.0,117.0,False,,BetfairSportsbook,-10.5,-111.0,-111.0,219.5,-111.0,-111.0,-500.0,333.0,,
401468242,2022-10-30T01:00Z,2022-10-29,2023,2,UTAH,MEM,124.0,123.0,False,,BetfairSportsbook,3.5,-111.0,-111.0,225.5,-111.0,-111.0,130.0,-167.0,,
401468243,2022-10-30T19:00Z,2022-10-30,2023,2,LAC,NO,91.0,112.0,False,,BetfairSportsbook,-2.0,-111.0,-111.0,225.5,-111.0,-111.0,-125.0,100.0,,
401468244,2022-10-30T22:00Z,2022-10-30,2023,2,BOS,WSH,112.0,94.0,False,,BetfairSportsbook,-9.5,-111.0,-111.0,222.0,-111.0,-111.0,-450.0,310.0,,
401468245,2022-10-30T22:00Z,2022-10-30,2023,2,CLE,NY,121.0,108.0,False,,BetfairSportsbook,-3.5,-111.0,-111.0,220.0,-111.0,-111.0,-154.0,120.0,,
401468246,2022-10-30T22:00Z,2022-10-30,2023,2,DET,GS,128.0,114.0,False,,BetfairSportsbook,7.5,-111.0,-111.0,231.0,-111.0,-111.0,225.0,-300.0,,
401468247,2022-10-30T23:00Z,2022-10-30,2023,2,SA,MIN,107.0,98.0,False,,BetfairSportsbook,7.0,-111.0,-111.0,237.0,-111.0,-111.0,188.0,-250.0,,
401468248,2022-10-30T23:30Z,2022-10-30,2023,2,DAL,ORL,114.0,105.0,False,,BetfairSportsbook,-9.0,-111.0,-111.0,211.5,-111.0,-111.0,-450.0,310.0,,
401468249,2022-10-31T01:00Z,2022-10-30,2023,2,PHX,HOU,124.0,109.0,False,,BetfairSportsbook,-13.0,-111.0,-111.0,227.5,-111.0,-111.0,-1000.0,550.0,,
401468250,2022-10-31T01:30Z,2022-10-30,2023,2,LAL,DEN,121.0,110.0,False,,BetfairSportsbook,2.5,-111.0,-111.0,228.5,-111.0,-111.0,115.0,-150.0,,
401468251,2022-10-31T23:00Z,2022-10-31,2023,2,CHA,SAC,108.0,115.0,False,,BetfairSportsbook,3.5,-111.0,-111.0,231.5,-111.0,-111.0,138.0,-175.0,,
401468252,2022-10-31T23:00Z,2022-10-31,2023,2,WSH,PHI,111.0,118.0,False,,BetfairSportsbook,3.0,-111.0,-111.0,216.5,-111.0,-111.0,125.0,-163.0,,
401468253,2022-10-31T23:30Z,2022-10-31,2023,2,BKN,IND,116.0,109.0,False,,BetfairSportsbook,-8.0,-111.0,-111.0,236.0,-111.0,-111.0,-350.0,250.0,,
401468254,2022-10-31T23:30Z,2022-10-31,2023,2,TOR,ATL,139.0,109.0,False,,BetfairSportsbook,-2.0,-111.0,-111.0,222.5,-111.0,-111.0,-125.0,100.0,,
401468255,2022-11-01T00:00Z,2022-10-31,2023,2,MIL,DET,110.0,108.0,False,,BetfairSportsbook,-13.5,-111.0,-111.0,225.0,-111.0,-111.0,-1000.0,550.0,,
401468256,2022-11-01T01:00Z,2022-10-31,2023,2,UTAH,MEM,121.0,105.0,False,,BetfairSportsbook,3.0,-111.0,-111.0,232.0,-111.0,-111.0,120.0,-154.0,,
401468257,2022-11-01T02:30Z,2022-10-31,2023,2,LAC,HOU,95.0,93.0,False,,BetfairSportsbook,-8.5,-111.0,-111.0,225.5,-111.0,-111.0,-350.0,250.0,,
401468258,2022-11-01T23:30Z,2022-11-01,2023,2,BKN,CHI,99.0,108.0,False,,BetfairSportsbook,-2.0,-111.0,-111.0,232.5,-111.0,-111.0,-138.0,110.0,,
401468259,2022-11-01T23:30Z,2022-11-01,2023,2,MIA,GS,116.0,109.0,False,,BetfairSportsbook,-1.0,-111.0,-111.0,225.5,-111.0,-111.0,-111.0,-111.0,,
401468260,2022-11-02T00:00Z,2022-11-01,2023,2,OKC,ORL,116.0,108.0,False,,BetfairSportsbook,-3.0,-111.0,-111.0,216.5,-111.0,-111.0,-167.0,130.0,,
401468261,2022-11-02T02:00Z,2022-11-01,2023,2,PHX,MIN,116.0,107.0,False,,BetfairSportsbook,-4.0,-111.0,-111.0,228.0,-111.0,-111.0,-188.0,145.0,,
401468263,2022-11-02T22:00Z,2022-11-02,2023,2,PHI,WSH,111.0,121.0,False,,BetfairSportsbook,-5.5,-111.0,-111.0,217.0,-111.0,-111.0,-225.0,170.0,,
401468262,2022-11-02T23:30Z,2022-11-02,2023,2,CLE,BOS,114.0,113.0,False,,BetfairSportsbook,1.5,-111.0,-111.0,220.0,-111.0,-111.0,100.0,-125.0,,
401468264,2022-11-02T23:30Z,2022-11-02,2023,2,MIA,SAC,110.0,107.0,False,,BetfairSportsbook,-4.5,-111.0,-111.0,220.5,-111.0,-111.0,-200.0,155.0,,
401468265,2022-11-02T23:30Z,2022-11-02,2023,2,NY,ATL,99.0,112.0,False,,BetfairSportsbook,-2.5,-111.0,-111.0,233.0,-111.0,-111.0,-138.0,110.0,,
401468266,2022-11-03T00:00Z,2022-11-02,2023,2,CHI,CHA,106.0,88.0,False,,BetfairSportsbook,-6.5,-111.0,-111.0,224.5,-111.0,-111.0,-250.0,188.0,,
401468267,2022-11-03T00:00Z,2022-11-02,2023,2,HOU,LAC,101.0,109.0,False,,BetfairSportsbook,6.0,-111.0,-111.0,223.5,-111.0,-111.0,188.0,-250.0,,
401468268,2022-11-03T00:00Z,2022-11-02,2023,2,MIL,DET,116.0,91.0,False,,BetfairSportsbook,-11.5,-111.0,-111.0,223.5,-111.0,-111.0,-600.0,400.0,,
401468269,2022-11-03T00:00Z,2022-11-02,2023,2,SA,TOR,100.0,143.0,False,,BetfairSportsbook,6.5,-111.0,-111.0,223.5,-111.0,-111.0,188.0,-250.0,,
401468270,2022-11-03T00:30Z,2022-11-02,2023,2,DAL,UTAH,103.0,100.0,False,,BetfairSportsbook,-6.5,-111.0,-111.0,222.0,-111.0,-111.0,-250.0,188.0,,
401468271,2022-11-03T02:00Z,2022-11-02,2023,2,POR,MEM,106.0,111.0,False,,BetfairSportsbook,5.5,-111.0,-111.0,228.0,-111.0,-111.0,188.0,-250.0,,
401468272,2022-11-03T02:30Z,2022-11-02,2023,2,LAL,NO,120.0,117.0,False,,BetfairSportsbook,2.5,-111.0,-111.0,230.0,-111.0,-111.0,115.0,-150.0,,
401468273,2022-11-03T23:00Z,2022-11-03,2023,2,ORL,GS,130.0,129.0,False,,BetfairSportsbook,9.5,-111.0,-111.0,226.0,-111.0,-111.0,310.0,-450.0,,
401468274,2022-11-04T00:00Z,2022-11-03,2023,2,OKC,DEN,110.0,122.0,False,,BetfairSportsbook,6.5,-111.0,-111.0,228.0,-111.0,-111.0,210.0,-275.0,,
401468275,2022-11-04T23:00Z,2022-11-04,2023,2,DET,CLE,88.0,112.0,False,,BetfairSportsbook,4.0,-111.0,-111.0,215.5,-111.0,-111.0,145.0,-188.0,,
401468276,2022-11-04T23:00Z,2022-11-04,2023,2,IND,MIA,101.0,99.0,False,,BetfairSportsbook,3.0,-111.0,-111.0,224.5,-111.0,-111.0,130.0,-167.0,,
401468277,2022-11-04T23:00Z,2022-11-04,2023,2,PHI,NY,104.0,106.0,False,,BetfairSportsbook,-1.5,-111.0,-111.0,221.5,-111.0,-111.0,-125.0,100.0,,
401468278,2022-11-04T23:00Z,2022-11-04,2023,2,WSH,BKN,86.0,128.0,False,,BetfairSportsbook,-3.0,-111.0,-111.0,223.0,-111.0,-111.0,-163.0,125.0,,
401468279,2022-11-04T23:30Z,2022-11-04,2023,2,BOS,CHI,123.0,119.0,False,,BetfairSportsbook,-7.5,-111.0,-111.0,223.0,-111.0,-111.0,-300.0,225.0,,
401468280,2022-11-05T00:00Z,2022-11-04,2023,2,MEM,CHA,130.0,99.0,False,,BetfairSportsbook,-11.5,-111.0,-111.0,227.0,-111.0,-111.0,-600.0,400.0,,
401468281,2022-11-05T00:00Z,2022-11-04,2023,2,SA,LAC,106.0,113.0,False,,BetfairSportsbook,3.5,-111.0,-111.0,225.5,-111.0,-111.0,138.0,-175.0,,
401468282,2022-11-05T00:30Z,2022-11-04,2023,2,DAL,TOR,111.0,110.0,False,,BetfairSportsbook,-4.0,-111.0,-111.0,216.0,-111.0,-111.0,-188.0,145.0,,
401468283,2022-11-05T00:30Z,2022-11-04,2023,2,NO,GS,114.0,105.0,False,,BetfairSportsbook,-11.0,-111.0,-111.0,227.0,-111.0,-111.0,-500.0,333.0,,
401468284,2022-11-05T02:00Z,2022-11-04,2023,2,MIN,MIL,102.0,115.0,False,,BetfairSportsbook,2.5,-111.0,-111.0,225.5,-111.0,-111.0,110.0,-138.0,,
401468285,2022-11-05T02:00Z,2022-11-04,2023,2,PHX,POR,106.0,108.0,False,,BetfairSportsbook,-12.0,-111.0,-111.0,217.5,-111.0,-111.0,-800.0,500.0,,
401468286,2022-11-05T02:30Z,2022-11-04,2023,2,LAL,UTAH,116.0,130.0,False,,BetfairSportsbook,-3.5,-111.0,-111.0,228.5,-111.0,-111.0,-188.0,145.0,,
401468287,2022-11-05T21:00Z,2022-11-05,2023,2,ORL,SAC,123.0,126.0,False,,BetfairSportsbook,4.5,-111.0,-111.0,228.5,-111.0,-111.0,155.0,-200.0,,
401468288,2022-11-05T23:00Z,2022-11-05,2023,2,CHA,BKN,94.0,98.0,False,,BetfairSportsbook,4.0,-111.0,-111.0,223.5,-111.0,-111.0,145.0,-188.0,,
401468289,2022-11-05T23:30Z,2022-11-05,2023,2,ATL,NO,124.0,121.0,False,,BetfairSportsbook,-1.5,-111.0,-111.0,234.5,-111.0,-111.0,-125.0,100.0,,
401468290,2022-11-05T23:30Z,2022-11-05,2023,2,NY,BOS,118.0,133.0,False,,BetfairSportsbook,4.0,-111.0,-111.0,227.0,-111.0,-111.0,138.0,-175.0,,
401468291,2022-11-06T00:00Z,2022-11-05,2023,2,MIL,OKC,108.0,94.0,False,,BetfairSportsbook,-5.5,-111.0,-111.0,219.0,-111.0,-111.0,-250.0,188.0,,
401468292,2022-11-06T00:00Z,2022-11-05,2023,2,MIN,HOU,129.0,117.0,False,,BetfairSportsbook,-7.5,-111.0,-111.0,234.0,-111.0,-111.0,-333.0,240.0,,
401468293,2022-11-06T01:00Z,2022-11-05,2023,2,DEN,SA,126.0,101.0,False,,BetfairSportsbook,-12.0,-111.0,-111.0,235.5,-111.0,-111.0,-600.0,400.0,,
401468294,2022-11-06T02:00Z,2022-11-05,2023,2,PHX,POR,102.0,82.0,False,,BetfairSportsbook,-11.5,-111.0,-111.0,215.5,-111.0,-111.0,-700.0,450.0,,
401468295,2022-11-06T20:30Z,2022-11-06,2023,2,LAL,CLE,100.0,114.0,False,,BetfairSportsbook,5.5,-111.0,-111.0,222.0,-111.0,-111.0,163.0,-213.0,,
401468296,2022-11-06T23:00Z,2022-11-06,2023,2,TOR,CHI,113.0,104.0,False,,BetfairSportsbook,-4.0,-111.0,-111.0,219.5,-111.0,-111.0,-188.0,145.0,,
401468297,2022-11-06T23:00Z,2022-11-06,2023,2,MEM,WSH,103.0,97.0,False,,BetfairSportsbook,-9.5,-111.0,-111.0,224.0,-111.0,-111.0,-450.0,310.0,,
401468298,2022-11-07T03:00Z,2022-11-06,2023,2,LAC,UTAH,102.0,110.0,False,,BetfairSportsbook,-3.5,-111.0,-111.0,218.5,-111.0,-111.0,-175.0,138.0,,
401468299,2022-11-08T00:00Z,2022-11-07,2023,2,CHA,WSH,100.0,108.0,False,,BetfairSportsbook,-2.0,-111.0,-111.0,213.5,-111.0,-111.0,-133.0,105.0,,
401468300,2022-11-08T00:15Z,2022-11-07,2023,2,ORL,HOU,127.0,134.0,False,,BetfairSportsbook,-4.5,-111.0,-111.0,224.0,-111.0,-111.0,-200.0,155.0,,
401468301,2022-11-08T00:30Z,2022-11-07,2023,2,DET,OKC,112.0,103.0,False,,BetfairSportsbook,2.0,-111.0,-111.0,224.0,-111.0,-111.0,110.0,-138.0,,
401468302,2022-11-08T00:45Z,2022-11-07,2023,2,IND,NO,129.0,122.0,False,,BetfairSportsbook,5.0,-111.0,-111.0,233.0,-111.0,-111.0,163.0,-213.0,,
401468303,2022-11-08T01:00Z,2022-11-07,2023,2,PHI,PHX,100.0,88.0,False,,BetfairSportsbook,1.0,-111.0,-111.0,215.0,-111.0,-111.0,-111.0,-111.0,,
401468304,2022-11-08T01:15Z,2022-11-07,2023,2,ATL,MIL,117.0,98.0,False,,BetfairSportsbook,5.5,-111.0,-111.0,220.0,-111.0,-111.0,188.0,-250.0,,
401468305,2022-11-08T01:30Z,2022-11-07,2023,2,MIA,POR,107.0,110.0,False,,BetfairSportsbook,-5.0,-111.0,-111.0,216.5,-111.0,-111.0,-213.0,163.0,,
401468306,2022-11-08T01:45Z,2022-11-07,2023,2,CHI,TOR,111.0,97.0,False,,BetfairSportsbook,-2.0,-111.0,-111.0,221.0,-111.0,-111.0,-138.0,110.0,,
401468307,2022-11-08T02:00Z,2022-11-07,2023,2,MEM,BOS,106.0,109.0,False,,BetfairSportsbook,4.0,-111.0,-111.0,232.0,-111.0,-111.0,145.0,-188.0,,
401468308,2022-11-08T02:15Z,2022-11-07,2023,2,MIN,NY,107.0,120.0,False,,BetfairSportsbook,-3.0,-111.0,-111.0,234.5,-111.0,-111.0,-154.0,120.0,,
401468309,2022-11-08T02:30Z,2022-11-07,2023,2,SA,DEN,109.0,115.0,False,,BetfairSportsbook,8.0,-111.0,-111.0,234.5,-111.0,-111.0,250.0,-350.0,,
401468310,2022-11-08T02:45Z,2022-11-07,2023,2,DAL,BKN,96.0,94.0,False,,BetfairSportsbook,-6.0,-111.0,-111.0,216.0,-111.0,-111.0,-250.0,188.0,,
401468311,2022-11-08T03:00Z,2022-11-07,2023,2,GS,SAC,116.0,113.0,False,,BetfairSportsbook,-8.0,-110.0,-110.0,236.5,-110.0,-110.0,-333.0,250.0,,
401468312,2022-11-08T03:15Z,2022-11-07,2023,2,UTAH,LAL,139.0,116.0,False,,BetfairSportsbook,-7.0,-111.0,-111.0,224.5,-111.0,-111.0,-275.0,210.0,,
401468313,2022-11-08T03:30Z,2022-11-07,2023,2,LAC,CLE,119.0,117.0,False,,BetfairSportsbook,4.0,-111.0,-111.0,212.0,-111.0,-111.0,155.0,-200.0,,
401468316,2022-11-09T22:30Z,2022-11-09,2023,2,ORL,DAL,94.0,87.0,False,,BetfairSportsbook,8.5,-111.0,-111.0,213.0,-111.0,-111.0,250.0,-350.0,,
401468314,2022-11-10T00:00Z,2022-11-09,2023,2,CHA,POR,95.0,105.0,False,,BetfairSportsbook,1.5,-111.0,-111.0,221.0,-111.0,-111.0,100.0,-125.0,,
401468315,2022-11-10T00:00Z,2022-11-09,2023,2,IND,DEN,119.0,122.0,False,,BetfairSportsbook,5.0,-111.0,-111.0,235.5,-111.0,-111.0,163.0,-213.0,,
401468317,2022-11-10T00:30Z,2022-11-09,2023,2,ATL,UTAH,119.0,125.0,False,,BetfairSportsbook,-4.5,-111.0,-111.0,231.5,-111.0,-111.0,-188.0,145.0,,
401468318,2022-11-10T00:30Z,2022-11-09,2023,2,BOS,DET,128.0,112.0,False,,BetfairSportsbook,-13.0,-111.0,-111.0,226.0,-111.0,-111.0,-1000.0,550.0,,
401468319,2022-11-10T00:30Z,2022-11-09,2023,2,BKN,NY,112.0,85.0,False,,BetfairSportsbook,-3.0,-111.0,-111.0,221.0,-111.0,-111.0,-167.0,130.0,,
401468320,2022-11-10T00:30Z,2022-11-09,2023,2,TOR,HOU,116.0,109.0,False,,BetfairSportsbook,-10.0,-111.0,-111.0,224.0,-111.0,-111.0,-500.0,333.0,,
401468321,2022-11-10T01:00Z,2022-11-09,2023,2,CHI,NO,111.0,115.0,False,,BetfairSportsbook,2.0,-111.0,-111.0,232.5,-111.0,-111.0,110.0,-138.0,,
401468322,2022-11-10T01:00Z,2022-11-09,2023,2,MIN,PHX,117.0,129.0,False,,BetfairSportsbook,-1.5,-111.0,-111.0,224.0,-111.0,-111.0,-125.0,100.0,,
401468323,2022-11-10T01:00Z,2022-11-09,2023,2,OKC,MIL,132.0,136.0,False,,BetfairSportsbook,1.0,-111.0,-111.0,213.5,-111.0,-111.0,100.0,-125.0,,
401468324,2022-11-10T01:00Z,2022-11-09,2023,2,SA,MEM,122.0,124.0,False,,BetfairSportsbook,5.5,-111.0,-111.0,234.0,-111.0,-111.0,170.0,-225.0,,
401468325,2022-11-10T03:00Z,2022-11-09,2023,2,LAC,LAL,114.0,101.0,False,,BetfairSportsbook,-3.5,-111.0,-111.0,219.0,-111.0,-111.0,-175.0,138.0,,
401468326,2022-11-10T03:00Z,2022-11-09,2023,2,SAC,CLE,127.0,120.0,False,,BetfairSportsbook,4.5,-111.0,-111.0,228.5,-111.0,-111.0,163.0,-213.0,,
401468327,2022-11-11T00:00Z,2022-11-10,2023,2,WSH,DAL,113.0,105.0,False,,BetfairSportsbook,6.0,-111.0,-111.0,209.0,-111.0,-111.0,188.0,-250.0,,
401468328,2022-11-11T00:30Z,2022-11-10,2023,2,ATL,PHI,104.0,95.0,False,,BetfairSportsbook,-1.0,-111.0,-111.0,222.0,-111.0,-111.0,-125.0,100.0,,
401468329,2022-11-11T00:30Z,2022-11-10,2023,2,MIA,CHA,117.0,112.0,False,,BetfairSportsbook,-10.5,-111.0,-111.0,212.5,-111.0,-111.0,-600.0,400.0,,
401468330,2022-11-11T01:00Z,2022-11-10,2023,2,NO,POR,95.0,106.0,False,,BetfairSportsbook,-10.0,-111.0,-111.0,222.0,-111.0,-111.0,-450.0,310.0,,
401468331,2022-11-12T00:00Z,2022-11-11,2023,2,BOS,DEN,131.0,112.0,False,,BetfairSportsbook,-4.0,-111.0,-111.0,230.5,-111.0,-111.0,-188.0,145.0,,
401468332,2022-11-12T00:00Z,2022-11-11,2023,2,ORL,PHX,114.0,97.0,False,,BetfairSportsbook,7.5,-111.0,-111.0,215.0,-111.0,-111.0,225.0,-300.0,,
401468333,2022-11-12T00:30Z,2022-11-11,2023,2,NY,DET,121.0,112.0,False,,BetfairSportsbook,-9.5,-111.0,-111.0,224.5,-111.0,-111.0,-450.0,310.0,,
401468334,2022-11-12T01:00Z,2022-11-11,2023,2,OKC,TOR,132.0,113.0,False,,BetfairSportsbook,5.5,-111.0,-111.0,219.5,-111.0,-111.0,163.0,-213.0,,
401468335,2022-11-12T01:00Z,2022-11-11,2023,2,SA,MIL,111.0,93.0,False,,BetfairSportsbook,-2.0,-111.0,-111.0,219.5,-111.0,-111.0,-138.0,110.0,,
401468336,2022-11-12T02:30Z,2022-11-11,2023,2,MEM,MIN,114.0,103.0,False,,BetfairSportsbook,-4.0,-111.0,-111.0,233.5,-111.0,-111.0,-188.0,145.0,,
401468337,2022-11-12T03:00Z,2022-11-11,2023,2,GS,CLE,106.0,101.0,False,,BetfairSportsbook,-3.0,-111.0,-111.0,232.0,-111.0,-111.0,-167.0,130.0,,
401468338,2022-11-12T03:30Z,2022-11-11,2023,2,LAL,SAC,114.0,120.0,False,,BetfairSportsbook,4.5,-111.0,-111.0,233.0,-111.0,-111.0,163.0,-213.0,,
401468339,2022-11-12T21:00Z,2022-11-12,2023,2,LAC,BKN,95.0,110.0,False,,BetfairSportsbook,-1.5,-111.0,-111.0,212.0,-111.0,-111.0,-125.0,100.0,,
401468340,2022-11-12T23:00Z,2022-11-12,2023,2,WSH,UTAH,121.0,112.0,False,,BetfairSportsbook,4.0,-111.0,-111.0,222.0,-111.0,-111.0,145.0,-188.0,,
401468341,2022-11-13T00:00Z,2022-11-12,2023,2,DET,BOS,108.0,117.0,False,,BetfairSportsbook,9.0,-111.0,-111.0,225.5,-111.0,-111.0,280.0,-400.0,,
401468342,2022-11-13T00:00Z,2022-11-12,2023,2,IND,TOR,118.0,104.0,False,,BetfairSportsbook,-2.5,-111.0,-111.0,229.0,-111.0,-111.0,-138.0,110.0,,
401468343,2022-11-13T00:30Z,2022-11-12,2023,2,PHI,ATL,121.0,109.0,False,,BetfairSportsbook,-2.5,-111.0,-111.0,223.0,-111.0,-111.0,-150.0,115.0,,
401468344,2022-11-13T01:00Z,2022-11-12,2023,2,MIA,CHA,132.0,115.0,False,,BetfairSportsbook,-8.0,-111.0,-111.0,214.5,-111.0,-111.0,-350.0,250.0,,
401468345,2022-11-13T01:30Z,2022-11-12,2023,2,DAL,POR,117.0,112.0,False,,BetfairSportsbook,-7.0,-111.0,-111.0,219.0,-111.0,-111.0,-250.0,188.0,,
401468346,2022-11-13T01:30Z,2022-11-12,2023,2,NO,HOU,119.0,106.0,False,,BetfairSportsbook,-10.5,-111.0,-111.0,233.0,-111.0,-111.0,-500.0,333.0,,
401468347,2022-11-13T17:00Z,2022-11-13,2023,2,NY,OKC,135.0,145.0,False,,BetfairSportsbook,-5.0,-111.0,-111.0,227.5,-111.0,-111.0,-225.0,170.0,,
401468348,2022-11-13T23:00Z,2022-11-13,2023,2,CLE,MIN,124.0,129.0,False,,BetfairSportsbook,-1.0,-111.0,-111.0,221.0,-111.0,-111.0,-111.0,-111.0,,
401468349,2022-11-13T23:00Z,2022-11-13,2023,2,WSH,MEM,102.0,92.0,False,,BetfairSportsbook,-1.5,-111.0,-111.0,217.5,-111.0,-111.0,-125.0,100.0,,
401468350,2022-11-14T00:30Z,2022-11-13,2023,2,PHI,UTAH,105.0,98.0,False,,BetfairSportsbook,-3.5,-111.0,-111.0,218.0,-111.0,-111.0,-175.0,138.0,,
401468351,2022-11-14T01:00Z,2022-11-13,2023,2,CHI,DEN,103.0,126.0,False,,BetfairSportsbook,1.5,-111.0,-111.0,232.0,-111.0,-111.0,100.0,-125.0,,
401468352,2022-11-14T02:00Z,2022-11-13,2023,2,SAC,GS,122.0,115.0,False,,BetfairSportsbook,4.0,-111.0,-111.0,236.5,-111.0,-111.0,145.0,-188.0,,
401468353,2022-11-14T02:30Z,2022-11-13,2023,2,LAL,BKN,116.0,103.0,False,,BetfairSportsbook,5.0,-111.0,-111.0,217.5,-111.0,-111.0,163.0,-213.0,,
401468354,2022-11-15T00:00Z,2022-11-14,2023,2,DET,TOR,111.0,115.0,False,,BetfairSportsbook,4.5,-111.0,-111.0,218.5,-111.0,-111.0,155.0,-200.0,,
401468355,2022-11-15T00:00Z,2022-11-14,2023,2,ORL,CHA,105.0,112.0,False,,BetfairSportsbook,1.5,-111.0,-111.0,225.0,-111.0,-111.0,105.0,-133.0,,
401468356,2022-11-15T00:30Z,2022-11-14,2023,2,BOS,OKC,126.0,122.0,False,,BetfairSportsbook,-11.5,-111.0,-111.0,229.0,-111.0,-111.0,-700.0,450.0,,
401468357,2022-11-15T00:30Z,2022-11-14,2023,2,MIA,PHX,113.0,112.0,False,,BetfairSportsbook,-2.5,-111.0,-111.0,215.5,-111.0,-111.0,-150.0,115.0,,
401468358,2022-11-15T01:00Z,2022-11-14,2023,2,HOU,LAC,106.0,122.0,False,,BetfairSportsbook,5.0,-111.0,-111.0,219.5,-111.0,-111.0,163.0,-213.0,,
401468359,2022-11-15T01:00Z,2022-11-14,2023,2,MIL,ATL,106.0,121.0,False,,BetfairSportsbook,-4.0,-111.0,-111.0,225.5,-111.0,-111.0,-175.0,138.0,,
401468360,2022-11-15T03:00Z,2022-11-14,2023,2,GS,SA,132.0,95.0,False,,BetfairSportsbook,-9.0,-111.0,-111.0,234.0,-111.0,-111.0,-450.0,310.0,,
401468361,2022-11-16T00:30Z,2022-11-15,2023,2,NO,MEM,113.0,102.0,False,,BetfairSportsbook,-1.5,-111.0,-111.0,223.5,-111.0,-111.0,-125.0,100.0,,
401468362,2022-11-16T01:30Z,2022-11-15,2023,2,DAL,LAC,103.0,101.0,False,,BetfairSportsbook,-6.5,-111.0,-111.0,212.0,-111.0,-111.0,-275.0,210.0,,
401468363,2022-11-16T02:00Z,2022-11-15,2023,2,UTAH,NY,111.0,118.0,False,,BetfairSportsbook,-4.0,-111.0,-111.0,232.0,-111.0,-111.0,-200.0,155.0,,
401468364,2022-11-16T03:00Z,2022-11-15,2023,2,POR,SA,117.0,110.0,False,,BetfairSportsbook,-8.5,-111.0,-111.0,226.5,-111.0,-111.0,-333.0,240.0,,
401468365,2022-11-16T03:00Z,2022-11-15,2023,2,SAC,BKN,153.0,121.0,False,,BetfairSportsbook,-1.5,-111.0,-111.0,226.0,-111.0,-111.0,-111.0,-111.0,,
401468366,2022-11-17T00:00Z,2022-11-16,2023,2,CHA,IND,113.0,125.0,False,,BetfairSportsbook,1.0,-111.0,-111.0,236.5,-111.0,-111.0,-111.0,-111.0,,
401468367,2022-11-17T00:00Z,2022-11-16,2023,2,ORL,MIN,108.0,126.0,False,,BetfairSportsbook,8.0,-111.0,-111.0,223.5,-111.0,-111.0,240.0,-333.0,,
401468368,2022-11-17T00:00Z,2022-11-16,2023,2,WSH,OKC,120.0,121.0,False,,BetfairSportsbook,-5.0,-111.0,-111.0,230.0,-111.0,-111.0,-213.0,163.0,,
401468369,2022-11-17T00:30Z,2022-11-16,2023,2,ATL,BOS,101.0,126.0,False,,BetfairSportsbook,1.0,-111.0,-111.0,234.5,-111.0,-111.0,-111.0,-111.0,,
401468370,2022-11-17T00:30Z,2022-11-16,2023,2,TOR,MIA,112.0,104.0,False,,BetfairSportsbook,-3.0,-111.0,-111.0,216.0,-111.0,-111.0,-163.0,125.0,,
401468371,2022-11-17T01:00Z,2022-11-16,2023,2,MIL,CLE,113.0,98.0,False,,BetfairSportsbook,-2.5,-111.0,-111.0,218.5,-111.0,-111.0,-138.0,110.0,,
401468372,2022-11-17T01:00Z,2022-11-16,2023,2,NO,CHI,124.0,110.0,False,,BetfairSportsbook,-2.0,-111.0,-111.0,226.5,-111.0,-111.0,-138.0,110.0,,
401468373,2022-11-17T01:30Z,2022-11-16,2023,2,DAL,HOU,92.0,101.0,False,,BetfairSportsbook,-6.5,-111.0,-111.0,218.5,-111.0,-111.0,-275.0,210.0,,
401468374,2022-11-17T03:00Z,2022-11-16,2023,2,DEN,NY,103.0,106.0,False,,BetfairSportsbook,-2.0,-111.0,-111.0,226.0,-111.0,-111.0,-133.0,105.0,,
401468375,2022-11-17T03:00Z,2022-11-16,2023,2,PHX,GS,130.0,119.0,False,,BetfairSportsbook,2.5,-111.0,-111.0,227.0,-111.0,-111.0,115.0,-150.0,,
401468376,2022-11-18T03:00Z,2022-11-17,2023,2,POR,BKN,107.0,109.0,False,,BetfairSportsbook,-3.0,-111.0,-111.0,220.5,-111.0,-111.0,-163.0,125.0,,
401468377,2022-11-18T03:00Z,2022-11-17,2023,2,SAC,SA,130.0,112.0,False,,BetfairSportsbook,-7.0,-111.0,-111.0,237.0,-111.0,-111.0,-275.0,210.0,,
401468378,2022-11-18T03:30Z,2022-11-17,2023,2,LAC,DET,96.0,91.0,False,,BetfairSportsbook,-10.5,-111.0,-111.0,218.5,-111.0,-111.0,-600.0,400.0,,
401468379,2022-11-19T00:00Z,2022-11-18,2023,2,WSH,MIA,107.0,106.0,False,,BetfairSportsbook,-7.5,-111.0,-111.0,216.5,-111.0,-111.0,-300.0,225.0,,
401468380,2022-11-19T00:30Z,2022-11-18,2023,2,CLE,CHA,132.0,122.0,False,,BetfairSportsbook,-10.0,-111.0,-111.0,220.0,-111.0,-111.0,-500.0,333.0,,
401468381,2022-11-19T00:30Z,2022-11-18,2023,2,PHI,MIL,110.0,102.0,False,,BetfairSportsbook,1.0,-111.0,-111.0,211.5,-111.0,-111.0,-111.0,-111.0,,
401468382,2022-11-19T01:00Z,2022-11-18,2023,2,CHI,ORL,107.0,108.0,False,,BetfairSportsbook,-8.5,-111.0,-111.0,221.0,-111.0,-111.0,-350.0,250.0,,
401468383,2022-11-19T01:00Z,2022-11-18,2023,2,HOU,IND,91.0,99.0,False,,BetfairSportsbook,6.0,-111.0,-111.0,236.5,-111.0,-111.0,170.0,-225.0,,
401468384,2022-11-19T01:00Z,2022-11-18,2023,2,MEM,OKC,121.0,110.0,False,,BetfairSportsbook,-6.5,-111.0,-111.0,230.0,-111.0,-111.0,-250.0,188.0,,
401468385,2022-11-19T01:30Z,2022-11-18,2023,2,DAL,DEN,127.0,99.0,False,,BetfairSportsbook,-10.0,-111.0,-111.0,216.0,-111.0,-111.0,-500.0,333.0,,
401468386,2022-11-19T01:30Z,2022-11-18,2023,2,NO,BOS,109.0,117.0,False,,BetfairSportsbook,3.0,-111.0,-111.0,227.0,-111.0,-111.0,130.0,-167.0,,
401468387,2022-11-19T02:00Z,2022-11-18,2023,2,UTAH,PHX,134.0,133.0,False,,BetfairSportsbook,-0.5,-111.0,-111.0,228.5,-111.0,-111.0,-111.0,-111.0,,
401468388,2022-11-19T03:00Z,2022-11-18,2023,2,GS,NY,111.0,101.0,False,,BetfairSportsbook,-7.5,-111.0,-111.0,234.5,-111.0,-111.0,-300.0,225.0,,
401468389,2022-11-19T03:30Z,2022-11-18,2023,2,LAL,DET,128.0,121.0,False,,BetfairSportsbook,-6.5,-111.0,-111.0,226.0,-111.0,-111.0,-275.0,210.0,,
401468390,2022-11-19T23:00Z,2022-11-19,2023,2,ATL,TOR,124.0,122.0,False,,BetfairSportsbook,-5.5,-111.0,-111.0,226.5,-111.0,-111.0,-225.0,170.0,,
401468391,2022-11-20T00:00Z,2022-11-19,2023,2,IND,ORL,114.0,113.0,False,,BetfairSportsbook,-7.5,-111.0,-111.0,226.0,-111.0,-111.0,-300.0,225.0,,
401468392,2022-11-20T00:30Z,2022-11-19,2023,2,PHI,MIN,109.0,112.0,False,,BetfairSportsbook,3.5,-111.0,-111.0,218.0,-111.0,-111.0,130.0,-167.0,,
401468393,2022-11-20T03:00Z,2022-11-19,2023,2,POR,UTAH,113.0,118.0,False,,BetfairSportsbook,-4.0,-111.0,-111.0,228.0,-111.0,-111.0,-188.0,145.0,,
401468394,2022-11-20T03:30Z,2022-11-19,2023,2,LAC,SA,119.0,97.0,False,,BetfairSportsbook,-9.0,-111.0,-111.0,221.0,-111.0,-111.0,-400.0,280.0,,
401468395,2022-11-20T20:30Z,2022-11-20,2023,2,PHX,NY,116.0,95.0,False,,BetfairSportsbook,-6.0,-111.0,-111.0,226.5,-111.0,-111.0,-250.0,188.0,,
401468396,2022-11-20T23:00Z,2022-11-20,2023,2,WSH,CHA,106.0,102.0,False,,BetfairSportsbook,-5.0,-111.0,-111.0,220.5,-111.0,-111.0,-213.0,163.0,,
401468397,2022-11-20T23:00Z,2022-11-20,2023,2,SAC,DET,137.0,129.0,False,,BetfairSportsbook,-10.5,-111.0,-111.0,234.5,-111.0,-111.0,-500.0,333.0,,
401468398,2022-11-21T00:00Z,2022-11-20,2023,2,BKN,MEM,127.0,115.0,False,,BetfairSportsbook,-7.5,-111.0,-111.0,224.0,-111.0,-111.0,-300.0,225.0,,
401468399,2022-11-21T00:00Z,2022-11-20,2023,2,CLE,MIA,113.0,87.0,False,,BetfairSportsbook,-7.5,-111.0,-111.0,213.0,-111.0,-111.0,-300.0,225.0,,
401468400,2022-11-21T00:00Z,2022-11-20,2023,2,HOU,GS,120.0,127.0,False,,BetfairSportsbook,10.5,-111.0,-111.0,233.0,-111.0,-111.0,333.0,-500.0,,
401468401,2022-11-21T00:30Z,2022-11-20,2023,2,DAL,DEN,97.0,98.0,False,,BetfairSportsbook,-10.5,-111.0,-111.0,217.5,-111.0,-111.0,-500.0,333.0,,
401468402,2022-11-21T02:30Z,2022-11-20,2023,2,LAL,SA,123.0,92.0,False,,BetfairSportsbook,-6.5,-111.0,-111.0,229.0,-111.0,-111.0,-250.0,188.0,,
401468403,2022-11-22T00:00Z,2022-11-21,2023,2,CLE,ATL,114.0,102.0,False,,BetfairSportsbook,-3.5,-111.0,-111.0,228.0,-111.0,-111.0,-175.0,138.0,,
401468404,2022-11-22T00:00Z,2022-11-21,2023,2,IND,ORL,123.0,102.0,False,,BetfairSportsbook,-7.0,-111.0,-111.0,225.5,-111.0,-111.0,-275.0,210.0,,
401468405,2022-11-22T01:00Z,2022-11-21,2023,2,CHI,BOS,121.0,107.0,False,,BetfairSportsbook,5.5,-111.0,-111.0,229.5,-111.0,-111.0,170.0,-213.0,,
401468406,2022-11-22T01:00Z,2022-11-21,2023,2,MIL,POR,119.0,111.0,False,,BetfairSportsbook,-10.0,-111.0,-111.0,213.5,-111.0,-111.0,-500.0,333.0,,
401468407,2022-11-22T01:00Z,2022-11-21,2023,2,MIN,MIA,105.0,101.0,False,,BetfairSportsbook,-8.5,-111.0,-111.0,220.5,-111.0,-111.0,-400.0,280.0,,
401468408,2022-11-22T01:00Z,2022-11-21,2023,2,NO,GS,128.0,83.0,False,,BetfairSportsbook,-11.0,-111.0,-111.0,227.5,-111.0,-111.0,-600.0,400.0,,
401468409,2022-11-22T01:00Z,2022-11-21,2023,2,OKC,NY,119.0,129.0,False,,BetfairSportsbook,-2.0,-111.0,-111.0,228.0,-111.0,-111.0,-125.0,100.0,,
401468410,2022-11-22T03:30Z,2022-11-21,2023,2,LAC,UTAH,121.0,114.0,False,,BetfairSportsbook,-2.0,-111.0,-111.0,222.5,-111.0,-111.0,-138.0,110.0,,
401468411,2022-11-23T00:30Z,2022-11-22,2023,2,PHI,BKN,115.0,106.0,False,,BetfairSportsbook,8.0,-111.0,-111.0,218.0,-111.0,-111.0,250.0,-350.0,,
401468412,2022-11-23T01:00Z,2022-11-22,2023,2,MEM,SAC,109.0,113.0,False,,BetfairSportsbook,-3.0,-111.0,-111.0,237.0,-111.0,-111.0,-167.0,130.0,,
401468413,2022-11-23T02:00Z,2022-11-22,2023,2,DEN,DET,108.0,110.0,False,,BetfairSportsbook,-11.5,-111.0,-111.0,227.0,-111.0,-111.0,-700.0,450.0,,
401468414,2022-11-23T03:00Z,2022-11-22,2023,2,PHX,LAL,115.0,105.0,False,,BetfairSportsbook,-9.5,-111.0,-111.0,226.5,-111.0,-111.0,-450.0,310.0,,
401468415,2022-11-24T00:00Z,2022-11-23,2023,2,CHA,PHI,107.0,101.0,False,,BetfairSportsbook,-4.0,-111.0,-111.0,215.5,-111.0,-111.0,-188.0,145.0,,
401468416,2022-11-24T00:00Z,2022-11-23,2023,2,CLE,POR,114.0,96.0,False,,BetfairSportsbook,-7.0,-111.0,-111.0,214.0,-111.0,-111.0,-275.0,210.0,,
401468417,2022-11-24T00:00Z,2022-11-23,2023,2,IND,MIN,101.0,115.0,False,,BetfairSportsbook,1.5,-111.0,-111.0,237.5,-111.0,-111.0,105.0,-133.0,,
401468418,2022-11-24T00:30Z,2022-11-23,2023,2,ATL,SAC,115.0,106.0,False,,BetfairSportsbook,-4.5,-111.0,-111.0,241.5,-111.0,-111.0,-200.0,155.0,,
401468419,2022-11-24T00:30Z,2022-11-23,2023,2,BOS,DAL,125.0,112.0,False,,BetfairSportsbook,-6.0,-111.0,-111.0,221.5,-111.0,-111.0,-225.0,170.0,,
401468420,2022-11-24T00:30Z,2022-11-23,2023,2,MIA,WSH,113.0,105.0,False,,BetfairSportsbook,-5.0,-111.0,-111.0,209.0,-111.0,-111.0,-200.0,155.0,,
401468421,2022-11-24T00:30Z,2022-11-23,2023,2,TOR,BKN,98.0,112.0,False,,BetfairSportsbook,2.5,-111.0,-111.0,222.5,-111.0,-111.0,115.0,-150.0,,
401468422,2022-11-24T01:00Z,2022-11-23,2023,2,MIL,CHI,113.0,118.0,False,,BetfairSportsbook,-7.5,-111.0,-111.0,224.0,-111.0,-111.0,-300.0,225.0,,
401468423,2022-11-24T01:00Z,2022-11-23,2023,2,OKC,DEN,126.0,131.0,False,,BetfairSportsbook,1.0,-111.0,-111.0,230.0,-111.0,-111.0,-111.0,-111.0,,
401468424,2022-11-24T01:00Z,2022-11-23,2023,2,SA,NO,110.0,129.0,False,,BetfairSportsbook,5.5,-111.0,-111.0,227.5,-111.0,-111.0,163.0,-213.0,,
401468425,2022-11-24T02:00Z,2022-11-23,2023,2,UTAH,DET,116.0,125.0,False,,BetfairSportsbook,-12.0,-111.0,-111.0,234.0,-111.0,-111.0,-800.0,500.0,,
401468426,2022-11-24T03:00Z,2022-11-23,2023,2,GS,LAC,124.0,107.0,False,,BetfairSportsbook,-10.0,-111.0,-111.0,223.0,-111.0,-111.0,-500.0,333.0,,
401468427,2022-11-25T22:00Z,2022-11-25,2023,2,CHA,MIN,110.0,108.0,False,,BetfairSportsbook,6.5,-111.0,-111.0,227.0,-111.0,-111.0,188.0,-250.0,,
401468428,2022-11-26T00:00Z,2022-11-25,2023,2,ORL,PHI,99.0,107.0,False,,BetfairSportsbook,-2.0,-111.0,-111.0,214.5,-111.0,-111.0,-125.0,100.0,,
401468429,2022-11-26T00:30Z,2022-11-25,2023,2,NY,POR,129.0,132.0,False,,BetfairSportsbook,-4.0,-111.0,-111.0,217.0,-111.0,-111.0,-188.0,145.0,,
401468430,2022-11-26T01:00Z,2022-11-25,2023,2,BOS,SAC,122.0,104.0,False,,BetfairSportsbook,-7.5,-111.0,-111.0,238.5,-111.0,-111.0,-333.0,240.0,,
401468431,2022-11-26T01:00Z,2022-11-25,2023,2,IND,BKN,128.0,117.0,False,,BetfairSportsbook,3.5,-111.0,-111.0,233.5,-111.0,-111.0,138.0,-175.0,,
401468432,2022-11-26T01:00Z,2022-11-25,2023,2,MIA,WSH,110.0,107.0,False,,BetfairSportsbook,-3.0,-111.0,-111.0,216.5,-111.0,-111.0,-163.0,125.0,,
401468433,2022-11-26T01:00Z,2022-11-25,2023,2,HOU,ATL,128.0,122.0,False,,BetfairSportsbook,7.0,-111.0,-111.0,231.5,-111.0,-111.0,210.0,-275.0,,
401468434,2022-11-26T01:00Z,2022-11-25,2023,2,MEM,NO,132.0,111.0,False,,BetfairSportsbook,-2.5,-111.0,-111.0,227.0,-111.0,-111.0,-154.0,120.0,,
401468435,2022-11-26T01:00Z,2022-11-25,2023,2,MIL,CLE,117.0,102.0,False,,BetfairSportsbook,-4.0,-111.0,-111.0,215.5,-111.0,-111.0,-188.0,145.0,,
401468436,2022-11-26T01:00Z,2022-11-25,2023,2,OKC,CHI,123.0,119.0,False,,BetfairSportsbook,3.0,-111.0,-111.0,232.5,-111.0,-111.0,120.0,-154.0,,
401468437,2022-11-26T01:00Z,2022-11-25,2023,2,SA,LAL,94.0,105.0,False,,BetfairSportsbook,4.0,-111.0,-111.0,235.0,-111.0,-111.0,138.0,-175.0,,
401468438,2022-11-26T02:00Z,2022-11-25,2023,2,PHX,DET,108.0,102.0,False,,BetfairSportsbook,-12.5,-111.0,-111.0,224.0,-111.0,-111.0,-1000.0,550.0,,
401468439,2022-11-26T03:00Z,2022-11-25,2023,2,GS,UTAH,129.0,118.0,False,,BetfairSportsbook,-8.0,-111.0,-111.0,239.5,-111.0,-111.0,-350.0,250.0,,
401468440,2022-11-26T03:30Z,2022-11-25,2023,2,LAC,DEN,104.0,114.0,False,,BetfairSportsbook,4.0,-111.0,-111.0,218.5,-111.0,-111.0,155.0,-200.0,,
401468441,2022-11-26T22:00Z,2022-11-26,2023,2,TOR,DAL,105.0,100.0,False,,BetfairSportsbook,2.5,-111.0,-111.0,214.5,-111.0,-111.0,120.0,-154.0,,
401468442,2022-11-27T01:00Z,2022-11-26,2023,2,HOU,OKC,118.0,105.0,False,,BetfairSportsbook,2.0,-111.0,-111.0,231.5,-111.0,-111.0,110.0,-138.0,,
401468443,2022-11-27T01:00Z,2022-11-26,2023,2,SA,LAL,138.0,143.0,False,,BetfairSportsbook,-1.0,-111.0,-111.0,231.0,-111.0,-111.0,-111.0,-111.0,,
401468444,2022-11-27T02:00Z,2022-11-26,2023,2,PHX,UTAH,113.0,112.0,False,,BetfairSportsbook,-6.5,-111.0,-111.0,232.0,-111.0,-111.0,-250.0,188.0,,
401468445,2022-11-27T20:00Z,2022-11-27,2023,2,BKN,POR,111.0,97.0,False,,BetfairSportsbook,-8.0,-111.0,-111.0,223.5,-111.0,-111.0,-333.0,240.0,,
401468446,2022-11-27T20:30Z,2022-11-27,2023,2,MIN,GS,114.0,137.0,False,,BetfairSportsbook,1.5,-111.0,-111.0,237.5,-111.0,-111.0,100.0,-125.0,,
401468447,2022-11-27T21:00Z,2022-11-27,2023,2,LAC,IND,114.0,100.0,False,,BetfairSportsbook,2.0,-111.0,-111.0,220.5,-111.0,-111.0,110.0,-138.0,,
401468448,2022-11-27T22:00Z,2022-11-27,2023,2,ATL,MIA,98.0,106.0,False,,BetfairSportsbook,-4.0,-111.0,-111.0,226.0,-111.0,-111.0,-188.0,145.0,,
401468449,2022-11-27T23:00Z,2022-11-27,2023,2,BOS,WSH,130.0,121.0,False,,BetfairSportsbook,-8.0,-111.0,-111.0,220.5,-111.0,-111.0,-350.0,250.0,,
401468450,2022-11-27T23:00Z,2022-11-27,2023,2,DET,CLE,94.0,102.0,False,,BetfairSportsbook,8.0,-111.0,-111.0,218.5,-111.0,-111.0,240.0,-333.0,,
401468451,2022-11-27T23:00Z,2022-11-27,2023,2,NY,MEM,123.0,127.0,False,,BetfairSportsbook,1.5,-111.0,-111.0,228.0,-111.0,-111.0,100.0,-125.0,,
401468452,2022-11-27T23:00Z,2022-11-27,2023,2,ORL,PHI,103.0,133.0,False,,BetfairSportsbook,1.0,-111.0,-111.0,213.0,-111.0,-111.0,-111.0,-111.0,,
401468453,2022-11-28T01:00Z,2022-11-27,2023,2,MIL,DAL,124.0,115.0,False,,BetfairSportsbook,-6.0,-111.0,-111.0,215.5,-111.0,-111.0,-250.0,188.0,,
401468454,2022-11-29T00:00Z,2022-11-28,2023,2,PHI,ATL,104.0,101.0,False,,BetfairSportsbook,-2.5,-111.0,-111.0,220.5,-111.0,-111.0,-154.0,120.0,,
401468455,2022-11-29T00:00Z,2022-11-28,2023,2,WSH,MIN,142.0,127.0,False,,BetfairSportsbook,-1.0,-111.0,-111.0,227.5,-111.0,-111.0,-111.0,-111.0,,
401468456,2022-11-29T00:30Z,2022-11-28,2023,2,BOS,CHA,140.0,105.0,False,,BetfairSportsbook,-11.0,-111.0,-111.0,225.5,-111.0,-111.0,-700.0,450.0,,
401468457,2022-11-29T00:30Z,2022-11-28,2023,2,BKN,ORL,109.0,102.0,False,,BetfairSportsbook,-11.5,-111.0,-111.0,224.0,-111.0,-111.0,-1000.0,550.0,,
401468458,2022-11-29T00:30Z,2022-11-28,2023,2,TOR,CLE,100.0,88.0,False,,BetfairSportsbook,-5.0,-111.0,-111.0,218.0,-111.0,-111.0,-213.0,163.0,,
401468459,2022-11-29T01:00Z,2022-11-28,2023,2,NO,OKC,105.0,101.0,False,,BetfairSportsbook,-5.5,-111.0,-111.0,232.5,-111.0,-111.0,-213.0,163.0,,
401468460,2022-11-29T02:00Z,2022-11-28,2023,2,DEN,HOU,129.0,113.0,False,,BetfairSportsbook,-11.0,-111.0,-111.0,228.5,-111.0,-111.0,-600.0,400.0,,
401468461,2022-11-29T02:00Z,2022-11-28,2023,2,UTAH,CHI,107.0,114.0,False,,BetfairSportsbook,-2.0,-111.0,-111.0,235.0,-111.0,-111.0,-133.0,105.0,,
401468462,2022-11-29T03:00Z,2022-11-28,2023,2,SAC,PHX,117.0,122.0,False,,BetfairSportsbook,1.0,-111.0,-111.0,234.0,-111.0,-111.0,-111.0,-111.0,,
401468463,2022-11-29T03:30Z,2022-11-28,2023,2,LAL,IND,115.0,116.0,False,,BetfairSportsbook,-3.5,-111.0,-111.0,237.5,-111.0,-111.0,-175.0,138.0,,
401468464,2022-11-30T00:00Z,2022-11-29,2023,2,DET,NY,110.0,140.0,False,,BetfairSportsbook,4.5,-111.0,-111.0,226.5,-111.0,-111.0,163.0,-213.0,,
401468465,2022-11-30T00:30Z,2022-11-29,2023,2,DAL,GS,116.0,113.0,False,,BetfairSportsbook,-1.0,-111.0,-111.0,227.0,-111.0,-111.0,-111.0,-111.0,,
401468466,2022-11-30T03:00Z,2022-11-29,2023,2,POR,LAC,112.0,118.0,False,,BetfairSportsbook,-4.0,-111.0,-111.0,211.0,-111.0,-111.0,-188.0,145.0,,
401468467,2022-12-01T00:00Z,2022-11-30,2023,2,CLE,PHI,113.0,85.0,False,,BetfairSportsbook,-4.0,-111.0,-111.0,209.5,-111.0,-111.0,-175.0,138.0,,
401468468,2022-12-01T00:00Z,2022-11-30,2023,2,ORL,ATL,108.0,125.0,False,,BetfairSportsbook,6.5,-111.0,-111.0,228.0,-111.0,-111.0,188.0,-250.0,,
401468469,2022-12-01T00:30Z,2022-11-30,2023,2,BOS,MIA,134.0,121.0,False,,BetfairSportsbook,-9.5,-111.0,-111.0,225.0,-111.0,-111.0,-450.0,310.0,,
401468470,2022-12-01T00:30Z,2022-11-30,2023,2,BKN,WSH,113.0,107.0,False,,BetfairSportsbook,-5.5,-111.0,-111.0,,,,-250.0,188.0,,
401468471,2022-12-01T00:30Z,2022-11-30,2023,2,NY,MIL,103.0,109.0,False,,BetfairSportsbook,6.0,-111.0,-111.0,227.5,-111.0,-111.0,188.0,-250.0,,
401468472,2022-12-01T01:00Z,2022-11-30,2023,2,MIN,MEM,109.0,101.0,False,,BetfairSportsbook,3.0,-111.0,-111.0,231.5,-111.0,-111.0,125.0,-163.0,,
401468473,2022-12-01T01:00Z,2022-11-30,2023,2,NO,TOR,126.0,108.0,False,,BetfairSportsbook,2.5,-111.0,-111.0,221.5,-111.0,-111.0,115.0,-150.0,,
401468474,2022-12-01T01:00Z,2022-11-30,2023,2,OKC,SA,119.0,111.0,False,,BetfairSportsbook,-3.0,-111.0,-111.0,230.0,-111.0,-111.0,-154.0,120.0,,
401468475,2022-12-01T02:00Z,2022-11-30,2023,2,DEN,HOU,120.0,100.0,False,,BetfairSportsbook,-11.0,-111.0,-111.0,230.0,-111.0,-111.0,-700.0,450.0,,
401468476,2022-12-01T02:00Z,2022-11-30,2023,2,PHX,CHI,132.0,113.0,False,,BetfairSportsbook,-6.0,-111.0,-111.0,227.0,-111.0,-111.0,-225.0,170.0,,
401468477,2022-12-01T02:00Z,2022-11-30,2023,2,UTAH,LAC,125.0,112.0,False,,BetfairSportsbook,-7.5,-111.0,-111.0,223.0,-111.0,-111.0,-300.0,225.0,,
401468478,2022-12-01T03:00Z,2022-11-30,2023,2,SAC,IND,137.0,114.0,False,,BetfairSportsbook,-4.5,-111.0,-111.0,242.5,-111.0,-111.0,-200.0,155.0,,
401468479,2022-12-01T03:30Z,2022-11-30,2023,2,LAL,POR,128.0,109.0,False,,BetfairSportsbook,-6.0,-111.0,-111.0,223.5,-111.0,-111.0,-250.0,188.0,,
401468480,2022-12-02T00:00Z,2022-12-01,2023,2,DET,DAL,131.0,125.0,False,,BetfairSportsbook,8.0,-111.0,-111.0,221.0,-111.0,-111.0,250.0,-350.0,,
401468481,2022-12-03T00:00Z,2022-12-02,2023,2,CHA,WSH,117.0,116.0,False,,BetfairSportsbook,4.0,-111.0,-111.0,225.5,-111.0,-111.0,145.0,-188.0,,
401468482,2022-12-03T00:30Z,2022-12-02,2023,2,ATL,DEN,117.0,109.0,False,,BetfairSportsbook,5.0,-111.0,-111.0,225.0,-111.0,-111.0,163.0,-213.0,,
401468483,2022-12-03T00:30Z,2022-12-02,2023,2,BOS,MIA,116.0,120.0,False,,BetfairSportsbook,-7.0,-111.0,-111.0,226.5,-111.0,-111.0,-275.0,210.0,,
401468484,2022-12-03T00:30Z,2022-12-02,2023,2,BKN,TOR,114.0,105.0,False,,BetfairSportsbook,-1.5,-111.0,-111.0,223.0,-111.0,-111.0,-133.0,105.0,,
401468485,2022-12-03T00:30Z,2022-12-02,2023,2,CLE,ORL,107.0,96.0,False,,BetfairSportsbook,-11.0,-111.0,-111.0,218.0,-111.0,-111.0,-500.0,333.0,,
401468486,2022-12-03T00:30Z,2022-12-02,2023,2,MIL,LAL,129.0,133.0,False,,BetfairSportsbook,-8.5,-111.0,-111.0,230.5,-111.0,-111.0,-400.0,280.0,,
401468487,2022-12-03T01:00Z,2022-12-02,2023,2,MEM,PHI,117.0,109.0,False,,BetfairSportsbook,-4.5,-111.0,-111.0,218.0,-111.0,-111.0,-200.0,155.0,,
401468488,2022-12-03T01:00Z,2022-12-02,2023,2,SA,NO,99.0,117.0,False,,BetfairSportsbook,7.5,-111.0,-111.0,233.0,-111.0,-111.0,225.0,-300.0,,
401468489,2022-12-03T02:00Z,2022-12-02,2023,2,PHX,HOU,121.0,122.0,False,,BetfairSportsbook,-11.5,-111.0,-111.0,229.5,-111.0,-111.0,-600.0,400.0,,
401468490,2022-12-03T02:00Z,2022-12-02,2023,2,UTAH,IND,139.0,119.0,False,,BetfairSportsbook,-4.0,-111.0,-111.0,240.5,-111.0,-111.0,-188.0,145.0,,
401468491,2022-12-03T03:00Z,2022-12-02,2023,2,GS,CHI,119.0,111.0,False,,BetfairSportsbook,-7.5,-111.0,-111.0,237.5,-111.0,-111.0,-300.0,225.0,,
401468492,2022-12-03T17:30Z,2022-12-03,2023,2,NY,DAL,100.0,121.0,False,,BetfairSportsbook,1.5,-111.0,-111.0,224.0,-111.0,-111.0,100.0,-125.0,,
401468493,2022-12-03T21:00Z,2022-12-03,2023,2,LAC,SAC,96.0,123.0,False,,BetfairSportsbook,4.0,-111.0,-111.0,227.5,-111.0,-111.0,145.0,-188.0,,
401468494,2022-12-03T23:00Z,2022-12-03,2023,2,CHA,MIL,96.0,105.0,False,,BetfairSportsbook,2.0,-111.0,-111.0,220.5,-111.0,-111.0,110.0,-138.0,,
401468495,2022-12-04T01:00Z,2022-12-03,2023,2,TOR,ORL,121.0,108.0,False,,BetfairSportsbook,-11.5,-111.0,-111.0,220.0,-111.0,-111.0,-700.0,450.0,,
401468496,2022-12-04T01:00Z,2022-12-03,2023,2,MIN,OKC,128.0,135.0,False,,BetfairSportsbook,-5.0,-111.0,-111.0,233.5,-111.0,-111.0,-213.0,163.0,,
401468497,2022-12-04T01:30Z,2022-12-03,2023,2,GS,HOU,120.0,101.0,False,,BetfairSportsbook,-11.5,-111.0,-111.0,235.5,-111.0,-111.0,-700.0,450.0,,
401468498,2022-12-04T02:00Z,2022-12-03,2023,2,UTAH,POR,111.0,116.0,False,,BetfairSportsbook,-5.0,-111.0,-111.0,227.5,-111.0,-111.0,-225.0,170.0,,
401468499,2022-12-04T20:30Z,2022-12-04,2023,2,NO,DEN,121.0,106.0,False,,BetfairSportsbook,-2.0,-111.0,-111.0,230.5,-111.0,-111.0,-125.0,100.0,,
401468500,2022-12-04T21:00Z,2022-12-04,2023,2,SA,PHX,95.0,133.0,False,,BetfairSportsbook,10.0,-111.0,-111.0,230.5,-111.0,-111.0,333.0,-500.0,,
401468501,2022-12-04T23:00Z,2022-12-04,2023,2,BKN,BOS,92.0,103.0,False,,BetfairSportsbook,2.5,-111.0,-111.0,229.5,-111.0,-111.0,110.0,-138.0,,
401468502,2022-12-04T23:00Z,2022-12-04,2023,2,DET,MEM,112.0,122.0,False,,BetfairSportsbook,6.5,-111.0,-111.0,228.5,-111.0,-111.0,188.0,-250.0,,
401468503,2022-12-04T23:00Z,2022-12-04,2023,2,NY,CLE,92.0,81.0,False,,BetfairSportsbook,3.0,-111.0,-111.0,222.5,-111.0,-111.0,115.0,-150.0,,
401468504,2022-12-04T23:00Z,2022-12-04,2023,2,WSH,LAL,119.0,130.0,False,,BetfairSportsbook,-1.5,-111.0,-111.0,233.5,-111.0,-111.0,-111.0,-111.0,,
401468505,2022-12-04T23:00Z,2022-12-04,2023,2,SAC,CHI,110.0,101.0,False,,BetfairSportsbook,-3.0,-111.0,-111.0,239.5,-111.0,-111.0,-154.0,120.0,,
401468506,2022-12-05T02:00Z,2022-12-04,2023,2,POR,IND,116.0,100.0,False,,BetfairSportsbook,-5.5,-111.0,-111.0,233.0,-111.0,-111.0,-225.0,170.0,,
401468507,2022-12-06T00:00Z,2022-12-05,2023,2,CHA,LAC,117.0,119.0,False,,BetfairSportsbook,6.5,-111.0,-111.0,218.0,-111.0,-111.0,188.0,-250.0,,
401468508,2022-12-06T00:00Z,2022-12-05,2023,2,ORL,MIL,102.0,109.0,False,,BetfairSportsbook,10.5,-111.0,-111.0,226.5,-111.0,-111.0,333.0,-500.0,,
401468509,2022-12-06T00:30Z,2022-12-05,2023,2,ATL,OKC,114.0,121.0,False,,BetfairSportsbook,-6.0,-111.0,-111.0,237.0,-111.0,-111.0,-250.0,188.0,,
401468510,2022-12-06T00:30Z,2022-12-05,2023,2,TOR,BOS,110.0,116.0,False,,BetfairSportsbook,-1.5,-111.0,-111.0,228.5,-111.0,-111.0,-125.0,100.0,,
401468511,2022-12-06T01:00Z,2022-12-05,2023,2,HOU,PHI,132.0,123.0,False,,BetfairSportsbook,8.0,-111.0,-111.0,222.5,-111.0,-111.0,240.0,-333.0,,
401468512,2022-12-06T01:00Z,2022-12-05,2023,2,MEM,MIA,101.0,93.0,False,,BetfairSportsbook,5.5,-111.0,-111.0,218.5,-111.0,-111.0,163.0,-213.0,,
401468513,2022-12-06T01:30Z,2022-12-05,2023,2,DAL,PHX,130.0,111.0,False,,BetfairSportsbook,-3.5,-111.0,-111.0,223.0,-111.0,-111.0,-175.0,138.0,,
401468514,2022-12-06T03:00Z,2022-12-05,2023,2,GS,IND,104.0,112.0,False,,BetfairSportsbook,-12.5,-111.0,-111.0,240.5,-111.0,-111.0,-800.0,500.0,,
401468515,2022-12-07T00:30Z,2022-12-06,2023,2,CLE,LAL,116.0,102.0,False,,BetfairSportsbook,-5.5,-111.0,-111.0,225.0,-111.0,-111.0,-225.0,170.0,,
401468516,2022-12-07T00:30Z,2022-12-06,2023,2,MIA,DET,96.0,116.0,False,,BetfairSportsbook,-7.5,-111.0,-111.0,220.0,-111.0,-111.0,-333.0,240.0,,
401468517,2022-12-07T03:00Z,2022-12-06,2023,2,DEN,DAL,115.0,116.0,False,,BetfairSportsbook,-4.5,-111.0,-111.0,224.0,-111.0,-111.0,-200.0,155.0,,
401468518,2022-12-08T00:00Z,2022-12-07,2023,2,ORL,LAC,116.0,111.0,False,,BetfairSportsbook,6.5,-111.0,-111.0,216.5,-111.0,-111.0,240.0,-333.0,,
401468519,2022-12-08T00:30Z,2022-12-07,2023,2,BKN,CHA,122.0,116.0,False,,BetfairSportsbook,-10.5,-111.0,-111.0,223.0,-111.0,-111.0,-500.0,333.0,,
401468520,2022-12-08T00:30Z,2022-12-07,2023,2,NY,ATL,113.0,89.0,False,,BetfairSportsbook,-2.0,-111.0,-111.0,232.5,-111.0,-111.0,-138.0,110.0,,
401468521,2022-12-08T00:30Z,2022-12-07,2023,2,TOR,LAL,126.0,113.0,False,,BetfairSportsbook,-12.5,-111.0,-111.0,229.0,-111.0,-111.0,-1000.0,550.0,,
401468522,2022-12-08T01:00Z,2022-12-07,2023,2,CHI,WSH,115.0,111.0,False,,BetfairSportsbook,-5.0,-111.0,-111.0,226.5,-111.0,-111.0,-213.0,163.0,,
401468523,2022-12-08T01:00Z,2022-12-07,2023,2,MEM,OKC,123.0,102.0,False,,BetfairSportsbook,-8.5,-111.0,-111.0,233.0,-111.0,-111.0,-350.0,250.0,,
401468524,2022-12-08T01:00Z,2022-12-07,2023,2,MIL,SAC,126.0,113.0,False,,BetfairSportsbook,-7.0,-111.0,-111.0,236.5,-111.0,-111.0,-250.0,188.0,,
401468525,2022-12-08T01:00Z,2022-12-07,2023,2,MIN,IND,121.0,115.0,False,,BetfairSportsbook,-4.0,-111.0,-111.0,238.5,-111.0,-111.0,-200.0,155.0,,
401468526,2022-12-08T01:00Z,2022-12-07,2023,2,NO,DET,104.0,98.0,False,,BetfairSportsbook,-11.0,-111.0,-111.0,229.0,-111.0,-111.0,-500.0,333.0,,
401468527,2022-12-08T02:00Z,2022-12-07,2023,2,UTAH,GS,124.0,123.0,False,,BetfairSportsbook,-5.5,-111.0,-111.0,231.0,-111.0,-111.0,-225.0,170.0,,
401468528,2022-12-08T03:00Z,2022-12-07,2023,2,PHX,BOS,98.0,125.0,False,,BetfairSportsbook,-2.0,-111.0,-111.0,230.5,-111.0,-111.0,-138.0,105.0,,
401468529,2022-12-09T00:30Z,2022-12-08,2023,2,MIA,LAC,115.0,110.0,False,,BetfairSportsbook,-6.5,-111.0,-111.0,211.0,-111.0,-111.0,-250.0,188.0,,
401468530,2022-12-09T01:30Z,2022-12-08,2023,2,SA,HOU,118.0,109.0,False,,BetfairSportsbook,2.5,-111.0,-111.0,230.5,-111.0,-111.0,110.0,-138.0,,
401468531,2022-12-09T03:00Z,2022-12-08,2023,2,POR,DEN,120.0,121.0,False,,BetfairSportsbook,2.0,-111.0,-111.0,227.5,-111.0,-111.0,105.0,-133.0,,
401468532,2022-12-10T00:00Z,2022-12-09,2023,2,CHA,NY,102.0,121.0,False,,BetfairSportsbook,4.0,-111.0,-111.0,224.0,-111.0,-111.0,145.0,-188.0,,
401468533,2022-12-10T00:00Z,2022-12-09,2023,2,IND,WSH,121.0,111.0,False,,BetfairSportsbook,-3.5,-111.0,-111.0,233.0,-111.0,-111.0,-175.0,138.0,,
401468534,2022-12-10T00:00Z,2022-12-09,2023,2,ORL,TOR,113.0,109.0,False,,BetfairSportsbook,8.0,-111.0,-111.0,222.5,-111.0,-111.0,250.0,-350.0,,
401468535,2022-12-10T00:30Z,2022-12-09,2023,2,BKN,ATL,120.0,116.0,False,,BetfairSportsbook,-7.5,-111.0,-111.0,232.5,-111.0,-111.0,-333.0,240.0,,
401468536,2022-12-10T00:30Z,2022-12-09,2023,2,CLE,SAC,95.0,106.0,False,,BetfairSportsbook,-3.5,-111.0,-111.0,216.0,-111.0,-111.0,-175.0,138.0,,
401468537,2022-12-10T00:30Z,2022-12-09,2023,2,PHI,LAL,133.0,122.0,False,,BetfairSportsbook,-5.0,-111.0,-111.0,228.0,-111.0,-111.0,-213.0,163.0,,
401468538,2022-12-10T01:00Z,2022-12-09,2023,2,MEM,DET,114.0,103.0,False,,BetfairSportsbook,-10.5,-111.0,-111.0,227.5,-111.0,-111.0,-600.0,400.0,,
401468539,2022-12-10T01:30Z,2022-12-09,2023,2,NO,PHX,128.0,117.0,False,,BetfairSportsbook,1.0,-111.0,-111.0,229.5,-111.0,-111.0,-111.0,-111.0,,
401468540,2022-12-10T02:00Z,2022-12-09,2023,2,UTAH,MIN,108.0,118.0,False,,BetfairSportsbook,0.5,-111.0,-111.0,234.5,-111.0,-111.0,-111.0,-111.0,,
401468541,2022-12-10T03:00Z,2022-12-09,2023,2,DAL,MIL,105.0,106.0,False,,BetfairSportsbook,1.0,-111.0,-111.0,223.5,-111.0,-111.0,-111.0,-111.0,,
401468542,2022-12-10T22:00Z,2022-12-10,2023,2,MIA,SA,111.0,115.0,False,,BetfairSportsbook,-12.0,-111.0,-111.0,223.0,-111.0,-111.0,-700.0,500.0,,
401468543,2022-12-11T00:00Z,2022-12-10,2023,2,IND,BKN,133.0,136.0,False,,BetfairSportsbook,-8.5,-111.0,-111.0,226.0,-111.0,-111.0,-400.0,280.0,,
401468544,2022-12-11T00:00Z,2022-12-10,2023,2,WSH,LAC,107.0,114.0,False,,BetfairSportsbook,5.0,-111.0,-111.0,218.5,-111.0,-111.0,163.0,-213.0,,
401468545,2022-12-11T00:30Z,2022-12-10,2023,2,CLE,OKC,110.0,102.0,False,,BetfairSportsbook,-4.5,-111.0,-111.0,218.5,-111.0,-111.0,-213.0,163.0,,
401468546,2022-12-11T01:00Z,2022-12-10,2023,2,CHI,DAL,144.0,115.0,False,,BetfairSportsbook,-5.0,-111.0,-111.0,220.0,-111.0,-111.0,-200.0,155.0,,
401468547,2022-12-11T01:30Z,2022-12-10,2023,2,GS,BOS,123.0,107.0,False,,BetfairSportsbook,2.5,-111.0,-111.0,237.5,-111.0,-111.0,110.0,-138.0,,
401468548,2022-12-11T02:00Z,2022-12-10,2023,2,DEN,UTAH,115.0,110.0,False,,BetfairSportsbook,-11.5,-111.0,-111.0,228.5,-111.0,-111.0,-600.0,400.0,,
401468549,2022-12-11T03:00Z,2022-12-10,2023,2,POR,MIN,124.0,118.0,False,,BetfairSportsbook,-5.5,-111.0,-111.0,230.0,-111.0,-111.0,-213.0,163.0,,
401468550,2022-12-11T20:30Z,2022-12-11,2023,2,NO,PHX,129.0,124.0,False,,BetfairSportsbook,-4.0,-111.0,-111.0,226.5,-111.0,-111.0,-175.0,138.0,,
401468551,2022-12-11T23:00Z,2022-12-11,2023,2,DET,LAL,117.0,124.0,False,,BetfairSportsbook,5.5,-111.0,-111.0,233.0,-111.0,-111.0,163.0,-213.0,,
401468552,2022-12-11T23:00Z,2022-12-11,2023,2,NY,SAC,112.0,99.0,False,,BetfairSportsbook,-2.5,-111.0,-111.0,226.0,-111.0,-111.0,-138.0,110.0,,
401468553,2022-12-11T23:00Z,2022-12-11,2023,2,ORL,TOR,111.0,99.0,False,,BetfairSportsbook,7.0,-111.0,-111.0,223.0,-111.0,-111.0,210.0,-275.0,,
401468554,2022-12-11T23:00Z,2022-12-11,2023,2,PHI,CHA,131.0,113.0,False,,BetfairSportsbook,-10.5,-111.0,-111.0,220.0,-111.0,-111.0,-500.0,333.0,,
401468555,2022-12-11T23:30Z,2022-12-11,2023,2,ATL,CHI,123.0,122.0,False,,BetfairSportsbook,-3.5,-111.0,-111.0,235.0,-111.0,-111.0,-167.0,130.0,,
401468556,2022-12-12T00:00Z,2022-12-11,2023,2,HOU,MIL,97.0,92.0,False,,BetfairSportsbook,10.0,-111.0,-111.0,227.0,-111.0,-111.0,333.0,-500.0,,
401468557,2022-12-13T00:00Z,2022-12-12,2023,2,IND,MIA,82.0,87.0,False,,BetfairSportsbook,3.5,-111.0,-111.0,228.5,-111.0,-111.0,138.0,-175.0,,
401468558,2022-12-13T00:00Z,2022-12-12,2023,2,WSH,BKN,100.0,112.0,False,,BetfairSportsbook,5.5,-111.0,-111.0,227.5,-111.0,-111.0,170.0,-225.0,,
401468559,2022-12-13T01:00Z,2022-12-12,2023,2,MEM,ATL,128.0,103.0,False,,BetfairSportsbook,-9.5,-111.0,-111.0,220.5,-111.0,-111.0,-450.0,310.0,,
401468560,2022-12-13T01:30Z,2022-12-12,2023,2,DAL,OKC,121.0,114.0,False,,BetfairSportsbook,-8.5,-111.0,-111.0,227.5,-111.0,-111.0,-400.0,280.0,,
401468561,2022-12-13T01:30Z,2022-12-12,2023,2,SA,CLE,112.0,111.0,False,,BetfairSportsbook,9.5,-111.0,-111.0,221.0,-111.0,-111.0,333.0,-500.0,,
401468562,2022-12-13T03:00Z,2022-12-12,2023,2,POR,MIN,133.0,112.0,False,,BetfairSportsbook,-4.0,-111.0,-111.0,229.5,-111.0,-111.0,-188.0,145.0,,
401468563,2022-12-13T03:30Z,2022-12-12,2023,2,LAC,BOS,113.0,93.0,False,,BetfairSportsbook,4.0,-111.0,-111.0,225.5,-111.0,-111.0,145.0,-188.0,,
401468564,2022-12-14T00:00Z,2022-12-13,2023,2,PHI,SAC,123.0,103.0,False,,BetfairSportsbook,-4.5,-111.0,-111.0,229.5,-111.0,-111.0,-188.0,145.0,,
401468565,2022-12-14T00:30Z,2022-12-13,2023,2,MIL,GS,128.0,111.0,False,,BetfairSportsbook,-3.0,-111.0,-111.0,232.5,-111.0,-111.0,-150.0,115.0,,
401468566,2022-12-14T01:00Z,2022-12-13,2023,2,HOU,PHX,111.0,97.0,False,,BetfairSportsbook,7.0,-111.0,-111.0,224.5,-111.0,-111.0,210.0,-275.0,,
401468567,2022-12-14T02:00Z,2022-12-13,2023,2,UTAH,NO,121.0,100.0,False,,BetfairSportsbook,2.0,-111.0,-111.0,232.5,-111.0,-111.0,105.0,-133.0,,
401468568,2022-12-14T03:00Z,2022-12-13,2023,2,LAL,BOS,118.0,122.0,False,,BetfairSportsbook,4.0,-111.0,-111.0,237.0,-111.0,-111.0,145.0,-188.0,,
401468569,2022-12-15T00:00Z,2022-12-14,2023,2,CHA,DET,134.0,141.0,False,,BetfairSportsbook,-4.5,-111.0,-111.0,230.0,-111.0,-111.0,-200.0,155.0,,
401468570,2022-12-15T00:00Z,2022-12-14,2023,2,IND,GS,125.0,119.0,False,,BetfairSportsbook,1.5,-111.0,-111.0,239.5,-111.0,-111.0,100.0,-125.0,,
401468571,2022-12-15T00:00Z,2022-12-14,2023,2,ORL,ATL,135.0,124.0,False,,BetfairSportsbook,3.0,-111.0,-111.0,226.0,-111.0,-111.0,120.0,-154.0,,
401468572,2022-12-15T00:30Z,2022-12-14,2023,2,TOR,SAC,123.0,124.0,False,,BetfairSportsbook,-5.0,-111.0,-111.0,232.0,-111.0,-111.0,-200.0,155.0,,
401468573,2022-12-15T00:30Z,2022-12-14,2023,2,CHI,NY,120.0,128.0,False,,BetfairSportsbook,-3.5,-111.0,-111.0,226.5,-111.0,-111.0,-167.0,130.0,,
401468574,2022-12-15T01:00Z,2022-12-14,2023,2,OKC,MIA,108.0,110.0,False,,BetfairSportsbook,3.0,-111.0,-111.0,222.5,-111.0,-111.0,120.0,-154.0,,
401468575,2022-12-15T01:00Z,2022-12-14,2023,2,SA,POR,112.0,128.0,False,,BetfairSportsbook,7.5,-111.0,-111.0,231.0,-111.0,-111.0,210.0,-275.0,,
401468576,2022-12-15T02:00Z,2022-12-14,2023,2,DAL,CLE,90.0,105.0,False,,BetfairSportsbook,-2.5,-111.0,-111.0,217.0,-111.0,-111.0,-150.0,115.0,,
401468577,2022-12-15T02:00Z,2022-12-14,2023,2,DEN,WSH,141.0,128.0,False,,BetfairSportsbook,-11.5,-111.0,-111.0,224.5,-111.0,-111.0,-600.0,400.0,,
401468578,2022-12-15T03:00Z,2022-12-14,2023,2,LAC,MIN,99.0,88.0,False,,BetfairSportsbook,-7.5,-111.0,-111.0,221.5,-111.0,-111.0,-350.0,250.0,,
401468579,2022-12-16T01:00Z,2022-12-15,2023,2,HOU,MIA,108.0,111.0,False,,BetfairSportsbook,2.5,-111.0,-111.0,218.5,-111.0,-111.0,120.0,-154.0,,
401468580,2022-12-16T01:00Z,2022-12-15,2023,2,MEM,MIL,142.0,101.0,False,,BetfairSportsbook,-3.0,-111.0,-111.0,226.5,-111.0,-111.0,-163.0,125.0,,
401468581,2022-12-16T02:00Z,2022-12-15,2023,2,UTAH,NO,132.0,129.0,False,,BetfairSportsbook,1.0,-111.0,-111.0,232.0,-111.0,-111.0,-111.0,-111.0,,
401468582,2022-12-16T03:30Z,2022-12-15,2023,2,LAC,PHX,95.0,111.0,False,,BetfairSportsbook,6.5,-111.0,-111.0,217.5,-111.0,-111.0,188.0,-250.0,,
401468583,2022-12-17T00:00Z,2022-12-16,2023,2,CHA,ATL,106.0,125.0,False,,BetfairSportsbook,-2.5,-111.0,-111.0,240.5,-111.0,-111.0,-150.0,115.0,,
401468584,2022-12-17T00:00Z,2022-12-16,2023,2,DET,SAC,113.0,122.0,False,,BetfairSportsbook,6.5,-111.0,-111.0,238.0,-111.0,-111.0,188.0,-250.0,,
401468585,2022-12-17T00:30Z,2022-12-16,2023,2,BOS,ORL,109.0,117.0,False,,BetfairSportsbook,-13.0,-111.0,-111.0,226.0,-111.0,-111.0,-1000.0,550.0,,
401468586,2022-12-17T00:30Z,2022-12-16,2023,2,CLE,IND,118.0,112.0,False,,BetfairSportsbook,-8.0,-111.0,-111.0,222.5,-111.0,-111.0,-350.0,250.0,,
401468587,2022-12-17T00:30Z,2022-12-16,2023,2,PHI,GS,118.0,106.0,False,,BetfairSportsbook,-9.0,-111.0,-111.0,221.0,-111.0,-111.0,-450.0,310.0,,
401468588,2022-12-17T00:30Z,2022-12-16,2023,2,TOR,BKN,116.0,119.0,False,,BetfairSportsbook,1.0,-111.0,-111.0,223.5,-111.0,-111.0,100.0,-125.0,,
401468589,2022-12-17T01:00Z,2022-12-16,2023,2,CHI,NY,91.0,114.0,False,,BetfairSportsbook,-3.0,-111.0,-111.0,225.5,-111.0,-111.0,-154.0,120.0,,
401468590,2022-12-17T01:00Z,2022-12-16,2023,2,OKC,MIN,110.0,112.0,False,,BetfairSportsbook,-4.5,-111.0,-111.0,234.5,-111.0,-111.0,-213.0,163.0,,
401468591,2022-12-17T01:30Z,2022-12-16,2023,2,DAL,POR,130.0,110.0,False,,BetfairSportsbook,-4.0,-111.0,-111.0,226.0,-111.0,-111.0,-188.0,145.0,,
401468592,2022-12-17T03:00Z,2022-12-16,2023,2,LAL,DEN,126.0,108.0,False,,BetfairSportsbook,2.0,-111.0,-111.0,237.0,-111.0,-111.0,110.0,-138.0,,
401468593,2022-12-17T21:00Z,2022-12-17,2023,2,LAC,WSH,102.0,93.0,False,,BetfairSportsbook,-5.0,-111.0,-111.0,219.5,-111.0,-111.0,-200.0,155.0,,
401468594,2022-12-17T22:00Z,2022-12-17,2023,2,SA,MIA,101.0,111.0,False,NBA Mexico City Game 2022,BetfairSportsbook,8.0,-111.0,-111.0,223.0,-111.0,-111.0,240.0,-333.0,,
401468595,2022-12-18T01:00Z,2022-12-17,2023,2,CLE,DAL,100.0,99.0,False,,BetfairSportsbook,-8.5,-111.0,-111.0,212.5,-111.0,-111.0,-400.0,280.0,,
401468596,2022-12-18T01:00Z,2022-12-17,2023,2,HOU,POR,95.0,107.0,False,,BetfairSportsbook,3.0,-111.0,-111.0,228.0,-111.0,-111.0,130.0,-167.0,,
401468597,2022-12-18T01:00Z,2022-12-17,2023,2,MIL,UTAH,123.0,97.0,False,,BetfairSportsbook,-2.0,-111.0,-111.0,227.5,-111.0,-111.0,-138.0,110.0,,
401468598,2022-12-18T01:00Z,2022-12-17,2023,2,OKC,MEM,115.0,109.0,False,,BetfairSportsbook,11.0,-111.0,-111.0,230.0,-111.0,-111.0,400.0,-600.0,,
401468599,2022-12-18T02:00Z,2022-12-17,2023,2,PHX,NO,118.0,114.0,False,,BetfairSportsbook,-3.0,-111.0,-111.0,227.5,-111.0,-111.0,-163.0,125.0,,
401468600,2022-12-18T20:00Z,2022-12-18,2023,2,BOS,ORL,92.0,95.0,False,,BetfairSportsbook,-11.0,-111.0,-111.0,223.0,-111.0,-111.0,-500.0,333.0,,
401468601,2022-12-18T22:00Z,2022-12-18,2023,2,IND,NY,106.0,109.0,False,,BetfairSportsbook,1.0,-111.0,-111.0,227.5,-111.0,-111.0,-111.0,-111.0,,
401468602,2022-12-18T23:00Z,2022-12-18,2023,2,DET,BKN,121.0,124.0,False,,BetfairSportsbook,8.5,-111.0,-111.0,228.5,-111.0,-111.0,250.0,-350.0,,
401468603,2022-12-18T23:00Z,2022-12-18,2023,2,TOR,GS,110.0,126.0,False,,BetfairSportsbook,-6.0,-111.0,-111.0,223.5,-111.0,-111.0,-250.0,188.0,,
401468604,2022-12-19T00:00Z,2022-12-18,2023,2,MIN,CHI,150.0,126.0,False,,BetfairSportsbook,2.0,-111.0,-111.0,233.5,-111.0,-111.0,100.0,-125.0,,
401468605,2022-12-19T01:00Z,2022-12-18,2023,2,DEN,CHA,119.0,115.0,False,,BetfairSportsbook,-9.5,-111.0,-111.0,235.5,-111.0,-111.0,-450.0,310.0,,
401468606,2022-12-19T02:30Z,2022-12-18,2023,2,LAL,WSH,119.0,117.0,False,,BetfairSportsbook,-3.0,-111.0,-111.0,236.5,-111.0,-111.0,-154.0,120.0,,
401468607,2022-12-20T00:00Z,2022-12-19,2023,2,CLE,UTAH,122.0,99.0,False,,BetfairSportsbook,-6.5,-111.0,-111.0,220.0,-111.0,-111.0,-275.0,210.0,,
401468608,2022-12-20T00:00Z,2022-12-19,2023,2,PHI,TOR,104.0,101.0,False,,BetfairSportsbook,-6.5,-111.0,-111.0,219.0,-111.0,-111.0,-250.0,188.0,,
401468609,2022-12-20T00:30Z,2022-12-19,2023,2,ATL,ORL,126.0,125.0,False,,BetfairSportsbook,-8.5,-111.0,-111.0,230.0,-111.0,-111.0,-400.0,280.0,,
401468610,2022-12-20T01:00Z,2022-12-19,2023,2,HOU,SA,105.0,124.0,False,,BetfairSportsbook,-4.5,-111.0,-111.0,226.5,-111.0,-111.0,-200.0,155.0,,
401468611,2022-12-20T01:00Z,2022-12-19,2023,2,MIN,DAL,116.0,106.0,False,,BetfairSportsbook,6.0,-111.0,-111.0,231.0,-111.0,-111.0,188.0,-250.0,,
401468612,2022-12-20T01:00Z,2022-12-19,2023,2,NO,MIL,119.0,128.0,False,,BetfairSportsbook,0.5,-111.0,-111.0,227.5,-111.0,-111.0,-111.0,-111.0,,
401468613,2022-12-20T01:00Z,2022-12-19,2023,2,OKC,POR,123.0,121.0,False,,BetfairSportsbook,4.5,-111.0,-111.0,232.0,-111.0,-111.0,155.0,-200.0,,
401468614,2022-12-20T02:00Z,2022-12-19,2023,2,PHX,LAL,130.0,104.0,False,,BetfairSportsbook,-11.5,-111.0,-111.0,224.5,-111.0,-111.0,-600.0,400.0,,
401468615,2022-12-20T03:00Z,2022-12-19,2023,2,SAC,CHA,119.0,125.0,False,,BetfairSportsbook,-10.0,-111.0,-111.0,242.0,-111.0,-111.0,-500.0,333.0,,
401468616,2022-12-21T00:00Z,2022-12-20,2023,2,DET,UTAH,111.0,126.0,False,,BetfairSportsbook,2.5,-111.0,-111.0,229.0,-111.0,-111.0,115.0,-150.0,,
401468617,2022-12-21T00:30Z,2022-12-20,2023,2,MIA,CHI,103.0,113.0,False,,BetfairSportsbook,-1.5,-111.0,-111.0,221.5,-111.0,-111.0,-125.0,100.0,,
401468618,2022-12-21T00:30Z,2022-12-20,2023,2,NY,GS,132.0,94.0,False,,BetfairSportsbook,-6.0,-111.0,-111.0,220.5,-111.0,-111.0,-250.0,188.0,,
401468619,2022-12-21T02:00Z,2022-12-20,2023,2,PHX,WSH,110.0,113.0,False,,BetfairSportsbook,-7.5,-111.0,-111.0,223.5,-111.0,-111.0,-275.0,210.0,,
401468620,2022-12-21T03:00Z,2022-12-20,2023,2,DEN,MEM,105.0,91.0,False,,BetfairSportsbook,1.0,-111.0,-111.0,235.0,-111.0,-111.0,100.0,-125.0,,
401468621,2022-12-22T00:00Z,2022-12-21,2023,2,CLE,MIL,114.0,106.0,False,,BetfairSportsbook,-2.5,-111.0,-111.0,215.5,-111.0,-111.0,-138.0,110.0,,
401468622,2022-12-22T00:00Z,2022-12-21,2023,2,PHI,DET,113.0,93.0,False,,BetfairSportsbook,-12.0,-111.0,-111.0,222.5,-111.0,-111.0,-700.0,450.0,,
401468623,2022-12-22T00:30Z,2022-12-21,2023,2,ATL,CHI,108.0,110.0,False,,BetfairSportsbook,-5.0,-111.0,-111.0,235.5,-111.0,-111.0,-213.0,163.0,,
401468624,2022-12-22T00:30Z,2022-12-21,2023,2,BOS,IND,112.0,117.0,False,,BetfairSportsbook,-9.5,-111.0,-111.0,232.0,-111.0,-111.0,-500.0,333.0,,
401468625,2022-12-22T00:30Z,2022-12-21,2023,2,BKN,GS,143.0,113.0,False,,BetfairSportsbook,-10.5,-111.0,-111.0,223.0,-111.0,-111.0,-600.0,400.0,,
401468626,2022-12-22T00:30Z,2022-12-21,2023,2,NY,TOR,106.0,113.0,False,,BetfairSportsbook,-2.0,-111.0,-111.0,217.5,-111.0,-111.0,-138.0,110.0,,
401468627,2022-12-22T01:00Z,2022-12-21,2023,2,HOU,ORL,110.0,116.0,False,,BetfairSportsbook,-1.0,-111.0,-111.0,223.5,-111.0,-111.0,-111.0,-111.0,,
401468628,2022-12-22T01:00Z,2022-12-21,2023,2,MIN,DAL,99.0,104.0,False,,BetfairSportsbook,2.5,-111.0,-111.0,227.5,-111.0,-111.0,110.0,-138.0,,
401468629,2022-12-22T01:00Z,2022-12-21,2023,2,OKC,POR,101.0,98.0,False,,BetfairSportsbook,4.0,-111.0,-111.0,233.5,-111.0,-111.0,145.0,-188.0,,
401468630,2022-12-22T03:00Z,2022-12-21,2023,2,SAC,LAL,134.0,120.0,False,,BetfairSportsbook,-8.0,-111.0,-111.0,240.0,-111.0,-111.0,-400.0,280.0,,
401468631,2022-12-22T03:30Z,2022-12-21,2023,2,LAC,CHA,126.0,105.0,False,,BetfairSportsbook,-9.0,-111.0,-111.0,227.5,-111.0,-111.0,-400.0,280.0,,
401468632,2022-12-23T01:00Z,2022-12-22,2023,2,NO,SA,126.0,117.0,False,,BetfairSportsbook,-8.5,-111.0,-111.0,228.5,-111.0,-111.0,-400.0,280.0,,
401468633,2022-12-23T02:00Z,2022-12-22,2023,2,UTAH,WSH,120.0,112.0,False,,BetfairSportsbook,-7.0,-111.0,-111.0,232.0,-111.0,-111.0,-275.0,210.0,,
401468634,2022-12-24T00:00Z,2022-12-23,2023,2,ORL,SA,133.0,113.0,False,,BetfairSportsbook,-6.0,-111.0,-111.0,228.0,-111.0,-111.0,-250.0,188.0,,
401468635,2022-12-24T00:00Z,2022-12-23,2023,2,PHI,LAC,119.0,114.0,False,,BetfairSportsbook,-3.5,-111.0,-111.0,214.0,-111.0,-111.0,-175.0,138.0,,
401468636,2022-12-24T00:30Z,2022-12-23,2023,2,ATL,DET,130.0,105.0,False,,BetfairSportsbook,-9.5,-111.0,-111.0,233.5,-111.0,-111.0,-450.0,310.0,,
401468637,2022-12-24T00:30Z,2022-12-23,2023,2,BOS,MIN,121.0,109.0,False,,BetfairSportsbook,-9.5,-111.0,-111.0,228.5,-111.0,-111.0,-450.0,310.0,,
401468638,2022-12-24T00:30Z,2022-12-23,2023,2,BKN,MIL,118.0,100.0,False,,BetfairSportsbook,-2.0,-111.0,-111.0,230.5,-111.0,-111.0,-133.0,105.0,,
401468639,2022-12-24T00:30Z,2022-12-23,2023,2,CLE,TOR,107.0,118.0,False,,BetfairSportsbook,-4.5,-111.0,-111.0,214.5,-111.0,-111.0,-200.0,155.0,,
401468640,2022-12-24T00:30Z,2022-12-23,2023,2,NY,CHI,117.0,118.0,False,,BetfairSportsbook,-6.0,-111.0,-111.0,225.5,-111.0,-111.0,-250.0,188.0,,
401468641,2022-12-24T01:00Z,2022-12-23,2023,2,MIA,IND,108.0,111.0,False,,BetfairSportsbook,-6.0,-111.0,-111.0,224.5,-111.0,-111.0,-250.0,188.0,,
401468642,2022-12-24T01:00Z,2022-12-23,2023,2,HOU,DAL,106.0,112.0,False,,BetfairSportsbook,7.0,-111.0,-111.0,220.0,-111.0,-111.0,210.0,-275.0,,
401468643,2022-12-24T01:00Z,2022-12-23,2023,2,OKC,NO,125.0,128.0,False,,BetfairSportsbook,-2.0,-111.0,-111.0,233.0,-111.0,-111.0,-150.0,115.0,,
401468644,2022-12-24T02:00Z,2022-12-23,2023,2,DEN,POR,120.0,107.0,False,,BetfairSportsbook,-6.0,-111.0,-111.0,233.0,-111.0,-111.0,-250.0,188.0,,
401468645,2022-12-24T03:00Z,2022-12-23,2023,2,PHX,MEM,100.0,125.0,False,,BetfairSportsbook,3.0,-111.0,-111.0,226.0,-111.0,-111.0,125.0,-163.0,,
401468646,2022-12-24T03:00Z,2022-12-23,2023,2,SAC,WSH,111.0,125.0,False,,BetfairSportsbook,-7.5,-111.0,-111.0,239.5,-111.0,-111.0,-333.0,240.0,,
401468647,2022-12-24T03:30Z,2022-12-23,2023,2,LAL,CHA,130.0,134.0,False,,BetfairSportsbook,-3.0,-111.0,-111.0,243.0,-111.0,-111.0,-154.0,120.0,,
401468648,2022-12-25T17:00Z,2022-12-25,2023,2,NY,PHI,112.0,119.0,False,,BetfairSportsbook,2.0,-111.0,-111.0,215.5,-111.0,-111.0,110.0,-138.0,,
401468649,2022-12-25T19:30Z,2022-12-25,2023,2,DAL,LAL,124.0,115.0,False,,BetfairSportsbook,-7.5,-111.0,-111.0,231.5,-111.0,-111.0,-300.0,225.0,,
401468650,2022-12-25T22:00Z,2022-12-25,2023,2,BOS,MIL,139.0,118.0,False,,BetfairSportsbook,-5.5,-111.0,-111.0,226.5,-111.0,-111.0,-225.0,170.0,,
401468651,2022-12-26T01:00Z,2022-12-25,2023,2,GS,MEM,123.0,109.0,False,,BetfairSportsbook,7.0,-111.0,-111.0,233.0,-111.0,-111.0,225.0,-300.0,,
401468652,2022-12-26T03:30Z,2022-12-25,2023,2,DEN,PHX,128.0,125.0,False,,BetfairSportsbook,-4.0,-111.0,-111.0,229.5,-111.0,-111.0,-188.0,145.0,,
401468653,2022-12-27T00:00Z,2022-12-26,2023,2,CLE,BKN,117.0,125.0,False,,BetfairSportsbook,-2.0,-111.0,-111.0,220.0,-111.0,-111.0,-133.0,105.0,,
401468654,2022-12-27T00:00Z,2022-12-26,2023,2,DET,LAC,131.0,142.0,False,,BetfairSportsbook,6.0,-111.0,-111.0,222.5,-111.0,-111.0,170.0,-225.0,,
401468655,2022-12-27T00:30Z,2022-12-26,2023,2,MIA,MIN,113.0,110.0,False,,BetfairSportsbook,-0.5,-111.0,-111.0,222.0,-111.0,-111.0,-111.0,-111.0,,
401468656,2022-12-27T01:00Z,2022-12-26,2023,2,CHI,HOU,118.0,133.0,False,,BetfairSportsbook,-7.0,-111.0,-111.0,231.0,-111.0,-111.0,-275.0,210.0,,
401468657,2022-12-27T01:00Z,2022-12-26,2023,2,NO,IND,113.0,93.0,False,,BetfairSportsbook,-1.5,-111.0,-111.0,234.0,-111.0,-111.0,-133.0,105.0,,
401468658,2022-12-27T01:30Z,2022-12-26,2023,2,SA,UTAH,126.0,122.0,False,,BetfairSportsbook,5.0,-111.0,-111.0,236.0,-111.0,-111.0,155.0,-200.0,,
401468659,2022-12-27T03:00Z,2022-12-26,2023,2,POR,CHA,124.0,113.0,False,,BetfairSportsbook,-6.0,-111.0,-111.0,238.5,-111.0,-111.0,-225.0,170.0,,
401468660,2022-12-28T00:00Z,2022-12-27,2023,2,ORL,LAL,110.0,129.0,False,,BetfairSportsbook,-3.0,-111.0,-111.0,236.5,-111.0,-111.0,-154.0,120.0,,
401468661,2022-12-28T00:00Z,2022-12-27,2023,2,WSH,PHI,116.0,111.0,False,,BetfairSportsbook,5.0,-111.0,-111.0,225.0,-111.0,-111.0,155.0,-200.0,,
401468662,2022-12-28T00:30Z,2022-12-27,2023,2,BOS,HOU,126.0,102.0,False,,BetfairSportsbook,-15.0,-111.0,-111.0,229.5,-111.0,-111.0,-1600.0,750.0,,
401468663,2022-12-28T00:30Z,2022-12-27,2023,2,IND,ATL,129.0,114.0,False,,BetfairSportsbook,2.0,-111.0,-111.0,238.5,-111.0,-111.0,110.0,-138.0,,
401468664,2022-12-28T00:30Z,2022-12-27,2023,2,TOR,LAC,113.0,124.0,False,,BetfairSportsbook,-3.5,-111.0,-111.0,218.5,-111.0,-111.0,-167.0,130.0,,
401468665,2022-12-28T01:00Z,2022-12-27,2023,2,MEM,PHX,108.0,125.0,False,,BetfairSportsbook,-7.5,-111.0,-111.0,224.5,-111.0,-111.0,-333.0,240.0,,
401468666,2022-12-28T01:00Z,2022-12-27,2023,2,OKC,SA,130.0,114.0,False,,BetfairSportsbook,-6.5,-111.0,-111.0,236.5,-111.0,-111.0,-250.0,188.0,,
401468667,2022-12-28T01:30Z,2022-12-27,2023,2,DAL,NY,126.0,121.0,False,,BetfairSportsbook,-6.0,-111.0,-111.0,216.0,-111.0,-111.0,-225.0,170.0,,
401468668,2022-12-28T03:00Z,2022-12-27,2023,2,GS,CHA,110.0,105.0,False,,BetfairSportsbook,-5.5,-111.0,-111.0,240.5,-111.0,-111.0,-225.0,170.0,,
401468669,2022-12-28T03:00Z,2022-12-27,2023,2,SAC,DEN,106.0,113.0,False,,BetfairSportsbook,3.5,-111.0,-111.0,237.5,-111.0,-111.0,138.0,-175.0,,
401468670,2022-12-29T00:00Z,2022-12-28,2023,2,DET,ORL,121.0,101.0,False,,BetfairSportsbook,1.0,-111.0,-111.0,229.0,-111.0,-111.0,-111.0,-111.0,,
401468671,2022-12-29T00:00Z,2022-12-28,2023,2,WSH,PHX,127.0,102.0,False,,BetfairSportsbook,2.5,-111.0,-111.0,220.5,-111.0,-111.0,110.0,-138.0,,
401468672,2022-12-29T00:30Z,2022-12-28,2023,2,ATL,BKN,107.0,108.0,False,,BetfairSportsbook,7.5,-111.0,-111.0,231.5,-111.0,-111.0,225.0,-300.0,,
401468673,2022-12-29T00:30Z,2022-12-28,2023,2,MIA,LAL,112.0,98.0,False,,BetfairSportsbook,-9.0,-111.0,-111.0,228.0,-111.0,-111.0,-450.0,310.0,,
401468674,2022-12-29T01:00Z,2022-12-28,2023,2,CHI,MIL,119.0,113.0,False,,BetfairSportsbook,2.5,-111.0,-111.0,231.0,-111.0,-111.0,115.0,-150.0,,
401468675,2022-12-29T01:00Z,2022-12-28,2023,2,NO,MIN,119.0,118.0,False,,BetfairSportsbook,-6.5,-111.0,-111.0,233.5,-111.0,-111.0,-250.0,188.0,,
401468676,2022-12-29T03:00Z,2022-12-28,2023,2,GS,UTAH,112.0,107.0,False,,BetfairSportsbook,4.5,-111.0,-111.0,232.0,-111.0,-111.0,155.0,-200.0,,
401468677,2022-12-29T03:00Z,2022-12-28,2023,2,SAC,DEN,127.0,126.0,False,,BetfairSportsbook,-3.0,-111.0,-111.0,236.5,-111.0,-111.0,-163.0,125.0,,
401468678,2022-12-30T00:00Z,2022-12-29,2023,2,CHA,OKC,121.0,113.0,False,,BetfairSportsbook,-2.5,-111.0,-111.0,238.0,-111.0,-111.0,-150.0,115.0,,
401468679,2022-12-30T00:00Z,2022-12-29,2023,2,IND,CLE,135.0,126.0,False,,BetfairSportsbook,4.0,-111.0,-111.0,225.5,-111.0,-111.0,145.0,-188.0,,
401468680,2022-12-30T00:30Z,2022-12-29,2023,2,BOS,LAC,116.0,110.0,False,,BetfairSportsbook,-6.5,-111.0,-111.0,227.5,-111.0,-111.0,-275.0,210.0,,
401468681,2022-12-30T00:30Z,2022-12-29,2023,2,TOR,MEM,106.0,119.0,False,,BetfairSportsbook,4.0,-111.0,-111.0,230.5,-111.0,-111.0,145.0,-188.0,,
401468682,2022-12-30T01:00Z,2022-12-29,2023,2,SA,NY,122.0,115.0,False,,BetfairSportsbook,4.5,-111.0,-111.0,222.0,-111.0,-111.0,163.0,-213.0,,
401468683,2022-12-30T01:30Z,2022-12-29,2023,2,DAL,HOU,129.0,114.0,False,,BetfairSportsbook,-10.0,-111.0,-111.0,227.0,-111.0,-111.0,-500.0,333.0,,
401468684,2022-12-31T00:00Z,2022-12-30,2023,2,ORL,WSH,100.0,119.0,False,,BetfairSportsbook,4.5,-111.0,-111.0,226.5,-111.0,-111.0,155.0,-200.0,,
401468685,2022-12-31T00:30Z,2022-12-30,2023,2,ATL,LAL,121.0,130.0,False,,BetfairSportsbook,-6.0,-111.0,-111.0,243.0,-111.0,-111.0,-250.0,188.0,,
401468686,2022-12-31T00:30Z,2022-12-30,2023,2,TOR,PHX,113.0,104.0,False,,BetfairSportsbook,-2.0,-111.0,-111.0,221.5,-111.0,-111.0,-133.0,105.0,,
401468687,2022-12-31T01:00Z,2022-12-30,2023,2,CHI,DET,132.0,118.0,False,,BetfairSportsbook,-7.5,-111.0,-111.0,230.5,-111.0,-111.0,-300.0,225.0,,
401468688,2022-12-31T01:00Z,2022-12-30,2023,2,MIL,MIN,123.0,114.0,False,,BetfairSportsbook,-7.5,-111.0,-111.0,229.0,-111.0,-111.0,-333.0,240.0,,
401468689,2022-12-31T01:30Z,2022-12-30,2023,2,NO,PHI,127.0,116.0,False,,BetfairSportsbook,1.0,-111.0,-111.0,229.5,-111.0,-111.0,-111.0,-111.0,,
401468690,2022-12-31T02:00Z,2022-12-30,2023,2,DEN,MIA,124.0,119.0,False,,BetfairSportsbook,-4.0,-111.0,-111.0,224.5,-111.0,-111.0,-175.0,138.0,,
401468691,2022-12-31T03:00Z,2022-12-30,2023,2,GS,POR,118.0,112.0,False,,BetfairSportsbook,-1.0,-111.0,-111.0,233.0,-111.0,-111.0,-111.0,-111.0,,
401468692,2022-12-31T03:00Z,2022-12-30,2023,2,SAC,UTAH,126.0,125.0,False,,BetfairSportsbook,-3.5,-111.0,-111.0,242.0,-111.0,-111.0,-175.0,138.0,,
401468693,2022-12-31T20:00Z,2022-12-31,2023,2,IND,LAC,131.0,130.0,False,,BetfairSportsbook,3.0,-111.0,-111.0,231.5,-111.0,-111.0,120.0,-154.0,,
401468694,2023-01-01T00:00Z,2022-12-31,2023,2,CHA,BKN,106.0,123.0,False,,BetfairSportsbook,6.5,-111.0,-111.0,237.5,-111.0,-111.0,188.0,-250.0,,
401468695,2023-01-01T00:00Z,2022-12-31,2023,2,CHI,CLE,102.0,103.0,False,,BetfairSportsbook,2.5,-111.0,-111.0,225.0,-111.0,-111.0,110.0,-138.0,,
401468696,2023-01-01T00:00Z,2022-12-31,2023,2,HOU,NY,88.0,108.0,False,,BetfairSportsbook,4.0,-111.0,-111.0,223.0,-111.0,-111.0,145.0,-188.0,,
401468697,2023-01-01T00:00Z,2022-12-31,2023,2,SA,DAL,125.0,126.0,False,,BetfairSportsbook,7.5,-111.0,-111.0,231.0,-111.0,-111.0,225.0,-300.0,,
401468698,2023-01-01T01:00Z,2022-12-31,2023,2,MEM,NO,116.0,101.0,False,,BetfairSportsbook,-6.5,-111.0,-111.0,237.0,-111.0,-111.0,-250.0,188.0,,
401468699,2023-01-01T01:00Z,2022-12-31,2023,2,MIN,DET,104.0,116.0,False,,BetfairSportsbook,-7.0,-111.0,-111.0,233.5,-111.0,-111.0,-300.0,225.0,,
401468700,2023-01-01T01:00Z,2022-12-31,2023,2,OKC,PHI,96.0,115.0,False,,BetfairSportsbook,2.5,-111.0,-111.0,225.0,-111.0,-111.0,115.0,-150.0,,
401468701,2023-01-01T02:00Z,2022-12-31,2023,2,UTAH,MIA,123.0,126.0,False,,BetfairSportsbook,-4.0,-111.0,-111.0,225.0,-111.0,-111.0,-188.0,145.0,,
401468702,2023-01-02T01:00Z,2023-01-01,2023,2,MEM,SAC,118.0,108.0,False,,BetfairSportsbook,-4.0,-111.0,-111.0,239.5,-111.0,-111.0,-188.0,145.0,,
401468703,2023-01-02T01:00Z,2023-01-01,2023,2,MIL,WSH,95.0,118.0,False,,BetfairSportsbook,-2.5,-111.0,-111.0,220.5,-111.0,-111.0,-150.0,115.0,,
401468704,2023-01-02T01:00Z,2023-01-01,2023,2,DEN,BOS,123.0,111.0,False,,BetfairSportsbook,3.5,-111.0,-111.0,234.0,-111.0,-111.0,138.0,-175.0,,
401468705,2023-01-02T20:00Z,2023-01-02,2023,2,NY,PHX,102.0,83.0,False,,BetfairSportsbook,-2.5,-111.0,-111.0,219.0,-111.0,-111.0,-150.0,115.0,,
401468706,2023-01-03T00:00Z,2023-01-02,2023,2,CHA,LAL,115.0,121.0,False,,BetfairSportsbook,-2.0,-111.0,-111.0,242.0,-111.0,-111.0,-133.0,105.0,,
401468707,2023-01-03T00:00Z,2023-01-02,2023,2,CLE,CHI,145.0,134.0,False,,BetfairSportsbook,-4.0,-111.0,-111.0,225.0,-111.0,-111.0,-188.0,145.0,,
401468708,2023-01-03T00:00Z,2023-01-02,2023,2,IND,TOR,122.0,114.0,False,,BetfairSportsbook,2.0,-111.0,-111.0,233.0,-111.0,-111.0,105.0,-133.0,,
401468709,2023-01-03T00:00Z,2023-01-02,2023,2,PHI,NO,120.0,111.0,False,,BetfairSportsbook,-5.0,-111.0,-111.0,229.0,-111.0,-111.0,-213.0,163.0,,
401468710,2023-01-03T00:30Z,2023-01-02,2023,2,BKN,SA,139.0,103.0,False,,BetfairSportsbook,-12.0,-111.0,-111.0,237.5,-111.0,-111.0,-700.0,450.0,,
401468711,2023-01-03T01:00Z,2023-01-02,2023,2,HOU,DAL,106.0,111.0,False,,BetfairSportsbook,7.5,-111.0,-111.0,227.5,-111.0,-111.0,210.0,-275.0,,
401468712,2023-01-03T01:00Z,2023-01-02,2023,2,MIN,DEN,124.0,111.0,False,,BetfairSportsbook,4.5,-111.0,-111.0,231.0,-111.0,-111.0,155.0,-200.0,,
401468713,2023-01-03T03:00Z,2023-01-02,2023,2,GS,ATL,143.0,141.0,False,,BetfairSportsbook,-1.5,-111.0,-111.0,235.5,-111.0,-111.0,-125.0,100.0,,
401468714,2023-01-03T03:00Z,2023-01-02,2023,2,POR,DET,135.0,106.0,False,,BetfairSportsbook,-9.5,-111.0,-111.0,231.0,-111.0,-111.0,-450.0,310.0,,
401468715,2023-01-03T03:30Z,2023-01-02,2023,2,LAC,MIA,100.0,110.0,False,,BetfairSportsbook,1.0,-111.0,-111.0,218.5,-111.0,-111.0,-111.0,-111.0,,
401468716,2023-01-04T01:00Z,2023-01-03,2023,2,MIL,WSH,123.0,113.0,False,,BetfairSportsbook,-7.5,-111.0,-111.0,232.5,-111.0,-111.0,-300.0,225.0,,
401468717,2023-01-04T01:00Z,2023-01-03,2023,2,OKC,BOS,150.0,117.0,False,,BetfairSportsbook,12.0,-111.0,-111.0,228.5,-111.0,-111.0,450.0,-700.0,,
401468718,2023-01-04T02:00Z,2023-01-03,2023,2,UTAH,SAC,115.0,117.0,False,,BetfairSportsbook,-3.0,-111.0,-111.0,242.5,-111.0,-111.0,-167.0,130.0,,
401468719,2023-01-05T00:00Z,2023-01-04,2023,2,CHA,MEM,107.0,131.0,False,,BetfairSportsbook,7.0,-111.0,-111.0,236.5,-111.0,-111.0,225.0,-300.0,,
401468720,2023-01-05T00:00Z,2023-01-04,2023,2,CLE,PHX,90.0,88.0,False,,BetfairSportsbook,-5.0,-111.0,-111.0,216.5,-111.0,-111.0,-213.0,163.0,,
401468721,2023-01-05T00:00Z,2023-01-04,2023,2,ORL,OKC,126.0,115.0,False,,BetfairSportsbook,1.5,-111.0,-111.0,230.0,-111.0,-111.0,100.0,-125.0,,
401468722,2023-01-05T00:00Z,2023-01-04,2023,2,PHI,IND,129.0,126.0,False,,BetfairSportsbook,-5.0,-111.0,-111.0,233.5,-111.0,-111.0,-213.0,163.0,,
401468723,2023-01-05T00:30Z,2023-01-04,2023,2,NY,SA,117.0,114.0,False,,BetfairSportsbook,-10.0,-111.0,-111.0,225.0,-111.0,-111.0,-500.0,333.0,,
401468724,2023-01-05T00:30Z,2023-01-04,2023,2,TOR,MIL,101.0,104.0,False,,BetfairSportsbook,-5.5,-111.0,-111.0,223.5,-111.0,-111.0,-225.0,170.0,,
401468725,2023-01-05T01:00Z,2023-01-04,2023,2,CHI,BKN,121.0,112.0,False,,BetfairSportsbook,5.5,-111.0,-111.0,234.0,-111.0,-111.0,163.0,-213.0,,
401468726,2023-01-05T01:00Z,2023-01-04,2023,2,MIN,POR,113.0,106.0,False,,BetfairSportsbook,2.0,-111.0,-111.0,233.5,-111.0,-111.0,100.0,-125.0,,
401468727,2023-01-05T01:00Z,2023-01-04,2023,2,NO,HOU,119.0,108.0,False,,BetfairSportsbook,-7.0,-111.0,-111.0,230.0,-111.0,-111.0,-300.0,225.0,,
401468728,2023-01-05T03:00Z,2023-01-04,2023,2,GS,DET,119.0,122.0,False,,BetfairSportsbook,-7.0,-111.0,-111.0,232.5,-111.0,-111.0,-275.0,210.0,,
401468729,2023-01-05T03:00Z,2023-01-04,2023,2,LAL,MIA,112.0,109.0,False,,BetfairSportsbook,8.5,-111.0,-111.0,224.0,-111.0,-111.0,250.0,-350.0,,
401468730,2023-01-05T03:00Z,2023-01-04,2023,2,SAC,ATL,117.0,120.0,False,,BetfairSportsbook,-2.0,-111.0,-111.0,246.5,-111.0,-111.0,-125.0,100.0,,
401468731,2023-01-06T00:00Z,2023-01-05,2023,2,ORL,MEM,115.0,123.0,False,,BetfairSportsbook,7.0,-111.0,-111.0,230.5,-111.0,-111.0,210.0,-275.0,,
401468732,2023-01-06T00:30Z,2023-01-05,2023,2,DAL,BOS,95.0,124.0,False,,BetfairSportsbook,3.0,-111.0,-111.0,231.5,-111.0,-111.0,138.0,-175.0,,
401468733,2023-01-06T01:00Z,2023-01-05,2023,2,HOU,UTAH,114.0,131.0,False,,BetfairSportsbook,7.0,-111.0,-111.0,231.5,-111.0,-111.0,210.0,-275.0,,
401468734,2023-01-06T03:00Z,2023-01-05,2023,2,DEN,LAC,122.0,91.0,False,,BetfairSportsbook,-4.5,-111.0,-111.0,230.0,-111.0,-111.0,-213.0,163.0,,
401468735,2023-01-07T00:00Z,2023-01-06,2023,2,IND,POR,108.0,99.0,False,,BetfairSportsbook,-1.5,-111.0,-111.0,237.5,-111.0,-111.0,-125.0,100.0,,
401468736,2023-01-07T00:00Z,2023-01-06,2023,2,PHI,CHI,112.0,126.0,False,,BetfairSportsbook,-5.0,-111.0,-111.0,233.5,-111.0,-111.0,-213.0,163.0,,
401468737,2023-01-07T00:30Z,2023-01-06,2023,2,TOR,NY,108.0,112.0,False,,BetfairSportsbook,-4.0,-111.0,-111.0,216.0,-111.0,-111.0,-188.0,145.0,,
401468741,2023-01-07T00:30Z,2023-01-06,2023,2,NO,BKN,102.0,108.0,False,,BetfairSportsbook,5.0,-111.0,-111.0,231.0,-111.0,-111.0,163.0,-213.0,,
401468738,2023-01-07T01:00Z,2023-01-06,2023,2,MIL,CHA,109.0,138.0,False,,BetfairSportsbook,-10.0,-111.0,-111.0,230.0,-111.0,-111.0,-500.0,333.0,,
401468739,2023-01-07T01:00Z,2023-01-06,2023,2,OKC,WSH,127.0,110.0,False,,BetfairSportsbook,1.0,-111.0,-111.0,232.5,-111.0,-111.0,-111.0,-111.0,,
401468740,2023-01-07T01:00Z,2023-01-06,2023,2,SA,DET,121.0,109.0,False,,BetfairSportsbook,-1.5,-111.0,-111.0,236.5,-111.0,-111.0,-125.0,100.0,,
401468742,2023-01-07T02:00Z,2023-01-06,2023,2,MIN,LAC,128.0,115.0,False,,BetfairSportsbook,-5.5,-111.0,-111.0,223.0,-111.0,-111.0,-250.0,188.0,,
401468743,2023-01-07T02:00Z,2023-01-06,2023,2,DEN,CLE,121.0,108.0,False,,BetfairSportsbook,-5.5,-111.0,-111.0,221.5,-111.0,-111.0,-225.0,170.0,,
401468744,2023-01-07T03:00Z,2023-01-06,2023,2,PHX,MIA,96.0,104.0,False,,BetfairSportsbook,1.0,-111.0,-111.0,211.0,-111.0,-111.0,-111.0,-111.0,,
401468745,2023-01-07T03:30Z,2023-01-06,2023,2,LAL,ATL,130.0,114.0,False,,BetfairSportsbook,3.0,-111.0,-111.0,242.0,-111.0,-111.0,115.0,-150.0,,
401468746,2023-01-07T23:00Z,2023-01-07,2023,2,SA,BOS,116.0,121.0,False,,BetfairSportsbook,15.0,-111.0,-111.0,234.5,-111.0,-111.0,700.0,-1400.0,,
401468747,2023-01-08T01:00Z,2023-01-07,2023,2,CHI,UTAH,126.0,118.0,False,,BetfairSportsbook,3.0,-111.0,-111.0,239.5,-111.0,-111.0,115.0,-150.0,,
401468748,2023-01-08T01:00Z,2023-01-07,2023,2,DAL,NO,127.0,117.0,False,,BetfairSportsbook,-9.0,-111.0,-111.0,222.5,-111.0,-111.0,-400.0,280.0,,
401468749,2023-01-08T01:30Z,2023-01-07,2023,2,GS,ORL,101.0,115.0,False,,BetfairSportsbook,-6.5,-111.0,-111.0,231.0,-111.0,-111.0,-250.0,188.0,,
401468750,2023-01-08T03:00Z,2023-01-07,2023,2,SAC,LAL,134.0,136.0,False,,BetfairSportsbook,-7.5,-111.0,-111.0,242.5,-111.0,-111.0,-300.0,225.0,,
401468751,2023-01-08T20:00Z,2023-01-08,2023,2,DET,PHI,111.0,123.0,False,,BetfairSportsbook,5.5,-111.0,-111.0,229.5,-111.0,-111.0,170.0,-225.0,,
401468752,2023-01-08T20:30Z,2023-01-08,2023,2,TOR,POR,117.0,105.0,False,,BetfairSportsbook,-3.0,-111.0,-111.0,226.5,-111.0,-111.0,-167.0,130.0,,
401468753,2023-01-08T22:00Z,2023-01-08,2023,2,IND,CHA,116.0,111.0,False,,BetfairSportsbook,-5.5,-111.0,-111.0,239.5,-111.0,-111.0,-225.0,170.0,,
401468754,2023-01-08T23:00Z,2023-01-08,2023,2,MIA,BKN,101.0,102.0,False,,BetfairSportsbook,2.5,-111.0,-111.0,223.0,-111.0,-111.0,115.0,-150.0,,
401468755,2023-01-08T23:00Z,2023-01-08,2023,2,MEM,UTAH,123.0,118.0,False,,BetfairSportsbook,-6.0,-111.0,-111.0,234.0,-111.0,-111.0,-250.0,188.0,,
401468756,2023-01-09T00:00Z,2023-01-08,2023,2,HOU,MIN,96.0,104.0,False,,BetfairSportsbook,4.0,-111.0,-111.0,232.5,-111.0,-111.0,145.0,-188.0,,
401468757,2023-01-09T00:00Z,2023-01-08,2023,2,OKC,DAL,120.0,109.0,False,,BetfairSportsbook,-4.5,-111.0,-111.0,227.0,-111.0,-111.0,-200.0,155.0,,
401468758,2023-01-09T01:00Z,2023-01-08,2023,2,PHX,CLE,98.0,112.0,False,,BetfairSportsbook,6.5,-111.0,-111.0,215.0,-111.0,-111.0,188.0,-250.0,,
401468759,2023-01-09T02:00Z,2023-01-08,2023,2,LAC,ATL,108.0,112.0,False,,BetfairSportsbook,-2.5,-111.0,-111.0,233.0,-111.0,-111.0,-138.0,110.0,,
401468760,2023-01-10T00:00Z,2023-01-09,2023,2,WSH,NO,112.0,132.0,False,,BetfairSportsbook,-1.5,-111.0,-111.0,227.5,-111.0,-111.0,-133.0,105.0,,
401468761,2023-01-10T00:30Z,2023-01-09,2023,2,BOS,CHI,107.0,99.0,False,,BetfairSportsbook,-9.0,-111.0,-111.0,235.5,-111.0,-111.0,-450.0,310.0,,
401468762,2023-01-10T00:30Z,2023-01-09,2023,2,NY,MIL,107.0,111.0,False,,BetfairSportsbook,0.5,-111.0,-111.0,218.5,-111.0,-111.0,-111.0,-111.0,,
401468763,2023-01-10T01:00Z,2023-01-09,2023,2,MEM,SA,121.0,113.0,False,,BetfairSportsbook,-11.0,-111.0,-111.0,234.0,-111.0,-111.0,-600.0,400.0,,
401468764,2023-01-10T02:00Z,2023-01-09,2023,2,DEN,LAL,122.0,109.0,False,,BetfairSportsbook,-13.0,-111.0,-111.0,237.0,-111.0,-111.0,-800.0,500.0,,
401468765,2023-01-10T03:00Z,2023-01-09,2023,2,SAC,ORL,136.0,111.0,False,,BetfairSportsbook,-6.5,-111.0,-111.0,237.5,-111.0,-111.0,-250.0,188.0,,
401468767,2023-01-11T00:00Z,2023-01-10,2023,2,PHI,DET,147.0,116.0,False,,BetfairSportsbook,-15.0,-111.0,-111.0,225.5,-111.0,-111.0,-1400.0,700.0,,
401468766,2023-01-11T00:30Z,2023-01-10,2023,2,MIA,OKC,112.0,111.0,False,,BetfairSportsbook,-1.5,-111.0,-111.0,221.0,-111.0,-111.0,-125.0,100.0,,
401468768,2023-01-11T00:30Z,2023-01-10,2023,2,TOR,CHA,132.0,120.0,False,,BetfairSportsbook,-8.0,-111.0,-111.0,229.5,-111.0,-111.0,-300.0,225.0,,
401468769,2023-01-11T02:00Z,2023-01-10,2023,2,UTAH,CLE,116.0,114.0,False,,BetfairSportsbook,2.5,-111.0,-111.0,226.5,-111.0,-111.0,115.0,-150.0,,
401468770,2023-01-11T03:00Z,2023-01-10,2023,2,GS,PHX,113.0,125.0,False,,BetfairSportsbook,-12.5,-111.0,-111.0,230.5,-111.0,-111.0,-800.0,500.0,,
401468771,2023-01-11T03:00Z,2023-01-10,2023,2,POR,ORL,106.0,109.0,False,,BetfairSportsbook,-9.0,-111.0,-111.0,228.5,-111.0,-111.0,-350.0,250.0,,
401468772,2023-01-11T03:30Z,2023-01-10,2023,2,LAC,DAL,113.0,101.0,False,,BetfairSportsbook,-0.5,-111.0,-111.0,224.5,-111.0,-111.0,-111.0,-111.0,,
401468773,2023-01-12T00:00Z,2023-01-11,2023,2,DET,MIN,135.0,118.0,False,,BetfairSportsbook,6.5,-111.0,-111.0,233.5,-111.0,-111.0,188.0,-250.0,,
401468774,2023-01-12T00:00Z,2023-01-11,2023,2,WSH,CHI,100.0,97.0,False,,BetfairSportsbook,1.5,-111.0,-111.0,228.5,-111.0,-111.0,105.0,-133.0,,
401468775,2023-01-12T00:30Z,2023-01-11,2023,2,ATL,MIL,105.0,114.0,False,,BetfairSportsbook,4.5,-111.0,-111.0,228.0,-111.0,-111.0,155.0,-200.0,,
401468776,2023-01-12T00:30Z,2023-01-11,2023,2,BOS,NO,125.0,114.0,False,,BetfairSportsbook,-9.5,-111.0,-111.0,230.0,-111.0,-111.0,-450.0,310.0,,
401468777,2023-01-12T00:30Z,2023-01-11,2023,2,NY,IND,119.0,113.0,False,,BetfairSportsbook,-5.0,-111.0,-111.0,226.5,-111.0,-111.0,-213.0,163.0,,
401468778,2023-01-12T01:00Z,2023-01-11,2023,2,MEM,SA,135.0,129.0,False,,BetfairSportsbook,-13.5,-111.0,-111.0,241.0,-111.0,-111.0,-1000.0,550.0,,
401468779,2023-01-12T03:00Z,2023-01-11,2023,2,DEN,PHX,126.0,97.0,False,,BetfairSportsbook,-14.5,-111.0,-111.0,227.0,-111.0,-111.0,-1400.0,700.0,,
401468780,2023-01-12T03:00Z,2023-01-11,2023,2,SAC,HOU,135.0,115.0,False,,BetfairSportsbook,-9.0,-111.0,-111.0,236.0,-111.0,-111.0,-400.0,280.0,,
401468781,2023-01-13T00:00Z,2023-01-12,2023,2,PHI,OKC,114.0,133.0,False,,BetfairSportsbook,-10.0,-111.0,-111.0,234.0,-111.0,-111.0,-500.0,333.0,,
401468782,2023-01-13T00:30Z,2023-01-12,2023,2,BKN,BOS,98.0,109.0,False,,BetfairSportsbook,1.0,-111.0,-111.0,224.5,-111.0,-111.0,-111.0,-111.0,,
401468783,2023-01-13T00:30Z,2023-01-12,2023,2,MIA,MIL,108.0,102.0,False,,BetfairSportsbook,-5.5,-111.0,-111.0,211.5,-111.0,-111.0,-250.0,188.0,,
401468784,2023-01-13T00:30Z,2023-01-12,2023,2,TOR,CHA,124.0,114.0,False,,BetfairSportsbook,-7.5,-111.0,-111.0,230.0,-111.0,-111.0,-300.0,225.0,,
401468785,2023-01-13T03:00Z,2023-01-12,2023,2,LAL,DAL,115.0,119.0,False,,BetfairSportsbook,2.5,-111.0,-111.0,236.5,-111.0,-111.0,115.0,-150.0,,
401468786,2023-01-13T03:00Z,2023-01-12,2023,2,POR,CLE,113.0,119.0,False,,BetfairSportsbook,1.5,-111.0,-111.0,224.5,-111.0,-111.0,-111.0,-111.0,,
401468787,2023-01-14T00:00Z,2023-01-13,2023,2,DET,NO,110.0,116.0,False,,BetfairSportsbook,5.5,-111.0,-111.0,234.5,-111.0,-111.0,188.0,-250.0,,
401468788,2023-01-14T00:00Z,2023-01-13,2023,2,IND,ATL,111.0,113.0,False,,BetfairSportsbook,3.5,-111.0,-111.0,239.0,-111.0,-111.0,138.0,-175.0,,
401468789,2023-01-14T00:00Z,2023-01-13,2023,2,WSH,NY,108.0,112.0,False,,BetfairSportsbook,3.5,-111.0,-111.0,220.5,-111.0,-111.0,138.0,-175.0,,
401468790,2023-01-14T00:30Z,2023-01-13,2023,2,SA,GS,113.0,144.0,False,,BetfairSportsbook,9.0,-111.0,-111.0,243.5,-111.0,-111.0,280.0,-400.0,,
401468791,2023-01-14T01:00Z,2023-01-13,2023,2,CHI,OKC,110.0,124.0,False,,BetfairSportsbook,-4.5,-111.0,-111.0,233.5,-111.0,-111.0,-200.0,155.0,,
401468792,2023-01-14T01:00Z,2023-01-13,2023,2,MIN,PHX,121.0,116.0,False,,BetfairSportsbook,-6.0,-111.0,-111.0,223.0,-111.0,-111.0,-250.0,188.0,,
401468793,2023-01-14T02:00Z,2023-01-13,2023,2,UTAH,ORL,112.0,108.0,False,,BetfairSportsbook,-5.5,-111.0,-111.0,233.5,-111.0,-111.0,-225.0,170.0,,
401468794,2023-01-14T03:00Z,2023-01-13,2023,2,LAC,DEN,103.0,115.0,False,,BetfairSportsbook,-5.0,-111.0,-111.0,222.0,-111.0,-111.0,-213.0,163.0,,
401468795,2023-01-14T03:00Z,2023-01-13,2023,2,SAC,HOU,139.0,114.0,False,,BetfairSportsbook,-9.5,-111.0,-111.0,239.0,-111.0,-111.0,-450.0,310.0,,
401468796,2023-01-14T18:00Z,2023-01-14,2023,2,MIA,MIL,111.0,95.0,False,,BetfairSportsbook,-4.0,-111.0,-111.0,213.0,-111.0,-111.0,-188.0,145.0,,
401468797,2023-01-15T00:00Z,2023-01-14,2023,2,CHA,BOS,106.0,122.0,False,,BetfairSportsbook,7.5,-111.0,-111.0,232.5,-111.0,-111.0,225.0,-300.0,,
401468798,2023-01-15T00:00Z,2023-01-14,2023,2,IND,MEM,112.0,130.0,False,,BetfairSportsbook,7.5,-111.0,-111.0,241.0,-111.0,-111.0,225.0,-300.0,,
401468799,2023-01-15T00:30Z,2023-01-14,2023,2,TOR,ATL,103.0,114.0,False,,BetfairSportsbook,-7.5,-111.0,-111.0,232.0,-111.0,-111.0,-300.0,225.0,,
401468800,2023-01-15T01:00Z,2023-01-14,2023,2,MIN,CLE,110.0,102.0,False,,BetfairSportsbook,4.5,-111.0,-111.0,225.0,-111.0,-111.0,155.0,-200.0,,
401468801,2023-01-15T02:00Z,2023-01-14,2023,2,UTAH,PHI,117.0,118.0,False,,BetfairSportsbook,6.5,-111.0,-111.0,231.0,-111.0,-111.0,210.0,-275.0,,
401468802,2023-01-15T03:00Z,2023-01-14,2023,2,POR,DAL,136.0,119.0,False,,BetfairSportsbook,-4.0,-111.0,-111.0,226.5,-111.0,-111.0,-200.0,155.0,,
401468803,2023-01-15T18:00Z,2023-01-15,2023,2,DET,NY,104.0,117.0,False,,BetfairSportsbook,8.5,-111.0,-111.0,225.0,-111.0,-111.0,250.0,-350.0,,
401468804,2023-01-15T20:00Z,2023-01-15,2023,2,LAC,HOU,121.0,100.0,False,,BetfairSportsbook,-10.0,-111.0,-111.0,221.0,-111.0,-111.0,-500.0,333.0,,
401468805,2023-01-15T20:30Z,2023-01-15,2023,2,CHI,GS,132.0,118.0,False,,BetfairSportsbook,6.0,-111.0,-111.0,237.5,-111.0,-111.0,188.0,-250.0,,
401468806,2023-01-15T23:00Z,2023-01-15,2023,2,BKN,OKC,102.0,112.0,False,,BetfairSportsbook,-4.5,-111.0,-111.0,230.0,-111.0,-111.0,-200.0,155.0,,
401468807,2023-01-16T00:00Z,2023-01-15,2023,2,SA,SAC,119.0,132.0,False,,BetfairSportsbook,7.0,-111.0,-111.0,246.0,-111.0,-111.0,210.0,-275.0,,
401468808,2023-01-16T01:00Z,2023-01-15,2023,2,DEN,ORL,119.0,116.0,False,,BetfairSportsbook,-11.0,-111.0,-111.0,234.0,-111.0,-111.0,-600.0,400.0,,
401468809,2023-01-16T02:00Z,2023-01-15,2023,2,POR,DAL,140.0,123.0,False,,BetfairSportsbook,-9.0,-111.0,-111.0,223.5,-111.0,-111.0,-450.0,310.0,,
401468810,2023-01-16T02:30Z,2023-01-15,2023,2,LAL,PHI,112.0,113.0,False,,BetfairSportsbook,6.0,-111.0,-111.0,235.0,-111.0,-111.0,188.0,-250.0,,
401468811,2023-01-16T18:00Z,2023-01-16,2023,2,CHA,BOS,118.0,130.0,False,,BetfairSportsbook,8.5,-111.0,-111.0,230.5,-111.0,-111.0,280.0,-400.0,,
401468812,2023-01-16T19:30Z,2023-01-16,2023,2,MIL,IND,132.0,119.0,False,,BetfairSportsbook,-5.0,-111.0,-111.0,228.0,-111.0,-111.0,-200.0,155.0,,
401468813,2023-01-16T20:00Z,2023-01-16,2023,2,CLE,NO,113.0,103.0,False,,BetfairSportsbook,-7.5,-111.0,-111.0,223.0,-111.0,-111.0,-300.0,225.0,,
401468814,2023-01-16T20:00Z,2023-01-16,2023,2,NY,TOR,121.0,123.0,False,,BetfairSportsbook,-1.5,-111.0,-111.0,219.0,-111.0,-111.0,-125.0,100.0,,
401468815,2023-01-16T20:00Z,2023-01-16,2023,2,WSH,GS,118.0,127.0,False,,BetfairSportsbook,2.5,-111.0,-111.0,235.5,-111.0,-111.0,120.0,-154.0,,
401468816,2023-01-16T20:30Z,2023-01-16,2023,2,ATL,MIA,121.0,113.0,False,,BetfairSportsbook,-1.0,-111.0,-111.0,223.0,-111.0,-111.0,-111.0,-111.0,,
401468817,2023-01-16T21:00Z,2023-01-16,2023,2,MIN,UTAH,125.0,126.0,False,,BetfairSportsbook,-4.5,-111.0,-111.0,232.5,-111.0,-111.0,-200.0,155.0,,
401468818,2023-01-16T23:00Z,2023-01-16,2023,2,MEM,PHX,136.0,106.0,False,,BetfairSportsbook,-12.5,-111.0,-111.0,231.5,-111.0,-111.0,-800.0,500.0,,
401468819,2023-01-17T03:30Z,2023-01-16,2023,2,LAL,HOU,140.0,132.0,False,,BetfairSportsbook,-7.5,-111.0,-111.0,236.5,-111.0,-111.0,-300.0,225.0,,
401468820,2023-01-18T00:30Z,2023-01-17,2023,2,MIL,TOR,130.0,122.0,False,,BetfairSportsbook,-1.5,-111.0,-111.0,222.0,-111.0,-111.0,-111.0,-111.0,,
401468821,2023-01-18T01:00Z,2023-01-17,2023,2,SA,BKN,106.0,98.0,False,,BetfairSportsbook,2.5,-111.0,-111.0,228.0,-111.0,-111.0,115.0,-150.0,,
401468822,2023-01-18T02:00Z,2023-01-17,2023,2,DEN,POR,122.0,113.0,False,,BetfairSportsbook,-6.0,-111.0,-111.0,238.5,-111.0,-111.0,-250.0,188.0,,
401468823,2023-01-18T03:00Z,2023-01-17,2023,2,LAC,PHI,110.0,120.0,False,,BetfairSportsbook,-1.0,-111.0,-111.0,224.0,-111.0,-111.0,-111.0,-111.0,,
401468824,2023-01-19T00:30Z,2023-01-18,2023,2,NY,WSH,105.0,116.0,False,,BetfairSportsbook,-5.5,-111.0,-111.0,225.0,-111.0,-111.0,-225.0,170.0,,
401468825,2023-01-19T00:30Z,2023-01-18,2023,2,DAL,ATL,122.0,130.0,False,,BetfairSportsbook,-2.5,-111.0,-111.0,231.5,-111.0,-111.0,-150.0,115.0,,
401468826,2023-01-19T01:00Z,2023-01-18,2023,2,HOU,CHA,117.0,122.0,False,,BetfairSportsbook,3.0,-111.0,-111.0,236.5,-111.0,-111.0,120.0,-154.0,,
401468827,2023-01-19T01:00Z,2023-01-18,2023,2,MEM,CLE,115.0,114.0,False,,BetfairSportsbook,-7.5,-111.0,-111.0,227.0,-111.0,-111.0,-333.0,240.0,,
401468828,2023-01-19T01:00Z,2023-01-18,2023,2,NO,MIA,98.0,124.0,False,,BetfairSportsbook,3.5,-111.0,-111.0,219.5,-111.0,-111.0,138.0,-175.0,,
401468829,2023-01-19T01:00Z,2023-01-18,2023,2,OKC,IND,126.0,106.0,False,,BetfairSportsbook,-4.0,-111.0,-111.0,237.5,-111.0,-111.0,-200.0,155.0,,
401468830,2023-01-19T02:00Z,2023-01-18,2023,2,UTAH,LAC,126.0,103.0,False,,BetfairSportsbook,-8.0,-111.0,-111.0,229.5,-111.0,-111.0,-333.0,240.0,,
401468831,2023-01-19T03:12Z,2023-01-18,2023,2,DEN,MIN,122.0,118.0,False,,BetfairSportsbook,-9.0,-111.0,-111.0,241.5,-111.0,-111.0,-450.0,310.0,,
401468832,2023-01-19T03:30Z,2023-01-18,2023,2,LAL,SAC,111.0,116.0,False,,BetfairSportsbook,-2.0,-111.0,-111.0,244.5,-111.0,-111.0,-138.0,110.0,,
401468833,2023-01-19T20:00Z,2023-01-19,2023,2,DET,CHI,108.0,126.0,True,NBA Paris Game 2023,BetfairSportsbook,7.5,-111.0,-111.0,236.0,-111.0,-111.0,225.0,-300.0,,
401468834,2023-01-20T00:30Z,2023-01-19,2023,2,BOS,GS,121.0,118.0,False,,BetfairSportsbook,-7.0,-111.0,-111.0,241.5,-111.0,-111.0,-275.0,210.0,,
401468835,2023-01-20T01:00Z,2023-01-19,2023,2,MIN,TOR,128.0,126.0,False,,BetfairSportsbook,4.5,-111.0,-111.0,233.0,-111.0,-111.0,155.0,-200.0,,
401468836,2023-01-20T03:00Z,2023-01-19,2023,2,PHX,BKN,117.0,112.0,False,,BetfairSportsbook,4.0,-111.0,-111.0,220.5,-111.0,-111.0,145.0,-188.0,,
401468837,2023-01-20T03:00Z,2023-01-19,2023,2,POR,PHI,95.0,105.0,False,,BetfairSportsbook,2.0,-111.0,-111.0,234.0,-111.0,-111.0,105.0,-133.0,,
401468838,2023-01-21T00:00Z,2023-01-20,2023,2,ORL,NO,123.0,110.0,False,,BetfairSportsbook,1.0,-111.0,-111.0,230.0,-111.0,-111.0,-111.0,-111.0,,
401468839,2023-01-21T00:30Z,2023-01-20,2023,2,ATL,NY,139.0,124.0,False,,BetfairSportsbook,-3.0,-111.0,-111.0,229.5,-111.0,-111.0,-163.0,125.0,,
401468840,2023-01-21T00:30Z,2023-01-20,2023,2,CLE,GS,114.0,120.0,False,,BetfairSportsbook,-10.5,-111.0,-111.0,219.5,-111.0,-111.0,-500.0,333.0,,
401468841,2023-01-21T00:30Z,2023-01-20,2023,2,DAL,MIA,115.0,90.0,False,,BetfairSportsbook,2.0,-111.0,-111.0,218.5,-111.0,-111.0,110.0,-138.0,,
401468842,2023-01-21T01:00Z,2023-01-20,2023,2,SA,LAC,126.0,131.0,False,,BetfairSportsbook,7.5,-111.0,-111.0,231.5,-111.0,-111.0,240.0,-333.0,,
401468843,2023-01-21T02:00Z,2023-01-20,2023,2,DEN,IND,134.0,111.0,False,,BetfairSportsbook,-6.5,-111.0,-111.0,235.5,-111.0,-111.0,-275.0,210.0,,
401468844,2023-01-21T02:00Z,2023-01-20,2023,2,UTAH,BKN,106.0,117.0,False,,BetfairSportsbook,-4.5,-111.0,-111.0,232.5,-111.0,-111.0,-200.0,155.0,,
401468845,2023-01-21T03:00Z,2023-01-20,2023,2,LAL,MEM,122.0,121.0,False,,BetfairSportsbook,7.0,-111.0,-111.0,244.5,-111.0,-111.0,210.0,-275.0,,
401468846,2023-01-21T03:00Z,2023-01-20,2023,2,SAC,OKC,118.0,113.0,False,,BetfairSportsbook,-5.0,-111.0,-111.0,243.5,-111.0,-111.0,-213.0,163.0,,
401468847,2023-01-21T22:00Z,2023-01-21,2023,2,TOR,BOS,104.0,106.0,False,,BetfairSportsbook,3.5,-111.0,-111.0,224.5,-111.0,-111.0,138.0,-175.0,,
401468848,2023-01-22T00:00Z,2023-01-21,2023,2,WSH,ORL,138.0,118.0,False,,BetfairSportsbook,-6.5,-111.0,-111.0,231.5,-111.0,-111.0,-275.0,210.0,,
401468849,2023-01-22T00:30Z,2023-01-21,2023,2,ATL,CHA,118.0,122.0,False,,BetfairSportsbook,-8.0,-111.0,-111.0,234.5,-111.0,-111.0,-333.0,240.0,,
401468850,2023-01-22T00:30Z,2023-01-21,2023,2,CLE,MIL,114.0,102.0,False,,BetfairSportsbook,-3.0,-111.0,-111.0,217.5,-111.0,-111.0,-163.0,125.0,,
401468851,2023-01-22T01:00Z,2023-01-21,2023,2,MIN,HOU,113.0,104.0,False,,BetfairSportsbook,-8.0,-111.0,-111.0,240.0,-111.0,-111.0,-350.0,250.0,,
401468852,2023-01-22T02:00Z,2023-01-21,2023,2,PHX,IND,112.0,107.0,False,,BetfairSportsbook,-2.5,-111.0,-111.0,229.0,-111.0,-111.0,-154.0,120.0,,
401468853,2023-01-22T03:00Z,2023-01-21,2023,2,SAC,PHI,127.0,129.0,False,,BetfairSportsbook,-5.0,-111.0,-111.0,234.5,-111.0,-111.0,-213.0,163.0,,
401468856,2023-01-22T19:30Z,2023-01-22,2023,2,DAL,LAC,98.0,112.0,False,,BetfairSportsbook,-2.0,-111.0,-111.0,221.5,-111.0,-111.0,-138.0,110.0,,
401468854,2023-01-22T20:30Z,2023-01-22,2023,2,MIA,NO,100.0,96.0,False,,BetfairSportsbook,-7.5,-111.0,-111.0,218.0,-111.0,-111.0,-300.0,225.0,,
401468855,2023-01-22T23:00Z,2023-01-22,2023,2,TOR,NY,125.0,116.0,False,,BetfairSportsbook,-2.5,-111.0,-111.0,223.5,-111.0,-111.0,-150.0,115.0,,
401468857,2023-01-23T01:00Z,2023-01-22,2023,2,DEN,OKC,99.0,101.0,False,,BetfairSportsbook,-3.0,-111.0,-111.0,233.5,-111.0,-111.0,-154.0,120.0,,
401468858,2023-01-23T01:00Z,2023-01-22,2023,2,PHX,MEM,112.0,110.0,False,,BetfairSportsbook,8.5,-111.0,-111.0,231.5,-111.0,-111.0,250.0,-350.0,,
401468859,2023-01-23T01:30Z,2023-01-22,2023,2,GS,BKN,116.0,120.0,False,,BetfairSportsbook,-8.0,-111.0,-111.0,236.0,-111.0,-111.0,-333.0,240.0,,
401468860,2023-01-23T02:00Z,2023-01-22,2023,2,POR,LAL,112.0,121.0,False,,BetfairSportsbook,-5.5,-111.0,-111.0,239.0,-111.0,-111.0,-250.0,188.0,,
401468861,2023-01-24T00:00Z,2023-01-23,2023,2,DET,MIL,130.0,150.0,False,,BetfairSportsbook,11.0,-111.0,-111.0,236.5,-111.0,-111.0,400.0,-600.0,,
401468862,2023-01-24T00:00Z,2023-01-23,2023,2,ORL,BOS,113.0,98.0,False,,BetfairSportsbook,7.5,-111.0,-111.0,229.0,-111.0,-111.0,225.0,-300.0,,
401468863,2023-01-24T01:00Z,2023-01-23,2023,2,CHI,ATL,111.0,100.0,False,,BetfairSportsbook,-1.5,-111.0,-111.0,239.0,-111.0,-111.0,-125.0,100.0,,
401468864,2023-01-24T01:00Z,2023-01-23,2023,2,HOU,MIN,119.0,114.0,False,,BetfairSportsbook,6.0,-111.0,-111.0,232.5,-111.0,-111.0,188.0,-250.0,,
401468865,2023-01-24T02:00Z,2023-01-23,2023,2,UTAH,CHA,120.0,102.0,False,,BetfairSportsbook,-9.0,-111.0,-111.0,236.5,-111.0,-111.0,-450.0,310.0,,
401468866,2023-01-24T03:00Z,2023-01-23,2023,2,POR,SA,147.0,127.0,False,,BetfairSportsbook,-8.0,-111.0,-111.0,240.5,-111.0,-111.0,-350.0,250.0,,
401468867,2023-01-24T03:30Z,2023-01-23,2023,2,SAC,MEM,133.0,100.0,False,,BetfairSportsbook,-4.0,-111.0,-111.0,245.0,-111.0,-111.0,-188.0,145.0,,
401468868,2023-01-25T00:00Z,2023-01-24,2023,2,IND,CHI,116.0,110.0,False,,BetfairSportsbook,2.0,-111.0,-111.0,234.5,-111.0,-111.0,110.0,-138.0,,
401468869,2023-01-25T00:30Z,2023-01-24,2023,2,MIA,BOS,98.0,95.0,False,,BetfairSportsbook,-2.5,-111.0,-111.0,214.5,-111.0,-111.0,-138.0,110.0,,
401468870,2023-01-25T00:30Z,2023-01-24,2023,2,NY,CLE,105.0,103.0,False,,BetfairSportsbook,3.5,-111.0,-111.0,220.0,-111.0,-111.0,130.0,-167.0,,
401468871,2023-01-25T01:00Z,2023-01-24,2023,2,NO,DEN,98.0,99.0,False,,BetfairSportsbook,3.5,-111.0,-111.0,233.0,-111.0,-111.0,120.0,-154.0,,
401468872,2023-01-25T01:30Z,2023-01-24,2023,2,DAL,WSH,126.0,127.0,False,,BetfairSportsbook,-7.0,-111.0,-111.0,224.0,-111.0,-111.0,-275.0,210.0,,
401468873,2023-01-25T02:00Z,2023-01-24,2023,2,PHX,CHA,128.0,97.0,False,,BetfairSportsbook,-7.5,-111.0,-111.0,223.0,-111.0,-111.0,-333.0,240.0,,
401468874,2023-01-25T03:00Z,2023-01-24,2023,2,LAL,LAC,115.0,133.0,False,,BetfairSportsbook,4.0,-111.0,-111.0,231.0,-111.0,-111.0,145.0,-188.0,,
401468875,2023-01-26T00:00Z,2023-01-25,2023,2,ORL,IND,126.0,120.0,False,,BetfairSportsbook,-5.0,-111.0,-111.0,234.5,-111.0,-111.0,-213.0,163.0,,
401468876,2023-01-26T00:30Z,2023-01-25,2023,2,PHI,BKN,137.0,133.0,False,,BetfairSportsbook,-7.5,-111.0,-111.0,225.5,-111.0,-111.0,-333.0,240.0,,
401468877,2023-01-26T01:00Z,2023-01-25,2023,2,HOU,WSH,103.0,108.0,False,,BetfairSportsbook,2.0,-111.0,-111.0,233.5,-111.0,-111.0,110.0,-138.0,,
401468878,2023-01-26T01:00Z,2023-01-25,2023,2,MIL,DEN,107.0,99.0,False,,BetfairSportsbook,-12.5,-111.0,-111.0,227.5,-111.0,-111.0,-800.0,500.0,,
401468879,2023-01-26T01:00Z,2023-01-25,2023,2,NO,MIN,102.0,111.0,False,,BetfairSportsbook,-2.5,-111.0,-111.0,228.5,-111.0,-111.0,-150.0,115.0,,
401468880,2023-01-26T01:00Z,2023-01-25,2023,2,OKC,ATL,132.0,137.0,False,,BetfairSportsbook,1.0,-111.0,-111.0,238.5,-111.0,-111.0,-111.0,-111.0,,
401468881,2023-01-26T03:00Z,2023-01-25,2023,2,GS,MEM,122.0,120.0,False,,BetfairSportsbook,-2.5,-111.0,-111.0,245.5,-111.0,-111.0,-154.0,120.0,,
401468882,2023-01-26T03:00Z,2023-01-25,2023,2,POR,UTAH,134.0,124.0,False,,BetfairSportsbook,-3.5,-111.0,-111.0,239.5,-111.0,-111.0,-175.0,138.0,,
401468883,2023-01-26T03:00Z,2023-01-25,2023,2,SAC,TOR,95.0,113.0,False,,BetfairSportsbook,-3.0,-111.0,-111.0,237.0,-111.0,-111.0,-163.0,125.0,,
401468884,2023-01-26T03:30Z,2023-01-25,2023,2,LAL,SA,113.0,104.0,False,,BetfairSportsbook,-8.0,-111.0,-111.0,245.5,-111.0,-111.0,-333.0,240.0,,
401468885,2023-01-27T00:30Z,2023-01-26,2023,2,BOS,NY,117.0,120.0,False,,BetfairSportsbook,-8.0,-111.0,-111.0,221.5,-111.0,-111.0,-333.0,240.0,,
401468886,2023-01-27T00:30Z,2023-01-26,2023,2,BKN,DET,122.0,130.0,False,,BetfairSportsbook,-8.0,-111.0,-111.0,235.0,-111.0,-111.0,-350.0,250.0,,
401468887,2023-01-27T00:30Z,2023-01-26,2023,2,CHA,CHI,111.0,96.0,False,,BetfairSportsbook,3.0,-111.0,-111.0,236.0,-111.0,-111.0,125.0,-163.0,,
401468888,2023-01-27T01:00Z,2023-01-26,2023,2,HOU,CLE,95.0,113.0,False,,BetfairSportsbook,8.0,-111.0,-111.0,217.0,-111.0,-111.0,250.0,-350.0,,
401468889,2023-01-27T03:00Z,2023-01-26,2023,2,PHX,DAL,95.0,99.0,False,,BetfairSportsbook,-1.5,-111.0,-111.0,220.5,-111.0,-111.0,-125.0,100.0,,
401468890,2023-01-27T03:30Z,2023-01-26,2023,2,LAC,SA,138.0,100.0,False,,BetfairSportsbook,-13.5,-111.0,-111.0,234.0,-111.0,-111.0,-1000.0,550.0,,
401468891,2023-01-28T00:00Z,2023-01-27,2023,2,IND,MIL,131.0,141.0,False,,BetfairSportsbook,6.5,-111.0,-111.0,239.0,-111.0,-111.0,210.0,-275.0,,
401468892,2023-01-28T00:30Z,2023-01-27,2023,2,MIN,MEM,111.0,100.0,False,,BetfairSportsbook,1.5,-111.0,-111.0,236.0,-111.0,-111.0,100.0,-125.0,,
401468893,2023-01-28T01:00Z,2023-01-27,2023,2,MIA,ORL,110.0,105.0,False,,BetfairSportsbook,-9.0,-111.0,-111.0,219.0,-111.0,-111.0,-350.0,250.0,,
401468894,2023-01-28T01:00Z,2023-01-27,2023,2,OKC,CLE,112.0,100.0,False,,BetfairSportsbook,-1.0,-111.0,-111.0,221.5,-111.0,-111.0,-111.0,-111.0,,
401468895,2023-01-28T03:00Z,2023-01-27,2023,2,GS,TOR,129.0,117.0,False,,BetfairSportsbook,-4.0,-111.0,-111.0,234.0,-111.0,-111.0,-188.0,145.0,,
401468896,2023-01-28T20:00Z,2023-01-28,2023,2,PHI,DEN,126.0,119.0,False,,BetfairSportsbook,-3.0,-111.0,-111.0,231.5,-111.0,-111.0,-167.0,130.0,,
401468897,2023-01-28T22:30Z,2023-01-28,2023,2,BKN,NY,122.0,115.0,False,,BetfairSportsbook,1.0,-111.0,-111.0,223.0,-111.0,-111.0,-111.0,-111.0,,
401468898,2023-01-29T00:00Z,2023-01-28,2023,2,DET,HOU,114.0,117.0,False,,BetfairSportsbook,-6.0,-111.0,-111.0,234.5,-111.0,-111.0,-250.0,188.0,,
401468899,2023-01-29T00:00Z,2023-01-28,2023,2,ORL,CHI,109.0,128.0,False,,BetfairSportsbook,2.5,-111.0,-111.0,230.5,-111.0,-111.0,115.0,-150.0,,
401468900,2023-01-29T00:30Z,2023-01-28,2023,2,ATL,LAC,113.0,120.0,False,,BetfairSportsbook,-1.5,-111.0,-111.0,232.0,-111.0,-111.0,-111.0,-111.0,,
401468901,2023-01-29T01:00Z,2023-01-28,2023,2,MIN,SAC,117.0,110.0,False,,BetfairSportsbook,1.5,-111.0,-111.0,238.5,-111.0,-111.0,100.0,-125.0,,
401468902,2023-01-29T01:00Z,2023-01-28,2023,2,NO,WSH,103.0,113.0,False,,BetfairSportsbook,-5.5,-111.0,-111.0,230.5,-111.0,-111.0,-250.0,188.0,,
401468903,2023-01-29T01:00Z,2023-01-28,2023,2,SA,PHX,118.0,128.0,False,,BetfairSportsbook,5.5,-111.0,-111.0,231.0,-111.0,-111.0,188.0,-250.0,,
401468904,2023-01-29T01:30Z,2023-01-28,2023,2,BOS,LAL,125.0,121.0,False,,BetfairSportsbook,-7.5,-111.0,-111.0,234.0,-111.0,-111.0,-333.0,240.0,,
401468905,2023-01-29T02:00Z,2023-01-28,2023,2,UTAH,DAL,108.0,100.0,False,,BetfairSportsbook,-8.0,-111.0,-111.0,223.5,-111.0,-111.0,-300.0,225.0,,
401468906,2023-01-29T03:00Z,2023-01-28,2023,2,POR,TOR,105.0,123.0,False,,BetfairSportsbook,-3.5,-111.0,-111.0,232.0,-111.0,-111.0,-167.0,130.0,,
401468907,2023-01-29T18:00Z,2023-01-29,2023,2,CHA,MIA,122.0,117.0,False,,BetfairSportsbook,6.0,-111.0,-111.0,224.0,-111.0,-111.0,188.0,-250.0,,
401468908,2023-01-29T23:00Z,2023-01-29,2023,2,MEM,IND,112.0,100.0,False,,BetfairSportsbook,-8.0,-111.0,-111.0,241.5,-111.0,-111.0,-350.0,250.0,,
401468909,2023-01-30T00:00Z,2023-01-29,2023,2,CLE,LAC,122.0,99.0,False,,BetfairSportsbook,-11.5,-111.0,-111.0,215.0,-111.0,-111.0,-700.0,450.0,,
401468910,2023-01-30T01:00Z,2023-01-29,2023,2,MIL,NO,135.0,110.0,False,,BetfairSportsbook,-10.5,-111.0,-111.0,229.0,-111.0,-111.0,-500.0,333.0,,
401468911,2023-01-31T00:00Z,2023-01-30,2023,2,PHI,ORL,109.0,119.0,False,,BetfairSportsbook,-10.0,-111.0,-111.0,230.5,-111.0,-111.0,-500.0,333.0,,
401468912,2023-01-31T00:30Z,2023-01-30,2023,2,BKN,LAL,121.0,104.0,False,,BetfairSportsbook,-9.0,-111.0,-111.0,231.0,-111.0,-111.0,-400.0,280.0,,
401468913,2023-01-31T01:00Z,2023-01-30,2023,2,MIN,SAC,111.0,118.0,False,,BetfairSportsbook,1.0,-111.0,-111.0,236.5,-111.0,-111.0,-111.0,-111.0,,
401468914,2023-01-31T01:00Z,2023-01-30,2023,2,OKC,GS,120.0,128.0,False,,BetfairSportsbook,5.0,-111.0,-111.0,242.0,-111.0,-111.0,163.0,-213.0,,
401468915,2023-01-31T01:00Z,2023-01-30,2023,2,SA,WSH,106.0,127.0,False,,BetfairSportsbook,5.5,-111.0,-111.0,240.0,-111.0,-111.0,163.0,-213.0,,
401468916,2023-01-31T01:30Z,2023-01-30,2023,2,DAL,DET,111.0,105.0,False,,BetfairSportsbook,-10.5,-111.0,-111.0,232.0,-111.0,-111.0,-500.0,333.0,,
401468917,2023-01-31T02:00Z,2023-01-30,2023,2,PHX,TOR,114.0,106.0,False,,BetfairSportsbook,-1.5,-111.0,-111.0,220.0,-111.0,-111.0,-125.0,100.0,,
401468918,2023-01-31T03:00Z,2023-01-30,2023,2,POR,ATL,129.0,125.0,False,,BetfairSportsbook,-5.5,-111.0,-111.0,232.5,-111.0,-111.0,-213.0,163.0,,
401468919,2023-02-01T00:00Z,2023-01-31,2023,2,CLE,MIA,97.0,100.0,False,,BetfairSportsbook,-4.0,-111.0,-111.0,210.5,-111.0,-111.0,-188.0,145.0,,
401468920,2023-02-01T00:30Z,2023-01-31,2023,2,NY,LAL,123.0,129.0,False,,BetfairSportsbook,-1.5,-111.0,-111.0,232.0,-111.0,-111.0,-138.0,110.0,,
401468921,2023-02-01T01:00Z,2023-01-31,2023,2,CHI,LAC,103.0,108.0,False,,BetfairSportsbook,2.5,-111.0,-111.0,225.5,-111.0,-111.0,115.0,-150.0,,
401468922,2023-02-01T01:00Z,2023-01-31,2023,2,MIL,CHA,124.0,115.0,False,,BetfairSportsbook,-11.0,-111.0,-111.0,245.0,-111.0,-111.0,-600.0,400.0,,
401468923,2023-02-01T03:00Z,2023-01-31,2023,2,DEN,NO,122.0,113.0,False,,BetfairSportsbook,-7.5,-111.0,-111.0,232.5,-111.0,-111.0,-300.0,225.0,,
401468925,2023-02-02T00:00Z,2023-02-01,2023,2,PHI,ORL,105.0,94.0,False,,BetfairSportsbook,-10.5,-111.0,-111.0,230.5,-111.0,-111.0,-500.0,333.0,,
401468926,2023-02-02T00:00Z,2023-02-01,2023,2,MEM,POR,112.0,122.0,False,,BetfairSportsbook,-5.5,-111.0,-111.0,239.0,-111.0,-111.0,-225.0,170.0,,
401468927,2023-02-02T00:30Z,2023-02-01,2023,2,BOS,BKN,139.0,96.0,False,,BetfairSportsbook,-9.0,-111.0,-111.0,224.0,-111.0,-111.0,-450.0,310.0,,
401468928,2023-02-02T01:00Z,2023-02-01,2023,2,HOU,OKC,112.0,106.0,False,,BetfairSportsbook,6.0,-111.0,-111.0,232.5,-111.0,-111.0,188.0,-250.0,,
401468929,2023-02-02T01:00Z,2023-02-01,2023,2,MIN,GS,119.0,114.0,False,,BetfairSportsbook,5.5,-111.0,-111.0,240.5,-111.0,-111.0,170.0,-225.0,,
401468930,2023-02-02T01:00Z,2023-02-01,2023,2,SA,SAC,109.0,119.0,False,,BetfairSportsbook,7.5,-111.0,-111.0,244.5,-111.0,-111.0,225.0,-300.0,,
401468931,2023-02-02T02:00Z,2023-02-01,2023,2,UTAH,TOR,131.0,128.0,False,,BetfairSportsbook,-2.0,-111.0,-111.0,230.5,-111.0,-111.0,-133.0,105.0,,
401468932,2023-02-02T03:00Z,2023-02-01,2023,2,PHX,ATL,100.0,132.0,False,,BetfairSportsbook,-1.5,-111.0,-111.0,231.5,-111.0,-111.0,-125.0,100.0,,
401468933,2023-02-03T00:00Z,2023-02-02,2023,2,IND,LAL,111.0,112.0,False,,BetfairSportsbook,2.5,-111.0,-111.0,240.5,-111.0,-111.0,120.0,-154.0,,
401468934,2023-02-03T00:30Z,2023-02-02,2023,2,CLE,MEM,128.0,113.0,False,,BetfairSportsbook,-6.5,-111.0,-111.0,223.5,-111.0,-111.0,-275.0,210.0,,
401468935,2023-02-03T00:30Z,2023-02-02,2023,2,NY,MIA,106.0,104.0,False,,BetfairSportsbook,3.0,-111.0,-111.0,212.5,-111.0,-111.0,130.0,-167.0,,
401468936,2023-02-03T01:00Z,2023-02-02,2023,2,CHI,CHA,114.0,98.0,False,,BetfairSportsbook,-6.0,-111.0,-111.0,237.0,-111.0,-111.0,-250.0,188.0,,
401468937,2023-02-03T01:30Z,2023-02-02,2023,2,DAL,NO,111.0,106.0,False,,BetfairSportsbook,-5.0,-111.0,-111.0,223.0,-111.0,-111.0,-213.0,163.0,,
401468938,2023-02-03T02:00Z,2023-02-02,2023,2,DEN,GS,134.0,117.0,False,,BetfairSportsbook,-6.0,-111.0,-111.0,237.0,-111.0,-111.0,-250.0,188.0,,
401468939,2023-02-03T03:00Z,2023-02-02,2023,2,MIL,LAC,106.0,105.0,False,,BetfairSportsbook,-4.5,-111.0,-111.0,230.5,-111.0,-111.0,-200.0,155.0,,
401468940,2023-02-04T00:00Z,2023-02-03,2023,2,DET,CHA,118.0,112.0,False,,BetfairSportsbook,1.0,-111.0,-111.0,240.0,-111.0,-111.0,-111.0,-111.0,,
401468941,2023-02-04T00:00Z,2023-02-03,2023,2,IND,SAC,107.0,104.0,False,,BetfairSportsbook,2.0,-111.0,-111.0,235.0,-111.0,-111.0,110.0,-138.0,,
401468942,2023-02-04T00:00Z,2023-02-03,2023,2,WSH,POR,116.0,124.0,False,,BetfairSportsbook,-4.5,-111.0,-111.0,238.5,-111.0,-111.0,-200.0,155.0,,
401468943,2023-02-04T00:30Z,2023-02-03,2023,2,BOS,PHX,94.0,106.0,False,,BetfairSportsbook,-10.0,-111.0,-111.0,220.5,-111.0,-111.0,-500.0,333.0,,
401468944,2023-02-04T01:00Z,2023-02-03,2023,2,HOU,TOR,111.0,117.0,False,,BetfairSportsbook,7.5,-111.0,-111.0,223.0,-111.0,-111.0,225.0,-300.0,,
401468945,2023-02-04T01:00Z,2023-02-03,2023,2,MIN,ORL,120.0,127.0,False,,BetfairSportsbook,-5.5,-111.0,-111.0,229.0,-111.0,-111.0,-250.0,188.0,,
401468946,2023-02-04T01:00Z,2023-02-03,2023,2,SA,PHI,125.0,137.0,False,,BetfairSportsbook,11.0,-111.0,-111.0,234.0,-111.0,-111.0,400.0,-600.0,,
401468947,2023-02-04T02:00Z,2023-02-03,2023,2,UTAH,ATL,108.0,115.0,False,,BetfairSportsbook,-1.5,-111.0,-111.0,242.0,-111.0,-111.0,-125.0,100.0,,
401468948,2023-02-04T23:00Z,2023-02-04,2023,2,BKN,WSH,125.0,123.0,False,,BetfairSportsbook,1.0,-111.0,-111.0,222.5,-111.0,-111.0,-111.0,-111.0,,
401468953,2023-02-04T23:00Z,2023-02-04,2023,2,NO,LAL,131.0,126.0,False,,BetfairSportsbook,-1.0,-111.0,-111.0,233.5,-111.0,-111.0,-111.0,-111.0,,
401468949,2023-02-05T00:00Z,2023-02-04,2023,2,DET,PHX,100.0,116.0,False,,BetfairSportsbook,5.0,-111.0,-111.0,228.5,-111.0,-111.0,163.0,-213.0,,
401468950,2023-02-05T00:00Z,2023-02-04,2023,2,NY,LAC,128.0,134.0,False,,BetfairSportsbook,2.5,-111.0,-111.0,221.0,-111.0,-111.0,115.0,-150.0,,
401468951,2023-02-05T01:00Z,2023-02-04,2023,2,CHI,POR,129.0,121.0,False,,BetfairSportsbook,-3.0,-111.0,-111.0,235.5,-111.0,-111.0,-163.0,125.0,,
401468952,2023-02-05T01:00Z,2023-02-04,2023,2,MIL,MIA,123.0,115.0,False,,BetfairSportsbook,-6.0,-111.0,-111.0,223.5,-111.0,-111.0,-250.0,188.0,,
401468954,2023-02-05T01:00Z,2023-02-04,2023,2,OKC,HOU,153.0,121.0,False,,BetfairSportsbook,-10.0,-111.0,-111.0,231.5,-111.0,-111.0,-500.0,333.0,,
401468955,2023-02-05T01:30Z,2023-02-04,2023,2,GS,DAL,119.0,113.0,False,,BetfairSportsbook,-10.5,-111.0,-111.0,226.5,-111.0,-111.0,-600.0,400.0,,
401468956,2023-02-05T02:00Z,2023-02-04,2023,2,DEN,ATL,128.0,108.0,False,,BetfairSportsbook,-10.0,-111.0,-111.0,229.0,-111.0,-111.0,-500.0,333.0,,
401468957,2023-02-05T18:00Z,2023-02-05,2023,2,CHA,ORL,113.0,119.0,False,,BetfairSportsbook,-1.5,-111.0,-111.0,236.0,-111.0,-111.0,-125.0,100.0,,
401468958,2023-02-05T22:00Z,2023-02-05,2023,2,IND,CLE,103.0,122.0,False,,BetfairSportsbook,4.5,-111.0,-111.0,226.5,-111.0,-111.0,155.0,-200.0,,
401468959,2023-02-05T23:00Z,2023-02-05,2023,2,NY,PHI,108.0,97.0,False,,BetfairSportsbook,4.5,-111.0,-111.0,226.0,-111.0,-111.0,155.0,-200.0,,
401468960,2023-02-05T23:00Z,2023-02-05,2023,2,MEM,TOR,103.0,106.0,False,,BetfairSportsbook,-1.5,-111.0,-111.0,229.0,-111.0,-111.0,-125.0,100.0,,
401468961,2023-02-06T00:00Z,2023-02-05,2023,2,MIN,DEN,128.0,98.0,False,,BetfairSportsbook,-9.0,-111.0,-111.0,225.0,-111.0,-111.0,-400.0,280.0,,
401468962,2023-02-06T00:00Z,2023-02-05,2023,2,NO,SAC,136.0,104.0,False,,BetfairSportsbook,2.0,-111.0,-111.0,228.0,-111.0,-111.0,105.0,-133.0,,
401468963,2023-02-07T00:00Z,2023-02-06,2023,2,DET,BOS,99.0,111.0,False,,BetfairSportsbook,9.5,-111.0,-111.0,227.5,-111.0,-111.0,310.0,-450.0,,
401468964,2023-02-07T00:00Z,2023-02-06,2023,2,WSH,CLE,91.0,114.0,False,,BetfairSportsbook,4.0,-111.0,-111.0,220.5,-111.0,-111.0,138.0,-175.0,,
401468965,2023-02-07T00:30Z,2023-02-06,2023,2,BKN,LAC,116.0,124.0,False,,BetfairSportsbook,8.5,-111.0,-111.0,221.5,-111.0,-111.0,280.0,-400.0,,
401468966,2023-02-07T01:00Z,2023-02-06,2023,2,CHI,SA,128.0,104.0,False,,BetfairSportsbook,-9.5,-111.0,-111.0,239.5,-111.0,-111.0,-450.0,310.0,,
401468967,2023-02-07T01:00Z,2023-02-06,2023,2,HOU,SAC,120.0,140.0,False,,BetfairSportsbook,7.0,-111.0,-111.0,238.5,-111.0,-111.0,210.0,-275.0,,
401468968,2023-02-07T02:00Z,2023-02-06,2023,2,UTAH,DAL,111.0,124.0,False,,BetfairSportsbook,-9.5,-111.0,-111.0,222.0,-111.0,-111.0,-500.0,333.0,,
401468969,2023-02-07T03:00Z,2023-02-06,2023,2,GS,OKC,141.0,114.0,False,,BetfairSportsbook,-3.5,-111.0,-111.0,232.5,-111.0,-111.0,-154.0,120.0,,
401468970,2023-02-07T03:00Z,2023-02-06,2023,2,POR,MIL,108.0,127.0,False,,BetfairSportsbook,4.5,-111.0,-111.0,241.0,-111.0,-111.0,145.0,-188.0,,
401468971,2023-02-08T00:00Z,2023-02-07,2023,2,ORL,NY,98.0,102.0,False,,BetfairSportsbook,1.5,-111.0,-111.0,225.0,-111.0,-111.0,100.0,-125.0,,
401468972,2023-02-08T00:30Z,2023-02-07,2023,2,BKN,PHX,112.0,116.0,False,,BetfairSportsbook,7.0,-111.0,-111.0,224.0,-111.0,-111.0,210.0,-275.0,,
401468973,2023-02-08T00:30Z,2023-02-07,2023,2,NO,ATL,116.0,107.0,False,,BetfairSportsbook,-1.0,-111.0,-111.0,237.0,-111.0,-111.0,-111.0,-111.0,,
401468974,2023-02-08T01:00Z,2023-02-07,2023,2,MEM,CHI,104.0,89.0,False,,BetfairSportsbook,-9.5,-111.0,-111.0,231.5,-111.0,-111.0,-450.0,310.0,,
401468975,2023-02-08T02:00Z,2023-02-07,2023,2,DEN,MIN,146.0,112.0,False,,BetfairSportsbook,-8.0,-111.0,-111.0,232.5,-111.0,-111.0,-400.0,280.0,,
401468976,2023-02-08T03:00Z,2023-02-07,2023,2,LAL,OKC,130.0,133.0,False,,BetfairSportsbook,-6.5,-111.0,-111.0,240.0,-111.0,-111.0,-275.0,210.0,,
401468977,2023-02-09T00:00Z,2023-02-08,2023,2,CLE,DET,113.0,85.0,False,,BetfairSportsbook,-8.5,-111.0,-111.0,217.5,-111.0,-111.0,-450.0,310.0,,
401468978,2023-02-09T00:00Z,2023-02-08,2023,2,WSH,CHA,118.0,104.0,False,,BetfairSportsbook,-3.5,-111.0,-111.0,235.0,-111.0,-111.0,-167.0,130.0,,
401468979,2023-02-09T00:30Z,2023-02-08,2023,2,BOS,PHI,106.0,99.0,False,,BetfairSportsbook,-2.5,-111.0,-111.0,227.5,-111.0,-111.0,-138.0,110.0,,
401468980,2023-02-09T00:30Z,2023-02-08,2023,2,MIA,IND,116.0,111.0,False,,BetfairSportsbook,-6.5,-111.0,-111.0,225.5,-111.0,-111.0,-275.0,210.0,,
401468981,2023-02-09T00:30Z,2023-02-08,2023,2,TOR,SA,112.0,98.0,False,,BetfairSportsbook,-10.5,-111.0,-111.0,233.0,-111.0,-111.0,-600.0,400.0,,
401468982,2023-02-09T01:00Z,2023-02-08,2023,2,HOU,SAC,128.0,130.0,False,,BetfairSportsbook,8.5,-111.0,-111.0,238.0,-111.0,-111.0,280.0,-400.0,,
401468983,2023-02-09T02:00Z,2023-02-08,2023,2,UTAH,MIN,118.0,143.0,False,,BetfairSportsbook,-8.0,-111.0,-111.0,233.5,-111.0,-111.0,-400.0,280.0,,
401468984,2023-02-09T03:00Z,2023-02-08,2023,2,LAC,DAL,104.0,110.0,False,,BetfairSportsbook,-8.5,-111.0,-111.0,220.5,-111.0,-111.0,-350.0,250.0,,
401468985,2023-02-09T03:00Z,2023-02-08,2023,2,POR,GS,125.0,122.0,False,,BetfairSportsbook,-2.5,-111.0,-111.0,234.5,-111.0,-111.0,-150.0,115.0,,
401468986,2023-02-10T00:00Z,2023-02-09,2023,2,ORL,DEN,115.0,104.0,False,,BetfairSportsbook,5.0,-111.0,-111.0,230.0,-111.0,-111.0,163.0,-213.0,,
401468987,2023-02-10T00:30Z,2023-02-09,2023,2,ATL,PHX,116.0,107.0,False,,BetfairSportsbook,-8.0,-111.0,-111.0,225.5,-111.0,-111.0,-300.0,225.0,,
401468988,2023-02-10T00:30Z,2023-02-09,2023,2,BKN,CHI,116.0,105.0,False,,BetfairSportsbook,2.5,-111.0,-111.0,227.0,-111.0,-111.0,110.0,-138.0,,
401468989,2023-02-10T03:00Z,2023-02-09,2023,2,LAL,MIL,106.0,115.0,False,,BetfairSportsbook,8.5,-111.0,-111.0,235.0,-111.0,-111.0,250.0,-350.0,,
401468990,2023-02-11T00:00Z,2023-02-10,2023,2,DET,SA,138.0,131.0,False,,BetfairSportsbook,-6.0,-111.0,-111.0,234.5,-111.0,-111.0,-250.0,188.0,,
401468991,2023-02-11T00:00Z,2023-02-10,2023,2,IND,PHX,104.0,117.0,False,,BetfairSportsbook,-2.5,-111.0,-111.0,231.0,-111.0,-111.0,-138.0,110.0,,
401468992,2023-02-11T00:00Z,2023-02-10,2023,2,PHI,NY,119.0,108.0,False,,BetfairSportsbook,-7.0,-111.0,-111.0,222.5,-111.0,-111.0,-275.0,210.0,,
401468993,2023-02-11T00:30Z,2023-02-10,2023,2,BOS,CHA,127.0,116.0,False,,BetfairSportsbook,-10.5,-111.0,-111.0,227.0,-111.0,-111.0,-600.0,400.0,,
401468994,2023-02-11T00:30Z,2023-02-10,2023,2,TOR,UTAH,116.0,122.0,False,,BetfairSportsbook,-8.5,-111.0,-111.0,230.0,-111.0,-111.0,-400.0,280.0,,
401468995,2023-02-11T01:00Z,2023-02-10,2023,2,MIA,HOU,97.0,95.0,False,,BetfairSportsbook,-12.0,-111.0,-111.0,220.5,-111.0,-111.0,-700.0,450.0,,
401468996,2023-02-11T01:00Z,2023-02-10,2023,2,MEM,MIN,128.0,107.0,False,,BetfairSportsbook,-6.5,-111.0,-111.0,230.0,-111.0,-111.0,-275.0,210.0,,
401468997,2023-02-11T03:00Z,2023-02-10,2023,2,NO,CLE,107.0,118.0,False,,BetfairSportsbook,3.0,-111.0,-111.0,221.5,-111.0,-111.0,120.0,-154.0,,
401468998,2023-02-11T03:00Z,2023-02-10,2023,2,POR,OKC,129.0,138.0,False,,BetfairSportsbook,-2.5,-111.0,-111.0,239.5,-111.0,-111.0,-150.0,115.0,,
401468999,2023-02-11T03:00Z,2023-02-10,2023,2,SAC,DAL,114.0,122.0,False,,BetfairSportsbook,-4.5,-111.0,-111.0,232.5,-111.0,-111.0,-188.0,145.0,,
401469000,2023-02-11T03:30Z,2023-02-10,2023,2,LAC,MIL,106.0,119.0,False,,BetfairSportsbook,2.5,-111.0,-111.0,228.5,-111.0,-111.0,115.0,-150.0,,
401469001,2023-02-11T23:00Z,2023-02-11,2023,2,BKN,PHI,98.0,101.0,False,,BetfairSportsbook,2.0,-111.0,-111.0,223.5,-111.0,-111.0,105.0,-133.0,,
401469002,2023-02-12T00:00Z,2023-02-11,2023,2,CHA,DEN,105.0,119.0,False,,BetfairSportsbook,7.0,-111.0,-111.0,237.0,-111.0,-111.0,210.0,-275.0,,
401469003,2023-02-12T00:00Z,2023-02-11,2023,2,ORL,MIA,103.0,107.0,False,,BetfairSportsbook,2.0,-111.0,-111.0,213.5,-111.0,-111.0,110.0,-138.0,,
401469004,2023-02-12T00:00Z,2023-02-11,2023,2,WSH,IND,127.0,113.0,False,,BetfairSportsbook,-5.5,-111.0,-111.0,236.5,-111.0,-111.0,-225.0,170.0,,
401469005,2023-02-12T00:30Z,2023-02-11,2023,2,ATL,SA,125.0,106.0,False,,BetfairSportsbook,-13.0,-111.0,-111.0,241.0,-111.0,-111.0,-800.0,500.0,,
401469006,2023-02-12T00:30Z,2023-02-11,2023,2,NY,UTAH,126.0,120.0,False,,BetfairSportsbook,-5.5,-111.0,-111.0,230.5,-111.0,-111.0,-225.0,170.0,,
401469007,2023-02-12T01:00Z,2023-02-11,2023,2,CLE,CHI,97.0,89.0,False,,BetfairSportsbook,-6.5,-111.0,-111.0,220.5,-111.0,-111.0,-250.0,188.0,,
401469008,2023-02-12T01:30Z,2023-02-11,2023,2,GS,LAL,103.0,109.0,False,,BetfairSportsbook,-5.5,-111.0,-111.0,235.5,-111.0,-111.0,-225.0,170.0,,
401469009,2023-02-12T03:00Z,2023-02-11,2023,2,SAC,DAL,133.0,128.0,False,,BetfairSportsbook,2.0,-111.0,-111.0,238.0,-111.0,-111.0,105.0,-133.0,,
401469010,2023-02-12T19:00Z,2023-02-12,2023,2,BOS,MEM,119.0,109.0,False,,BetfairSportsbook,-3.5,-111.0,-111.0,226.5,-111.0,-111.0,-167.0,130.0,,
401469011,2023-02-12T20:00Z,2023-02-12,2023,2,TOR,DET,119.0,118.0,False,,BetfairSportsbook,-11.5,-111.0,-111.0,225.0,-111.0,-111.0,-700.0,450.0,,
401469012,2023-02-14T00:00Z,2023-02-13,2023,2,CHA,ATL,144.0,138.0,False,,BetfairSportsbook,6.0,-111.0,-111.0,241.5,-111.0,-111.0,170.0,-225.0,,
401469013,2023-02-14T00:00Z,2023-02-13,2023,2,CLE,SA,117.0,109.0,False,,BetfairSportsbook,-16.0,-111.0,-111.0,226.0,-111.0,-111.0,-1400.0,700.0,,
401469014,2023-02-14T00:00Z,2023-02-13,2023,2,IND,UTAH,117.0,123.0,False,,BetfairSportsbook,-0.5,-111.0,-111.0,242.0,-111.0,-111.0,-111.0,-111.0,,
401469015,2023-02-14T00:00Z,2023-02-13,2023,2,PHI,HOU,123.0,104.0,False,,BetfairSportsbook,-13.5,-111.0,-111.0,226.5,-111.0,-111.0,-1000.0,550.0,,
401469016,2023-02-14T00:30Z,2023-02-13,2023,2,MIA,DEN,108.0,112.0,False,,BetfairSportsbook,-1.5,-111.0,-111.0,217.0,-111.0,-111.0,-111.0,-111.0,,
401469017,2023-02-14T00:30Z,2023-02-13,2023,2,NY,BKN,124.0,106.0,False,,BetfairSportsbook,-3.0,-111.0,-111.0,220.0,-111.0,-111.0,-163.0,125.0,,
401469018,2023-02-14T01:00Z,2023-02-13,2023,2,CHI,ORL,91.0,100.0,False,,BetfairSportsbook,-4.0,-111.0,-111.0,225.0,-111.0,-111.0,-188.0,145.0,,
401469019,2023-02-14T01:00Z,2023-02-13,2023,2,OKC,NO,100.0,103.0,False,,BetfairSportsbook,-3.0,-111.0,-111.0,235.0,-111.0,-111.0,-154.0,120.0,,
401469020,2023-02-14T01:30Z,2023-02-13,2023,2,DAL,MIN,121.0,124.0,False,,BetfairSportsbook,-6.0,-111.0,-111.0,232.0,-111.0,-111.0,-250.0,188.0,,
401469021,2023-02-14T03:00Z,2023-02-13,2023,2,GS,WSH,135.0,126.0,False,,BetfairSportsbook,-4.0,-111.0,-111.0,233.0,-111.0,-111.0,-175.0,138.0,,
401469022,2023-02-14T03:00Z,2023-02-13,2023,2,POR,LAL,127.0,115.0,False,,BetfairSportsbook,-2.0,-111.0,-111.0,239.0,-111.0,-111.0,-125.0,100.0,,
401469023,2023-02-15T00:30Z,2023-02-14,2023,2,TOR,ORL,123.0,113.0,False,,BetfairSportsbook,-7.5,-111.0,-111.0,221.0,-111.0,-111.0,-333.0,240.0,,
401469024,2023-02-15T00:30Z,2023-02-14,2023,2,MIL,BOS,131.0,125.0,False,,BetfairSportsbook,-9.5,-111.0,-111.0,226.5,-111.0,-111.0,-500.0,333.0,,
401469025,2023-02-15T02:00Z,2023-02-14,2023,2,PHX,SAC,120.0,109.0,False,,BetfairSportsbook,-2.5,-111.0,-111.0,234.5,-111.0,-111.0,-150.0,115.0,,
401469026,2023-02-15T03:00Z,2023-02-14,2023,2,LAC,GS,134.0,124.0,False,,BetfairSportsbook,-8.0,-111.0,-111.0,229.5,-111.0,-111.0,-350.0,250.0,,
401469027,2023-02-15T03:00Z,2023-02-14,2023,2,POR,WSH,101.0,126.0,False,,BetfairSportsbook,1.5,-111.0,-111.0,236.5,-111.0,-111.0,100.0,-125.0,,
401469028,2023-02-16T00:00Z,2023-02-15,2023,2,CHA,SA,120.0,110.0,False,,BetfairSportsbook,-5.0,-111.0,-111.0,243.0,-111.0,-111.0,-213.0,163.0,,
401469029,2023-02-16T00:00Z,2023-02-15,2023,2,IND,CHI,117.0,113.0,False,,BetfairSportsbook,-3.0,-111.0,-111.0,227.5,-111.0,-111.0,-150.0,120.0,,
401469030,2023-02-16T00:30Z,2023-02-15,2023,2,PHI,CLE,118.0,112.0,False,,BetfairSportsbook,-2.0,-111.0,-111.0,217.0,-111.0,-111.0,-138.0,110.0,,
401469031,2023-02-16T00:30Z,2023-02-15,2023,2,ATL,NY,101.0,122.0,False,,BetfairSportsbook,-4.0,-111.0,-111.0,233.5,-111.0,-111.0,-188.0,145.0,,
401469032,2023-02-16T00:30Z,2023-02-15,2023,2,BOS,DET,127.0,109.0,False,,BetfairSportsbook,-12.0,-111.0,-111.0,227.5,-111.0,-111.0,-700.0,450.0,,
401469033,2023-02-16T00:30Z,2023-02-15,2023,2,BKN,MIA,116.0,105.0,False,,BetfairSportsbook,-1.5,-111.0,-111.0,211.0,-111.0,-111.0,-133.0,105.0,,
401469034,2023-02-16T01:00Z,2023-02-15,2023,2,MEM,UTAH,117.0,111.0,False,,BetfairSportsbook,-11.5,-111.0,-111.0,237.5,-111.0,-111.0,-700.0,450.0,,
401469035,2023-02-16T01:00Z,2023-02-15,2023,2,OKC,HOU,133.0,96.0,False,,BetfairSportsbook,-9.5,-111.0,-111.0,234.5,-111.0,-111.0,-450.0,310.0,,
401469036,2023-02-16T02:00Z,2023-02-15,2023,2,DEN,DAL,118.0,109.0,False,,BetfairSportsbook,-6.0,-111.0,-111.0,229.0,-111.0,-111.0,-250.0,188.0,,
401469037,2023-02-16T03:00Z,2023-02-15,2023,2,LAL,NO,120.0,102.0,False,,BetfairSportsbook,-4.5,-111.0,-111.0,235.0,-111.0,-111.0,-200.0,155.0,,
401469038,2023-02-17T00:30Z,2023-02-16,2023,2,CHI,MIL,100.0,112.0,False,,BetfairSportsbook,8.0,-111.0,-111.0,229.5,-111.0,-111.0,250.0,-350.0,,
401469039,2023-02-17T01:00Z,2023-02-16,2023,2,MIN,WSH,106.0,114.0,False,,BetfairSportsbook,-3.5,-111.0,-111.0,233.0,-111.0,-111.0,-175.0,138.0,,
401469040,2023-02-17T03:00Z,2023-02-16,2023,2,PHX,LAC,107.0,116.0,False,,BetfairSportsbook,1.0,-111.0,-111.0,222.0,-111.0,-111.0,-111.0,-111.0,,
401469041,2023-02-24T00:00Z,2023-02-23,2023,2,CLE,DEN,109.0,115.0,False,,BetfairSportsbook,-3.0,-111.0,-111.0,224.0,-111.0,-111.0,-154.0,120.0,,
401469042,2023-02-24T00:00Z,2023-02-23,2023,2,IND,BOS,138.0,142.0,False,,BetfairSportsbook,8.5,-111.0,-111.0,233.5,-111.0,-111.0,250.0,-350.0,,
401469043,2023-02-24T00:00Z,2023-02-23,2023,2,ORL,DET,108.0,106.0,False,,BetfairSportsbook,-8.0,-111.0,-111.0,229.5,-111.0,-111.0,-333.0,240.0,,
401469044,2023-02-24T00:30Z,2023-02-23,2023,2,PHI,MEM,110.0,105.0,False,,BetfairSportsbook,-3.5,-111.0,-111.0,231.5,-111.0,-111.0,-167.0,130.0,,
401469045,2023-02-24T00:30Z,2023-02-23,2023,2,TOR,NO,115.0,110.0,False,,BetfairSportsbook,-4.5,-111.0,-111.0,225.5,-111.0,-111.0,-200.0,155.0,,
401469046,2023-02-24T01:30Z,2023-02-23,2023,2,DAL,SA,142.0,116.0,False,,BetfairSportsbook,-14.0,-111.0,-111.0,239.5,-111.0,-111.0,-1400.0,700.0,,
401469047,2023-02-24T02:00Z,2023-02-23,2023,2,UTAH,OKC,120.0,119.0,False,,BetfairSportsbook,-1.0,-111.0,-111.0,239.5,-111.0,-111.0,-125.0,-111.0,,
401469048,2023-02-24T03:00Z,2023-02-23,2023,2,LAL,GS,124.0,111.0,False,,BetfairSportsbook,-6.5,-111.0,-111.0,238.5,-111.0,-111.0,-275.0,210.0,,
401469049,2023-02-24T03:00Z,2023-02-23,2023,2,SAC,POR,133.0,116.0,False,,BetfairSportsbook,-11.0,-111.0,-111.0,235.0,-111.0,-111.0,-600.0,400.0,,
401469050,2023-02-25T00:00Z,2023-02-24,2023,2,WSH,NY,109.0,115.0,False,,BetfairSportsbook,-1.0,-111.0,-111.0,227.0,-111.0,-111.0,-111.0,-111.0,,
401469051,2023-02-25T00:30Z,2023-02-24,2023,2,ATL,CLE,136.0,119.0,False,,BetfairSportsbook,1.0,-111.0,-111.0,228.5,-111.0,-111.0,-111.0,-111.0,,
401469052,2023-02-25T00:30Z,2023-02-24,2023,2,MIL,MIA,128.0,99.0,False,,BetfairSportsbook,-5.5,-111.0,-111.0,223.5,-111.0,-111.0,-225.0,170.0,,
401469053,2023-02-25T01:00Z,2023-02-24,2023,2,MIN,CHA,113.0,121.0,False,,BetfairSportsbook,-7.0,-111.0,-111.0,240.5,-111.0,-111.0,-300.0,225.0,,
401469055,2023-02-25T01:00Z,2023-02-24,2023,2,CHI,BKN,131.0,87.0,False,,BetfairSportsbook,-2.0,-111.0,-111.0,222.5,-111.0,-111.0,-125.0,100.0,,
401469054,2023-02-25T03:00Z,2023-02-24,2023,2,PHX,OKC,124.0,115.0,False,,BetfairSportsbook,-9.5,-111.0,-111.0,226.5,-111.0,-111.0,-450.0,310.0,,
401469056,2023-02-25T03:00Z,2023-02-24,2023,2,GS,HOU,116.0,101.0,False,,BetfairSportsbook,-8.5,-111.0,-111.0,230.5,-111.0,-111.0,-450.0,310.0,,
401469057,2023-02-25T03:30Z,2023-02-24,2023,2,LAC,SAC,175.0,176.0,False,,BetfairSportsbook,-6.5,-111.0,-111.0,238.5,-111.0,-111.0,-275.0,210.0,,
401469058,2023-02-25T17:00Z,2023-02-25,2023,2,DET,TOR,91.0,95.0,False,,BetfairSportsbook,7.5,-111.0,-111.0,229.0,-111.0,-111.0,240.0,-333.0,,
401469059,2023-02-26T00:00Z,2023-02-25,2023,2,CHA,MIA,108.0,103.0,False,,BetfairSportsbook,6.5,-111.0,-111.0,228.5,-111.0,-111.0,188.0,-250.0,,
401469060,2023-02-26T00:00Z,2023-02-25,2023,2,ORL,IND,108.0,121.0,False,,BetfairSportsbook,-2.5,-111.0,-111.0,230.5,-111.0,-111.0,-150.0,115.0,,
401469061,2023-02-26T00:30Z,2023-02-25,2023,2,NY,NO,128.0,106.0,False,,BetfairSportsbook,-3.5,-111.0,-111.0,223.5,-111.0,-111.0,-175.0,138.0,,
401469062,2023-02-26T01:00Z,2023-02-25,2023,2,MEM,DEN,112.0,94.0,False,,BetfairSportsbook,-3.0,-111.0,-111.0,235.5,-111.0,-111.0,-154.0,120.0,,
401469063,2023-02-26T01:30Z,2023-02-25,2023,2,PHI,BOS,107.0,110.0,False,,BetfairSportsbook,1.0,-111.0,-111.0,225.5,-111.0,-111.0,-111.0,-111.0,,
401469064,2023-02-26T02:00Z,2023-02-25,2023,2,UTAH,SA,118.0,102.0,False,,BetfairSportsbook,-10.0,-111.0,-111.0,241.0,-111.0,-111.0,-500.0,333.0,,
401469065,2023-02-26T18:00Z,2023-02-26,2023,2,MIL,PHX,104.0,101.0,False,,BetfairSportsbook,-3.5,-111.0,-111.0,231.5,-111.0,-111.0,-167.0,130.0,,
401469066,2023-02-26T20:00Z,2023-02-26,2023,2,ATL,BKN,129.0,127.0,False,,BetfairSportsbook,-6.5,-111.0,-111.0,233.5,-111.0,-111.0,-275.0,210.0,,
401469067,2023-02-26T20:30Z,2023-02-26,2023,2,CHI,WSH,102.0,82.0,False,,BetfairSportsbook,-5.5,-111.0,-111.0,223.5,-111.0,-111.0,-225.0,170.0,,
401469068,2023-02-26T20:30Z,2023-02-26,2023,2,DAL,LAL,108.0,111.0,False,,BetfairSportsbook,-4.5,-111.0,-111.0,236.0,-111.0,-111.0,-188.0,145.0,,
401469069,2023-02-26T23:00Z,2023-02-26,2023,2,CLE,TOR,118.0,93.0,False,,BetfairSportsbook,-7.5,-111.0,-111.0,218.5,-111.0,-111.0,-300.0,225.0,,
401469070,2023-02-27T00:00Z,2023-02-26,2023,2,OKC,SAC,115.0,124.0,False,,BetfairSportsbook,4.0,-111.0,-111.0,239.5,-111.0,-111.0,155.0,-200.0,,
401469071,2023-02-27T00:30Z,2023-02-26,2023,2,GS,MIN,109.0,104.0,False,,BetfairSportsbook,-2.0,-111.0,-111.0,237.0,-111.0,-111.0,-138.0,105.0,,
401469072,2023-02-27T02:00Z,2023-02-26,2023,2,POR,HOU,131.0,114.0,False,,BetfairSportsbook,-9.5,-111.0,-111.0,230.5,-111.0,-111.0,-450.0,310.0,,
401469073,2023-02-27T03:00Z,2023-02-26,2023,2,DEN,LAC,134.0,124.0,False,,BetfairSportsbook,-4.0,-111.0,-111.0,236.5,-111.0,-111.0,-188.0,145.0,,
401469074,2023-02-28T00:00Z,2023-02-27,2023,2,CHA,DET,117.0,106.0,False,,BetfairSportsbook,-7.5,-111.0,-111.0,233.5,-111.0,-111.0,-300.0,225.0,,
401469075,2023-02-28T00:00Z,2023-02-27,2023,2,PHI,MIA,99.0,101.0,False,,BetfairSportsbook,-5.5,-111.0,-111.0,217.0,-111.0,-111.0,-225.0,170.0,,
401469076,2023-02-28T00:30Z,2023-02-27,2023,2,NY,BOS,109.0,94.0,False,,BetfairSportsbook,2.0,-111.0,-111.0,224.5,-111.0,-111.0,110.0,-138.0,,
401469077,2023-02-28T01:00Z,2023-02-27,2023,2,NO,ORL,93.0,101.0,False,,BetfairSportsbook,-5.0,-111.0,-111.0,229.5,-111.0,-111.0,-225.0,170.0,,
401469078,2023-03-01T00:30Z,2023-02-28,2023,2,ATL,WSH,116.0,119.0,False,,BetfairSportsbook,-7.5,-111.0,-111.0,233.5,-111.0,-111.0,-275.0,210.0,,
401469079,2023-03-01T00:30Z,2023-02-28,2023,2,BKN,MIL,104.0,118.0,False,,BetfairSportsbook,6.5,-111.0,-111.0,232.0,-111.0,-111.0,210.0,-275.0,,
401469080,2023-03-01T00:30Z,2023-02-28,2023,2,TOR,CHI,104.0,98.0,False,,BetfairSportsbook,-4.5,-111.0,-111.0,219.5,-111.0,-111.0,-188.0,145.0,,
401469082,2023-03-01T00:30Z,2023-02-28,2023,2,MEM,LAL,121.0,109.0,False,,BetfairSportsbook,-9.0,-111.0,-111.0,229.5,-111.0,-111.0,-450.0,310.0,,
401469081,2023-03-01T01:00Z,2023-02-28,2023,2,HOU,DEN,112.0,133.0,False,,BetfairSportsbook,12.0,-111.0,-111.0,232.5,-111.0,-111.0,450.0,-700.0,,
401469083,2023-03-01T01:00Z,2023-02-28,2023,2,OKC,SAC,117.0,123.0,False,,BetfairSportsbook,2.5,-111.0,-111.0,231.0,-111.0,-111.0,115.0,-150.0,,
401469084,2023-03-01T01:30Z,2023-02-28,2023,2,DAL,IND,122.0,124.0,False,,BetfairSportsbook,-9.0,-111.0,-111.0,236.0,-111.0,-111.0,-400.0,280.0,,
401469085,2023-03-01T02:00Z,2023-02-28,2023,2,UTAH,SA,94.0,102.0,False,,BetfairSportsbook,-9.5,-111.0,-111.0,235.5,-111.0,-111.0,-500.0,333.0,,
401469086,2023-03-01T03:00Z,2023-02-28,2023,2,GS,POR,123.0,105.0,False,,BetfairSportsbook,-4.5,-111.0,-111.0,234.0,-111.0,-111.0,-200.0,155.0,,
401469087,2023-03-01T03:00Z,2023-02-28,2023,2,LAC,MIN,101.0,108.0,False,,BetfairSportsbook,-6.5,-111.0,-111.0,231.5,-111.0,-111.0,-250.0,188.0,,
401469088,2023-03-02T00:00Z,2023-03-01,2023,2,CHA,PHX,91.0,105.0,False,,BetfairSportsbook,10.5,-111.0,-111.0,228.5,-111.0,-111.0,400.0,-600.0,,
401469089,2023-03-02T00:00Z,2023-03-01,2023,2,DET,CHI,115.0,117.0,False,,BetfairSportsbook,7.0,-111.0,-111.0,223.0,-111.0,-111.0,210.0,-275.0,,
401469090,2023-03-02T00:30Z,2023-03-01,2023,2,BOS,CLE,117.0,113.0,False,,BetfairSportsbook,-5.0,-111.0,-111.0,219.0,-111.0,-111.0,-200.0,155.0,,
401469091,2023-03-02T00:30Z,2023-03-01,2023,2,MIA,PHI,96.0,119.0,False,,BetfairSportsbook,-4.0,-111.0,-111.0,216.5,-111.0,-111.0,-188.0,145.0,,
401469092,2023-03-02T00:30Z,2023-03-01,2023,2,NY,BKN,142.0,118.0,False,,BetfairSportsbook,-8.0,-111.0,-111.0,223.5,-111.0,-111.0,-350.0,250.0,,
401469093,2023-03-02T01:00Z,2023-03-01,2023,2,HOU,MEM,99.0,113.0,False,,BetfairSportsbook,10.5,-111.0,-111.0,231.5,-111.0,-111.0,333.0,-500.0,,
401469094,2023-03-02T01:00Z,2023-03-01,2023,2,MIL,ORL,139.0,117.0,False,,BetfairSportsbook,-8.5,-111.0,-111.0,229.0,-111.0,-111.0,-400.0,280.0,,
401469095,2023-03-02T01:00Z,2023-03-01,2023,2,OKC,LAL,117.0,123.0,False,,BetfairSportsbook,-3.0,-111.0,-111.0,228.5,-111.0,-111.0,-163.0,125.0,,
401469096,2023-03-02T03:00Z,2023-03-01,2023,2,POR,NO,110.0,121.0,False,,BetfairSportsbook,-3.0,-111.0,-111.0,235.0,-111.0,-111.0,-150.0,115.0,,
401469097,2023-03-03T00:00Z,2023-03-02,2023,2,WSH,TOR,119.0,108.0,False,,BetfairSportsbook,2.0,-111.0,-111.0,221.5,-111.0,-111.0,110.0,-138.0,,
401469098,2023-03-03T00:30Z,2023-03-02,2023,2,DAL,PHI,133.0,126.0,False,,BetfairSportsbook,-3.0,-111.0,-111.0,229.0,-111.0,-111.0,-163.0,125.0,,
401469099,2023-03-03T01:30Z,2023-03-02,2023,2,SA,IND,110.0,99.0,False,,BetfairSportsbook,4.5,-111.0,-111.0,233.5,-111.0,-111.0,155.0,-200.0,,
401469100,2023-03-03T03:00Z,2023-03-02,2023,2,GS,LAC,115.0,91.0,False,,BetfairSportsbook,3.0,-111.0,-111.0,231.5,-111.0,-111.0,120.0,-154.0,,
401469101,2023-03-04T00:00Z,2023-03-03,2023,2,CHA,ORL,106.0,117.0,False,,BetfairSportsbook,4.0,-111.0,-111.0,225.0,-111.0,-111.0,138.0,-175.0,,
401469102,2023-03-04T00:30Z,2023-03-03,2023,2,ATL,POR,129.0,111.0,False,,BetfairSportsbook,-8.0,-111.0,-111.0,242.0,-111.0,-111.0,-350.0,250.0,,
401469103,2023-03-04T00:30Z,2023-03-03,2023,2,BOS,BKN,105.0,115.0,False,,BetfairSportsbook,-10.5,-111.0,-111.0,227.0,-111.0,-111.0,-600.0,400.0,,
401469104,2023-03-04T01:00Z,2023-03-03,2023,2,MIA,NY,120.0,122.0,False,,BetfairSportsbook,-1.5,-111.0,-111.0,216.5,-111.0,-111.0,-111.0,-111.0,,
401469105,2023-03-04T01:00Z,2023-03-03,2023,2,CHI,PHX,104.0,125.0,False,,BetfairSportsbook,3.5,-111.0,-111.0,224.5,-111.0,-111.0,138.0,-175.0,,
401469106,2023-03-04T01:00Z,2023-03-03,2023,2,OKC,UTAH,130.0,103.0,False,,BetfairSportsbook,-1.0,-111.0,-111.0,230.5,-111.0,-111.0,-111.0,-111.0,,
401469107,2023-03-04T03:00Z,2023-03-03,2023,2,DEN,MEM,113.0,97.0,False,,BetfairSportsbook,-5.5,-111.0,-111.0,234.0,-111.0,-111.0,-225.0,170.0,,
401469108,2023-03-04T03:00Z,2023-03-03,2023,2,GS,NO,108.0,99.0,False,,BetfairSportsbook,-5.0,-111.0,-111.0,232.0,-111.0,-111.0,-213.0,163.0,,
401469109,2023-03-04T03:00Z,2023-03-03,2023,2,SAC,LAC,128.0,127.0,False,,BetfairSportsbook,-7.0,-111.0,-111.0,239.5,-111.0,-111.0,-300.0,225.0,,
401469110,2023-03-04T03:30Z,2023-03-03,2023,2,LAL,MIN,102.0,110.0,False,,BetfairSportsbook,1.0,-111.0,-111.0,226.0,-111.0,-111.0,-111.0,-111.0,,
401469111,2023-03-04T22:00Z,2023-03-04,2023,2,WSH,TOR,109.0,116.0,False,,BetfairSportsbook,2.5,-111.0,-111.0,222.5,-111.0,-111.0,120.0,-154.0,,
401469112,2023-03-05T00:30Z,2023-03-04,2023,2,CLE,DET,114.0,90.0,False,,BetfairSportsbook,-16.0,-111.0,-111.0,219.0,-111.0,-111.0,-1400.0,700.0,,
401469113,2023-03-05T01:00Z,2023-03-04,2023,2,MIA,ATL,117.0,109.0,False,,BetfairSportsbook,-3.0,-111.0,-111.0,226.5,-111.0,-111.0,-154.0,120.0,,
401469114,2023-03-05T01:00Z,2023-03-04,2023,2,SA,HOU,110.0,122.0,False,,BetfairSportsbook,1.5,-111.0,-111.0,230.5,-111.0,-111.0,100.0,-125.0,,
401469115,2023-03-05T01:30Z,2023-03-04,2023,2,MIL,PHI,130.0,133.0,False,,BetfairSportsbook,-5.0,-111.0,-111.0,232.5,-111.0,-111.0,-213.0,163.0,,
401469116,2023-03-05T03:00Z,2023-03-04,2023,2,SAC,MIN,134.0,138.0,False,,BetfairSportsbook,-4.0,-111.0,-111.0,237.5,-111.0,-111.0,-188.0,145.0,,
401469117,2023-03-05T18:00Z,2023-03-05,2023,2,DAL,PHX,126.0,130.0,False,,BetfairSportsbook,2.0,-111.0,-111.0,234.0,-111.0,-111.0,105.0,-133.0,,
401469118,2023-03-05T20:30Z,2023-03-05,2023,2,CHI,IND,122.0,125.0,False,,BetfairSportsbook,-5.5,-111.0,-111.0,227.0,-111.0,-111.0,-225.0,170.0,,
401469119,2023-03-05T20:45Z,2023-03-05,2023,2,LAL,GS,113.0,105.0,False,,BetfairSportsbook,5.0,-111.0,-111.0,234.5,-111.0,-111.0,163.0,-213.0,,
401469120,2023-03-05T23:00Z,2023-03-05,2023,2,BKN,CHA,102.0,86.0,False,,BetfairSportsbook,-8.0,-111.0,-111.0,228.5,-111.0,-111.0,-350.0,250.0,,
401469121,2023-03-05T23:00Z,2023-03-05,2023,2,ORL,POR,119.0,122.0,False,,BetfairSportsbook,-2.5,-111.0,-111.0,231.5,-111.0,-111.0,-150.0,115.0,,
401469122,2023-03-06T00:00Z,2023-03-05,2023,2,HOU,SA,142.0,110.0,False,,BetfairSportsbook,-4.5,-111.0,-111.0,232.5,-111.0,-111.0,-213.0,163.0,,
401469123,2023-03-06T00:00Z,2023-03-05,2023,2,OKC,UTAH,129.0,119.0,False,,BetfairSportsbook,-6.5,-111.0,-111.0,236.0,-111.0,-111.0,-250.0,188.0,,
401469124,2023-03-06T00:30Z,2023-03-05,2023,2,BOS,NY,129.0,131.0,False,,BetfairSportsbook,-6.5,-111.0,-111.0,225.5,-111.0,-111.0,-275.0,210.0,,
401469128,2023-03-06T00:30Z,2023-03-05,2023,2,WSH,MIL,111.0,117.0,False,,BetfairSportsbook,6.0,-111.0,-111.0,228.5,-111.0,-111.0,188.0,-250.0,,
401469125,2023-03-06T03:00Z,2023-03-05,2023,2,LAC,MEM,135.0,129.0,False,,BetfairSportsbook,-7.0,-111.0,-111.0,228.5,-111.0,-111.0,-300.0,225.0,,
401469126,2023-03-07T00:00Z,2023-03-06,2023,2,CLE,BOS,118.0,114.0,False,,BetfairSportsbook,-7.5,-111.0,-111.0,218.5,-111.0,-111.0,-333.0,240.0,,
401469127,2023-03-07T00:00Z,2023-03-06,2023,2,IND,PHI,143.0,147.0,False,,BetfairSportsbook,6.0,-111.0,-111.0,234.5,-111.0,-111.0,188.0,-250.0,,
401469132,2023-03-07T00:00Z,2023-03-06,2023,2,DET,POR,104.0,110.0,False,,BetfairSportsbook,4.5,-111.0,-111.0,230.0,-111.0,-111.0,163.0,-213.0,,
401469129,2023-03-07T00:30Z,2023-03-06,2023,2,MIA,ATL,130.0,128.0,False,,BetfairSportsbook,-2.5,-111.0,-111.0,230.5,-111.0,-111.0,-138.0,110.0,,
401469130,2023-03-07T02:00Z,2023-03-06,2023,2,DEN,TOR,118.0,113.0,False,,BetfairSportsbook,-6.0,-111.0,-111.0,229.0,-111.0,-111.0,-250.0,188.0,,
401469131,2023-03-07T03:00Z,2023-03-06,2023,2,SAC,NO,123.0,108.0,False,,BetfairSportsbook,-5.0,-111.0,-111.0,234.5,-111.0,-111.0,-213.0,163.0,,
401469133,2023-03-08T00:00Z,2023-03-07,2023,2,ORL,MIL,123.0,134.0,False,,BetfairSportsbook,2.0,-111.0,-111.0,228.0,-111.0,-111.0,110.0,-138.0,,
401526670,2023-03-08T00:00Z,2023-03-07,2023,2,DET,WSH,117.0,119.0,False,,BetfairSportsbook,11.0,-111.0,-111.0,223.0,-111.0,-111.0,400.0,-600.0,,
401469134,2023-03-08T00:30Z,2023-03-07,2023,2,NY,CHA,105.0,112.0,False,,BetfairSportsbook,-10.0,-111.0,-111.0,225.0,-111.0,-111.0,-500.0,333.0,,
401469135,2023-03-08T00:30Z,2023-03-07,2023,2,MIN,PHI,94.0,117.0,False,,BetfairSportsbook,-3.0,-111.0,-111.0,227.0,-111.0,-111.0,-163.0,125.0,,
401469136,2023-03-08T01:00Z,2023-03-07,2023,2,HOU,BKN,96.0,118.0,False,,BetfairSportsbook,6.5,-111.0,-111.0,230.5,-111.0,-111.0,210.0,-275.0,,
401469137,2023-03-08T01:00Z,2023-03-07,2023,2,OKC,GS,137.0,128.0,False,,BetfairSportsbook,4.0,-111.0,-111.0,244.0,-111.0,-111.0,155.0,-200.0,,
401469138,2023-03-08T01:30Z,2023-03-07,2023,2,DAL,UTAH,120.0,116.0,False,,BetfairSportsbook,-11.0,-111.0,-111.0,236.0,-111.0,-111.0,-600.0,400.0,,
401469139,2023-03-08T03:00Z,2023-03-07,2023,2,LAL,MEM,112.0,103.0,False,,BetfairSportsbook,1.5,-111.0,-111.0,224.0,-111.0,-111.0,100.0,-125.0,,
401469140,2023-03-09T00:00Z,2023-03-08,2023,2,WSH,ATL,120.0,122.0,False,,BetfairSportsbook,3.0,-111.0,-111.0,237.5,-111.0,-111.0,130.0,-167.0,,
401469141,2023-03-09T00:30Z,2023-03-08,2023,2,BOS,POR,115.0,93.0,False,,BetfairSportsbook,-9.5,-111.0,-111.0,231.0,-111.0,-111.0,-500.0,310.0,,
401469142,2023-03-09T00:30Z,2023-03-08,2023,2,MIA,CLE,100.0,104.0,False,,BetfairSportsbook,1.0,-111.0,-111.0,215.5,-111.0,-111.0,-111.0,-111.0,,
401469143,2023-03-09T00:30Z,2023-03-08,2023,2,NO,DAL,113.0,106.0,False,,BetfairSportsbook,2.5,-111.0,-111.0,234.0,-111.0,-111.0,115.0,-150.0,,
401469144,2023-03-09T02:00Z,2023-03-08,2023,2,DEN,CHI,96.0,117.0,False,,BetfairSportsbook,-9.0,-111.0,-111.0,225.5,-111.0,-111.0,-400.0,280.0,,
401469145,2023-03-09T02:00Z,2023-03-08,2023,2,PHX,OKC,132.0,101.0,False,,BetfairSportsbook,-11.0,-111.0,-111.0,231.5,-111.0,-111.0,-600.0,400.0,,
401469146,2023-03-09T03:00Z,2023-03-08,2023,2,LAC,TOR,108.0,100.0,False,,BetfairSportsbook,-3.0,-111.0,-111.0,230.5,-111.0,-111.0,-154.0,120.0,,
401469147,2023-03-10T00:00Z,2023-03-09,2023,2,DET,CHA,103.0,113.0,False,,BetfairSportsbook,3.5,-111.0,-111.0,225.5,-111.0,-111.0,130.0,-167.0,,
401469148,2023-03-10T00:00Z,2023-03-09,2023,2,IND,HOU,134.0,125.0,False,,BetfairSportsbook,-10.0,-111.0,-111.0,236.5,-111.0,-111.0,-500.0,333.0,,
401469149,2023-03-10T00:00Z,2023-03-09,2023,2,ORL,UTAH,124.0,131.0,False,,BetfairSportsbook,-4.0,-111.0,-111.0,233.0,-111.0,-111.0,-188.0,145.0,,
401469151,2023-03-10T00:30Z,2023-03-09,2023,2,MEM,GS,131.0,110.0,False,,BetfairSportsbook,3.0,-111.0,-111.0,236.0,-111.0,-111.0,125.0,-163.0,,
401469150,2023-03-10T01:00Z,2023-03-09,2023,2,MIL,BKN,118.0,113.0,False,,BetfairSportsbook,-10.0,-111.0,-111.0,233.0,-111.0,-111.0,-500.0,333.0,,
401469152,2023-03-10T03:00Z,2023-03-09,2023,2,SAC,NY,122.0,117.0,False,,BetfairSportsbook,-2.0,-111.0,-111.0,240.0,-111.0,-111.0,-138.0,110.0,,
401469153,2023-03-11T00:00Z,2023-03-10,2023,2,PHI,POR,120.0,119.0,False,,BetfairSportsbook,-8.5,-111.0,-111.0,234.5,-111.0,-111.0,-400.0,280.0,,
401469154,2023-03-11T00:00Z,2023-03-10,2023,2,WSH,ATL,107.0,114.0,False,,BetfairSportsbook,1.5,-111.0,-111.0,237.0,-111.0,-111.0,-111.0,-111.0,,
401469155,2023-03-11T01:00Z,2023-03-10,2023,2,MIA,CLE,119.0,115.0,False,,BetfairSportsbook,-3.0,-111.0,-111.0,211.5,-111.0,-111.0,-154.0,120.0,,
401469156,2023-03-11T01:00Z,2023-03-10,2023,2,MIN,BKN,123.0,124.0,False,,BetfairSportsbook,-4.5,-111.0,-111.0,226.0,-111.0,-111.0,-188.0,145.0,,
401469157,2023-03-11T01:00Z,2023-03-10,2023,2,SA,DEN,128.0,120.0,False,,BetfairSportsbook,12.5,-111.0,-111.0,237.0,-111.0,-111.0,500.0,-800.0,,
401469158,2023-03-11T03:30Z,2023-03-10,2023,2,LAL,TOR,122.0,112.0,False,,BetfairSportsbook,2.5,-111.0,-111.0,224.5,-111.0,-111.0,115.0,-150.0,,
401469159,2023-03-11T21:00Z,2023-03-11,2023,2,LAC,NY,106.0,95.0,False,,BetfairSportsbook,-5.0,-111.0,-111.0,227.0,-111.0,-111.0,-213.0,163.0,,
401469160,2023-03-12T00:00Z,2023-03-11,2023,2,CHA,UTAH,111.0,119.0,False,,BetfairSportsbook,1.0,-111.0,-111.0,229.0,-111.0,-111.0,-111.0,-111.0,,
401469161,2023-03-12T00:00Z,2023-03-11,2023,2,DET,IND,115.0,121.0,False,,BetfairSportsbook,3.5,-111.0,-111.0,228.0,-111.0,-111.0,138.0,-175.0,,
401469162,2023-03-12T00:00Z,2023-03-11,2023,2,ORL,MIA,126.0,114.0,False,,BetfairSportsbook,2.5,-111.0,-111.0,222.0,-111.0,-111.0,115.0,-150.0,,
401469163,2023-03-12T00:30Z,2023-03-11,2023,2,ATL,BOS,125.0,134.0,False,,BetfairSportsbook,5.0,-111.0,-111.0,239.0,-111.0,-111.0,155.0,-200.0,,
401469164,2023-03-12T01:00Z,2023-03-11,2023,2,HOU,CHI,111.0,119.0,False,,BetfairSportsbook,7.5,-111.0,-111.0,223.5,-111.0,-111.0,240.0,-333.0,,
401469165,2023-03-12T01:00Z,2023-03-11,2023,2,MEM,DAL,112.0,108.0,False,,BetfairSportsbook,-8.0,-111.0,-111.0,221.5,-111.0,-111.0,-333.0,240.0,,
401469166,2023-03-12T01:30Z,2023-03-11,2023,2,NO,OKC,96.0,110.0,False,,BetfairSportsbook,-1.0,-111.0,-111.0,232.5,-111.0,-111.0,-111.0,-111.0,,
401469167,2023-03-12T01:30Z,2023-03-11,2023,2,GS,MIL,125.0,116.0,False,,BetfairSportsbook,-3.5,-111.0,-111.0,240.5,-111.0,-111.0,-175.0,138.0,,
401469168,2023-03-12T02:00Z,2023-03-11,2023,2,PHX,SAC,119.0,128.0,False,,BetfairSportsbook,-3.5,-111.0,-111.0,240.0,-111.0,-111.0,-175.0,138.0,,
401469169,2023-03-12T19:30Z,2023-03-12,2023,2,DEN,BKN,120.0,122.0,False,,BetfairSportsbook,-9.0,-111.0,-111.0,229.0,-111.0,-111.0,-400.0,280.0,,
401469170,2023-03-12T21:00Z,2023-03-12,2023,2,CHA,CLE,108.0,114.0,False,,BetfairSportsbook,10.0,-111.0,-111.0,220.0,-111.0,-111.0,333.0,-500.0,,
401469171,2023-03-12T22:00Z,2023-03-12,2023,2,PHI,WSH,112.0,93.0,False,,BetfairSportsbook,-7.0,-111.0,-111.0,227.5,-111.0,-111.0,-275.0,210.0,,
401469172,2023-03-12T23:00Z,2023-03-12,2023,2,NO,POR,127.0,110.0,False,,BetfairSportsbook,-3.0,-111.0,-111.0,221.5,-111.0,-111.0,-163.0,125.0,,
401469173,2023-03-12T23:00Z,2023-03-12,2023,2,SA,OKC,90.0,102.0,False,,BetfairSportsbook,4.0,-111.0,-111.0,236.5,-111.0,-111.0,155.0,-200.0,,
401469174,2023-03-13T01:00Z,2023-03-12,2023,2,LAL,NY,108.0,112.0,False,,BetfairSportsbook,-3.0,-111.0,-111.0,226.0,-111.0,-111.0,-150.0,115.0,,
401469175,2023-03-13T23:00Z,2023-03-13,2023,2,DET,IND,117.0,97.0,False,,BetfairSportsbook,4.0,-111.0,-111.0,226.5,-111.0,-111.0,155.0,-200.0,,
401469176,2023-03-13T23:30Z,2023-03-13,2023,2,ATL,MIN,115.0,136.0,False,,BetfairSportsbook,-5.0,-111.0,-111.0,241.5,-111.0,-111.0,-213.0,163.0,,
401469177,2023-03-13T23:30Z,2023-03-13,2023,2,MIA,UTAH,119.0,115.0,False,,BetfairSportsbook,-8.5,-111.0,-111.0,226.0,-111.0,-111.0,-400.0,280.0,,
401469178,2023-03-13T23:30Z,2023-03-13,2023,2,DAL,MEM,88.0,104.0,False,,BetfairSportsbook,4.5,-111.0,-111.0,219.5,-111.0,-111.0,155.0,-200.0,,
401469179,2023-03-14T00:00Z,2023-03-13,2023,2,HOU,BOS,111.0,109.0,False,,BetfairSportsbook,13.0,-111.0,-111.0,231.5,-111.0,-111.0,550.0,-1000.0,,
401469180,2023-03-14T02:00Z,2023-03-13,2023,2,GS,PHX,123.0,112.0,False,,BetfairSportsbook,-4.5,-111.0,-111.0,234.5,-111.0,-111.0,-188.0,145.0,,
401469181,2023-03-14T02:00Z,2023-03-13,2023,2,SAC,MIL,124.0,133.0,False,,BetfairSportsbook,3.5,-111.0,-111.0,246.5,-111.0,-111.0,138.0,-175.0,,
401469182,2023-03-14T23:00Z,2023-03-14,2023,2,CHA,CLE,104.0,120.0,False,,BetfairSportsbook,5.5,-111.0,-111.0,218.5,-111.0,-111.0,170.0,-225.0,,
401469183,2023-03-14T23:00Z,2023-03-14,2023,2,WSH,DET,117.0,97.0,False,,BetfairSportsbook,-13.5,-111.0,-111.0,221.5,-111.0,-111.0,-1000.0,550.0,,
401469184,2023-03-14T23:30Z,2023-03-14,2023,2,TOR,DEN,125.0,110.0,False,,BetfairSportsbook,1.5,-111.0,-111.0,228.5,-111.0,-111.0,100.0,-125.0,,
401469185,2023-03-15T00:00Z,2023-03-14,2023,2,NO,LAL,108.0,123.0,False,,BetfairSportsbook,-1.5,-111.0,-111.0,227.5,-111.0,-111.0,-125.0,100.0,,
401469186,2023-03-15T00:00Z,2023-03-14,2023,2,OKC,BKN,121.0,107.0,False,,BetfairSportsbook,-1.5,-111.0,-111.0,233.5,-111.0,-111.0,-111.0,-111.0,,
401469187,2023-03-15T00:00Z,2023-03-14,2023,2,SA,ORL,132.0,114.0,False,,BetfairSportsbook,6.5,-111.0,-111.0,232.5,-111.0,-111.0,210.0,-275.0,,
401469188,2023-03-15T02:00Z,2023-03-14,2023,2,PHX,MIL,104.0,116.0,False,,BetfairSportsbook,1.5,-111.0,-111.0,231.5,-111.0,-111.0,100.0,-125.0,,
401469189,2023-03-15T02:00Z,2023-03-14,2023,2,POR,NY,107.0,123.0,False,,BetfairSportsbook,2.5,-111.0,-111.0,229.0,-111.0,-111.0,120.0,-154.0,,
401469190,2023-03-15T23:30Z,2023-03-15,2023,2,CLE,PHI,109.0,118.0,False,,BetfairSportsbook,2.5,-111.0,-111.0,222.0,-111.0,-111.0,115.0,-150.0,,
401469191,2023-03-15T23:30Z,2023-03-15,2023,2,MIA,MEM,138.0,119.0,False,,BetfairSportsbook,-4.0,-111.0,-111.0,219.5,-111.0,-111.0,-200.0,155.0,,
401469192,2023-03-16T00:00Z,2023-03-15,2023,2,CHI,SAC,114.0,117.0,False,,BetfairSportsbook,1.5,-111.0,-111.0,237.0,-111.0,-111.0,100.0,-125.0,,
401469193,2023-03-16T00:00Z,2023-03-15,2023,2,HOU,LAL,114.0,110.0,False,,BetfairSportsbook,2.5,-111.0,-111.0,233.0,-111.0,-111.0,115.0,-150.0,,
401469194,2023-03-16T00:00Z,2023-03-15,2023,2,MIN,BOS,102.0,104.0,False,,BetfairSportsbook,4.5,-111.0,-111.0,232.5,-111.0,-111.0,145.0,-188.0,,
401469195,2023-03-16T00:30Z,2023-03-15,2023,2,SA,DAL,128.0,137.0,False,,BetfairSportsbook,4.0,-111.0,-111.0,226.0,-111.0,-111.0,138.0,-175.0,,
401469196,2023-03-16T02:00Z,2023-03-15,2023,2,LAC,GS,134.0,126.0,False,,BetfairSportsbook,-3.0,-111.0,-111.0,236.5,-111.0,-111.0,-154.0,120.0,,
401469197,2023-03-16T23:00Z,2023-03-16,2023,2,DET,DEN,100.0,119.0,False,,BetfairSportsbook,15.0,-111.0,-111.0,230.5,-111.0,-111.0,700.0,-1400.0,,
401469198,2023-03-16T23:30Z,2023-03-16,2023,2,BKN,SAC,96.0,101.0,False,,BetfairSportsbook,-3.0,-111.0,-111.0,237.5,-111.0,-111.0,-154.0,120.0,,
401469199,2023-03-16T23:30Z,2023-03-16,2023,2,TOR,OKC,128.0,111.0,False,,BetfairSportsbook,-6.5,-111.0,-111.0,231.0,-111.0,-111.0,-250.0,188.0,,
401469200,2023-03-17T00:00Z,2023-03-16,2023,2,MIL,IND,123.0,139.0,False,,BetfairSportsbook,-12.0,-111.0,-111.0,236.0,-111.0,-111.0,-800.0,500.0,,
401469201,2023-03-17T02:00Z,2023-03-16,2023,2,PHX,ORL,116.0,113.0,False,,BetfairSportsbook,-8.5,-111.0,-111.0,228.5,-111.0,-111.0,-350.0,250.0,,
401469202,2023-03-17T23:00Z,2023-03-17,2023,2,CHA,PHI,82.0,121.0,False,,BetfairSportsbook,10.5,-111.0,-111.0,229.0,-111.0,-111.0,333.0,-500.0,,
401469203,2023-03-17T23:30Z,2023-03-17,2023,2,ATL,GS,127.0,119.0,False,,BetfairSportsbook,-3.5,-111.0,-111.0,247.0,-111.0,-111.0,-167.0,130.0,,
401469204,2023-03-17T23:30Z,2023-03-17,2023,2,CLE,WSH,117.0,94.0,False,,BetfairSportsbook,-5.5,-111.0,-111.0,220.0,-111.0,-111.0,-225.0,170.0,,
401469205,2023-03-18T00:00Z,2023-03-17,2023,2,CHI,MIN,139.0,131.0,False,,BetfairSportsbook,-2.5,-111.0,-111.0,222.5,-111.0,-111.0,-150.0,115.0,,
401469206,2023-03-18T00:00Z,2023-03-17,2023,2,HOU,NO,114.0,112.0,False,,BetfairSportsbook,5.5,-111.0,-111.0,228.0,-111.0,-111.0,170.0,-225.0,,
401469207,2023-03-18T00:00Z,2023-03-17,2023,2,SA,MEM,120.0,126.0,False,,BetfairSportsbook,9.0,-111.0,-111.0,234.5,-111.0,-111.0,280.0,-400.0,,
401469208,2023-03-18T02:00Z,2023-03-17,2023,2,POR,BOS,112.0,126.0,False,,BetfairSportsbook,6.5,-111.0,-111.0,234.5,-111.0,-111.0,188.0,-250.0,,
401469209,2023-03-18T02:30Z,2023-03-17,2023,2,LAL,DAL,110.0,111.0,False,,BetfairSportsbook,-3.5,-111.0,-111.0,230.5,-111.0,-111.0,-175.0,138.0,,
401469210,2023-03-18T17:00Z,2023-03-18,2023,2,NY,DEN,116.0,110.0,False,,BetfairSportsbook,1.0,-111.0,-111.0,231.0,-111.0,-111.0,-111.0,-111.0,,
401469211,2023-03-18T19:00Z,2023-03-18,2023,2,LAC,ORL,108.0,113.0,False,,BetfairSportsbook,-6.5,-111.0,-111.0,231.5,-111.0,-111.0,-275.0,210.0,,
401469212,2023-03-18T23:00Z,2023-03-18,2023,2,IND,PHI,121.0,141.0,False,,BetfairSportsbook,4.5,-111.0,-111.0,230.0,-111.0,-111.0,155.0,-200.0,,
401469213,2023-03-18T23:00Z,2023-03-18,2023,2,TOR,MIN,122.0,107.0,False,,BetfairSportsbook,-9.0,-111.0,-111.0,222.5,-111.0,-111.0,-450.0,310.0,,
401469214,2023-03-19T00:00Z,2023-03-18,2023,2,WSH,SAC,118.0,132.0,False,,BetfairSportsbook,4.5,-111.0,-111.0,235.0,-111.0,-111.0,155.0,-200.0,,
401469215,2023-03-19T00:00Z,2023-03-18,2023,2,CHI,MIA,113.0,99.0,False,,BetfairSportsbook,2.5,-111.0,-111.0,216.5,-111.0,-111.0,105.0,-133.0,,
401469216,2023-03-19T00:00Z,2023-03-18,2023,2,MEM,GS,133.0,119.0,False,,BetfairSportsbook,1.5,-111.0,-111.0,235.0,-111.0,-111.0,100.0,-125.0,,
401469217,2023-03-19T01:00Z,2023-03-18,2023,2,UTAH,BOS,118.0,117.0,False,,BetfairSportsbook,4.5,-111.0,-111.0,233.0,-111.0,-111.0,163.0,-213.0,,
401469218,2023-03-19T19:30Z,2023-03-19,2023,2,BKN,DEN,102.0,108.0,False,,BetfairSportsbook,3.0,-111.0,-111.0,228.5,-111.0,-111.0,120.0,-154.0,,
401469219,2023-03-19T19:30Z,2023-03-19,2023,2,OKC,PHX,124.0,120.0,False,,BetfairSportsbook,-1.5,-111.0,-111.0,234.0,-111.0,-111.0,-125.0,100.0,,
401469220,2023-03-19T20:00Z,2023-03-19,2023,2,SA,ATL,126.0,118.0,False,,BetfairSportsbook,10.0,-111.0,-111.0,245.5,-111.0,-111.0,333.0,-500.0,,
401469221,2023-03-19T22:00Z,2023-03-19,2023,2,DET,MIA,100.0,112.0,False,,BetfairSportsbook,10.0,-111.0,-111.0,218.5,-111.0,-111.0,333.0,-500.0,,
401469222,2023-03-19T23:00Z,2023-03-19,2023,2,HOU,NO,107.0,117.0,False,,BetfairSportsbook,5.5,-111.0,-111.0,226.5,-111.0,-111.0,188.0,-250.0,,
401469223,2023-03-20T00:00Z,2023-03-19,2023,2,MIL,TOR,118.0,111.0,False,,BetfairSportsbook,-7.5,-111.0,-111.0,234.0,-111.0,-111.0,-300.0,225.0,,
401469224,2023-03-20T01:00Z,2023-03-19,2023,2,POR,LAC,102.0,117.0,False,,BetfairSportsbook,4.5,-111.0,-111.0,236.0,-111.0,-111.0,155.0,-200.0,,
401469225,2023-03-20T01:30Z,2023-03-19,2023,2,LAL,ORL,111.0,105.0,False,,BetfairSportsbook,-6.5,-111.0,-111.0,230.0,-111.0,-111.0,-250.0,188.0,,
401469226,2023-03-20T23:00Z,2023-03-20,2023,2,CHA,IND,115.0,109.0,False,,BetfairSportsbook,2.0,-111.0,-111.0,235.5,-111.0,-111.0,110.0,-138.0,,
401469227,2023-03-20T23:00Z,2023-03-20,2023,2,PHI,CHI,105.0,109.0,False,,BetfairSportsbook,-8.0,-111.0,-111.0,226.5,-111.0,-111.0,-333.0,240.0,,
401469228,2023-03-20T23:30Z,2023-03-20,2023,2,NY,MIN,134.0,140.0,False,,BetfairSportsbook,-8.0,-111.0,-111.0,228.0,-111.0,-111.0,-350.0,250.0,,
401469229,2023-03-21T00:00Z,2023-03-20,2023,2,HOU,GS,108.0,121.0,False,,BetfairSportsbook,11.5,-111.0,-111.0,233.5,-111.0,-111.0,450.0,-700.0,,
401469230,2023-03-21T00:00Z,2023-03-20,2023,2,MEM,DAL,112.0,108.0,False,,BetfairSportsbook,-4.5,-111.0,-111.0,228.0,-111.0,-111.0,-200.0,155.0,,
401469231,2023-03-21T01:00Z,2023-03-20,2023,2,UTAH,SAC,128.0,120.0,False,,BetfairSportsbook,7.0,-111.0,-111.0,239.5,-111.0,-111.0,210.0,-275.0,,
401469232,2023-03-21T23:00Z,2023-03-21,2023,2,ORL,WSH,122.0,112.0,False,,BetfairSportsbook,1.0,-111.0,-111.0,224.0,-111.0,-111.0,-111.0,-111.0,,
401469233,2023-03-21T23:30Z,2023-03-21,2023,2,ATL,DET,129.0,107.0,False,,BetfairSportsbook,-13.5,-111.0,-111.0,237.5,-111.0,-111.0,-1000.0,550.0,,
401469234,2023-03-21T23:30Z,2023-03-21,2023,2,BKN,CLE,109.0,115.0,False,,BetfairSportsbook,4.0,-111.0,-111.0,217.0,-111.0,-111.0,145.0,-188.0,,
401469235,2023-03-22T00:00Z,2023-03-21,2023,2,NO,SA,119.0,84.0,False,,BetfairSportsbook,-14.0,-111.0,-111.0,230.5,-111.0,-111.0,-1000.0,550.0,,
401469236,2023-03-22T02:00Z,2023-03-21,2023,2,SAC,BOS,109.0,132.0,False,,BetfairSportsbook,5.0,-111.0,-111.0,238.0,-111.0,-111.0,163.0,-213.0,,
401469237,2023-03-22T02:30Z,2023-03-21,2023,2,LAC,OKC,100.0,101.0,False,,BetfairSportsbook,-6.5,-111.0,-111.0,238.0,-111.0,-111.0,-275.0,210.0,,
401469238,2023-03-22T23:00Z,2023-03-22,2023,2,WSH,DEN,104.0,118.0,False,,BetfairSportsbook,9.0,-111.0,-111.0,225.5,-111.0,-111.0,280.0,-400.0,,
401469239,2023-03-22T23:30Z,2023-03-22,2023,2,MIA,NY,127.0,120.0,False,,BetfairSportsbook,-2.0,-111.0,-111.0,223.5,-111.0,-111.0,-133.0,105.0,,
401469240,2023-03-22T23:30Z,2023-03-22,2023,2,TOR,IND,114.0,118.0,False,,BetfairSportsbook,-9.0,-111.0,-111.0,232.0,-111.0,-111.0,-400.0,280.0,,
401469241,2023-03-22T23:30Z,2023-03-22,2023,2,DAL,GS,125.0,127.0,False,,BetfairSportsbook,3.5,-111.0,-111.0,237.0,-111.0,-111.0,130.0,-167.0,,
401469242,2023-03-23T00:00Z,2023-03-22,2023,2,CHI,PHI,91.0,116.0,False,,BetfairSportsbook,1.5,-111.0,-111.0,220.0,-111.0,-111.0,105.0,-133.0,,
401469243,2023-03-23T00:00Z,2023-03-22,2023,2,MEM,HOU,130.0,125.0,False,,BetfairSportsbook,-12.0,-111.0,-111.0,232.0,-111.0,-111.0,-800.0,500.0,,
401469244,2023-03-23T00:00Z,2023-03-22,2023,2,MIL,SA,130.0,94.0,False,,BetfairSportsbook,-19.0,-111.0,-111.0,237.5,-111.0,-111.0,-2000.0,800.0,,
401469245,2023-03-23T00:00Z,2023-03-22,2023,2,MIN,ATL,125.0,124.0,False,,BetfairSportsbook,-4.0,-111.0,-111.0,241.5,-111.0,-111.0,-188.0,145.0,,
401469246,2023-03-23T01:00Z,2023-03-22,2023,2,UTAH,POR,115.0,127.0,False,,BetfairSportsbook,-5.5,-111.0,-111.0,235.5,-111.0,-111.0,-225.0,170.0,,
401469247,2023-03-23T02:00Z,2023-03-22,2023,2,LAL,PHX,122.0,111.0,False,,BetfairSportsbook,-1.0,-111.0,-111.0,227.5,-111.0,-111.0,-111.0,-111.0,,
401469248,2023-03-23T23:00Z,2023-03-23,2023,2,ORL,NY,111.0,106.0,False,,BetfairSportsbook,2.5,-111.0,-111.0,226.0,-111.0,-111.0,115.0,-150.0,,
401469249,2023-03-23T23:30Z,2023-03-23,2023,2,BKN,CLE,114.0,116.0,False,,BetfairSportsbook,4.0,-111.0,-111.0,219.5,-111.0,-111.0,138.0,-175.0,,
401469250,2023-03-24T00:00Z,2023-03-23,2023,2,NO,CHA,115.0,96.0,False,,BetfairSportsbook,-9.0,-111.0,-111.0,225.5,-111.0,-111.0,-450.0,310.0,,
401469251,2023-03-24T02:30Z,2023-03-23,2023,2,LAC,OKC,127.0,105.0,False,,BetfairSportsbook,-4.5,-111.0,-111.0,231.5,-111.0,-111.0,-213.0,155.0,,
401469252,2023-03-24T23:00Z,2023-03-24,2023,2,BOS,IND,120.0,95.0,False,,BetfairSportsbook,-11.0,-111.0,-111.0,236.5,-111.0,-111.0,-600.0,400.0,,
401469253,2023-03-24T23:00Z,2023-03-24,2023,2,WSH,SA,136.0,124.0,False,,BetfairSportsbook,-9.0,-111.0,-111.0,228.5,-111.0,-111.0,-450.0,310.0,,
401469254,2023-03-24T23:30Z,2023-03-24,2023,2,TOR,DET,118.0,97.0,False,,BetfairSportsbook,-13.5,-111.0,-111.0,223.5,-111.0,-111.0,-1000.0,550.0,,
401469255,2023-03-25T00:00Z,2023-03-24,2023,2,MEM,HOU,151.0,114.0,False,,BetfairSportsbook,-12.5,-111.0,-111.0,233.5,-111.0,-111.0,-800.0,500.0,,
401469256,2023-03-25T00:30Z,2023-03-24,2023,2,DAL,CHA,109.0,117.0,False,,BetfairSportsbook,-16.0,-111.0,-111.0,229.0,-111.0,-111.0,-1400.0,700.0,,
401469257,2023-03-25T01:00Z,2023-03-24,2023,2,UTAH,MIL,116.0,144.0,False,,BetfairSportsbook,9.5,-111.0,-111.0,233.5,-111.0,-111.0,310.0,-450.0,,
401469258,2023-03-25T02:00Z,2023-03-24,2023,2,GS,PHI,120.0,112.0,False,,BetfairSportsbook,-4.5,-111.0,-111.0,233.0,-111.0,-111.0,-200.0,155.0,,
401469259,2023-03-25T02:00Z,2023-03-24,2023,2,POR,CHI,96.0,124.0,False,,BetfairSportsbook,7.5,-111.0,-111.0,219.5,-111.0,-111.0,225.0,-300.0,,
401469260,2023-03-25T02:00Z,2023-03-24,2023,2,SAC,PHX,135.0,127.0,False,,BetfairSportsbook,-4.5,-111.0,-111.0,239.0,-111.0,-111.0,-213.0,163.0,,
401469261,2023-03-25T02:30Z,2023-03-24,2023,2,LAL,OKC,116.0,111.0,False,,BetfairSportsbook,-3.5,-111.0,-111.0,230.5,-111.0,-111.0,-175.0,138.0,,
401469262,2023-03-25T21:00Z,2023-03-25,2023,2,ATL,IND,143.0,130.0,False,,BetfairSportsbook,-10.5,-111.0,-111.0,250.0,-111.0,-111.0,-500.0,333.0,,
401469263,2023-03-26T00:00Z,2023-03-25,2023,2,MIA,BKN,100.0,129.0,False,,BetfairSportsbook,-6.0,-111.0,-111.0,221.0,-111.0,-111.0,-250.0,188.0,,
401469264,2023-03-26T01:00Z,2023-03-25,2023,2,DEN,MIL,129.0,106.0,False,,BetfairSportsbook,-3.0,-111.0,-111.0,237.0,-111.0,-111.0,-163.0,125.0,,
401469265,2023-03-26T02:00Z,2023-03-25,2023,2,PHX,PHI,125.0,105.0,False,,BetfairSportsbook,-1.0,-111.0,-111.0,224.5,-111.0,-111.0,-111.0,-111.0,,
401469266,2023-03-26T02:00Z,2023-03-25,2023,2,SAC,UTAH,121.0,113.0,False,,BetfairSportsbook,-9.0,-111.0,-111.0,235.0,-111.0,-111.0,-450.0,310.0,,
401469267,2023-03-26T02:30Z,2023-03-25,2023,2,LAC,NO,110.0,131.0,False,,BetfairSportsbook,-5.0,-111.0,-111.0,224.5,-111.0,-111.0,-200.0,155.0,,
401469268,2023-03-26T17:00Z,2023-03-26,2023,2,CHA,DAL,110.0,104.0,False,,BetfairSportsbook,12.5,-111.0,-111.0,232.5,-111.0,-111.0,500.0,-800.0,,
401469269,2023-03-26T19:30Z,2023-03-26,2023,2,LAL,CHI,108.0,118.0,False,,BetfairSportsbook,-5.5,-111.0,-111.0,224.0,-111.0,-111.0,-225.0,170.0,,
401469270,2023-03-26T22:00Z,2023-03-26,2023,2,ATL,MEM,119.0,123.0,False,,BetfairSportsbook,2.0,-111.0,-111.0,248.0,-111.0,-111.0,110.0,-138.0,,
401469271,2023-03-26T22:00Z,2023-03-26,2023,2,BOS,SA,137.0,93.0,False,,BetfairSportsbook,-17.0,-111.0,-111.0,231.5,-111.0,-111.0,-2000.0,800.0,,
401469272,2023-03-26T22:00Z,2023-03-26,2023,2,CLE,HOU,108.0,91.0,False,,BetfairSportsbook,-14.0,-111.0,-111.0,228.0,-111.0,-111.0,-1000.0,550.0,,
401469273,2023-03-26T22:00Z,2023-03-26,2023,2,ORL,BKN,119.0,106.0,False,,BetfairSportsbook,-1.5,-111.0,-111.0,225.5,-111.0,-111.0,-133.0,105.0,,
401469274,2023-03-26T22:00Z,2023-03-26,2023,2,TOR,WSH,114.0,104.0,False,,BetfairSportsbook,-10.0,-111.0,-111.0,220.5,-111.0,-111.0,-500.0,333.0,,
401469275,2023-03-26T23:00Z,2023-03-26,2023,2,POR,OKC,112.0,118.0,False,,BetfairSportsbook,10.5,-111.0,-111.0,232.5,-111.0,-111.0,333.0,-500.0,,
401469276,2023-03-27T00:30Z,2023-03-26,2023,2,GS,MIN,96.0,99.0,False,,BetfairSportsbook,-5.5,-111.0,-111.0,241.5,-111.0,-111.0,-225.0,170.0,,
401469277,2023-03-27T23:00Z,2023-03-27,2023,2,DET,MIL,117.0,126.0,False,,BetfairSportsbook,12.0,-111.0,-111.0,226.5,-111.0,-111.0,500.0,-800.0,,
401469278,2023-03-27T23:00Z,2023-03-27,2023,2,IND,DAL,104.0,127.0,False,,BetfairSportsbook,7.5,-111.0,-111.0,238.0,-111.0,-111.0,240.0,-333.0,,
401469279,2023-03-27T23:30Z,2023-03-27,2023,2,NY,HOU,137.0,115.0,False,,BetfairSportsbook,-13.0,-111.0,-111.0,230.0,-111.0,-111.0,-800.0,500.0,,
401469280,2023-03-28T01:00Z,2023-03-27,2023,2,UTAH,PHX,103.0,117.0,False,,BetfairSportsbook,5.0,-111.0,-111.0,234.5,-111.0,-111.0,163.0,-213.0,,
401469281,2023-03-28T01:30Z,2023-03-27,2023,2,DEN,PHI,116.0,111.0,False,,BetfairSportsbook,-10.0,-111.0,-111.0,227.5,-111.0,-111.0,-500.0,333.0,,
401469282,2023-03-28T02:00Z,2023-03-27,2023,2,POR,NO,90.0,124.0,False,,BetfairSportsbook,12.0,-111.0,-111.0,226.5,-111.0,-111.0,450.0,-700.0,,
401469283,2023-03-28T02:00Z,2023-03-27,2023,2,SAC,MIN,115.0,119.0,False,,BetfairSportsbook,-5.0,-111.0,-111.0,240.0,-111.0,-111.0,-225.0,170.0,,
401469284,2023-03-28T02:30Z,2023-03-27,2023,2,LAC,CHI,124.0,112.0,False,,BetfairSportsbook,-5.0,-111.0,-111.0,220.5,-111.0,-111.0,-200.0,155.0,,
401469285,2023-03-28T23:00Z,2023-03-28,2023,2,WSH,BOS,130.0,111.0,False,,BetfairSportsbook,11.0,-111.0,-111.0,222.5,-111.0,-111.0,400.0,-600.0,,
401469286,2023-03-28T23:30Z,2023-03-28,2023,2,ATL,CLE,120.0,118.0,False,,BetfairSportsbook,-3.0,-111.0,-111.0,239.0,-111.0,-111.0,-167.0,130.0,,
401469287,2023-03-28T23:30Z,2023-03-28,2023,2,TOR,MIA,106.0,92.0,False,,BetfairSportsbook,-6.0,-111.0,-111.0,218.5,-111.0,-111.0,-250.0,188.0,,
401469288,2023-03-29T00:00Z,2023-03-28,2023,2,MEM,ORL,113.0,108.0,False,,BetfairSportsbook,-6.5,-111.0,-111.0,229.0,-111.0,-111.0,-275.0,210.0,,
401469289,2023-03-29T00:00Z,2023-03-28,2023,2,OKC,CHA,134.0,137.0,False,,BetfairSportsbook,-10.0,-111.0,-111.0,227.0,-111.0,-111.0,-500.0,333.0,,
401469290,2023-03-29T02:00Z,2023-03-28,2023,2,GS,NO,120.0,109.0,False,,BetfairSportsbook,-8.5,-111.0,-111.0,234.5,-111.0,-111.0,-450.0,310.0,,
401469291,2023-03-29T23:00Z,2023-03-29,2023,2,IND,MIL,136.0,149.0,False,,BetfairSportsbook,13.0,-111.0,-111.0,237.0,-111.0,-111.0,500.0,-800.0,,
401469292,2023-03-29T23:30Z,2023-03-29,2023,2,BKN,HOU,123.0,114.0,False,,BetfairSportsbook,-10.5,-111.0,-111.0,231.5,-111.0,-111.0,-600.0,400.0,,
401469293,2023-03-29T23:30Z,2023-03-29,2023,2,NY,MIA,101.0,92.0,False,,BetfairSportsbook,-6.0,-111.0,-111.0,225.0,-111.0,-111.0,-250.0,188.0,,
401469294,2023-03-29T23:30Z,2023-03-29,2023,2,PHI,DAL,116.0,108.0,False,,BetfairSportsbook,-6.0,-111.0,-111.0,233.0,-111.0,-111.0,-250.0,188.0,,
401469295,2023-03-30T00:00Z,2023-03-29,2023,2,CHI,LAL,110.0,121.0,False,,BetfairSportsbook,3.5,-111.0,-111.0,228.0,-111.0,-111.0,145.0,-188.0,,
401469296,2023-03-30T00:00Z,2023-03-29,2023,2,MEM,LAC,132.0,141.0,False,,BetfairSportsbook,-2.0,-111.0,-111.0,231.0,-111.0,-111.0,-138.0,110.0,,
401469297,2023-03-30T00:00Z,2023-03-29,2023,2,OKC,DET,107.0,106.0,False,,BetfairSportsbook,-9.5,-111.0,-111.0,228.5,-111.0,-111.0,-500.0,333.0,,
401469298,2023-03-30T00:00Z,2023-03-29,2023,2,SA,UTAH,117.0,128.0,False,,BetfairSportsbook,2.5,-111.0,-111.0,234.5,-111.0,-111.0,115.0,-150.0,,
401469300,2023-03-30T02:00Z,2023-03-29,2023,2,POR,SAC,80.0,120.0,False,,BetfairSportsbook,14.5,-111.0,-111.0,235.5,-111.0,-111.0,700.0,-1400.0,,
401469299,2023-03-30T02:15Z,2023-03-29,2023,2,PHX,MIN,107.0,100.0,False,,BetfairSportsbook,-6.0,-111.0,-111.0,233.0,-111.0,-111.0,-250.0,188.0,,
401469301,2023-03-30T23:30Z,2023-03-30,2023,2,MIL,BOS,99.0,140.0,False,,BetfairSportsbook,-2.5,-111.0,-111.0,238.0,-111.0,-111.0,-138.0,110.0,,
401469302,2023-03-31T02:00Z,2023-03-30,2023,2,DEN,NO,88.0,107.0,False,,BetfairSportsbook,-1.5,-111.0,-111.0,225.0,-111.0,-111.0,-125.0,100.0,,
401469303,2023-03-31T23:00Z,2023-03-31,2023,2,CHA,CHI,91.0,121.0,False,,BetfairSportsbook,11.5,-111.0,-111.0,223.5,-111.0,-111.0,400.0,-600.0,,
401469304,2023-03-31T23:00Z,2023-03-31,2023,2,IND,OKC,121.0,117.0,False,,BetfairSportsbook,6.0,-111.0,-111.0,243.0,-111.0,-111.0,188.0,-250.0,,
401469305,2023-03-31T23:00Z,2023-03-31,2023,2,PHI,TOR,117.0,110.0,False,,BetfairSportsbook,-4.0,-111.0,-111.0,223.5,-111.0,-111.0,-188.0,145.0,,
401469306,2023-03-31T23:00Z,2023-03-31,2023,2,WSH,ORL,109.0,116.0,False,,BetfairSportsbook,4.5,-111.0,-111.0,224.5,-111.0,-111.0,145.0,-188.0,,
401469307,2023-03-31T23:30Z,2023-03-31,2023,2,BOS,UTAH,122.0,114.0,False,,BetfairSportsbook,-13.5,-111.0,-111.0,233.0,-111.0,-111.0,-1000.0,550.0,,
401469308,2023-03-31T23:30Z,2023-03-31,2023,2,BKN,ATL,124.0,107.0,False,,BetfairSportsbook,1.5,-111.0,-111.0,240.5,-111.0,-111.0,-111.0,-111.0,,
401469309,2023-03-31T23:30Z,2023-03-31,2023,2,CLE,NY,116.0,130.0,False,,BetfairSportsbook,-3.5,-111.0,-111.0,220.0,-111.0,-111.0,-175.0,138.0,,
401469310,2023-04-01T00:00Z,2023-03-31,2023,2,HOU,DET,121.0,115.0,False,,BetfairSportsbook,-6.5,-111.0,-111.0,228.0,-111.0,-111.0,-250.0,188.0,,
401469311,2023-04-01T00:00Z,2023-03-31,2023,2,MEM,LAC,108.0,94.0,False,,BetfairSportsbook,-5.5,-111.0,-111.0,236.5,-111.0,-111.0,-225.0,170.0,,
401469312,2023-04-01T00:00Z,2023-03-31,2023,2,MIN,LAL,111.0,123.0,False,,BetfairSportsbook,2.0,-111.0,-111.0,232.0,-111.0,-111.0,110.0,-138.0,,
401469313,2023-04-01T02:00Z,2023-03-31,2023,2,GS,SA,130.0,115.0,False,,BetfairSportsbook,-17.5,-111.0,-111.0,242.0,-111.0,-111.0,-2500.0,800.0,,
401469314,2023-04-01T02:00Z,2023-03-31,2023,2,POR,SAC,114.0,138.0,False,,BetfairSportsbook,14.5,-111.0,-111.0,230.0,-111.0,-111.0,700.0,-1400.0,,
401469315,2023-04-01T02:30Z,2023-03-31,2023,2,PHX,DEN,100.0,93.0,False,,BetfairSportsbook,-13.5,-111.0,-111.0,223.5,-111.0,-111.0,-1000.0,550.0,,
401469316,2023-04-01T23:30Z,2023-04-01,2023,2,MIA,DAL,129.0,122.0,False,,BetfairSportsbook,2.5,-111.0,-111.0,224.5,-111.0,-111.0,115.0,-150.0,,
401469317,2023-04-02T00:30Z,2023-04-01,2023,2,NO,LAC,122.0,114.0,False,,BetfairSportsbook,-4.0,-111.0,-111.0,227.5,-111.0,-111.0,-200.0,155.0,,
401469318,2023-04-02T17:00Z,2023-04-02,2023,2,CHA,TOR,108.0,128.0,False,,BetfairSportsbook,15.5,-111.0,-111.0,221.0,-111.0,-111.0,700.0,-1400.0,,
401469319,2023-04-02T19:30Z,2023-04-02,2023,2,BKN,UTAH,111.0,110.0,False,,BetfairSportsbook,-7.5,-111.0,-111.0,231.5,-111.0,-111.0,-300.0,225.0,,
401469320,2023-04-02T19:30Z,2023-04-02,2023,2,CHI,MEM,128.0,107.0,False,,BetfairSportsbook,1.0,-111.0,-111.0,228.5,-111.0,-111.0,-111.0,-111.0,,
401469321,2023-04-02T19:30Z,2023-04-02,2023,2,MIN,POR,105.0,107.0,False,,BetfairSportsbook,-19.0,-111.0,-111.0,223.5,-111.0,-111.0,-5000.0,1200.0,,
401469322,2023-04-02T22:00Z,2023-04-02,2023,2,ATL,DAL,132.0,130.0,False,,BetfairSportsbook,-3.0,-111.0,-111.0,246.0,-111.0,-111.0,-167.0,130.0,,
401469323,2023-04-02T22:00Z,2023-04-02,2023,2,NY,WSH,118.0,109.0,False,,BetfairSportsbook,-11.5,-111.0,-111.0,221.5,-111.0,-111.0,-700.0,450.0,,
401469324,2023-04-02T22:00Z,2023-04-02,2023,2,ORL,DET,128.0,102.0,False,,BetfairSportsbook,-11.0,-111.0,-111.0,225.0,-111.0,-111.0,-600.0,400.0,,
401469325,2023-04-02T22:00Z,2023-04-02,2023,2,SAC,SA,134.0,142.0,False,,BetfairSportsbook,-16.0,-111.0,-111.0,243.5,-111.0,-111.0,-1600.0,750.0,,
401469326,2023-04-02T23:00Z,2023-04-02,2023,2,HOU,LAL,109.0,134.0,False,,BetfairSportsbook,12.0,-111.0,-111.0,236.0,-111.0,-111.0,450.0,-700.0,,
401469327,2023-04-02T23:00Z,2023-04-02,2023,2,OKC,PHX,118.0,128.0,False,,BetfairSportsbook,5.0,-111.0,-111.0,237.0,-111.0,-111.0,163.0,-213.0,,
401469328,2023-04-03T00:00Z,2023-04-02,2023,2,CLE,IND,115.0,105.0,False,,BetfairSportsbook,-13.5,-111.0,-111.0,231.0,-111.0,-111.0,-1000.0,500.0,,
401469329,2023-04-03T00:00Z,2023-04-02,2023,2,MIL,PHI,117.0,104.0,False,,BetfairSportsbook,-5.0,-111.0,-111.0,236.0,-111.0,-111.0,-213.0,163.0,,
401469330,2023-04-03T00:30Z,2023-04-02,2023,2,DEN,GS,112.0,110.0,False,,BetfairSportsbook,4.0,-111.0,-111.0,231.5,-111.0,-111.0,145.0,-188.0,,
401469331,2023-04-04T23:00Z,2023-04-04,2023,2,CHA,TOR,100.0,120.0,False,,BetfairSportsbook,15.5,-111.0,-111.0,222.5,-111.0,-111.0,750.0,-1600.0,,
401469332,2023-04-04T23:00Z,2023-04-04,2023,2,DET,MIA,105.0,118.0,False,,BetfairSportsbook,13.5,-111.0,-111.0,218.0,-111.0,-111.0,550.0,-1000.0,,
401469333,2023-04-04T23:00Z,2023-04-04,2023,2,ORL,CLE,113.0,117.0,False,,BetfairSportsbook,4.0,-111.0,-111.0,223.0,-111.0,-111.0,138.0,-175.0,,
401469334,2023-04-04T23:00Z,2023-04-04,2023,2,WSH,MIL,128.0,140.0,False,,BetfairSportsbook,14.0,-111.0,-111.0,230.0,-111.0,-111.0,550.0,-1000.0,,
401469335,2023-04-04T23:30Z,2023-04-04,2023,2,BKN,MIN,102.0,107.0,False,,BetfairSportsbook,3.0,-111.0,-111.0,225.0,-111.0,-111.0,115.0,-150.0,,
401469336,2023-04-05T00:00Z,2023-04-04,2023,2,PHI,BOS,103.0,101.0,False,,BetfairSportsbook,-4.0,-111.0,-111.0,227.0,-111.0,-111.0,-175.0,138.0,,
401469337,2023-04-05T00:00Z,2023-04-04,2023,2,CHI,ATL,105.0,123.0,False,,BetfairSportsbook,-6.0,-111.0,-111.0,227.5,-111.0,-111.0,-250.0,188.0,,
401469338,2023-04-05T00:00Z,2023-04-04,2023,2,HOU,DEN,124.0,103.0,False,,BetfairSportsbook,11.5,-111.0,-111.0,232.5,-111.0,-111.0,400.0,-600.0,,
401469339,2023-04-05T00:00Z,2023-04-04,2023,2,MEM,POR,119.0,109.0,False,,BetfairSportsbook,-18.5,-111.0,-111.0,229.0,-111.0,-111.0,-2500.0,1000.0,,
401469340,2023-04-05T00:00Z,2023-04-04,2023,2,NO,SAC,103.0,121.0,False,,BetfairSportsbook,-4.0,-111.0,-111.0,235.5,-111.0,-111.0,-188.0,145.0,,
401469341,2023-04-05T01:00Z,2023-04-04,2023,2,UTAH,LAL,133.0,135.0,False,,BetfairSportsbook,11.0,-111.0,-111.0,234.5,-111.0,-111.0,400.0,-600.0,,
401469342,2023-04-05T02:00Z,2023-04-04,2023,2,GS,OKC,136.0,125.0,False,,BetfairSportsbook,-7.5,-111.0,-111.0,241.0,-111.0,-111.0,-333.0,240.0,,
401469343,2023-04-05T02:00Z,2023-04-04,2023,2,PHX,SA,115.0,94.0,False,,BetfairSportsbook,-19.0,-111.0,-111.0,235.5,-111.0,-111.0,-2500.0,1000.0,,
401469344,2023-04-05T23:00Z,2023-04-05,2023,2,DET,BKN,108.0,123.0,False,,BetfairSportsbook,11.0,-111.0,-111.0,218.0,-111.0,-111.0,333.0,-500.0,,
401469345,2023-04-05T23:00Z,2023-04-05,2023,2,IND,NY,129.0,138.0,False,,BetfairSportsbook,5.0,-111.0,-111.0,229.5,-111.0,-111.0,163.0,-213.0,,
401469346,2023-04-05T23:30Z,2023-04-05,2023,2,ATL,WSH,134.0,116.0,False,,BetfairSportsbook,-13.0,-111.0,-111.0,236.0,-111.0,-111.0,-800.0,500.0,,
401469347,2023-04-05T23:30Z,2023-04-05,2023,2,BOS,TOR,97.0,93.0,False,,BetfairSportsbook,1.0,-111.0,-111.0,222.5,-111.0,-111.0,-111.0,-111.0,,
401469348,2023-04-05T23:30Z,2023-04-05,2023,2,MIL,CHI,105.0,92.0,False,,BetfairSportsbook,-5.5,-111.0,-111.0,230.0,-111.0,-111.0,-250.0,188.0,,
401469349,2023-04-06T00:00Z,2023-04-05,2023,2,NO,MEM,138.0,131.0,False,,BetfairSportsbook,-6.5,-111.0,-111.0,226.0,-111.0,-111.0,-250.0,188.0,,
401469350,2023-04-06T00:30Z,2023-04-05,2023,2,DAL,SAC,123.0,119.0,False,,BetfairSportsbook,-6.5,-111.0,-111.0,242.5,-111.0,-111.0,-250.0,188.0,,
401469351,2023-04-06T02:00Z,2023-04-05,2023,2,LAC,LAL,125.0,118.0,False,,BetfairSportsbook,1.0,-111.0,-111.0,232.0,-111.0,-111.0,-111.0,-111.0,,
401469352,2023-04-06T23:00Z,2023-04-06,2023,2,ORL,CLE,94.0,118.0,False,,BetfairSportsbook,-5.0,-111.0,-111.0,214.0,-111.0,-111.0,-213.0,163.0,,
401469353,2023-04-06T23:30Z,2023-04-06,2023,2,PHI,MIA,101.0,129.0,False,,BetfairSportsbook,-2.5,-111.0,-111.0,219.5,-111.0,-111.0,-138.0,110.0,,
401469354,2023-04-07T00:00Z,2023-04-06,2023,2,SA,POR,129.0,127.0,False,,BetfairSportsbook,-5.0,-111.0,-111.0,228.0,-111.0,-111.0,-225.0,170.0,,
401469355,2023-04-07T01:00Z,2023-04-06,2023,2,UTAH,OKC,98.0,114.0,False,,BetfairSportsbook,7.0,-111.0,-111.0,239.5,-111.0,-111.0,225.0,-300.0,,
401469356,2023-04-07T02:00Z,2023-04-06,2023,2,PHX,DEN,119.0,115.0,False,,BetfairSportsbook,-13.0,-111.0,-111.0,222.5,-111.0,-111.0,-800.0,500.0,,
401469357,2023-04-07T23:00Z,2023-04-07,2023,2,CHA,HOU,109.0,112.0,False,,BetfairSportsbook,5.5,-111.0,-111.0,230.5,-111.0,-111.0,170.0,-225.0,,
401469358,2023-04-07T23:00Z,2023-04-07,2023,2,IND,DET,115.0,122.0,False,,BetfairSportsbook,-6.5,-111.0,-111.0,233.0,-111.0,-111.0,-250.0,188.0,,
401469359,2023-04-07T23:00Z,2023-04-07,2023,2,WSH,MIA,114.0,108.0,False,,BetfairSportsbook,4.0,-111.0,-111.0,218.0,-111.0,-111.0,145.0,-188.0,,
401469360,2023-04-07T23:30Z,2023-04-07,2023,2,ATL,PHI,131.0,136.0,False,,BetfairSportsbook,-12.0,-111.0,-111.0,236.0,-111.0,-111.0,-800.0,500.0,,
401469361,2023-04-07T23:30Z,2023-04-07,2023,2,BOS,TOR,121.0,102.0,False,,BetfairSportsbook,2.0,-111.0,-111.0,223.0,-111.0,-111.0,105.0,-133.0,,
401469362,2023-04-07T23:30Z,2023-04-07,2023,2,BKN,ORL,101.0,84.0,False,,BetfairSportsbook,-9.5,-111.0,-111.0,221.5,-111.0,-111.0,-500.0,333.0,,
401469363,2023-04-08T00:00Z,2023-04-07,2023,2,MIL,MEM,114.0,137.0,False,,BetfairSportsbook,8.5,-111.0,-111.0,230.0,-111.0,-111.0,250.0,-350.0,,
401469364,2023-04-08T00:00Z,2023-04-07,2023,2,NO,NY,113.0,105.0,False,,BetfairSportsbook,-8.0,-111.0,-111.0,223.5,-111.0,-111.0,-400.0,280.0,,
401469365,2023-04-08T00:30Z,2023-04-07,2023,2,DAL,CHI,112.0,115.0,False,,BetfairSportsbook,-1.5,-111.0,-111.0,216.0,-111.0,-111.0,-125.0,100.0,,
401469366,2023-04-08T02:00Z,2023-04-07,2023,2,SAC,GS,97.0,119.0,False,,BetfairSportsbook,11.0,-111.0,-111.0,233.0,-111.0,-111.0,400.0,-600.0,,
401469367,2023-04-08T02:30Z,2023-04-07,2023,2,LAL,PHX,121.0,107.0,False,,BetfairSportsbook,-13.0,-111.0,-111.0,225.0,-111.0,-111.0,-1000.0,550.0,,
401469368,2023-04-08T19:30Z,2023-04-08,2023,2,UTAH,DEN,118.0,114.0,False,,BetfairSportsbook,10.0,-111.0,-111.0,229.0,-111.0,-111.0,310.0,-450.0,,
401469369,2023-04-08T20:00Z,2023-04-08,2023,2,SA,MIN,131.0,151.0,False,,BetfairSportsbook,15.0,-111.0,-111.0,234.0,-111.0,-111.0,700.0,-1400.0,,
401469370,2023-04-08T20:00Z,2023-04-08,2023,2,LAC,POR,136.0,125.0,False,,BetfairSportsbook,-17.5,-111.0,-111.0,230.0,-111.0,-111.0,-2000.0,800.0,,
401469371,2023-04-09T17:00Z,2023-04-09,2023,2,BOS,ATL,120.0,114.0,False,,BetfairSportsbook,-4.5,-111.0,-111.0,224.5,-111.0,-111.0,-213.0,163.0,,
401469372,2023-04-09T17:00Z,2023-04-09,2023,2,BKN,PHI,105.0,134.0,False,,BetfairSportsbook,-2.0,-111.0,-111.0,219.0,-111.0,-111.0,-138.0,110.0,,
401469373,2023-04-09T17:00Z,2023-04-09,2023,2,CLE,CHA,95.0,106.0,False,,BetfairSportsbook,-6.5,-111.0,-111.0,216.5,-111.0,-111.0,-275.0,210.0,,
401469374,2023-04-09T17:00Z,2023-04-09,2023,2,MIA,ORL,123.0,110.0,False,,BetfairSportsbook,-5.5,-111.0,-111.0,217.5,-111.0,-111.0,-225.0,170.0,,
401469375,2023-04-09T17:00Z,2023-04-09,2023,2,NY,IND,136.0,141.0,False,,BetfairSportsbook,-9.5,-111.0,-111.0,231.5,-111.0,-111.0,-500.0,333.0,,
401469376,2023-04-09T17:00Z,2023-04-09,2023,2,TOR,MIL,121.0,105.0,False,,BetfairSportsbook,-3.5,-111.0,-111.0,221.0,-111.0,-111.0,-167.0,130.0,,
401469377,2023-04-09T17:00Z,2023-04-09,2023,2,WSH,HOU,109.0,114.0,False,,BetfairSportsbook,3.5,-111.0,-111.0,231.0,-111.0,-111.0,145.0,-188.0,,
401469378,2023-04-09T17:00Z,2023-04-09,2023,2,CHI,DET,103.0,81.0,False,,BetfairSportsbook,-8.5,-111.0,-111.0,220.5,-111.0,-111.0,-350.0,250.0,,
401469379,2023-04-09T19:30Z,2023-04-09,2023,2,DAL,SA,117.0,138.0,False,,BetfairSportsbook,-4.0,-111.0,-111.0,232.5,-111.0,-111.0,-163.0,125.0,,
401469380,2023-04-09T19:30Z,2023-04-09,2023,2,MIN,NO,113.0,108.0,False,,BetfairSportsbook,-3.0,-111.0,-111.0,226.0,-111.0,-111.0,-154.0,120.0,,
401469381,2023-04-09T19:30Z,2023-04-09,2023,2,OKC,MEM,115.0,100.0,False,,BetfairSportsbook,-2.0,-111.0,-111.0,229.0,-111.0,-111.0,-133.0,105.0,,
401469382,2023-04-09T19:30Z,2023-04-09,2023,2,DEN,SAC,109.0,95.0,False,,BetfairSportsbook,5.0,-111.0,-111.0,229.5,-111.0,-111.0,170.0,-225.0,,
401469383,2023-04-09T19:30Z,2023-04-09,2023,2,LAL,UTAH,128.0,117.0,False,,BetfairSportsbook,-16.5,-111.0,-111.0,235.0,-111.0,-111.0,-1600.0,750.0,,
401469384,2023-04-09T19:30Z,2023-04-09,2023,2,PHX,LAC,114.0,119.0,False,,BetfairSportsbook,10.0,-111.0,-111.0,225.0,-111.0,-111.0,333.0,-500.0,,
401469385,2023-04-09T19:30Z,2023-04-09,2023,2,POR,GS,101.0,157.0,False,,BetfairSportsbook,17.0,-111.0,-111.0,234.0,-111.0,-111.0,800.0,-2000.0,,
401539671,2023-04-11T23:30Z,2023-04-11,2023,5,MIA,ATL,105.0,116.0,False,NBA Play-In - East - 7th Place vs 8th Place,BetfairSportsbook,-5.0,-111.0,-111.0,227.5,-111.0,-111.0,-225.0,170.0,,
401539672,2023-04-12T02:00Z,2023-04-11,2023,5,LAL,MIN,108.0,102.0,False,NBA Play-In - West - 7th Place vs 8th Place,BetfairSportsbook,-8.0,-111.0,-111.0,233.5,-111.0,-111.0,-450.0,250.0,,
401539673,2023-04-12T23:00Z,2023-04-12,2023,5,TOR,CHI,105.0,109.0,False,NBA Play-In - East - 9th Place vs 10th Place,BetfairSportsbook,-6.0,-111.0,-111.0,212.5,-111.0,-111.0,-250.0,188.0,,
401539674,2023-04-13T01:50Z,2023-04-12,2023,5,NO,OKC,118.0,123.0,False,NBA Play-In - West - 9th Place vs 10th Place,BetfairSportsbook,-5.5,-111.0,-111.0,226.5,-111.0,-111.0,-225.0,170.0,,
401539675,2023-04-14T23:00Z,2023-04-14,2023,5,MIA,CHI,102.0,91.0,False,NBA Play-In - East - 8th Seed Game,BetfairSportsbook,-5.0,-111.0,-111.0,208.5,-111.0,-111.0,-213.0,163.0,,
401539676,2023-04-15T01:50Z,2023-04-14,2023,5,MIN,OKC,120.0,95.0,False,NBA Play-In - West - 8th Seed Game,BetfairSportsbook,-6.0,-111.0,-111.0,228.5,-111.0,-111.0,-250.0,188.0,,
401540750,2023-04-15T17:00Z,2023-04-15,2023,3,PHI,BKN,121.0,101.0,False,East 1st Round - Game 1,BetfairSportsbook,-8.5,-111.0,-111.0,214.0,-111.0,-111.0,-400.0,280.0,,
401540751,2023-04-15T19:30Z,2023-04-15,2023,3,BOS,ATL,112.0,99.0,False,East 1st Round - Game 1,BetfairSportsbook,-10.0,-111.0,-111.0,231.5,-111.0,-111.0,-500.0,333.0,,
401540752,2023-04-15T22:10Z,2023-04-15,2023,3,CLE,NY,97.0,101.0,False,East 1st Round - Game 1,BetfairSportsbook,-5.0,-111.0,-111.0,215.5,-111.0,-111.0,-213.0,163.0,,
401540753,2023-04-16T00:30Z,2023-04-15,2023,3,SAC,GS,126.0,123.0,False,West 1st Round - Game 1,BetfairSportsbook,-1.0,-111.0,-111.0,237.0,-111.0,-111.0,-111.0,-111.0,,
401540756,2023-04-16T19:00Z,2023-04-16,2023,3,MEM,LAL,112.0,128.0,False,West 1st Round - Game 1,BetfairSportsbook,-5.0,-111.0,-111.0,228.5,-111.0,-111.0,-225.0,170.0,,
401540754,2023-04-16T21:30Z,2023-04-16,2023,3,MIL,MIA,117.0,130.0,False,East 1st Round - Game 1,BetfairSportsbook,-9.0,-111.0,-111.0,221.0,-111.0,-111.0,-500.0,333.0,,
401540757,2023-04-17T00:00Z,2023-04-16,2023,3,PHX,LAC,110.0,115.0,False,West 1st Round - Game 1,BetfairSportsbook,-7.5,-111.0,-111.0,225.5,-111.0,-111.0,-333.0,240.0,,
401540755,2023-04-17T02:30Z,2023-04-16,2023,3,DEN,MIN,109.0,80.0,False,West 1st Round - Game 1,BetfairSportsbook,-8.0,-111.0,-111.0,224.5,-111.0,-111.0,-350.0,250.0,,
401541173,2023-04-17T23:30Z,2023-04-17,2023,3,PHI,BKN,96.0,84.0,False,East 1st Round - Game 2,BetfairSportsbook,-10.0,-111.0,-111.0,212.0,-111.0,-111.0,-500.0,333.0,,
401541169,2023-04-18T02:00Z,2023-04-17,2023,3,SAC,GS,114.0,106.0,False,West 1st Round - Game 2,BetfairSportsbook,2.0,-111.0,-111.0,238.5,-111.0,-111.0,115.0,-150.0,,
401541172,2023-04-18T23:00Z,2023-04-18,2023,3,BOS,ATL,119.0,106.0,False,East 1st Round - Game 2,BetfairSportsbook,-10.5,-111.0,-111.0,230.5,-111.0,-111.0,-600.0,400.0,,
401541174,2023-04-18T23:30Z,2023-04-18,2023,3,CLE,NY,107.0,90.0,False,East 1st Round - Game 2,BetfairSportsbook,-5.5,-111.0,-111.0,214.0,-111.0,-111.0,-250.0,188.0,,
401541170,2023-04-19T02:00Z,2023-04-18,2023,3,PHX,LAC,123.0,109.0,False,West 1st Round - Game 2,BetfairSportsbook,-8.0,-111.0,-111.0,227.0,-111.0,-111.0,-400.0,280.0,,
401541168,2023-04-19T23:30Z,2023-04-19,2023,3,MEM,LAL,103.0,93.0,False,West 1st Round - Game 2,BetfairSportsbook,1.5,-111.0,-111.0,223.0,-111.0,-111.0,100.0,-125.0,,
401541171,2023-04-20T01:00Z,2023-04-19,2023,3,MIL,MIA,138.0,122.0,False,East 1st Round - Game 2,BetfairSportsbook,-5.5,-111.0,-111.0,216.5,-111.0,-111.0,-250.0,188.0,,
401541167,2023-04-20T02:00Z,2023-04-19,2023,3,DEN,MIN,122.0,113.0,False,West 1st Round - Game 2,BetfairSportsbook,-8.5,-111.0,-111.0,222.0,-111.0,-111.0,-400.0,280.0,,
401541181,2023-04-20T23:30Z,2023-04-20,2023,3,BKN,PHI,97.0,102.0,False,East 1st Round - Game 3,BetfairSportsbook,5.0,-111.0,-111.0,209.5,-111.0,-111.0,170.0,-225.0,,
401541177,2023-04-21T02:00Z,2023-04-20,2023,3,GS,SAC,114.0,97.0,False,West 1st Round - Game 3,BetfairSportsbook,-6.0,-111.0,-111.0,241.0,-111.0,-111.0,-275.0,210.0,,
401541178,2023-04-21T02:30Z,2023-04-20,2023,3,LAC,PHX,124.0,129.0,False,West 1st Round - Game 3,BetfairSportsbook,7.5,-111.0,-111.0,225.5,-111.0,-111.0,240.0,-333.0,,
401541180,2023-04-21T23:00Z,2023-04-21,2023,3,ATL,BOS,130.0,122.0,False,East 1st Round - Game 3,BetfairSportsbook,5.5,-111.0,-111.0,228.5,-111.0,-111.0,188.0,-250.0,,
401541182,2023-04-22T00:30Z,2023-04-21,2023,3,NY,CLE,99.0,79.0,False,East 1st Round - Game 3,BetfairSportsbook,-1.5,-111.0,-111.0,211.5,-111.0,-111.0,-138.0,110.0,,
401541175,2023-04-22T01:43Z,2023-04-21,2023,3,MIN,DEN,111.0,120.0,False,West 1st Round - Game 3,BetfairSportsbook,1.5,-111.0,-111.0,223.5,-111.0,-111.0,100.0,-125.0,,
401541189,2023-04-22T17:00Z,2023-04-22,2023,3,BKN,PHI,88.0,96.0,False,East 1st Round - Game 4,BetfairSportsbook,2.0,-111.0,-111.0,210.5,-111.0,-111.0,110.0,-138.0,,
401541186,2023-04-22T19:30Z,2023-04-22,2023,3,LAC,PHX,100.0,112.0,False,West 1st Round - Game 4,BetfairSportsbook,8.0,-111.0,-111.0,227.5,-111.0,-111.0,250.0,-350.0,,
401541179,2023-04-22T23:30Z,2023-04-22,2023,3,MIA,MIL,121.0,99.0,False,East 1st Round - Game 3,BetfairSportsbook,2.0,-111.0,-111.0,216.0,-111.0,-111.0,105.0,-133.0,,
401541176,2023-04-23T02:10Z,2023-04-22,2023,3,LAL,MEM,111.0,101.0,False,West 1st Round - Game 3,BetfairSportsbook,-4.0,-111.0,-111.0,222.0,-111.0,-111.0,-188.0,145.0,,
401541190,2023-04-23T17:00Z,2023-04-23,2023,3,NY,CLE,102.0,93.0,False,East 1st Round - Game 4,BetfairSportsbook,-2.0,-111.0,-111.0,203.5,-111.0,-111.0,-138.0,110.0,,
401541185,2023-04-23T19:30Z,2023-04-23,2023,3,GS,SAC,126.0,125.0,False,West 1st Round - Game 4,BetfairSportsbook,-7.0,-111.0,-111.0,236.5,-111.0,-111.0,-300.0,225.0,,
401541188,2023-04-23T23:00Z,2023-04-23,2023,3,ATL,BOS,121.0,129.0,False,East 1st Round - Game 4,BetfairSportsbook,7.5,-111.0,-111.0,231.0,-111.0,-111.0,225.0,-300.0,,
401541183,2023-04-24T01:30Z,2023-04-23,2023,3,MIN,DEN,114.0,108.0,False,West 1st Round - Game 4,BetfairSportsbook,4.5,-111.0,-111.0,222.5,-111.0,-111.0,155.0,-200.0,,
401541187,2023-04-24T23:30Z,2023-04-24,2023,3,MIA,MIL,119.0,114.0,False,East 1st Round - Game 4,BetfairSportsbook,7.5,-111.0,-111.0,217.5,-111.0,-111.0,250.0,-350.0,,
401541184,2023-04-25T02:00Z,2023-04-24,2023,3,LAL,MEM,117.0,111.0,False,West 1st Round - Game 4,BetfairSportsbook,-4.5,-111.0,-111.0,224.5,-111.0,-111.0,-213.0,163.0,,
401541243,2023-04-25T23:30Z,2023-04-25,2023,3,BOS,ATL,117.0,119.0,False,East 1st Round - Game 5,BetfairSportsbook,-13.5,-111.0,-111.0,230.5,-111.0,-111.0,-1000.0,550.0,,
401541196,2023-04-26T01:00Z,2023-04-25,2023,3,DEN,MIN,112.0,109.0,False,West 1st Round - Game 5,BetfairSportsbook,-10.0,-111.0,-111.0,220.5,-111.0,-111.0,-500.0,333.0,,
401541237,2023-04-26T02:00Z,2023-04-25,2023,3,PHX,LAC,136.0,130.0,False,West 1st Round - Game 5,BetfairSportsbook,-12.5,-111.0,-111.0,225.5,-111.0,-111.0,-800.0,500.0,,
401541249,2023-04-26T23:00Z,2023-04-26,2023,3,CLE,NY,95.0,106.0,False,East 1st Round - Game 5,BetfairSportsbook,-5.5,-111.0,-111.0,202.5,-111.0,-111.0,-250.0,188.0,,
401541231,2023-04-26T23:30Z,2023-04-26,2023,3,MEM,LAL,116.0,99.0,False,West 1st Round - Game 5,BetfairSportsbook,-4.5,-111.0,-111.0,222.5,-111.0,-111.0,-213.0,163.0,,
401541240,2023-04-27T01:30Z,2023-04-26,2023,3,MIL,MIA,126.0,128.0,False,East 1st Round - Game 5,BetfairSportsbook,-13.0,-111.0,-111.0,219.5,-111.0,-111.0,-800.0,500.0,,
401541234,2023-04-27T02:00Z,2023-04-26,2023,3,SAC,GS,116.0,123.0,False,West 1st Round - Game 5,BetfairSportsbook,2.0,-111.0,-111.0,233.5,-111.0,-111.0,110.0,-138.0,,
401541244,2023-04-28T00:30Z,2023-04-27,2023,3,ATL,BOS,120.0,128.0,False,East 1st Round - Game 6,BetfairSportsbook,7.0,-111.0,-111.0,230.5,-111.0,-111.0,225.0,-300.0,,
401541235,2023-04-29T00:00Z,2023-04-28,2023,3,GS,SAC,99.0,118.0,False,West 1st Round - Game 6,BetfairSportsbook,-7.0,-111.0,-111.0,236.0,-111.0,-111.0,-275.0,210.0,,
401541232,2023-04-29T02:50Z,2023-04-28,2023,3,LAL,MEM,125.0,85.0,False,West 1st Round - Game 6,BetfairSportsbook,-4.5,-111.0,-111.0,219.5,-111.0,-111.0,-213.0,163.0,,
401544334,2023-04-30T00:30Z,2023-04-29,2023,3,DEN,PHX,125.0,107.0,False,West Semifinals - Game 1,BetfairSportsbook,-4.0,-111.0,-111.0,227.0,-111.0,-111.0,-188.0,145.0,,
401544973,2023-04-30T17:00Z,2023-04-30,2023,3,NY,MIA,101.0,108.0,False,East Semifinals - Game 1,BetfairSportsbook,-4.0,-111.0,-111.0,210.0,-111.0,-111.0,-188.0,145.0,,
401541236,2023-04-30T19:30Z,2023-04-30,2023,3,SAC,GS,100.0,120.0,False,West 1st Round - Game 7,BetfairSportsbook,-1.5,-111.0,-111.0,229.0,-111.0,-111.0,-111.0,-111.0,,
401545111,2023-05-01T23:30Z,2023-05-01,2023,3,BOS,PHI,115.0,119.0,False,East Semifinals - Game 1,BetfairSportsbook,-10.0,-111.0,-111.0,215.0,-111.0,-111.0,-500.0,333.0,,
401544335,2023-05-02T02:00Z,2023-05-01,2023,3,DEN,PHX,97.0,87.0,False,West Semifinals - Game 2,BetfairSportsbook,-4.0,-111.0,-111.0,229.0,-111.0,-111.0,-175.0,138.0,,
401544974,2023-05-02T23:30Z,2023-05-02,2023,3,NY,MIA,111.0,105.0,False,East Semifinals - Game 2,BetfairSportsbook,-10.0,-111.0,-111.0,207.5,-111.0,-111.0,-500.0,333.0,,
401545231,2023-05-03T02:00Z,2023-05-02,2023,3,GS,LAL,112.0,117.0,False,West Semifinals – Game 1,BetfairSportsbook,-4.5,-111.0,-111.0,227.0,-111.0,-111.0,-200.0,155.0,,
401545112,2023-05-04T00:00Z,2023-05-03,2023,3,BOS,PHI,121.0,87.0,False,East Semifinals - Game 2,BetfairSportsbook,-7.5,-111.0,-111.0,215.5,-111.0,-111.0,-333.0,240.0,,
401545232,2023-05-05T01:00Z,2023-05-04,2023,3,GS,LAL,127.0,100.0,False,West Semifinals - Game 2,BetfairSportsbook,-7.0,-111.0,-111.0,226.5,-111.0,-111.0,-275.0,210.0,,
401545113,2023-05-05T23:30Z,2023-05-05,2023,3,PHI,BOS,102.0,114.0,False,East Semifinals - Game 3,BetfairSportsbook,2.5,-111.0,-111.0,214.0,-111.0,-111.0,115.0,-150.0,,
401544336,2023-05-06T02:00Z,2023-05-05,2023,3,PHX,DEN,121.0,114.0,False,West Semifinals - Game 3,BetfairSportsbook,-4.0,-111.0,-111.0,225.0,-111.0,-111.0,-200.0,155.0,,
401544975,2023-05-06T19:30Z,2023-05-06,2023,3,MIA,NY,105.0,86.0,False,East Semifinals - Game 3,BetfairSportsbook,-4.0,-111.0,-111.0,207.0,-111.0,-111.0,-175.0,138.0,,
401545233,2023-05-07T00:30Z,2023-05-06,2023,3,LAL,GS,127.0,97.0,False,West Semifinals - Game 3,BetfairSportsbook,-3.0,-111.0,-111.0,230.0,-111.0,-111.0,-163.0,125.0,,
401545114,2023-05-07T19:30Z,2023-05-07,2023,3,PHI,BOS,116.0,115.0,False,East Semifinals - Game 4,BetfairSportsbook,-1.0,-111.0,-111.0,213.5,-111.0,-111.0,-111.0,-111.0,,
401544337,2023-05-08T00:00Z,2023-05-07,2023,3,PHX,DEN,129.0,124.0,False,West Semifinals - Game 4,BetfairSportsbook,-1.0,-111.0,-111.0,226.0,-111.0,-111.0,-111.0,-111.0,,
401544976,2023-05-08T23:30Z,2023-05-08,2023,3,MIA,NY,109.0,101.0,False,East Semifinals - Game 4,BetfairSportsbook,-4.0,-111.0,-111.0,209.5,-111.0,-111.0,-188.0,145.0,,
401545234,2023-05-09T02:00Z,2023-05-08,2023,3,LAL,GS,104.0,101.0,False,West Semifinals - Game 4,BetfairSportsbook,-2.0,-111.0,-111.0,228.0,-111.0,-111.0,-133.0,105.0,,
401545115,2023-05-09T23:30Z,2023-05-09,2023,3,BOS,PHI,103.0,115.0,False,East Semifinals - Game 5,BetfairSportsbook,-8.0,-111.0,-111.0,213.5,-111.0,-111.0,-350.0,250.0,,
401544338,2023-05-10T02:00Z,2023-05-09,2023,3,DEN,PHX,118.0,102.0,False,West Semifinals - Game 5,BetfairSportsbook,-7.0,-111.0,-111.0,227.5,-111.0,-111.0,-275.0,210.0,,
401544977,2023-05-10T23:30Z,2023-05-10,2023,3,NY,MIA,112.0,103.0,False,East Semifinals - Game 5,BetfairSportsbook,-3.5,-111.0,-111.0,209.0,-111.0,-111.0,-175.0,138.0,,
401545235,2023-05-11T02:00Z,2023-05-10,2023,3,GS,LAL,121.0,106.0,False,West Semifinals - Game 5,BetfairSportsbook,-8.0,-111.0,-111.0,223.0,-111.0,-111.0,-333.0,240.0,,
401545116,2023-05-11T23:30Z,2023-05-11,2023,3,PHI,BOS,86.0,95.0,False,East Semifinals - Game 6,BetfairSportsbook,2.5,-111.0,-111.0,210.5,-111.0,-111.0,110.0,-138.0,,
401544339,2023-05-12T02:00Z,2023-05-11,2023,3,PHX,DEN,100.0,125.0,False,West Semifinals - Game 6,BetfairSportsbook,-1.5,-111.0,-111.0,226.0,-111.0,-111.0,-125.0,100.0,,
401544978,2023-05-12T23:30Z,2023-05-12,2023,3,MIA,NY,96.0,92.0,False,East Semifinals - Game 6,BetfairSportsbook,-6.5,-111.0,-111.0,204.5,-111.0,-111.0,-250.0,188.0,,
401545236,2023-05-13T02:00Z,2023-05-12,2023,3,LAL,GS,122.0,101.0,False,West Semifinals - Game 6,BetfairSportsbook,-3.5,-111.0,-111.0,218.0,-111.0,-111.0,-167.0,130.0,,
401545117,2023-05-14T19:30Z,2023-05-14,2023,3,BOS,PHI,112.0,88.0,False,East Semifinals - Game 7,BetfairSportsbook,-6.0,-111.0,-111.0,201.0,-111.0,-111.0,-250.0,188.0,,
401547679,2023-05-17T00:30Z,2023-05-16,2023,3,DEN,LAL,132.0,126.0,False,West Finals - Game 1,BetfairSportsbook,-6.5,-111.0,-111.0,223.0,-111.0,-111.0,-275.0,210.0,,
401547671,2023-05-18T00:30Z,2023-05-17,2023,3,BOS,MIA,116.0,123.0,False,East Finals - Game 1,BetfairSportsbook,-8.5,-111.0,-111.0,212.0,-111.0,-111.0,-450.0,310.0,,
401547682,2023-05-19T00:30Z,2023-05-18,2023,3,DEN,LAL,108.0,103.0,False,West Finals - Game 2,BetfairSportsbook,-5.5,-111.0,-111.0,225.5,-111.0,-111.0,-225.0,170.0,,
401547672,2023-05-20T00:30Z,2023-05-19,2023,3,BOS,MIA,105.0,111.0,False,East Finals - Game 2,BetfairSportsbook,-9.5,-111.0,-111.0,215.0,-111.0,-111.0,-500.0,333.0,,
401547683,2023-05-21T00:30Z,2023-05-20,2023,3,LAL,DEN,108.0,119.0,False,West Finals - Game 3,BetfairSportsbook,-5.5,-111.0,-111.0,222.5,-111.0,-111.0,-225.0,188.0,,
401547673,2023-05-22T00:30Z,2023-05-21,2023,3,MIA,BOS,128.0,102.0,False,East Finals - Game 3,BetfairSportsbook,4.5,-111.0,-111.0,214.0,-111.0,-111.0,145.0,-188.0,,
401547684,2023-05-23T00:30Z,2023-05-22,2023,3,LAL,DEN,111.0,113.0,False,West Finals - Game 4,BetfairSportsbook,-3.5,-111.0,-111.0,226.0,-111.0,-111.0,-175.0,138.0,,
401547674,2023-05-24T00:30Z,2023-05-23,2023,3,MIA,BOS,99.0,116.0,False,East Finals - Game 4,BetfairSportsbook,-1.5,-111.0,-111.0,216.5,-111.0,-111.0,-111.0,-111.0,,
401547675,2023-05-26T00:30Z,2023-05-25,2023,3,BOS,MIA,110.0,97.0,False,East Finals - Game 5,BetfairSportsbook,-8.5,-111.0,-111.0,214.5,-111.0,-111.0,-350.0,250.0,,
401547676,2023-05-28T00:30Z,2023-05-27,2023,3,MIA,BOS,103.0,104.0,False,East Finals - Game 6,BetfairSportsbook,2.0,-111.0,-111.0,209.0,-111.0,-111.0,100.0,-125.0,,
401547678,2023-05-30T00:30Z,2023-05-29,2023,3,BOS,MIA,84.0,103.0,False,East Finals - Game 7,BetfairSportsbook,-7.5,-111.0,-111.0,204.0,-111.0,-111.0,-300.0,225.0,,
401544846,2023-06-02T00:30Z,2023-06-01,2023,3,DEN,MIA,104.0,93.0,False,NBA Finals - Game 1,BetfairSportsbook,-9.0,-111.0,-111.0,218.5,-111.0,-111.0,-350.0,250.0,,
401544847,2023-06-05T00:00Z,2023-06-04,2023,3,DEN,MIA,108.0,111.0,False,NBA Finals - Game 2,BetfairSportsbook,-8.0,-111.0,-111.0,216.0,-111.0,-111.0,-350.0,250.0,,
401544848,2023-06-08T00:30Z,2023-06-07,2023,3,MIA,DEN,94.0,109.0,False,NBA Finals - Game 3,BetfairSportsbook,3.5,-111.0,-111.0,213.0,-111.0,-111.0,138.0,-167.0,,
401544849,2023-06-10T00:30Z,2023-06-09,2023,3,MIA,DEN,95.0,108.0,False,NBA Finals - Game 4,BetfairSportsbook,3.0,-111.0,-111.0,211.0,-111.0,-111.0,120.0,-154.0,,
401544850,2023-06-13T00:30Z,2023-06-12,2023,3,DEN,MIA,94.0,89.0,False,NBA Finals - Game 5,BetfairSportsbook,-8.0,-111.0,-111.0,209.5,-111.0,-111.0,-350.0,250.0,,
401584689,2023-10-24T23:30Z,2023-10-24,2024,2,DEN,LAL,119.0,107.0,False,,BetfairSportsbook,-5.0,-111.0,-111.0,229.0,-111.0,-111.0,-200.0,155.0,,
401584690,2023-10-25T02:00Z,2023-10-24,2024,2,GS,PHX,104.0,108.0,False,,BetfairSportsbook,-2.5,-111.0,-111.0,235.0,-111.0,-111.0,-154.0,120.0,,
401584691,2023-10-25T23:00Z,2023-10-25,2024,2,CHA,ATL,116.0,110.0,False,,BetfairSportsbook,4.0,-111.0,-111.0,236.0,-111.0,-111.0,155.0,-200.0,,228.5
401584692,2023-10-25T23:00Z,2023-10-25,2024,2,IND,WSH,143.0,120.0,False,,BetfairSportsbook,-5.0,-111.0,-111.0,235.5,-111.0,-111.0,-213.0,163.0,,228.5
401584693,2023-10-25T23:00Z,2023-10-25,2024,2,NY,BOS,104.0,108.0,False,,BetfairSportsbook,4.0,-111.0,-111.0,223.0,-111.0,-111.0,145.0,-188.0,,223.5
401584694,2023-10-25T23:00Z,2023-10-25,2024,2,ORL,HOU,116.0,86.0,False,,BetfairSportsbook,-4.5,-111.0,-111.0,219.5,-111.0,-111.0,-200.0,155.0,,217.5
401584695,2023-10-25T23:30Z,2023-10-25,2024,2,BKN,CLE,113.0,114.0,False,,BetfairSportsbook,1.5,-111.0,-111.0,218.5,-111.0,-111.0,100.0,-125.0,,220.5
401584696,2023-10-25T23:30Z,2023-10-25,2024,2,MIA,DET,103.0,102.0,False,,BetfairSportsbook,-9.5,-111.0,-111.0,218.5,-111.0,-111.0,-500.0,333.0,,216.5
401584697,2023-10-25T23:30Z,2023-10-25,2024,2,TOR,MIN,97.0,94.0,False,,BetfairSportsbook,-1.0,-111.0,-111.0,220.5,-111.0,-111.0,-111.0,-111.0,,215.5
401584698,2023-10-26T00:00Z,2023-10-25,2024,2,CHI,OKC,104.0,124.0,False,,BetfairSportsbook,-2.5,-111.0,-111.0,224.5,-111.0,-111.0,-154.0,120.0,,228.5
401584699,2023-10-26T00:00Z,2023-10-25,2024,2,MEM,NO,104.0,111.0,False,,BetfairSportsbook,-1.0,-111.0,-111.0,224.5,-111.0,-111.0,-111.0,-111.0,,223.5
401584700,2023-10-26T01:00Z,2023-10-25,2024,2,UTAH,SAC,114.0,130.0,False,,BetfairSportsbook,1.5,-111.0,-111.0,234.0,-111.0,-111.0,100.0,-125.0,,232.5
401584701,2023-10-26T01:30Z,2023-10-25,2024,2,SA,DAL,119.0,126.0,False,,BetfairSportsbook,4.5,-111.0,-111.0,231.5,-111.0,-111.0,163.0,-213.0,,226.5
401584702,2023-10-26T02:30Z,2023-10-25,2024,2,LAC,POR,123.0,111.0,False,,BetfairSportsbook,-9.5,-111.0,-111.0,226.0,-111.0,-111.0,-500.0,333.0,-9.5,229.0
401584703,2023-10-26T23:30Z,2023-10-26,2024,2,MIL,PHI,118.0,117.0,False,,BetfairSportsbook,-6.0,-111.0,-111.0,228.0,-111.0,-111.0,-250.0,188.0,,227.5
401584704,2023-10-27T02:00Z,2023-10-26,2024,2,LAL,PHX,100.0,95.0,False,,BetfairSportsbook,-6.5,-111.0,-111.0,226.5,-111.0,-111.0,-250.0,188.0,-2.0,230.0
401584705,2023-10-27T23:00Z,2023-10-27,2024,2,CHA,DET,99.0,111.0,False,,BetfairSportsbook,-4.5,-111.0,-111.0,227.0,-111.0,-111.0,-200.0,155.0,-4.0,227.5
401584706,2023-10-27T23:00Z,2023-10-27,2024,2,MEM,DEN,104.0,108.0,False,,BetfairSportsbook,6.0,-111.0,-111.0,221.5,-111.0,-111.0,188.0,-250.0,3.0,225.0
401584707,2023-10-27T23:30Z,2023-10-27,2024,2,ATL,NY,120.0,126.0,False,,BetfairSportsbook,1.5,-111.0,-111.0,229.0,-111.0,-111.0,100.0,-125.0,-2.0,229.5
401584708,2023-10-27T23:30Z,2023-10-27,2024,2,BOS,MIA,119.0,111.0,False,,BetfairSportsbook,-9.0,-111.0,-111.0,217.5,-111.0,-111.0,-450.0,310.0,-7.5,218.0
401584709,2023-10-27T23:30Z,2023-10-27,2024,2,CLE,OKC,105.0,108.0,False,,BetfairSportsbook,-2.5,-111.0,-111.0,226.0,-111.0,-111.0,-150.0,115.0,-3.5,226.0
401584710,2023-10-28T00:00Z,2023-10-27,2024,2,CHI,TOR,104.0,103.0,False,,BetfairSportsbook,-2.5,-111.0,-111.0,216.0,-111.0,-111.0,-138.0,110.0,-2.0,217.0
401584711,2023-10-28T00:00Z,2023-10-27,2024,2,SA,HOU,126.0,122.0,False,,BetfairSportsbook,-3.5,-111.0,-111.0,224.5,-111.0,-111.0,-167.0,130.0,-1.5,228.5
401584712,2023-10-28T00:30Z,2023-10-27,2024,2,DAL,BKN,125.0,120.0,False,,BetfairSportsbook,-6.0,-111.0,-111.0,230.0,-111.0,-111.0,-250.0,188.0,-6.0,228.0
401584713,2023-10-28T01:30Z,2023-10-27,2024,2,UTAH,LAC,120.0,118.0,False,,BetfairSportsbook,4.5,-111.0,-111.0,227.5,-111.0,-111.0,145.0,-188.0,3.5,230.5
401584714,2023-10-28T02:00Z,2023-10-27,2024,2,POR,ORL,97.0,102.0,False,,BetfairSportsbook,3.5,-111.0,-111.0,220.5,-111.0,-111.0,138.0,-175.0,2.5,223.5
401584715,2023-10-28T02:00Z,2023-10-27,2024,2,SAC,GS,114.0,122.0,False,,BetfairSportsbook,-3.5,-111.0,-111.0,237.5,-111.0,-111.0,-175.0,138.0,,240.5
401584716,2023-10-28T23:00Z,2023-10-28,2024,2,DET,CHI,118.0,102.0,False,,BetfairSportsbook,2.5,-111.0,-111.0,213.5,-111.0,-111.0,115.0,-150.0,2.5,219.5
401584717,2023-10-28T23:00Z,2023-10-28,2024,2,WSH,MEM,113.0,106.0,False,,BetfairSportsbook,1.0,-111.0,-111.0,230.0,-111.0,-111.0,-111.0,-111.0,3.5,227.5
401584718,2023-10-28T23:00Z,2023-10-28,2024,2,NO,NY,96.0,87.0,False,,BetfairSportsbook,-3.0,-111.0,-111.0,223.5,-111.0,-111.0,-154.0,120.0,-4.5,225.5
401584719,2023-10-28T23:30Z,2023-10-28,2024,2,CLE,IND,113.0,125.0,False,,BetfairSportsbook,4.0,-111.0,-111.0,221.0,-111.0,-111.0,145.0,-188.0,-4.0,223.5
401584720,2023-10-28T23:30Z,2023-10-28,2024,2,TOR,PHI,107.0,114.0,False,,BetfairSportsbook,5.0,-111.0,-111.0,214.5,-111.0,-111.0,163.0,-213.0,2.5,216.5
401584721,2023-10-29T00:00Z,2023-10-28,2024,2,MIN,MIA,106.0,90.0,False,,BetfairSportsbook,-8.5,-111.0,-111.0,215.0,-111.0,-111.0,-350.0,250.0,-4.0,218.5
401584722,2023-10-29T02:00Z,2023-10-28,2024,2,PHX,UTAH,126.0,104.0,False,,BetfairSportsbook,-5.5,-111.0,-111.0,223.0,-111.0,-111.0,-225.0,170.0,-6.0,221.5
401584723,2023-10-29T19:30Z,2023-10-29,2024,2,OKC,DEN,95.0,128.0,False,,BetfairSportsbook,4.0,-111.0,-111.0,229.5,-111.0,-111.0,138.0,-175.0,1.5,229.0
401584724,2023-10-29T23:00Z,2023-10-29,2024,2,HOU,GS,95.0,106.0,False,,BetfairSportsbook,7.0,-111.0,-111.0,223.0,-111.0,-111.0,210.0,-275.0,6.0,228.5
401584725,2023-10-29T23:00Z,2023-10-29,2024,2,MIL,ATL,110.0,127.0,False,,BetfairSportsbook,-6.0,-111.0,-111.0,239.5,-111.0,-111.0,-275.0,210.0,-7.5,238.5
401584726,2023-10-29T23:30Z,2023-10-29,2024,2,PHI,POR,126.0,98.0,False,,BetfairSportsbook,-10.0,-111.0,-111.0,217.0,-111.0,-111.0,-500.0,333.0,-10.0,219.5
401584727,2023-10-30T01:00Z,2023-10-29,2024,2,LAC,SA,123.0,83.0,False,,BetfairSportsbook,-9.5,-111.0,-111.0,229.5,-111.0,-111.0,-450.0,310.0,-8.5,229.5
401584728,2023-10-30T01:00Z,2023-10-29,2024,2,SAC,LAL,132.0,127.0,False,,BetfairSportsbook,-2.5,-111.0,-111.0,235.0,-111.0,-111.0,-150.0,115.0,-2.5,233.5
401584729,2023-10-30T23:00Z,2023-10-30,2024,2,CHA,BKN,121.0,133.0,False,,BetfairSportsbook,2.0,-111.0,-111.0,227.5,-111.0,-111.0,105.0,-133.0,-5.5,175.5
401584730,2023-10-30T23:00Z,2023-10-30,2024,2,IND,CHI,105.0,112.0,False,,BetfairSportsbook,-3.0,-111.0,-111.0,230.0,-111.0,-111.0,-154.0,120.0,-3.5,226.5
401584731,2023-10-30T23:00Z,2023-10-30,2024,2,WSH,BOS,107.0,126.0,False,,BetfairSportsbook,10.5,-111.0,-111.0,231.5,-111.0,-111.0,400.0,-600.0,10.0,227.0
401584732,2023-10-30T23:30Z,2023-10-30,2024,2,ATL,MIN,127.0,113.0,False,,BetfairSportsbook,2.0,-111.0,-111.0,228.0,-111.0,-111.0,115.0,-150.0,1.0,234.5
401584733,2023-10-30T23:30Z,2023-10-30,2024,2,TOR,POR,91.0,99.0,False,,BetfairSportsbook,-10.0,-111.0,-111.0,217.0,-111.0,-111.0,-500.0,333.0,-7.5,217.5
401584734,2023-10-31T00:00Z,2023-10-30,2024,2,MEM,DAL,110.0,125.0,False,,BetfairSportsbook,-1.5,-111.0,-111.0,222.0,-111.0,-111.0,-111.0,-111.0,2.5,227.5
401584735,2023-10-31T00:00Z,2023-10-30,2024,2,MIL,MIA,122.0,114.0,False,,BetfairSportsbook,-7.5,-111.0,-111.0,225.5,-111.0,-111.0,-333.0,240.0,-5.5,223.5
401584736,2023-10-31T00:00Z,2023-10-30,2024,2,NO,GS,102.0,130.0,False,,BetfairSportsbook,-2.5,-111.0,-111.0,220.5,-111.0,-111.0,-154.0,120.0,-2.5,233.5
401584737,2023-10-31T00:00Z,2023-10-30,2024,2,OKC,DET,124.0,112.0,False,,BetfairSportsbook,-6.5,-111.0,-111.0,224.5,-111.0,-111.0,-275.0,210.0,-6.0,227.5
401584738,2023-10-31T01:00Z,2023-10-30,2024,2,DEN,UTAH,110.0,102.0,False,,BetfairSportsbook,-9.0,-111.0,-111.0,225.0,-111.0,-111.0,-450.0,310.0,-8.5,231.5
401584739,2023-10-31T02:30Z,2023-10-30,2024,2,LAL,ORL,106.0,103.0,False,,BetfairSportsbook,-3.5,-111.0,-111.0,219.5,-111.0,-111.0,-175.0,138.0,-2.5,220.5
401584740,2023-10-31T23:30Z,2023-10-31,2024,2,CLE,NY,91.0,109.0,False,,BetfairSportsbook,1.5,-111.0,-111.0,214.0,-111.0,-111.0,100.0,-125.0,-1.0,216.0
401584741,2023-11-01T02:00Z,2023-10-31,2024,2,PHX,SA,114.0,115.0,False,,BetfairSportsbook,-6.5,-111.0,-111.0,224.5,-111.0,-111.0,-275.0,210.0,-7.5,230.0
401584742,2023-11-01T02:30Z,2023-10-31,2024,2,LAC,ORL,118.0,102.0,False,,BetfairSportsbook,-6.5,-111.0,-111.0,220.5,-111.0,-111.0,-250.0,188.0,-7.5,220.0
401584743,2023-11-01T23:00Z,2023-11-01,2024,2,DET,POR,101.0,110.0,False,,BetfairSportsbook,-3.5,-111.0,-111.0,216.5,-111.0,-111.0,-167.0,130.0,-4.0,219.0
401584744,2023-11-01T23:00Z,2023-11-01,2024,2,TOR,MIL,130.0,111.0,False,,BetfairSportsbook,4.5,-111.0,-111.0,223.5,-111.0,-111.0,155.0,-200.0,5.0,229.5
401584745,2023-11-01T23:30Z,2023-11-01,2024,2,ATL,WSH,130.0,121.0,False,,BetfairSportsbook,-9.0,-111.0,-111.0,240.5,-111.0,-111.0,-450.0,310.0,-8.0,237.5
401584746,2023-11-01T23:30Z,2023-11-01,2024,2,BOS,IND,155.0,104.0,False,,BetfairSportsbook,-13.5,-111.0,-111.0,233.5,-111.0,-111.0,-1000.0,550.0,-11.5,231.5
401584747,2023-11-01T23:30Z,2023-11-01,2024,2,MIA,BKN,105.0,109.0,False,,BetfairSportsbook,-7.0,-111.0,-111.0,222.5,-111.0,-111.0,-275.0,210.0,-6.5,225.5
401584748,2023-11-01T23:30Z,2023-11-01,2024,2,NY,CLE,89.0,95.0,False,,BetfairSportsbook,-5.5,-111.0,-111.0,210.5,-111.0,-111.0,-250.0,188.0,-6.0,210.5
401584749,2023-11-01T23:30Z,2023-11-01,2024,2,OKC,NO,106.0,110.0,False,,BetfairSportsbook,-3.5,-111.0,-111.0,227.5,-111.0,-111.0,-163.0,125.0,-3.0,225.5
401584750,2023-11-02T00:00Z,2023-11-01,2024,2,HOU,CHA,128.0,119.0,False,,BetfairSportsbook,-3.0,-111.0,-111.0,222.0,-111.0,-111.0,-163.0,125.0,-2.5,224.5
401584751,2023-11-02T00:00Z,2023-11-01,2024,2,MIN,DEN,110.0,89.0,False,,BetfairSportsbook,2.5,-111.0,-111.0,219.5,-111.0,-111.0,110.0,-138.0,1.5,225.5
401584752,2023-11-02T00:30Z,2023-11-01,2024,2,DAL,CHI,114.0,105.0,False,,BetfairSportsbook,-4.0,-111.0,-111.0,220.5,-111.0,-111.0,-175.0,138.0,-5.5,225.5
401584753,2023-11-02T01:00Z,2023-11-01,2024,2,UTAH,MEM,133.0,109.0,False,,BetfairSportsbook,-2.0,-111.0,-111.0,225.5,-111.0,-111.0,-138.0,110.0,-1.0,227.5
401584754,2023-11-02T02:00Z,2023-11-01,2024,2,GS,SAC,102.0,101.0,False,,BetfairSportsbook,-6.5,-111.0,-111.0,227.0,-111.0,-111.0,-250.0,188.0,-7.0,234.5
401584755,2023-11-02T02:00Z,2023-11-01,2024,2,LAL,LAC,130.0,125.0,False,,BetfairSportsbook,-3.0,-111.0,-111.0,227.5,-111.0,-111.0,-163.0,125.0,-2.0,227.5
401584756,2023-11-02T23:00Z,2023-11-02,2024,2,PHI,TOR,114.0,99.0,False,,BetfairSportsbook,-7.5,-111.0,-111.0,214.5,-111.0,-111.0,-300.0,225.0,-8.5,215.5
401584757,2023-11-03T00:00Z,2023-11-02,2024,2,NO,DET,125.0,116.0,False,,BetfairSportsbook,-4.5,-111.0,-111.0,215.5,-111.0,-111.0,-200.0,155.0,-7.5,219.0
401584758,2023-11-03T01:00Z,2023-11-02,2024,2,UTAH,ORL,113.0,115.0,False,,BetfairSportsbook,1.5,-111.0,-111.0,224.5,-111.0,-111.0,100.0,-125.0,-1.5,223.0
401584759,2023-11-03T02:00Z,2023-11-02,2024,2,PHX,SA,121.0,132.0,False,,BetfairSportsbook,-10.5,-111.0,-111.0,229.0,-111.0,-111.0,-500.0,333.0,-7.5,225.5
401584089,2023-11-03T23:00Z,2023-11-03,2024,2,IND,CLE,121.0,116.0,False,NBA In-Season Tournament - Group Play,BetfairSportsbook,2.0,-111.0,-111.0,229.5,-111.0,-111.0,110.0,-138.0,3.0,222.5
401584090,2023-11-03T23:30Z,2023-11-03,2024,2,MIL,NY,110.0,105.0,False,NBA In-Season Tournament - Group Play,BetfairSportsbook,-5.5,-111.0,-111.0,223.5,-111.0,-111.0,-250.0,188.0,-6.5,228.5
401584091,2023-11-04T00:00Z,2023-11-03,2024,2,MIA,WSH,121.0,114.0,False,NBA In-Season Tournament - Group Play,BetfairSportsbook,-8.5,-111.0,-111.0,224.5,-111.0,-111.0,-450.0,310.0,-9.5,225.5
401584092,2023-11-04T00:00Z,2023-11-03,2024,2,CHI,BKN,107.0,109.0,False,NBA In-Season Tournament - Group Play,BetfairSportsbook,-4.0,-111.0,-111.0,221.0,-111.0,-111.0,-188.0,145.0,-4.0,220.0
401584093,2023-11-04T00:00Z,2023-11-03,2024,2,OKC,GS,139.0,141.0,False,NBA In-Season Tournament - Group Play,BetfairSportsbook,6.0,-111.0,-111.0,225.0,-111.0,-111.0,188.0,-250.0,4.5,229.0
401584094,2023-11-04T02:00Z,2023-11-03,2024,2,DEN,DAL,125.0,114.0,False,NBA In-Season Tournament - Group Play,BetfairSportsbook,-6.0,-111.0,-111.0,230.0,-111.0,-111.0,-225.0,170.0,-6.5,227.5
401584095,2023-11-04T02:00Z,2023-11-03,2024,2,POR,MEM,115.0,113.0,False,NBA In-Season Tournament - Group Play,BetfairSportsbook,3.5,-111.0,-111.0,220.0,-111.0,-111.0,138.0,-175.0,1.5,219.5
401584760,2023-11-04T17:00Z,2023-11-04,2024,2,PHI,PHX,112.0,100.0,False,,BetfairSportsbook,-6.5,-111.0,-111.0,220.5,-111.0,-111.0,-275.0,210.0,-4.0,222.0
401584761,2023-11-04T23:00Z,2023-11-04,2024,2,IND,CHA,124.0,125.0,False,,BetfairSportsbook,-5.0,-111.0,-111.0,241.5,-111.0,-111.0,-200.0,155.0,-4.0,236.5
401584762,2023-11-04T23:00Z,2023-11-04,2024,2,ORL,LAL,120.0,101.0,False,,BetfairSportsbook,3.5,-111.0,-111.0,222.5,-111.0,-111.0,130.0,-167.0,3.5,218.0
401584763,2023-11-04T23:00Z,2023-11-04,2024,2,NO,ATL,105.0,123.0,False,,BetfairSportsbook,-2.0,-111.0,-111.0,237.5,-111.0,-111.0,-138.0,110.0,-3.0,230.5
401584764,2023-11-05T00:00Z,2023-11-04,2024,2,BKN,BOS,114.0,124.0,False,,BetfairSportsbook,10.0,-111.0,-111.0,227.0,-111.0,-111.0,333.0,-500.0,9.5,230.0
401584765,2023-11-05T00:00Z,2023-11-04,2024,2,HOU,SAC,107.0,89.0,False,,BetfairSportsbook,2.5,-111.0,-111.0,221.0,-111.0,-111.0,115.0,-150.0,3.0,219.5
401584766,2023-11-05T00:00Z,2023-11-04,2024,2,MIN,UTAH,123.0,95.0,False,,BetfairSportsbook,-7.5,-111.0,-111.0,224.5,-111.0,-111.0,-333.0,240.0,-7.5,226.5
401584767,2023-11-05T01:00Z,2023-11-04,2024,2,DEN,CHI,123.0,101.0,False,,BetfairSportsbook,-9.0,-111.0,-111.0,217.5,-111.0,-111.0,-450.0,310.0,-10.0,216.5
401584768,2023-11-05T20:00Z,2023-11-05,2024,2,DET,PHX,106.0,120.0,False,,BetfairSportsbook,3.5,-111.0,-111.0,219.0,-111.0,-111.0,130.0,-167.0,5.0,223.5
401584769,2023-11-05T20:30Z,2023-11-05,2024,2,SA,TOR,116.0,123.0,False,,BetfairSportsbook,3.5,-111.0,-111.0,222.0,-111.0,-111.0,138.0,-175.0,2.5,223.5
401584770,2023-11-05T23:00Z,2023-11-05,2024,2,CLE,GS,115.0,104.0,False,,BetfairSportsbook,-1.5,-111.0,-111.0,222.5,-111.0,-111.0,-125.0,100.0,-2.0,228.0
401584771,2023-11-06T00:30Z,2023-11-05,2024,2,DAL,CHA,124.0,118.0,False,,BetfairSportsbook,-11.5,-111.0,-111.0,234.5,-111.0,-111.0,-600.0,400.0,-10.5,236.0
401584772,2023-11-06T02:00Z,2023-11-05,2024,2,POR,MEM,100.0,112.0,False,,BetfairSportsbook,3.0,-111.0,-111.0,219.0,-111.0,-111.0,125.0,-163.0,2.5,219.5
401584773,2023-11-07T00:00Z,2023-11-06,2024,2,DET,GS,109.0,120.0,False,,BetfairSportsbook,9.0,-111.0,-111.0,224.5,-111.0,-111.0,310.0,-450.0,6.0,228.5
401584774,2023-11-07T00:00Z,2023-11-06,2024,2,IND,SA,152.0,111.0,False,,BetfairSportsbook,-8.5,-111.0,-111.0,239.0,-111.0,-111.0,-400.0,280.0,-6.5,238.5
401584775,2023-11-07T00:00Z,2023-11-06,2024,2,ORL,DAL,102.0,117.0,False,,BetfairSportsbook,1.5,-111.0,-111.0,229.5,-111.0,-111.0,-111.0,-111.0,1.0,224.5
401584776,2023-11-07T00:00Z,2023-11-06,2024,2,PHI,WSH,146.0,128.0,False,,BetfairSportsbook,-11.0,-111.0,-111.0,229.0,-111.0,-111.0,-600.0,400.0,-11.0,227.0
401584777,2023-11-07T00:30Z,2023-11-06,2024,2,BKN,MIL,125.0,129.0,False,,BetfairSportsbook,5.0,-111.0,-111.0,233.5,-111.0,-111.0,163.0,-213.0,5.0,229.5
401584778,2023-11-07T00:30Z,2023-11-06,2024,2,MIA,LAL,108.0,107.0,False,,BetfairSportsbook,-1.5,-111.0,-111.0,222.5,-111.0,-111.0,-111.0,-111.0,-1.5,222.5
401584779,2023-11-07T00:30Z,2023-11-06,2024,2,NY,LAC,111.0,97.0,False,,BetfairSportsbook,-1.5,-111.0,-111.0,223.5,-111.0,-111.0,-125.0,100.0,1.5,226.5
401584780,2023-11-07T01:00Z,2023-11-06,2024,2,CHI,UTAH,130.0,113.0,False,,BetfairSportsbook,-4.0,-111.0,-111.0,223.0,-111.0,-111.0,-188.0,145.0,-4.5,223.5
401584781,2023-11-07T01:00Z,2023-11-06,2024,2,HOU,SAC,122.0,97.0,False,,BetfairSportsbook,2.0,-111.0,-111.0,217.5,-111.0,-111.0,110.0,-138.0,-1.5,218.5
401584782,2023-11-07T01:00Z,2023-11-06,2024,2,MIN,BOS,114.0,109.0,False,,BetfairSportsbook,3.5,-111.0,-111.0,222.5,-111.0,-111.0,130.0,-167.0,4.0,226.5
401584783,2023-11-07T01:00Z,2023-11-06,2024,2,OKC,ATL,126.0,117.0,False,,BetfairSportsbook,-1.0,-111.0,-111.0,243.0,-111.0,-111.0,-111.0,-111.0,1.0,236.5
401584784,2023-11-07T02:00Z,2023-11-06,2024,2,DEN,NO,134.0,116.0,False,,BetfairSportsbook,-6.0,-111.0,-111.0,222.0,-111.0,-111.0,-250.0,188.0,-6.0,223.5
401584785,2023-11-09T00:00Z,2023-11-08,2024,2,CHA,WSH,116.0,132.0,False,,BetfairSportsbook,-2.0,-111.0,-111.0,238.5,-111.0,-111.0,-138.0,110.0,-4.0,240.0
401584786,2023-11-09T00:00Z,2023-11-08,2024,2,IND,UTAH,134.0,118.0,False,,BetfairSportsbook,-6.0,-111.0,-111.0,242.5,-111.0,-111.0,-250.0,188.0,-5.0,240.5
401584787,2023-11-09T00:00Z,2023-11-08,2024,2,PHI,BOS,106.0,103.0,False,,BetfairSportsbook,2.5,-111.0,-111.0,229.0,-111.0,-111.0,115.0,-150.0,1.0,228.0
401584788,2023-11-09T00:30Z,2023-11-08,2024,2,BKN,LAC,100.0,93.0,False,,BetfairSportsbook,5.5,-111.0,-111.0,231.5,-111.0,-111.0,170.0,-225.0,4.5,226.5
401584789,2023-11-09T00:30Z,2023-11-08,2024,2,NY,SA,126.0,105.0,False,,BetfairSportsbook,-9.0,-111.0,-111.0,224.5,-111.0,-111.0,-450.0,310.0,-9.5,224.0
401584790,2023-11-09T01:00Z,2023-11-08,2024,2,CHI,PHX,115.0,116.0,False,,BetfairSportsbook,1.0,-111.0,-111.0,218.0,-111.0,-111.0,-111.0,-111.0,-1.5,223.5
401584791,2023-11-09T01:00Z,2023-11-08,2024,2,HOU,LAL,128.0,94.0,False,,BetfairSportsbook,2.0,-111.0,-111.0,223.5,-111.0,-111.0,105.0,-133.0,4.5,221.5
401584792,2023-11-09T01:00Z,2023-11-08,2024,2,MEM,MIA,102.0,108.0,False,,BetfairSportsbook,2.0,-111.0,-111.0,217.0,-111.0,-111.0,105.0,-133.0,-1.5,223.5
401584793,2023-11-09T01:00Z,2023-11-08,2024,2,MIL,DET,120.0,118.0,False,,BetfairSportsbook,-12.0,-111.0,-111.0,227.0,-111.0,-111.0,-700.0,450.0,-12.5,229.0
401584794,2023-11-09T01:00Z,2023-11-08,2024,2,MIN,NO,122.0,101.0,False,,BetfairSportsbook,-9.5,-111.0,-111.0,216.0,-111.0,-111.0,-450.0,310.0,-6.5,223.5
401584795,2023-11-09T01:00Z,2023-11-08,2024,2,OKC,CLE,128.0,120.0,False,,BetfairSportsbook,2.0,-111.0,-111.0,227.5,-111.0,-111.0,105.0,-133.0,1.0,235.0
401584796,2023-11-09T01:30Z,2023-11-08,2024,2,DAL,TOR,116.0,127.0,False,,BetfairSportsbook,-4.0,-111.0,-111.0,225.5,-111.0,-111.0,-188.0,145.0,-6.0,221.5
401584797,2023-11-09T03:00Z,2023-11-08,2024,2,DEN,GS,108.0,105.0,False,,BetfairSportsbook,-4.5,-111.0,-111.0,228.0,-111.0,-111.0,-200.0,155.0,-5.0,228.5
401584798,2023-11-09T03:00Z,2023-11-08,2024,2,SAC,POR,121.0,118.0,False,,BetfairSportsbook,-7.5,-111.0,-111.0,221.5,-111.0,-111.0,-350.0,250.0,-8.0,223.5
401584799,2023-11-10T00:00Z,2023-11-09,2024,2,IND,MIL,126.0,124.0,False,,BetfairSportsbook,1.0,-111.0,-111.0,239.5,-111.0,-111.0,-111.0,-111.0,4.0,242.0
401584800,2023-11-10T02:30Z,2023-11-09,2024,2,ORL,ATL,119.0,120.0,True,NBA Mexico City Game,BetfairSportsbook,3.5,-111.0,-111.0,232.5,-111.0,-111.0,130.0,-167.0,2.5,231.5
401584096,2023-11-11T00:00Z,2023-11-10,2024,2,DET,PHI,106.0,114.0,False,NBA In-Season Tournament - Group Play,BetfairSportsbook,9.0,-111.0,-111.0,224.0,-111.0,-111.0,280.0,-400.0,7.5,222.5
401584097,2023-11-11T00:00Z,2023-11-10,2024,2,WSH,CHA,117.0,124.0,False,NBA In-Season Tournament - Group Play,BetfairSportsbook,-3.0,-111.0,-111.0,240.0,-111.0,-111.0,-163.0,125.0,-2.5,241.0
401584098,2023-11-11T00:30Z,2023-11-10,2024,2,BOS,BKN,121.0,107.0,False,NBA In-Season Tournament - Group Play,BetfairSportsbook,-11.5,-111.0,-111.0,229.5,-111.0,-111.0,-700.0,450.0,-11.0,223.5
401584099,2023-11-11T01:00Z,2023-11-10,2024,2,HOU,NO,104.0,101.0,False,NBA In-Season Tournament - Group Play,BetfairSportsbook,-3.0,-111.0,-111.0,220.0,-111.0,-111.0,-163.0,125.0,1.0,220.0
401584100,2023-11-11T01:00Z,2023-11-10,2024,2,MEM,UTAH,121.0,127.0,False,NBA In-Season Tournament - Group Play,BetfairSportsbook,-5.0,-111.0,-111.0,230.5,-111.0,-111.0,-213.0,163.0,-5.5,229.5
401584101,2023-11-11T01:00Z,2023-11-10,2024,2,SA,MIN,110.0,117.0,False,NBA In-Season Tournament - Group Play,BetfairSportsbook,7.5,-111.0,-111.0,225.0,-111.0,-111.0,225.0,-300.0,6.0,226.5
401584102,2023-11-11T01:30Z,2023-11-10,2024,2,DAL,LAC,144.0,126.0,False,NBA In-Season Tournament - Group Play,BetfairSportsbook,-1.5,-111.0,-111.0,236.0,-111.0,-111.0,-125.0,100.0,-2.5,232.0
401584103,2023-11-11T03:00Z,2023-11-10,2024,2,PHX,LAL,119.0,122.0,False,NBA In-Season Tournament - Group Play,BetfairSportsbook,-2.0,-111.0,-111.0,224.5,-111.0,-111.0,-133.0,105.0,-4.0,222.5
401584104,2023-11-11T03:00Z,2023-11-10,2024,2,SAC,OKC,105.0,98.0,False,NBA In-Season Tournament - Group Play,BetfairSportsbook,1.5,-111.0,-111.0,232.0,-111.0,-111.0,100.0,-125.0,-1.5,225.5
401584801,2023-11-11T23:00Z,2023-11-11,2024,2,ORL,MIL,112.0,97.0,False,,BetfairSportsbook,2.0,-111.0,-111.0,226.5,-111.0,-111.0,110.0,-138.0,3.0,232.0
401584802,2023-11-12T00:00Z,2023-11-11,2024,2,BOS,TOR,117.0,94.0,False,,BetfairSportsbook,-9.0,-111.0,-111.0,222.5,-111.0,-111.0,-450.0,310.0,-8.5,221.0
401584803,2023-11-12T00:30Z,2023-11-11,2024,2,ATL,MIA,109.0,117.0,False,,BetfairSportsbook,-7.5,-111.0,-111.0,227.5,-111.0,-111.0,-333.0,240.0,-4.0,228.0
401584804,2023-11-12T01:30Z,2023-11-11,2024,2,GS,CLE,110.0,118.0,False,,BetfairSportsbook,-4.5,-111.0,-111.0,224.0,-111.0,-111.0,-188.0,145.0,-4.5,222.5
401584805,2023-11-12T17:00Z,2023-11-12,2024,2,NY,CHA,129.0,107.0,False,,BetfairSportsbook,-10.5,-111.0,-111.0,224.0,-111.0,-111.0,-600.0,400.0,-9.0,224.0
401584806,2023-11-12T20:00Z,2023-11-12,2024,2,BKN,WSH,102.0,94.0,False,,BetfairSportsbook,-7.0,-111.0,-111.0,234.0,-111.0,-111.0,-275.0,210.0,-6.5,233.5
401584807,2023-11-12T20:30Z,2023-11-12,2024,2,LAC,MEM,101.0,105.0,False,,BetfairSportsbook,-8.0,-111.0,-111.0,224.5,-111.0,-111.0,-350.0,250.0,-8.0,228.5
401584808,2023-11-12T23:00Z,2023-11-12,2024,2,PHI,IND,137.0,126.0,False,,BetfairSportsbook,-7.0,-111.0,-111.0,237.0,-111.0,-111.0,-275.0,210.0,-8.0,236.5
401584809,2023-11-13T00:00Z,2023-11-12,2024,2,CHI,DET,119.0,108.0,False,,BetfairSportsbook,-6.5,-111.0,-111.0,221.0,-111.0,-111.0,-250.0,188.0,-7.5,219.0
401584810,2023-11-13T00:00Z,2023-11-12,2024,2,HOU,DEN,107.0,104.0,False,,BetfairSportsbook,4.5,-111.0,-111.0,216.5,-111.0,-111.0,155.0,-200.0,4.5,216.5
401584811,2023-11-13T00:00Z,2023-11-12,2024,2,NO,DAL,124.0,136.0,False,,BetfairSportsbook,3.5,-111.0,-111.0,237.0,-111.0,-111.0,138.0,-175.0,-2.0,232.0
401584812,2023-11-13T00:00Z,2023-11-12,2024,2,SA,MIA,113.0,118.0,False,,BetfairSportsbook,2.0,-111.0,-111.0,221.5,-111.0,-111.0,105.0,-133.0,1.5,225.5
401584813,2023-11-13T01:00Z,2023-11-12,2024,2,PHX,OKC,99.0,111.0,False,,BetfairSportsbook,-3.5,-111.0,-111.0,231.5,-111.0,-111.0,-175.0,138.0,-2.5,235.0
401584814,2023-11-13T01:30Z,2023-11-12,2024,2,GS,MIN,110.0,116.0,False,,BetfairSportsbook,-3.0,-111.0,-111.0,222.0,-111.0,-111.0,-154.0,120.0,-1.0,223.5
401584815,2023-11-13T03:00Z,2023-11-12,2024,2,LAL,POR,116.0,110.0,False,,BetfairSportsbook,-8.5,-111.0,-111.0,221.5,-111.0,-111.0,-400.0,280.0,-10.5,219.5
401584816,2023-11-14T00:30Z,2023-11-13,2024,2,BOS,NY,114.0,98.0,False,,BetfairSportsbook,-10.0,-111.0,-111.0,219.5,-111.0,-111.0,-500.0,333.0,-8.5,223.0
401584817,2023-11-14T00:30Z,2023-11-13,2024,2,TOR,WSH,111.0,107.0,False,,BetfairSportsbook,-8.0,-111.0,-111.0,230.5,-111.0,-111.0,-350.0,250.0,-8.5,225.5
401584818,2023-11-14T01:00Z,2023-11-13,2024,2,MIL,CHI,118.0,109.0,False,,BetfairSportsbook,-9.5,-111.0,-111.0,231.5,-111.0,-111.0,-500.0,333.0,-7.0,229.0
401584819,2023-11-14T03:00Z,2023-11-13,2024,2,SAC,CLE,132.0,120.0,False,,BetfairSportsbook,-1.0,-111.0,-111.0,229.0,-111.0,-111.0,-111.0,-111.0,-1.0,225.5
401584105,2023-11-15T00:00Z,2023-11-14,2024,2,CHA,MIA,105.0,111.0,False,NBA In-Season Tournament - Group Play,BetfairSportsbook,6.5,-111.0,-111.0,221.5,-111.0,-111.0,188.0,-250.0,3.5,225.5
401584106,2023-11-15T00:00Z,2023-11-14,2024,2,DET,ATL,120.0,126.0,False,NBA In-Season Tournament - Group Play,BetfairSportsbook,4.5,-111.0,-111.0,225.0,-111.0,-111.0,155.0,-200.0,4.0,233.0
401584107,2023-11-15T00:00Z,2023-11-14,2024,2,PHI,IND,126.0,132.0,False,NBA In-Season Tournament - Group Play,BetfairSportsbook,-6.5,-111.0,-111.0,240.5,-111.0,-111.0,-275.0,188.0,-5.5,240.5
401584108,2023-11-15T00:30Z,2023-11-14,2024,2,BKN,ORL,124.0,104.0,False,NBA In-Season Tournament - Group Play,BetfairSportsbook,-2.5,-111.0,-111.0,218.0,-111.0,-111.0,-150.0,115.0,-2.0,219.0
401584109,2023-11-15T00:30Z,2023-11-14,2024,2,OKC,SA,123.0,87.0,False,NBA In-Season Tournament - Group Play,BetfairSportsbook,-10.0,-111.0,-111.0,238.0,-111.0,-111.0,-500.0,333.0,-9.0,237.0
401584110,2023-11-15T01:00Z,2023-11-14,2024,2,NO,DAL,131.0,110.0,False,NBA In-Season Tournament - Group Play,BetfairSportsbook,3.5,-111.0,-111.0,239.5,-111.0,-111.0,130.0,-167.0,4.0,240.0
401584111,2023-11-15T02:00Z,2023-11-14,2024,2,UTAH,POR,115.0,99.0,False,NBA In-Season Tournament - Group Play,BetfairSportsbook,-7.0,-111.0,-111.0,230.5,-111.0,-111.0,-275.0,210.0,-6.5,229.0
401584112,2023-11-15T03:00Z,2023-11-14,2024,2,DEN,LAC,111.0,108.0,False,NBA In-Season Tournament - Group Play,BetfairSportsbook,-4.5,-111.0,-111.0,226.0,-111.0,-111.0,-188.0,145.0,-5.5,222.5
401584113,2023-11-15T03:00Z,2023-11-14,2024,2,GS,MIN,101.0,104.0,False,NBA In-Season Tournament - Group Play,BetfairSportsbook,3.5,-111.0,-111.0,216.5,-111.0,-111.0,130.0,-167.0,-2.0,221.5
401584114,2023-11-15T03:30Z,2023-11-14,2024,2,LAL,MEM,134.0,107.0,False,NBA In-Season Tournament - Group Play,BetfairSportsbook,-6.5,-111.0,-111.0,225.5,-111.0,-111.0,-275.0,210.0,-5.0,226.5
401584820,2023-11-16T00:00Z,2023-11-15,2024,2,WSH,DAL,117.0,130.0,False,,BetfairSportsbook,4.0,-120.0,-120.0,243.5,-111.0,-111.0,145.0,-188.0,5.5,242.5
401584821,2023-11-16T00:30Z,2023-11-15,2024,2,ATL,NY,114.0,116.0,False,,BetfairSportsbook,-1.5,-120.0,-120.0,229.5,-111.0,-111.0,-125.0,100.0,-1.5,231.0
401584822,2023-11-16T00:30Z,2023-11-15,2024,2,PHI,BOS,107.0,117.0,False,,BetfairSportsbook,1.0,-120.0,-120.0,224.0,-111.0,-111.0,-111.0,-111.0,-2.0,224.0
401584823,2023-11-16T00:30Z,2023-11-15,2024,2,TOR,MIL,112.0,128.0,False,,BetfairSportsbook,1.0,-120.0,-120.0,225.0,-111.0,-111.0,-111.0,-111.0,3.0,225.5
401584824,2023-11-16T01:00Z,2023-11-15,2024,2,CHI,ORL,94.0,96.0,False,,BetfairSportsbook,-2.0,-120.0,-120.0,215.5,-111.0,-111.0,-138.0,110.0,-2.5,216.0
401584825,2023-11-16T02:00Z,2023-11-15,2024,2,PHX,MIN,133.0,115.0,False,,BetfairSportsbook,-4.0,-120.0,-120.0,222.5,-111.0,-111.0,-200.0,155.0,-6.0,230.0
401584826,2023-11-16T03:00Z,2023-11-15,2024,2,LAL,SAC,110.0,125.0,False,,BetfairSportsbook,-1.0,-120.0,-120.0,237.0,-111.0,-111.0,-111.0,-111.0,-2.5,232.5
401584827,2023-11-16T03:00Z,2023-11-15,2024,2,POR,CLE,95.0,109.0,False,,BetfairSportsbook,9.5,-120.0,-120.0,217.5,-111.0,-111.0,310.0,-450.0,9.5,225.0
401584828,2023-11-17T00:30Z,2023-11-16,2024,2,MIA,BKN,122.0,115.0,False,,BetfairSportsbook,-3.5,-120.0,-120.0,214.5,-111.0,-111.0,-175.0,138.0,-3.0,220.5
401584829,2023-11-17T03:00Z,2023-11-16,2024,2,GS,OKC,109.0,128.0,False,,BetfairSportsbook,3.0,-120.0,-120.0,225.5,-111.0,-111.0,130.0,-167.0,2.0,225.5
401584115,2023-11-18T00:00Z,2023-11-17,2024,2,CHA,MIL,99.0,130.0,False,NBA In-Season Tournament - Group Play,BetfairSportsbook,8.0,-120.0,-120.0,243.0,-111.0,-111.0,280.0,-400.0,6.0,234.0
401584116,2023-11-18T00:00Z,2023-11-17,2024,2,WSH,NY,99.0,120.0,False,NBA In-Season Tournament - Group Play,BetfairSportsbook,7.0,-120.0,-120.0,225.5,-111.0,-111.0,210.0,-275.0,6.5,227.5
401584117,2023-11-18T00:30Z,2023-11-17,2024,2,ATL,PHI,116.0,126.0,False,NBA In-Season Tournament - Group Play,BetfairSportsbook,1.5,-120.0,-120.0,236.5,-111.0,-111.0,100.0,-125.0,1.0,234.5
401584118,2023-11-18T00:30Z,2023-11-17,2024,2,CLE,DET,108.0,100.0,False,NBA In-Season Tournament - Group Play,BetfairSportsbook,-9.0,-120.0,-120.0,217.5,-111.0,-111.0,-450.0,310.0,-10.0,224.5
401584119,2023-11-18T00:30Z,2023-11-17,2024,2,TOR,BOS,105.0,108.0,False,NBA In-Season Tournament - Group Play,BetfairSportsbook,9.0,-120.0,-120.0,224.0,-111.0,-111.0,280.0,-400.0,4.5,216.0
401584120,2023-11-18T00:30Z,2023-11-17,2024,2,SA,SAC,120.0,129.0,False,NBA In-Season Tournament - Group Play,BetfairSportsbook,8.5,-120.0,-120.0,238.5,-111.0,-111.0,280.0,-400.0,6.0,233.5
401584121,2023-11-18T01:00Z,2023-11-17,2024,2,CHI,ORL,97.0,103.0,False,NBA In-Season Tournament - Group Play,BetfairSportsbook,-3.5,-120.0,-120.0,215.5,-111.0,-111.0,-175.0,138.0,-2.0,218.0
401584122,2023-11-18T01:00Z,2023-11-17,2024,2,NO,DEN,115.0,110.0,False,NBA In-Season Tournament - Group Play,BetfairSportsbook,4.5,-120.0,-120.0,226.0,-111.0,-111.0,155.0,-200.0,3.5,223.5
401584123,2023-11-18T03:00Z,2023-11-17,2024,2,UTAH,PHX,128.0,131.0,False,NBA In-Season Tournament - Group Play,BetfairSportsbook,5.0,-120.0,-120.0,238.0,-111.0,-111.0,163.0,-213.0,5.0,235.5
401584124,2023-11-18T03:00Z,2023-11-17,2024,2,POR,LAL,95.0,107.0,False,NBA In-Season Tournament - Group Play,BetfairSportsbook,9.5,-120.0,-120.0,227.0,-111.0,-111.0,310.0,-450.0,7.5,222.5
401584125,2023-11-18T03:30Z,2023-11-17,2024,2,LAC,HOU,106.0,100.0,False,NBA In-Season Tournament - Group Play,BetfairSportsbook,-7.5,-120.0,-120.0,217.5,-111.0,-111.0,-300.0,225.0,-6.0,217.5
401584830,2023-11-18T23:00Z,2023-11-18,2024,2,CHA,NY,108.0,122.0,False,,BetfairSportsbook,6.5,-120.0,-120.0,223.5,-111.0,-111.0,210.0,-275.0,6.0,226.5
401584831,2023-11-19T00:00Z,2023-11-18,2024,2,NO,MIN,120.0,121.0,False,,BetfairSportsbook,7.5,-120.0,-120.0,221.0,-111.0,-111.0,225.0,-300.0,5.0,220.5
401584832,2023-11-19T01:00Z,2023-11-18,2024,2,CHI,MIA,102.0,97.0,False,,BetfairSportsbook,2.0,-120.0,-120.0,212.0,-111.0,-111.0,110.0,-138.0,3.0,213.5
401584833,2023-11-19T01:00Z,2023-11-18,2024,2,MIL,DAL,132.0,125.0,False,,BetfairSportsbook,-2.0,-120.0,-120.0,247.0,-111.0,-111.0,-133.0,105.0,-2.0,238.5
401584834,2023-11-19T01:00Z,2023-11-18,2024,2,SA,MEM,108.0,120.0,False,,BetfairSportsbook,3.0,-120.0,-120.0,226.0,-111.0,-111.0,130.0,-167.0,3.0,223.0
401584835,2023-11-19T01:30Z,2023-11-18,2024,2,GS,OKC,123.0,130.0,False,,BetfairSportsbook,-2.0,-120.0,-120.0,235.5,-111.0,-111.0,-133.0,105.0,2.0,230.5
401584836,2023-11-19T20:00Z,2023-11-19,2024,2,BKN,PHI,99.0,121.0,False,,BetfairSportsbook,3.5,-120.0,-120.0,224.0,-111.0,-111.0,138.0,-175.0,9.5,236.5
401584839,2023-11-19T21:00Z,2023-11-19,2024,2,TOR,DET,142.0,113.0,False,,BetfairSportsbook,-9.5,-120.0,-120.0,219.0,-111.0,-111.0,-450.0,310.0,-5.5,217.0
401584837,2023-11-19T22:00Z,2023-11-19,2024,2,IND,ORL,116.0,128.0,False,,BetfairSportsbook,-4.5,-120.0,-120.0,236.0,-111.0,-111.0,-200.0,155.0,-4.0,229.5
401584838,2023-11-19T23:00Z,2023-11-19,2024,2,CLE,DEN,121.0,109.0,False,,BetfairSportsbook,4.5,-120.0,-120.0,215.0,-111.0,-111.0,155.0,-200.0,2.0,216.5
401584840,2023-11-20T00:30Z,2023-11-19,2024,2,DAL,SAC,113.0,129.0,False,,BetfairSportsbook,-2.0,-120.0,-120.0,247.5,-111.0,-111.0,-125.0,100.0,-1.0,245.5
401584841,2023-11-20T01:00Z,2023-11-19,2024,2,MEM,BOS,100.0,102.0,False,,BetfairSportsbook,12.0,-120.0,-120.0,221.5,-111.0,-111.0,450.0,-700.0,6.5,222.5
401584842,2023-11-20T01:00Z,2023-11-19,2024,2,UTAH,PHX,137.0,140.0,False,,BetfairSportsbook,5.0,-120.0,-120.0,239.0,-111.0,-111.0,155.0,-200.0,4.5,237.5
401584843,2023-11-20T02:00Z,2023-11-19,2024,2,POR,OKC,91.0,134.0,False,,BetfairSportsbook,7.0,-120.0,-120.0,223.5,-111.0,-111.0,210.0,-275.0,7.5,226.0
401584844,2023-11-20T02:30Z,2023-11-19,2024,2,LAL,HOU,105.0,104.0,False,,BetfairSportsbook,-6.5,-120.0,-120.0,221.5,-111.0,-111.0,-250.0,188.0,-6.0,219.5
401584845,2023-11-21T00:00Z,2023-11-20,2024,2,CHA,BOS,121.0,118.0,False,,BetfairSportsbook,8.5,-120.0,-120.0,234.0,-111.0,-111.0,280.0,-400.0,10.0,232.5
401584846,2023-11-21T00:00Z,2023-11-20,2024,2,DET,DEN,103.0,107.0,False,,BetfairSportsbook,9.5,-120.0,-120.0,225.5,-111.0,-111.0,333.0,-500.0,8.0,219.5
401584847,2023-11-21T00:00Z,2023-11-20,2024,2,WSH,MIL,129.0,142.0,False,,BetfairSportsbook,10.0,-120.0,-120.0,246.0,-111.0,-111.0,333.0,-500.0,8.5,241.0
401584848,2023-11-21T01:00Z,2023-11-20,2024,2,CHI,MIA,100.0,118.0,False,,BetfairSportsbook,1.5,-120.0,-120.0,209.5,-111.0,-111.0,100.0,-125.0,1.5,211.0
401584849,2023-11-21T01:00Z,2023-11-20,2024,2,MIN,NY,117.0,100.0,False,,BetfairSportsbook,-2.5,-120.0,-120.0,214.5,-111.0,-111.0,-150.0,115.0,-3.0,216.0
401584850,2023-11-21T01:00Z,2023-11-20,2024,2,NO,SAC,129.0,93.0,False,,BetfairSportsbook,1.5,-120.0,-120.0,237.0,-111.0,-111.0,100.0,-125.0,1.0,237.0
401584851,2023-11-21T01:00Z,2023-11-20,2024,2,SA,LAC,99.0,124.0,False,,BetfairSportsbook,8.5,-120.0,-120.0,230.5,-111.0,-111.0,310.0,-450.0,7.0,228.5
401584852,2023-11-21T03:00Z,2023-11-20,2024,2,GS,HOU,121.0,116.0,False,,BetfairSportsbook,-7.0,-120.0,-120.0,220.0,-111.0,-111.0,-300.0,225.0,-7.5,221.0
401584126,2023-11-22T00:00Z,2023-11-21,2024,2,ORL,TOR,126.0,107.0,False,NBA In-Season Tournament - Group Play,BetfairSportsbook,-1.5,-120.0,-120.0,216.0,-111.0,-111.0,-111.0,-111.0,-1.5,216.5
401584127,2023-11-22T00:30Z,2023-11-21,2024,2,ATL,IND,152.0,157.0,False,NBA In-Season Tournament - Group Play,BetfairSportsbook,-3.5,-120.0,-120.0,252.5,-111.0,-111.0,-175.0,138.0,8.5,226.5
401584128,2023-11-22T00:30Z,2023-11-21,2024,2,PHI,CLE,119.0,122.0,False,NBA In-Season Tournament - Group Play,BetfairSportsbook,-8.0,-120.0,-120.0,218.5,-111.0,-111.0,-350.0,250.0,-6.0,216.5
401584129,2023-11-22T02:00Z,2023-11-21,2024,2,PHX,POR,120.0,107.0,False,NBA In-Season Tournament - Group Play,BetfairSportsbook,-12.0,-120.0,-120.0,223.5,-111.0,-111.0,-800.0,500.0,-12.5,225.5
401584130,2023-11-22T03:00Z,2023-11-21,2024,2,LAL,UTAH,131.0,99.0,False,NBA In-Season Tournament - Group Play,BetfairSportsbook,-7.5,-120.0,-120.0,239.5,-111.0,-111.0,-333.0,240.0,-8.5,235.5
401584853,2023-11-23T00:00Z,2023-11-22,2024,2,CHA,WSH,117.0,114.0,False,,BetfairSportsbook,-4.0,-120.0,-120.0,241.5,-111.0,-111.0,-188.0,145.0,-4.5,240.5
401584854,2023-11-23T00:00Z,2023-11-22,2024,2,ORL,DEN,124.0,119.0,False,,BetfairSportsbook,3.0,-120.0,-120.0,218.0,-111.0,-111.0,120.0,-154.0,4.5,218.5
401584855,2023-11-23T00:30Z,2023-11-22,2024,2,ATL,BKN,147.0,145.0,False,,BetfairSportsbook,-3.5,-120.0,-120.0,236.0,-111.0,-111.0,-163.0,125.0,-4.5,232.5
401584856,2023-11-23T00:30Z,2023-11-22,2024,2,BOS,MIL,119.0,116.0,False,,BetfairSportsbook,-6.0,-120.0,-120.0,235.5,-111.0,-111.0,-250.0,188.0,-5.0,235.5
401584857,2023-11-23T00:30Z,2023-11-22,2024,2,CLE,MIA,96.0,129.0,False,,BetfairSportsbook,-1.5,-120.0,-120.0,213.0,-111.0,-111.0,-125.0,100.0,1.0,214.5
401584858,2023-11-23T00:30Z,2023-11-22,2024,2,IND,TOR,131.0,132.0,False,,BetfairSportsbook,-2.5,-120.0,-120.0,242.0,-111.0,-111.0,-154.0,120.0,-3.5,236.5
401584859,2023-11-23T01:00Z,2023-11-22,2024,2,HOU,MEM,111.0,91.0,False,,BetfairSportsbook,-5.0,-120.0,-120.0,213.0,-111.0,-111.0,-213.0,163.0,-4.5,216.5
401584860,2023-11-23T01:00Z,2023-11-22,2024,2,MIN,PHI,112.0,99.0,False,,BetfairSportsbook,-7.0,-120.0,-120.0,221.0,-111.0,-111.0,-275.0,210.0,-3.5,220.5
401584861,2023-11-23T01:00Z,2023-11-22,2024,2,NO,SAC,117.0,112.0,False,,BetfairSportsbook,1.5,-120.0,-120.0,235.0,-111.0,-111.0,100.0,-125.0,1.0,231.5
401584862,2023-11-23T01:00Z,2023-11-22,2024,2,OKC,CHI,116.0,102.0,False,,BetfairSportsbook,-7.5,-120.0,-120.0,223.0,-111.0,-111.0,-333.0,240.0,-7.0,221.5
401584863,2023-11-23T01:00Z,2023-11-22,2024,2,SA,LAC,102.0,109.0,False,,BetfairSportsbook,8.0,-120.0,-120.0,231.0,-111.0,-111.0,240.0,-333.0,9.5,230.5
401584864,2023-11-23T03:00Z,2023-11-22,2024,2,PHX,GS,123.0,115.0,False,,BetfairSportsbook,-2.5,-120.0,-120.0,233.5,-111.0,-111.0,-150.0,115.0,-2.5,232.5
401584865,2023-11-23T03:00Z,2023-11-22,2024,2,POR,UTAH,121.0,105.0,False,,BetfairSportsbook,3.5,-120.0,-120.0,228.0,-111.0,-111.0,130.0,-167.0,4.5,225.5
401584866,2023-11-23T03:30Z,2023-11-22,2024,2,LAL,DAL,101.0,104.0,False,,BetfairSportsbook,0.5,-120.0,-120.0,245.0,-111.0,-111.0,-111.0,-111.0,1.0,236.0
401584131,2023-11-24T19:30Z,2023-11-24,2024,2,ORL,BOS,113.0,96.0,False,NBA In-Season Tournament - Group Play,BetfairSportsbook,5.0,-120.0,-120.0,221.0,-111.0,-111.0,163.0,-213.0,5.5,223.0
401584132,2023-11-24T22:00Z,2023-11-24,2024,2,MEM,PHX,89.0,110.0,False,NBA In-Season Tournament - Group Play,BetfairSportsbook,3.5,-110.0,-125.0,220.5,-111.0,-111.0,130.0,-167.0,5.0,224.5
401584133,2023-11-25T00:30Z,2023-11-24,2024,2,NY,MIA,100.0,98.0,False,NBA In-Season Tournament - Group Play,BetfairSportsbook,-5.5,-125.0,-110.0,209.5,-111.0,-111.0,-225.0,170.0,-3.0,210.0
401584134,2023-11-25T00:30Z,2023-11-24,2024,2,TOR,CHI,121.0,108.0,False,NBA In-Season Tournament - Group Play,BetfairSportsbook,-5.0,-120.0,-120.0,218.0,-111.0,-111.0,-200.0,155.0,-4.5,217.0
401584135,2023-11-25T01:00Z,2023-11-24,2024,2,IND,DET,136.0,113.0,False,NBA In-Season Tournament - Group Play,BetfairSportsbook,-9.0,-120.0,-120.0,247.0,-120.0,-120.0,-450.0,310.0,-9.5,249.5
401584136,2023-11-25T01:00Z,2023-11-24,2024,2,HOU,DEN,105.0,86.0,False,NBA In-Season Tournament - Group Play,BetfairSportsbook,3.0,-120.0,-120.0,217.0,-120.0,-120.0,120.0,-154.0,2.0,213.0
401584137,2023-11-25T01:00Z,2023-11-24,2024,2,MIL,WSH,131.0,128.0,False,NBA In-Season Tournament - Group Play,BetfairSportsbook,-13.5,-125.0,-110.0,247.5,-111.0,-111.0,-1000.0,550.0,-14.0,247.0
401584138,2023-11-25T01:00Z,2023-11-24,2024,2,MIN,SAC,111.0,124.0,False,NBA In-Season Tournament - Group Play,BetfairSportsbook,-4.5,-120.0,-120.0,230.5,-111.0,-111.0,-200.0,155.0,-4.0,230.5
401584139,2023-11-25T03:00Z,2023-11-24,2024,2,GS,SA,118.0,112.0,False,NBA In-Season Tournament - Group Play,BetfairSportsbook,-10.0,-120.0,-120.0,236.0,-120.0,-120.0,-500.0,333.0,-10.0,233.5
401584140,2023-11-25T03:30Z,2023-11-24,2024,2,LAC,NO,106.0,116.0,False,NBA In-Season Tournament - Group Play,BetfairSportsbook,-5.5,-120.0,-120.0,228.0,-120.0,-120.0,-213.0,163.0,-7.0,223.5
401584867,2023-11-25T22:00Z,2023-11-25,2024,2,OKC,PHI,123.0,127.0,False,,BetfairSportsbook,1.0,-111.0,-111.0,231.5,-111.0,-111.0,-111.0,-111.0,-1.5,231.5
401584868,2023-11-25T23:00Z,2023-11-25,2024,2,BKN,MIA,112.0,97.0,False,,BetfairSportsbook,-7.5,-111.0,-111.0,216.5,-111.0,-111.0,-300.0,225.0,-1.5,220.0
401584869,2023-11-26T00:00Z,2023-11-25,2024,2,WSH,ATL,108.0,136.0,False,,BetfairSportsbook,8.5,-110.0,-110.0,250.5,-110.0,-110.0,250.0,-350.0,7.5,246.0
401584870,2023-11-26T00:30Z,2023-11-25,2024,2,CLE,LAL,115.0,121.0,False,,BetfairSportsbook,-4.0,-110.0,-110.0,228.0,-110.0,-110.0,-175.0,138.0,-5.5,222.5
401584871,2023-11-26T02:30Z,2023-11-25,2024,2,UTAH,NO,105.0,100.0,False,,BetfairSportsbook,3.0,-110.0,-110.0,226.5,-110.0,-110.0,120.0,-154.0,-1.0,235.0
401584872,2023-11-26T03:30Z,2023-11-25,2024,2,LAC,DAL,107.0,88.0,False,,BetfairSportsbook,-1.0,-110.0,-110.0,237.5,-110.0,-110.0,-111.0,-111.0,-1.0,232.0
401584873,2023-11-26T20:30Z,2023-11-26,2024,2,MIL,POR,108.0,102.0,False,,BetfairSportsbook,-13.0,-120.0,-120.0,231.5,-111.0,-111.0,-1000.0,550.0,-11.5,229.0
401584874,2023-11-26T23:00Z,2023-11-26,2024,2,BOS,ATL,113.0,103.0,False,,BetfairSportsbook,-7.5,-120.0,-120.0,236.0,-111.0,-111.0,-300.0,225.0,-7.5,180.5
401584875,2023-11-26T23:00Z,2023-11-26,2024,2,NY,PHX,113.0,116.0,False,,BetfairSportsbook,-6.5,-120.0,-120.0,218.5,-111.0,-111.0,-250.0,188.0,-2.5,217.5
401584876,2023-11-26T23:00Z,2023-11-26,2024,2,ORL,CHA,130.0,117.0,False,,BetfairSportsbook,-6.5,-120.0,-120.0,227.5,-111.0,-111.0,-275.0,210.0,-7.0,227.0
401584877,2023-11-26T23:00Z,2023-11-26,2024,2,MEM,MIN,97.0,119.0,False,,BetfairSportsbook,6.5,-120.0,-120.0,217.5,-111.0,-111.0,188.0,-250.0,6.0,217.5
401584878,2023-11-27T00:30Z,2023-11-26,2024,2,BKN,CHI,118.0,109.0,False,,BetfairSportsbook,-3.0,-120.0,-120.0,221.5,-111.0,-111.0,-154.0,120.0,-3.0,215.0
401584879,2023-11-27T00:30Z,2023-11-26,2024,2,CLE,TOR,105.0,102.0,False,,BetfairSportsbook,-3.0,-120.0,-120.0,222.5,-111.0,-111.0,-167.0,130.0,-5.5,217.5
401584880,2023-11-27T01:00Z,2023-11-26,2024,2,DEN,SA,132.0,120.0,False,,BetfairSportsbook,-10.5,-120.0,-120.0,229.5,-111.0,-111.0,-500.0,333.0,-11.5,229.5
401584881,2023-11-28T00:00Z,2023-11-27,2024,2,DET,WSH,107.0,126.0,False,,BetfairSportsbook,-2.0,-120.0,-120.0,237.5,-111.0,-111.0,-150.0,115.0,-4.0,235.0
401584882,2023-11-28T00:00Z,2023-11-27,2024,2,IND,POR,110.0,114.0,False,,BetfairSportsbook,-12.0,-120.0,-120.0,240.5,-111.0,-111.0,-700.0,450.0,-11.0,240.5
401584883,2023-11-28T00:00Z,2023-11-27,2024,2,PHI,LAL,138.0,94.0,False,,BetfairSportsbook,-5.5,-120.0,-120.0,231.5,-111.0,-111.0,-250.0,188.0,-5.0,232.0
401584884,2023-11-28T02:00Z,2023-11-27,2024,2,UTAH,NO,114.0,112.0,False,,BetfairSportsbook,6.5,-120.0,-120.0,232.0,-111.0,-111.0,188.0,-250.0,4.0,229.0
401584885,2023-11-28T03:30Z,2023-11-27,2024,2,LAC,DEN,104.0,113.0,False,,BetfairSportsbook,-11.5,-120.0,-120.0,217.5,-111.0,-111.0,-600.0,400.0,-4.0,218.5
401584141,2023-11-29T00:30Z,2023-11-28,2024,2,BOS,CHI,124.0,97.0,False,NBA In-Season Tournament - Group Play,BetfairSportsbook,-12.5,-111.0,-111.0,219.0,-111.0,-111.0,-800.0,500.0,-11.0,216.5
401584142,2023-11-29T00:30Z,2023-11-28,2024,2,BKN,TOR,115.0,103.0,False,NBA In-Season Tournament - Group Play,BetfairSportsbook,-1.5,-111.0,-111.0,223.5,-111.0,-111.0,-125.0,100.0,-2.0,221.5
401584143,2023-11-29T00:30Z,2023-11-28,2024,2,CLE,ATL,128.0,105.0,False,NBA In-Season Tournament - Group Play,BetfairSportsbook,-4.0,-111.0,-111.0,238.5,-111.0,-111.0,-200.0,155.0,-5.5,235.5
401584144,2023-11-29T00:30Z,2023-11-28,2024,2,MIA,MIL,124.0,131.0,False,NBA In-Season Tournament - Group Play,BetfairSportsbook,4.5,-111.0,-111.0,230.5,-111.0,-111.0,145.0,-188.0,2.0,226.0
401584145,2023-11-29T00:30Z,2023-11-28,2024,2,NY,CHA,115.0,91.0,False,NBA In-Season Tournament - Group Play,BetfairSportsbook,-11.5,-111.0,-111.0,220.0,-111.0,-111.0,-600.0,400.0,-11.0,222.0
401584146,2023-11-29T01:00Z,2023-11-28,2024,2,MIN,OKC,106.0,103.0,False,NBA In-Season Tournament - Group Play,BetfairSportsbook,-3.0,-111.0,-111.0,228.5,-111.0,-111.0,-163.0,125.0,-4.0,225.5
401584147,2023-11-29T01:30Z,2023-11-28,2024,2,DAL,HOU,121.0,115.0,False,NBA In-Season Tournament - Group Play,BetfairSportsbook,-4.0,-111.0,-111.0,228.0,-111.0,-111.0,-200.0,155.0,-5.0,233.0
401584148,2023-11-29T03:00Z,2023-11-28,2024,2,SAC,GS,124.0,123.0,False,NBA In-Season Tournament - Group Play,BetfairSportsbook,-2.0,-111.0,-111.0,237.5,-111.0,-111.0,-138.0,110.0,,239.0
401584886,2023-11-30T00:00Z,2023-11-29,2024,2,DET,LAL,107.0,133.0,False,,BetfairSportsbook,7.5,-111.0,-111.0,230.0,-111.0,-111.0,225.0,-300.0,7.0,228.5
401584887,2023-11-30T00:00Z,2023-11-29,2024,2,ORL,WSH,139.0,120.0,False,,BetfairSportsbook,-10.0,-111.0,-111.0,235.5,-111.0,-111.0,-500.0,333.0,-10.0,233.5
401584888,2023-11-30T00:30Z,2023-11-29,2024,2,TOR,PHX,112.0,105.0,False,,BetfairSportsbook,3.5,-111.0,-111.0,227.0,-111.0,-111.0,138.0,-175.0,1.5,223.5
401584889,2023-11-30T01:00Z,2023-11-29,2024,2,MEM,UTAH,105.0,91.0,False,,BetfairSportsbook,-3.5,-111.0,-111.0,223.5,-111.0,-111.0,-167.0,130.0,-4.5,224.5
401584890,2023-11-30T01:00Z,2023-11-29,2024,2,NO,PHI,124.0,114.0,False,,BetfairSportsbook,-3.0,-111.0,-111.0,228.5,-111.0,-111.0,-150.0,115.0,1.5,227.5
401584891,2023-11-30T02:00Z,2023-11-29,2024,2,DEN,HOU,134.0,124.0,False,,BetfairSportsbook,-10.0,-111.0,-111.0,217.5,-111.0,-111.0,-500.0,333.0,-4.5,215.5
401584892,2023-11-30T03:00Z,2023-11-29,2024,2,SAC,LAC,117.0,131.0,False,,BetfairSportsbook,1.5,-111.0,-111.0,231.5,-111.0,-111.0,100.0,-125.0,-1.5,230.0
401584893,2023-12-01T00:00Z,2023-11-30,2024,2,CLE,POR,95.0,103.0,False,,BetfairSportsbook,-12.5,-111.0,-111.0,218.5,-111.0,-111.0,-600.0,400.0,-11.5,220.5
401584894,2023-12-01T00:30Z,2023-11-30,2024,2,BKN,CHA,128.0,129.0,False,,BetfairSportsbook,-9.0,-111.0,-111.0,223.0,-111.0,-111.0,-400.0,280.0,-8.5,227.0
401584895,2023-12-01T00:30Z,2023-11-30,2024,2,MIA,IND,142.0,132.0,False,,BetfairSportsbook,-4.0,-111.0,-111.0,238.5,-111.0,-111.0,-188.0,145.0,-2.0,239.5
401584896,2023-12-01T00:30Z,2023-11-30,2024,2,NY,DET,118.0,112.0,False,,BetfairSportsbook,-14.5,-111.0,-111.0,218.5,-111.0,-111.0,-1000.0,550.0,-13.5,217.5
401584897,2023-12-01T01:00Z,2023-11-30,2024,2,CHI,MIL,120.0,113.0,False,,BetfairSportsbook,10.5,-111.0,-111.0,226.0,-111.0,-111.0,400.0,-600.0,8.0,225.5
401584898,2023-12-01T01:00Z,2023-11-30,2024,2,MIN,UTAH,101.0,90.0,False,,BetfairSportsbook,-11.5,-111.0,-111.0,219.5,-111.0,-111.0,-600.0,400.0,-10.0,224.0
401584899,2023-12-01T01:00Z,2023-11-30,2024,2,OKC,LAL,133.0,110.0,False,,BetfairSportsbook,-5.0,-111.0,-111.0,234.5,-111.0,-111.0,-213.0,163.0,-6.0,227.5
401584900,2023-12-01T01:00Z,2023-11-30,2024,2,SA,ATL,135.0,137.0,False,,BetfairSportsbook,6.5,-111.0,-111.0,247.0,-111.0,-111.0,188.0,-250.0,6.0,243.5
401584901,2023-12-01T03:00Z,2023-11-30,2024,2,GS,LAC,120.0,114.0,False,,BetfairSportsbook,-2.0,-111.0,-111.0,230.5,-111.0,-111.0,-133.0,105.0,-4.5,228.5
401584902,2023-12-02T00:00Z,2023-12-01,2024,2,ORL,WSH,130.0,125.0,False,,BetfairSportsbook,-10.5,-111.0,-111.0,236.0,-111.0,-111.0,-500.0,333.0,-11.0,238.0
401584903,2023-12-02T00:30Z,2023-12-01,2024,2,BOS,PHI,125.0,119.0,False,,BetfairSportsbook,-12.0,-111.0,-111.0,218.0,-111.0,-111.0,-800.0,500.0,-7.5,224.5
401584904,2023-12-02T00:30Z,2023-12-01,2024,2,TOR,NY,106.0,119.0,False,,BetfairSportsbook,-1.5,-111.0,-111.0,217.5,-111.0,-111.0,-125.0,100.0,-1.5,216.5
401584905,2023-12-02T00:30Z,2023-12-01,2024,2,DAL,MEM,94.0,108.0,False,,BetfairSportsbook,-6.0,-111.0,-111.0,224.5,-111.0,-111.0,-250.0,188.0,-10.0,230.5
401584906,2023-12-02T01:00Z,2023-12-01,2024,2,NO,SA,121.0,106.0,False,,BetfairSportsbook,-13.0,-111.0,-111.0,237.5,-111.0,-111.0,-800.0,500.0,-11.5,232.5
401584907,2023-12-02T03:00Z,2023-12-01,2024,2,PHX,DEN,111.0,119.0,False,,BetfairSportsbook,0.5,-111.0,-111.0,224.0,-111.0,-111.0,-111.0,-111.0,-1.5,222.5
401584908,2023-12-02T21:00Z,2023-12-02,2024,2,LAC,GS,113.0,112.0,False,,BetfairSportsbook,-5.5,-111.0,-111.0,229.5,-111.0,-111.0,-225.0,170.0,-5.0,230.5
401584909,2023-12-02T22:00Z,2023-12-02,2024,2,CHA,MIN,117.0,123.0,False,,BetfairSportsbook,5.5,-111.0,-111.0,219.5,-111.0,-111.0,170.0,-225.0,5.5,221.5
401584910,2023-12-03T00:00Z,2023-12-02,2024,2,BKN,ORL,129.0,101.0,False,,BetfairSportsbook,-2.5,-111.0,-111.0,225.5,-111.0,-111.0,-138.0,110.0,-2.5,224.5
401584911,2023-12-03T00:00Z,2023-12-02,2024,2,DET,CLE,101.0,110.0,False,,BetfairSportsbook,9.0,-111.0,-111.0,226.5,-111.0,-111.0,310.0,-450.0,8.0,223.0
401584912,2023-12-03T01:00Z,2023-12-02,2024,2,MIA,IND,129.0,144.0,False,,BetfairSportsbook,-4.5,-111.0,-111.0,237.0,-111.0,-111.0,-213.0,163.0,-2.5,241.0
401584913,2023-12-03T01:00Z,2023-12-02,2024,2,CHI,NO,124.0,118.0,False,,BetfairSportsbook,1.5,-111.0,-111.0,219.0,-111.0,-111.0,100.0,-125.0,4.0,220.5
401584914,2023-12-03T01:00Z,2023-12-02,2024,2,MIL,ATL,132.0,121.0,False,,BetfairSportsbook,-6.5,-111.0,-111.0,252.5,-111.0,-111.0,-275.0,210.0,-6.5,248.0
401584915,2023-12-03T02:00Z,2023-12-02,2024,2,DAL,OKC,120.0,126.0,False,,BetfairSportsbook,5.5,-111.0,-111.0,235.0,-111.0,-111.0,170.0,-225.0,2.0,232.5
401584916,2023-12-03T02:00Z,2023-12-02,2024,2,PHX,MEM,116.0,109.0,False,,BetfairSportsbook,-10.5,-111.0,-111.0,220.0,-111.0,-111.0,-500.0,333.0,-9.5,221.5
401584917,2023-12-03T02:30Z,2023-12-02,2024,2,UTAH,POR,118.0,113.0,False,,BetfairSportsbook,-1.5,-111.0,-111.0,217.5,-111.0,-111.0,-125.0,100.0,-4.0,225.5
401584918,2023-12-03T03:00Z,2023-12-02,2024,2,SAC,DEN,123.0,117.0,False,,BetfairSportsbook,-3.5,-111.0,-111.0,235.0,-111.0,-111.0,-154.0,120.0,-2.5,228.5
401584919,2023-12-03T03:30Z,2023-12-02,2024,2,LAL,HOU,107.0,97.0,False,,BetfairSportsbook,-4.5,-111.0,-111.0,226.5,-111.0,-111.0,-200.0,155.0,-5.5,219.5
401607491,2023-12-05T00:30Z,2023-12-04,2024,2,IND,BOS,122.0,112.0,False,NBA In-Season Tournament - Quarterfinals,BetfairSportsbook,4.5,-111.0,-111.0,244.5,-111.0,-111.0,163.0,-213.0,4.5,236.5
401607492,2023-12-05T03:00Z,2023-12-04,2024,2,SAC,NO,117.0,127.0,False,NBA In-Season Tournament - Quarterfinals,BetfairSportsbook,-3.0,-111.0,-111.0,237.0,-111.0,-111.0,-167.0,130.0,-5.0,232.5
401607489,2023-12-06T00:30Z,2023-12-05,2024,2,MIL,NY,146.0,122.0,False,NBA In-Season Tournament - Quarterfinals,BetfairSportsbook,-5.0,-111.0,-111.0,229.5,-111.0,-111.0,-213.0,163.0,-6.0,223.5
401607490,2023-12-06T03:00Z,2023-12-05,2024,2,LAL,PHX,106.0,103.0,False,NBA In-Season Tournament - Quarterfinals,BetfairSportsbook,-1.5,-111.0,-111.0,230.5,-111.0,-111.0,-125.0,100.0,-2.0,224.0
401616459,2023-12-07T00:00Z,2023-12-06,2024,2,CLE,ORL,121.0,111.0,False,,BetfairSportsbook,-4.5,-111.0,-111.0,225.0,-111.0,-111.0,-188.0,145.0,-4.5,222.5
401616460,2023-12-07T00:00Z,2023-12-06,2024,2,DET,MEM,102.0,116.0,False,,BetfairSportsbook,2.0,-111.0,-111.0,221.0,-111.0,-111.0,105.0,-133.0,-1.0,218.5
401616462,2023-12-07T00:00Z,2023-12-06,2024,2,WSH,PHI,126.0,131.0,False,,BetfairSportsbook,10.5,-111.0,-111.0,242.5,-111.0,-111.0,333.0,-500.0,9.0,238.0
401616461,2023-12-07T00:30Z,2023-12-06,2024,2,TOR,MIA,103.0,112.0,False,,BetfairSportsbook,-4.0,-111.0,-111.0,219.5,-111.0,-111.0,-188.0,145.0,-2.0,213.5
401616463,2023-12-07T00:30Z,2023-12-06,2024,2,ATL,BKN,113.0,114.0,False,,BetfairSportsbook,-3.5,-111.0,-111.0,242.5,-111.0,-111.0,-167.0,130.0,-4.0,237.5
401616464,2023-12-07T00:30Z,2023-12-06,2024,2,MIN,SA,102.0,94.0,False,,BetfairSportsbook,-12.0,-111.0,-111.0,231.0,-111.0,-111.0,-700.0,450.0,-11.0,224.0
401616465,2023-12-07T01:00Z,2023-12-06,2024,2,CHI,CHA,111.0,100.0,False,,BetfairSportsbook,-5.0,-111.0,-111.0,221.0,-111.0,-111.0,-200.0,155.0,-5.0,219.5
401616466,2023-12-07T01:00Z,2023-12-06,2024,2,HOU,OKC,110.0,101.0,False,,BetfairSportsbook,2.0,-111.0,-111.0,224.5,-111.0,-111.0,105.0,-133.0,1.0,225.5
401616467,2023-12-07T01:30Z,2023-12-06,2024,2,DAL,UTAH,147.0,97.0,False,,BetfairSportsbook,-11.5,-111.0,-111.0,234.0,-111.0,-111.0,-700.0,450.0,-8.5,226.0
401616468,2023-12-07T03:00Z,2023-12-06,2024,2,GS,POR,110.0,106.0,False,,BetfairSportsbook,-13.0,-111.0,-111.0,225.5,-111.0,-111.0,-800.0,500.0,-10.5,225.0
401616469,2023-12-07T03:00Z,2023-12-06,2024,2,LAC,DEN,111.0,102.0,False,,BetfairSportsbook,0.5,-111.0,-111.0,229.0,-111.0,-111.0,-111.0,-111.0,-1.5,223.5
401607494,2023-12-07T22:00Z,2023-12-07,2024,2,MIL,IND,119.0,128.0,False,NBA In-Season Tournament - Semifinals,BetfairSportsbook,-5.0,-111.0,-111.0,257.0,-111.0,-111.0,-225.0,170.0,-4.0,254.5
401607493,2023-12-08T02:00Z,2023-12-07,2024,2,LAL,NO,133.0,89.0,False,NBA In-Season Tournament - Semifinals,BetfairSportsbook,-2.0,-111.0,-111.0,230.0,-111.0,-111.0,-138.0,110.0,-2.0,229.5
401616470,2023-12-09T00:00Z,2023-12-08,2024,2,CHA,TOR,119.0,116.0,False,,BetfairSportsbook,5.5,-111.0,-111.0,222.0,-111.0,-111.0,170.0,-225.0,2.5,220.5
401616471,2023-12-09T00:00Z,2023-12-08,2024,2,ORL,DET,123.0,91.0,False,,BetfairSportsbook,-10.5,-111.0,-111.0,229.5,-111.0,-111.0,-500.0,333.0,-13.0,228.5
401616472,2023-12-09T00:00Z,2023-12-08,2024,2,PHI,ATL,125.0,114.0,False,,BetfairSportsbook,-8.5,-111.0,-111.0,235.0,-111.0,-111.0,-400.0,280.0,-6.0,241.5
401616473,2023-12-09T00:30Z,2023-12-08,2024,2,BKN,WSH,124.0,97.0,False,,BetfairSportsbook,-9.5,-111.0,-111.0,240.0,-111.0,-111.0,-450.0,310.0,-9.0,236.5
401617579,2023-12-09T00:30Z,2023-12-08,2024,2,BOS,NY,133.0,123.0,False,,BetfairSportsbook,-7.5,-111.0,-111.0,220.5,-111.0,-111.0,-300.0,225.0,-6.5,216.5
401616474,2023-12-09T01:00Z,2023-12-08,2024,2,MIA,CLE,99.0,111.0,False,,BetfairSportsbook,1.5,-111.0,-111.0,223.0,-111.0,-111.0,-111.0,-111.0,-1.0,218.5
401616475,2023-12-09T01:00Z,2023-12-08,2024,2,MEM,MIN,103.0,127.0,False,,BetfairSportsbook,5.5,-111.0,-111.0,213.5,-111.0,-111.0,170.0,-225.0,6.5,216.5
401616476,2023-12-09T01:00Z,2023-12-08,2024,2,OKC,GS,138.0,136.0,False,,BetfairSportsbook,-3.5,-111.0,-111.0,235.5,-111.0,-111.0,-163.0,125.0,-4.5,233.5
401616477,2023-12-09T01:30Z,2023-12-08,2024,2,SA,CHI,112.0,121.0,False,,BetfairSportsbook,2.5,-111.0,-111.0,224.0,-111.0,-111.0,105.0,-133.0,1.5,224.5
401616478,2023-12-09T02:00Z,2023-12-08,2024,2,DEN,HOU,106.0,114.0,False,,BetfairSportsbook,-9.0,-111.0,-111.0,221.0,-111.0,-111.0,-450.0,310.0,-7.5,217.5
401617581,2023-12-09T02:00Z,2023-12-08,2024,2,PHX,SAC,106.0,114.0,False,,BetfairSportsbook,3.0,-111.0,-111.0,235.0,-111.0,-111.0,120.0,-154.0,1.0,228.0
401616479,2023-12-09T03:00Z,2023-12-08,2024,2,UTAH,LAC,103.0,117.0,False,,BetfairSportsbook,8.0,-111.0,-111.0,225.0,-111.0,-111.0,240.0,-333.0,5.0,224.5
401616480,2023-12-09T03:00Z,2023-12-08,2024,2,POR,DAL,112.0,125.0,False,,BetfairSportsbook,9.5,-111.0,-111.0,233.0,-111.0,-111.0,333.0,-500.0,7.5,226.0
401607495,2023-12-10T01:30Z,2023-12-09,2024,2,LAL,IND,123.0,109.0,True,NBA In-Season Tournament Championship,ESPN BET,-3.5,-110.0,-110.0,242.5,-105.0,-115.0,-175.0,145.0,-4.5,239.5
401584920,2023-12-12T00:00Z,2023-12-11,2024,2,CHA,MIA,114.0,116.0,False,,BetfairSportsbook,4.5,-111.0,-111.0,222.5,-111.0,-111.0,155.0,-200.0,3.0,219.5
401584921,2023-12-12T00:00Z,2023-12-11,2024,2,DET,IND,123.0,131.0,False,,BetfairSportsbook,7.0,-111.0,-111.0,247.5,-111.0,-111.0,225.0,-300.0,7.5,247.0
401584922,2023-12-12T00:00Z,2023-12-11,2024,2,ORL,CLE,104.0,94.0,False,,BetfairSportsbook,-2.5,-111.0,-111.0,226.0,-111.0,-111.0,-150.0,115.0,-2.5,223.5
401584923,2023-12-12T00:00Z,2023-12-11,2024,2,PHI,WSH,146.0,101.0,False,,BetfairSportsbook,-13.5,-111.0,-111.0,243.5,-111.0,-111.0,-1000.0,550.0,-12.0,245.0
401584924,2023-12-12T00:30Z,2023-12-11,2024,2,ATL,DEN,122.0,129.0,False,,BetfairSportsbook,3.5,-111.0,-111.0,242.0,-111.0,-111.0,120.0,-154.0,2.5,238.0
401584925,2023-12-12T00:30Z,2023-12-11,2024,2,NY,TOR,136.0,130.0,False,,BetfairSportsbook,-4.0,-111.0,-111.0,221.5,-111.0,-111.0,-188.0,145.0,-5.5,216.5
401584926,2023-12-12T01:00Z,2023-12-11,2024,2,HOU,SA,93.0,82.0,False,,BetfairSportsbook,-9.0,-111.0,-111.0,222.5,-111.0,-111.0,-450.0,310.0,-8.0,222.5
401584927,2023-12-12T01:00Z,2023-12-11,2024,2,MEM,DAL,113.0,120.0,False,,BetfairSportsbook,1.0,-111.0,-111.0,227.5,-111.0,-111.0,-111.0,-111.0,3.0,228.0
401584928,2023-12-12T01:00Z,2023-12-11,2024,2,MIL,CHI,133.0,129.0,False,,BetfairSportsbook,-12.0,-111.0,-111.0,233.0,-111.0,-111.0,-700.0,450.0,-10.5,231.5
401584929,2023-12-12T01:00Z,2023-12-11,2024,2,NO,MIN,121.0,107.0,False,,BetfairSportsbook,-4.0,-111.0,-111.0,222.0,-111.0,-111.0,-175.0,138.0,-2.0,222.0
401584930,2023-12-12T01:00Z,2023-12-11,2024,2,OKC,UTAH,134.0,120.0,False,,BetfairSportsbook,-13.0,-111.0,-111.0,235.5,-111.0,-111.0,-800.0,500.0,-12.5,232.5
401584931,2023-12-12T03:00Z,2023-12-11,2024,2,SAC,BKN,131.0,118.0,False,,BetfairSportsbook,-4.5,-111.0,-111.0,237.0,-111.0,-111.0,-200.0,155.0,-5.5,235.0
401584932,2023-12-12T03:30Z,2023-12-11,2024,2,LAC,POR,132.0,127.0,False,,BetfairSportsbook,-14.5,-111.0,-111.0,220.5,-111.0,-111.0,-1200.0,650.0,-12.5,216.5
401584933,2023-12-13T00:30Z,2023-12-12,2024,2,BOS,CLE,120.0,113.0,False,,BetfairSportsbook,-11.0,-111.0,-111.0,226.0,-111.0,-111.0,-700.0,450.0,-9.5,221.0
401584934,2023-12-13T00:30Z,2023-12-12,2024,2,DAL,LAL,127.0,125.0,False,,BetfairSportsbook,3.5,-111.0,-111.0,236.0,-111.0,-111.0,130.0,-167.0,-1.0,235.0
401584935,2023-12-13T01:00Z,2023-12-12,2024,2,CHI,DEN,106.0,114.0,False,,BetfairSportsbook,6.5,-111.0,-111.0,220.0,-111.0,-111.0,188.0,-250.0,8.0,213.5
401584936,2023-12-13T03:00Z,2023-12-12,2024,2,PHX,GS,119.0,116.0,False,,BetfairSportsbook,1.5,-111.0,-111.0,228.5,-111.0,-111.0,100.0,-125.0,-3.5,231.5
401584937,2023-12-13T03:30Z,2023-12-12,2024,2,LAC,SAC,119.0,99.0,False,,BetfairSportsbook,-3.5,-111.0,-111.0,237.0,-111.0,-111.0,-175.0,138.0,-5.0,229.5
401584938,2023-12-14T00:00Z,2023-12-13,2024,2,DET,PHI,111.0,129.0,False,,BetfairSportsbook,12.0,-111.0,-111.0,233.0,-111.0,-111.0,450.0,-700.0,11.0,230.0
401584939,2023-12-14T00:00Z,2023-12-13,2024,2,WSH,NO,122.0,142.0,False,,BetfairSportsbook,7.0,-111.0,-111.0,240.0,-111.0,-111.0,210.0,-275.0,7.0,245.5
401584940,2023-12-14T00:30Z,2023-12-13,2024,2,MIA,CHA,115.0,104.0,False,,BetfairSportsbook,-7.5,-111.0,-111.0,222.5,-111.0,-111.0,-333.0,240.0,-9.0,226.5
401584941,2023-12-14T00:30Z,2023-12-13,2024,2,TOR,ATL,135.0,128.0,False,,BetfairSportsbook,-2.0,-111.0,-111.0,240.5,-111.0,-111.0,-138.0,110.0,-1.5,240.5
401584942,2023-12-14T01:00Z,2023-12-13,2024,2,HOU,MEM,117.0,104.0,False,,BetfairSportsbook,-10.0,-111.0,-111.0,210.5,-111.0,-111.0,-500.0,333.0,-7.0,211.0
401584943,2023-12-14T01:00Z,2023-12-13,2024,2,MIL,IND,140.0,126.0,False,,BetfairSportsbook,-6.5,-111.0,-111.0,258.5,-111.0,-111.0,-250.0,188.0,-4.0,249.5
401584944,2023-12-14T01:00Z,2023-12-13,2024,2,SA,LAL,119.0,122.0,False,,BetfairSportsbook,3.5,-111.0,-111.0,230.0,-111.0,-111.0,138.0,-175.0,6.0,230.0
401584945,2023-12-14T02:00Z,2023-12-13,2024,2,PHX,BKN,112.0,116.0,False,,BetfairSportsbook,-5.0,-111.0,-111.0,230.5,-111.0,-111.0,-213.0,163.0,-5.0,228.5
401584946,2023-12-14T02:00Z,2023-12-13,2024,2,UTAH,NY,117.0,113.0,False,,BetfairSportsbook,6.0,-111.0,-111.0,229.0,-111.0,-111.0,188.0,-250.0,5.5,229.5
401584947,2023-12-15T00:30Z,2023-12-14,2024,2,BOS,CLE,116.0,107.0,False,,BetfairSportsbook,-9.0,-111.0,-111.0,227.0,-111.0,-111.0,-400.0,280.0,-8.5,226.5
401584948,2023-12-15T00:30Z,2023-12-14,2024,2,MIA,CHI,116.0,124.0,False,,BetfairSportsbook,-3.5,-111.0,-111.0,213.0,-111.0,-111.0,-175.0,138.0,-6.0,217.5
401584949,2023-12-15T01:30Z,2023-12-14,2024,2,DAL,MIN,101.0,119.0,False,,BetfairSportsbook,2.0,-111.0,-111.0,231.5,-111.0,-111.0,105.0,-133.0,-2.5,229.5
401584950,2023-12-15T02:00Z,2023-12-14,2024,2,DEN,BKN,124.0,101.0,False,,BetfairSportsbook,-9.5,-111.0,-111.0,231.0,-111.0,-111.0,-450.0,310.0,-9.5,228.5
401584951,2023-12-15T03:00Z,2023-12-14,2024,2,POR,UTAH,114.0,122.0,False,,BetfairSportsbook,-5.0,-111.0,-111.0,226.5,-111.0,-111.0,-213.0,163.0,-1.5,230.5
401584952,2023-12-15T03:00Z,2023-12-14,2024,2,SAC,OKC,128.0,123.0,False,,BetfairSportsbook,-2.0,-111.0,-111.0,245.5,-111.0,-111.0,-138.0,110.0,-1.5,241.5
401584953,2023-12-15T03:30Z,2023-12-14,2024,2,LAC,GS,121.0,113.0,False,,BetfairSportsbook,-2.5,-111.0,-111.0,230.5,-111.0,-111.0,-138.0,110.0,-6.0,230.5
401584954,2023-12-16T00:00Z,2023-12-15,2024,2,CHA,NO,107.0,112.0,False,,BetfairSportsbook,9.5,-111.0,-111.0,234.0,-111.0,-111.0,310.0,-450.0,5.0,233.0
401584955,2023-12-16T00:00Z,2023-12-15,2024,2,PHI,DET,124.0,92.0,False,,BetfairSportsbook,-15.5,-111.0,-111.0,234.5,-111.0,-111.0,-1200.0,650.0,-16.0,234.5
401584956,2023-12-16T00:00Z,2023-12-15,2024,2,WSH,IND,137.0,123.0,False,,BetfairSportsbook,8.0,-111.0,-111.0,260.0,-111.0,-111.0,240.0,-333.0,8.5,256.5
401584957,2023-12-16T00:30Z,2023-12-15,2024,2,BOS,ORL,128.0,111.0,False,,BetfairSportsbook,-5.5,-111.0,-111.0,226.5,-111.0,-111.0,-250.0,188.0,-5.5,222.5
401584958,2023-12-16T00:30Z,2023-12-15,2024,2,TOR,ATL,104.0,125.0,False,,BetfairSportsbook,-2.0,-111.0,-111.0,240.5,-111.0,-111.0,-138.0,110.0,-2.5,243.5
401584959,2023-12-16T00:30Z,2023-12-15,2024,2,SA,LAL,129.0,115.0,False,,BetfairSportsbook,4.0,-111.0,-111.0,235.5,-111.0,-111.0,145.0,-188.0,4.0,232.0
401584960,2023-12-16T01:00Z,2023-12-15,2024,2,MEM,HOU,96.0,103.0,False,,BetfairSportsbook,2.5,-111.0,-111.0,212.5,-111.0,-111.0,115.0,-150.0,4.5,211.0
401584961,2023-12-16T03:00Z,2023-12-15,2024,2,PHX,NY,122.0,139.0,False,,BetfairSportsbook,-5.0,-111.0,-111.0,230.0,-111.0,-111.0,-213.0,163.0,-5.0,230.0
401584962,2023-12-16T23:00Z,2023-12-16,2024,2,MIL,DET,146.0,114.0,False,,BetfairSportsbook,-16.5,-111.0,-111.0,241.0,-111.0,-111.0,-1400.0,700.0,-17.5,240.5
401584963,2023-12-17T00:00Z,2023-12-16,2024,2,CHA,PHI,82.0,135.0,False,,BetfairSportsbook,12.0,-111.0,-111.0,230.0,-111.0,-111.0,450.0,-700.0,10.5,233.5
401584964,2023-12-17T00:30Z,2023-12-16,2024,2,CLE,ATL,127.0,119.0,False,,BetfairSportsbook,-4.5,-111.0,-111.0,236.5,-111.0,-111.0,-200.0,155.0,-2.0,240.5
401584965,2023-12-17T01:00Z,2023-12-16,2024,2,MIA,CHI,118.0,116.0,False,,BetfairSportsbook,-5.0,-111.0,-111.0,219.5,-111.0,-111.0,-200.0,155.0,-5.0,215.5
401584966,2023-12-17T01:00Z,2023-12-16,2024,2,MIN,IND,127.0,109.0,False,,BetfairSportsbook,-10.5,-111.0,-111.0,238.5,-111.0,-111.0,-500.0,333.0,-7.0,247.5
401584967,2023-12-17T01:30Z,2023-12-16,2024,2,GS,BKN,124.0,120.0,False,,BetfairSportsbook,-3.5,-111.0,-111.0,235.5,-111.0,-111.0,-175.0,138.0,-3.5,234.5
401584968,2023-12-17T02:00Z,2023-12-16,2024,2,DEN,OKC,117.0,118.0,False,,BetfairSportsbook,-5.0,-111.0,-111.0,237.5,-111.0,-111.0,-225.0,170.0,-6.0,235.5
401584969,2023-12-17T02:00Z,2023-12-16,2024,2,POR,DAL,120.0,131.0,False,,BetfairSportsbook,4.5,-111.0,-111.0,233.0,-111.0,-111.0,155.0,-200.0,6.0,231.0
401584970,2023-12-17T03:00Z,2023-12-16,2024,2,SAC,UTAH,125.0,104.0,False,,BetfairSportsbook,-8.0,-111.0,-111.0,234.5,-111.0,-111.0,-350.0,250.0,-11.0,238.5
401584971,2023-12-17T03:30Z,2023-12-16,2024,2,LAC,NY,144.0,122.0,False,,BetfairSportsbook,-6.5,-111.0,-111.0,229.5,-111.0,-111.0,-275.0,210.0,-5.5,228.5
401584972,2023-12-17T20:00Z,2023-12-17,2024,2,BOS,ORL,114.0,97.0,False,,BetfairSportsbook,-8.5,-111.0,-111.0,227.0,-111.0,-111.0,-400.0,280.0,-7.0,227.5
401584973,2023-12-17T20:30Z,2023-12-17,2024,2,SA,NO,110.0,146.0,False,,BetfairSportsbook,7.5,-111.0,-111.0,239.0,-111.0,-111.0,240.0,-333.0,8.0,236.5
401584974,2023-12-18T00:00Z,2023-12-17,2024,2,MIL,HOU,128.0,119.0,False,,BetfairSportsbook,-7.0,-111.0,-111.0,231.5,-111.0,-111.0,-275.0,210.0,-7.0,230.5
401584975,2023-12-18T01:00Z,2023-12-17,2024,2,PHX,WSH,112.0,108.0,False,,BetfairSportsbook,-13.0,-111.0,-111.0,246.0,-111.0,-111.0,-1000.0,550.0,-13.0,245.0
401584976,2023-12-18T02:00Z,2023-12-17,2024,2,POR,GS,114.0,118.0,False,,BetfairSportsbook,6.0,-111.0,-111.0,233.0,-111.0,-111.0,188.0,-250.0,4.5,232.0
401584977,2023-12-19T00:00Z,2023-12-18,2024,2,CLE,HOU,135.0,130.0,False,,BetfairSportsbook,-3.5,-111.0,-111.0,215.5,-111.0,-111.0,-175.0,138.0,-4.5,214.5
401584978,2023-12-19T00:00Z,2023-12-18,2024,2,IND,LAC,127.0,151.0,False,,BetfairSportsbook,4.0,-111.0,-111.0,252.5,-111.0,-111.0,155.0,-200.0,1.5,238.0
401584979,2023-12-19T00:00Z,2023-12-18,2024,2,PHI,CHI,104.0,108.0,False,,BetfairSportsbook,-10.0,-111.0,-111.0,227.0,-111.0,-111.0,-500.0,333.0,-10.5,229.0
401584980,2023-12-19T00:30Z,2023-12-18,2024,2,ATL,DET,130.0,124.0,False,,BetfairSportsbook,-12.0,-111.0,-111.0,247.0,-111.0,-111.0,-700.0,450.0,-10.0,243.5
401584981,2023-12-19T00:30Z,2023-12-18,2024,2,MIA,MIN,108.0,112.0,False,,BetfairSportsbook,2.0,-111.0,-111.0,217.0,-111.0,-111.0,105.0,-133.0,2.0,219.5
401584982,2023-12-19T00:30Z,2023-12-18,2024,2,TOR,CHA,114.0,99.0,False,,BetfairSportsbook,-12.5,-111.0,-111.0,224.0,-111.0,-111.0,-800.0,500.0,-10.0,227.0
401584983,2023-12-19T01:00Z,2023-12-18,2024,2,OKC,MEM,116.0,97.0,False,,BetfairSportsbook,-10.5,-111.0,-111.0,229.5,-111.0,-111.0,-500.0,333.0,-10.0,228.5
401584984,2023-12-19T02:00Z,2023-12-18,2024,2,DEN,DAL,130.0,104.0,False,,BetfairSportsbook,-8.0,-111.0,-111.0,239.5,-111.0,-111.0,-350.0,250.0,-7.0,237.5
401584985,2023-12-19T02:00Z,2023-12-18,2024,2,UTAH,BKN,125.0,108.0,False,,BetfairSportsbook,3.0,-111.0,-111.0,233.0,-111.0,-111.0,125.0,-163.0,3.5,232.0
401584986,2023-12-19T03:00Z,2023-12-18,2024,2,SAC,WSH,143.0,131.0,False,,BetfairSportsbook,-14.0,-111.0,-111.0,251.0,-111.0,-111.0,-1000.0,550.0,-11.5,244.5
401584987,2023-12-19T03:30Z,2023-12-18,2024,2,LAL,NY,109.0,114.0,False,,BetfairSportsbook,-4.5,-111.0,-111.0,234.5,-111.0,-111.0,-200.0,155.0,-4.5,227.5
401584988,2023-12-20T00:30Z,2023-12-19,2024,2,NO,MEM,113.0,115.0,False,,BetfairSportsbook,-8.5,-111.0,-111.0,229.5,-111.0,-111.0,-450.0,310.0,-7.0,232.5
401584989,2023-12-20T01:00Z,2023-12-19,2024,2,MIL,SA,132.0,119.0,False,,BetfairSportsbook,-16.5,-111.0,-111.0,249.0,-111.0,-111.0,-1600.0,750.0,-13.5,247.5
401584990,2023-12-20T03:00Z,2023-12-19,2024,2,GS,BOS,132.0,126.0,False,,BetfairSportsbook,5.0,-111.0,-111.0,233.5,-111.0,-111.0,163.0,-213.0,5.5,231.5
401584991,2023-12-20T03:00Z,2023-12-19,2024,2,POR,PHX,109.0,104.0,False,,BetfairSportsbook,7.5,-111.0,-111.0,230.5,-111.0,-111.0,225.0,-300.0,7.5,232.0
401584992,2023-12-21T00:00Z,2023-12-20,2024,2,CLE,UTAH,124.0,116.0,False,,BetfairSportsbook,-3.5,-111.0,-111.0,225.5,-111.0,-111.0,-167.0,130.0,-7.5,227.5
401584993,2023-12-21T00:00Z,2023-12-20,2024,2,IND,CHA,144.0,113.0,False,,BetfairSportsbook,-10.5,-111.0,-111.0,245.5,-111.0,-111.0,-500.0,333.0,-11.0,248.5
401584994,2023-12-21T00:00Z,2023-12-20,2024,2,ORL,MIA,106.0,115.0,False,,BetfairSportsbook,-5.5,-111.0,-111.0,219.5,-111.0,-111.0,-225.0,170.0,-5.0,218.5
401584995,2023-12-21T00:00Z,2023-12-20,2024,2,PHI,MIN,127.0,113.0,False,,BetfairSportsbook,-4.0,-111.0,-111.0,226.0,-111.0,-111.0,-188.0,145.0,-3.5,224.5
401584996,2023-12-21T00:30Z,2023-12-20,2024,2,BKN,NY,102.0,121.0,False,,BetfairSportsbook,1.0,-111.0,-111.0,232.5,-111.0,-111.0,-111.0,-111.0,1.0,231.5
401584997,2023-12-21T00:30Z,2023-12-20,2024,2,TOR,DEN,104.0,113.0,False,,BetfairSportsbook,3.5,-111.0,-111.0,229.0,-111.0,-111.0,138.0,-175.0,4.5,228.5
401584998,2023-12-21T01:00Z,2023-12-20,2024,2,CHI,LAL,124.0,108.0,False,,BetfairSportsbook,3.5,-111.0,-111.0,225.0,-111.0,-111.0,145.0,-188.0,5.0,225.5
401584999,2023-12-21T01:00Z,2023-12-20,2024,2,HOU,ATL,127.0,134.0,False,,BetfairSportsbook,-2.5,-111.0,-111.0,234.0,-111.0,-111.0,-150.0,115.0,-2.5,233.5
401585000,2023-12-21T01:30Z,2023-12-20,2024,2,DAL,LAC,111.0,120.0,False,,BetfairSportsbook,2.0,-111.0,-111.0,237.5,-111.0,-111.0,110.0,-138.0,3.5,240.5
401585001,2023-12-21T03:00Z,2023-12-20,2024,2,SAC,BOS,119.0,144.0,False,,BetfairSportsbook,-3.5,-111.0,-111.0,238.5,-111.0,-111.0,-175.0,138.0,2.0,232.5
401585002,2023-12-22T00:00Z,2023-12-21,2024,2,DET,UTAH,111.0,119.0,False,,BetfairSportsbook,-2.0,-111.0,-111.0,235.5,-111.0,-111.0,-138.0,110.0,2.0,238.5
401585003,2023-12-22T00:30Z,2023-12-21,2024,2,CLE,NO,104.0,123.0,False,,BetfairSportsbook,3.5,-111.0,-111.0,225.0,-111.0,-111.0,130.0,-167.0,-1.5,226.5
401585004,2023-12-22T01:00Z,2023-12-21,2024,2,CHI,SA,114.0,95.0,False,,BetfairSportsbook,-6.5,-111.0,-111.0,229.5,-111.0,-111.0,-250.0,188.0,-3.0,230.5
401585005,2023-12-22T01:00Z,2023-12-21,2024,2,MEM,IND,116.0,103.0,False,,BetfairSportsbook,-2.5,-111.0,-111.0,245.5,-111.0,-111.0,-150.0,115.0,-4.5,247.5
401585006,2023-12-22T01:00Z,2023-12-21,2024,2,MIL,ORL,118.0,114.0,False,,BetfairSportsbook,-8.5,-111.0,-111.0,238.0,-111.0,-111.0,-400.0,280.0,-8.0,238.5
401585007,2023-12-22T01:00Z,2023-12-21,2024,2,OKC,LAC,134.0,115.0,False,,BetfairSportsbook,-6.0,-111.0,-111.0,237.5,-111.0,-111.0,-250.0,188.0,-3.5,234.5
401585008,2023-12-22T02:00Z,2023-12-21,2024,2,MIN,LAL,118.0,111.0,False,,BetfairSportsbook,-8.0,-111.0,-111.0,222.0,-111.0,-111.0,-333.0,240.0,-4.5,224.5
401585009,2023-12-22T03:00Z,2023-12-21,2024,2,POR,WSH,117.0,118.0,False,,BetfairSportsbook,-4.5,-111.0,-111.0,238.5,-111.0,-111.0,-200.0,155.0,-4.0,238.5
401585010,2023-12-23T00:00Z,2023-12-22,2024,2,PHI,TOR,121.0,111.0,False,,BetfairSportsbook,-8.0,-111.0,-111.0,230.5,-111.0,-111.0,-300.0,225.0,-8.0,228.0
401585011,2023-12-23T00:30Z,2023-12-22,2024,2,BKN,DEN,117.0,122.0,False,,BetfairSportsbook,4.5,-111.0,-111.0,230.5,-111.0,-111.0,163.0,-213.0,3.5,230.5
401585012,2023-12-23T01:00Z,2023-12-22,2024,2,MIA,ATL,122.0,113.0,False,,BetfairSportsbook,-1.0,-111.0,-111.0,238.5,-111.0,-111.0,-111.0,-111.0,-2.5,237.5
401585013,2023-12-23T01:00Z,2023-12-22,2024,2,HOU,DAL,122.0,96.0,False,,BetfairSportsbook,-8.5,-111.0,-111.0,222.5,-111.0,-111.0,-350.0,250.0,-2.5,232.5
401585015,2023-12-23T03:00Z,2023-12-22,2024,2,SAC,PHX,120.0,105.0,False,,BetfairSportsbook,-4.0,-111.0,-111.0,244.5,-111.0,-111.0,-200.0,155.0,-2.5,245.5
401585014,2023-12-23T03:18Z,2023-12-22,2024,2,GS,WSH,129.0,118.0,False,,BetfairSportsbook,-11.0,-111.0,-111.0,248.5,-111.0,-111.0,-500.0,333.0,-12.0,247.5
401585016,2023-12-23T17:30Z,2023-12-23,2024,2,NY,MIL,111.0,130.0,False,,BetfairSportsbook,2.0,-111.0,-111.0,243.5,-111.0,-111.0,110.0,-138.0,2.0,239.5
401585017,2023-12-23T20:30Z,2023-12-23,2024,2,LAC,BOS,108.0,145.0,False,,BetfairSportsbook,4.5,-111.0,-111.0,232.0,-111.0,-111.0,145.0,-188.0,1.0,229.5
401585018,2023-12-24T00:00Z,2023-12-23,2024,2,CHA,DEN,95.0,102.0,False,,BetfairSportsbook,11.0,-111.0,-111.0,224.0,-111.0,-111.0,400.0,-600.0,8.0,226.5
401585019,2023-12-24T00:00Z,2023-12-23,2024,2,IND,ORL,110.0,117.0,False,,BetfairSportsbook,-2.5,-111.0,-111.0,245.0,-111.0,-111.0,-150.0,115.0,-2.0,245.5
401585020,2023-12-24T00:00Z,2023-12-23,2024,2,NO,HOU,104.0,106.0,False,,BetfairSportsbook,-7.5,-111.0,-111.0,226.5,-111.0,-111.0,-300.0,225.0,-6.0,223.5
401585021,2023-12-24T00:30Z,2023-12-23,2024,2,ATL,MEM,119.0,125.0,False,,BetfairSportsbook,-1.5,-111.0,-111.0,237.0,-111.0,-111.0,-125.0,100.0,1.0,240.5
401585022,2023-12-24T00:30Z,2023-12-23,2024,2,BKN,DET,126.0,115.0,False,,BetfairSportsbook,-9.5,-111.0,-111.0,231.0,-111.0,-111.0,-500.0,333.0,-9.5,232.5
401585023,2023-12-24T00:30Z,2023-12-23,2024,2,TOR,UTAH,119.0,126.0,False,,BetfairSportsbook,-5.5,-111.0,-111.0,232.5,-111.0,-111.0,-225.0,170.0,-6.5,229.5
401585024,2023-12-24T01:00Z,2023-12-23,2024,2,CHI,CLE,95.0,109.0,False,,BetfairSportsbook,-6.0,-111.0,-111.0,214.0,-111.0,-111.0,-250.0,188.0,-5.5,219.0
401585025,2023-12-24T01:00Z,2023-12-23,2024,2,OKC,LAL,120.0,129.0,False,,BetfairSportsbook,-3.5,-111.0,-111.0,239.0,-111.0,-111.0,-175.0,138.0,-4.0,236.5
401585026,2023-12-24T01:30Z,2023-12-23,2024,2,DAL,SA,144.0,119.0,False,,BetfairSportsbook,-8.5,-111.0,-111.0,243.0,-111.0,-111.0,-350.0,250.0,-7.0,239.5
401585027,2023-12-24T01:30Z,2023-12-23,2024,2,GS,POR,126.0,106.0,False,,BetfairSportsbook,-8.0,-111.0,-111.0,231.0,-111.0,-111.0,-350.0,250.0,-13.0,225.5
401585028,2023-12-24T03:00Z,2023-12-23,2024,2,SAC,MIN,98.0,110.0,False,,BetfairSportsbook,-2.0,-111.0,-111.0,232.5,-111.0,-111.0,-133.0,105.0,-1.0,232.5
401585029,2023-12-25T17:00Z,2023-12-25,2024,2,NY,MIL,129.0,122.0,False,,BetfairSportsbook,3.5,-111.0,-111.0,243.5,-111.0,-111.0,138.0,-175.0,,243.5
401585030,2023-12-25T19:30Z,2023-12-25,2024,2,DEN,GS,120.0,114.0,False,,BetfairSportsbook,-7.5,-111.0,-111.0,235.5,-111.0,-111.0,-333.0,240.0,,233.0
401585031,2023-12-25T22:00Z,2023-12-25,2024,2,LAL,BOS,115.0,126.0,False,,BetfairSportsbook,5.0,-111.0,-111.0,235.0,-111.0,-111.0,163.0,-213.0,,231.0
401585032,2023-12-26T01:00Z,2023-12-25,2024,2,MIA,PHI,119.0,113.0,False,,BetfairSportsbook,-2.5,-111.0,-111.0,228.0,-111.0,-111.0,-150.0,115.0,,226.5
401585033,2023-12-26T03:43Z,2023-12-25,2024,2,PHX,DAL,114.0,128.0,False,,BetfairSportsbook,-4.0,-111.0,-111.0,243.0,-111.0,-111.0,-188.0,145.0,,235.5
401585034,2023-12-27T00:00Z,2023-12-26,2024,2,DET,BKN,112.0,118.0,False,,BetfairSportsbook,6.5,-111.0,-111.0,228.5,-111.0,-111.0,188.0,-250.0,6.5,232.5
401585035,2023-12-27T00:00Z,2023-12-26,2024,2,WSH,ORL,119.0,127.0,False,,BetfairSportsbook,7.0,-111.0,-111.0,237.0,-111.0,-111.0,210.0,-275.0,6.5,237.0
401585036,2023-12-27T01:00Z,2023-12-26,2024,2,CHI,ATL,118.0,113.0,False,,BetfairSportsbook,2.5,-111.0,-111.0,238.0,-111.0,-111.0,110.0,-138.0,1.0,235.0
401585037,2023-12-27T01:00Z,2023-12-26,2024,2,HOU,IND,117.0,123.0,False,,BetfairSportsbook,-2.5,-111.0,-111.0,240.5,-111.0,-111.0,-150.0,115.0,-2.5,236.5
401585038,2023-12-27T01:00Z,2023-12-26,2024,2,NO,MEM,115.0,116.0,False,,BetfairSportsbook,-5.0,-111.0,-111.0,229.5,-111.0,-111.0,-200.0,155.0,-4.0,229.5
401585039,2023-12-27T01:00Z,2023-12-26,2024,2,OKC,MIN,129.0,106.0,False,,BetfairSportsbook,-2.0,-111.0,-111.0,230.5,-111.0,-111.0,-125.0,100.0,-4.0,225.5
401585040,2023-12-27T01:00Z,2023-12-26,2024,2,SA,UTAH,118.0,130.0,False,,BetfairSportsbook,2.5,-111.0,-111.0,241.5,-111.0,-111.0,125.0,-163.0,1.5,242.5
401585041,2023-12-27T03:00Z,2023-12-26,2024,2,POR,SAC,130.0,113.0,False,,BetfairSportsbook,9.0,-111.0,-111.0,236.5,-111.0,-111.0,310.0,-450.0,5.5,235.5
401585042,2023-12-27T03:30Z,2023-12-26,2024,2,LAC,CHA,113.0,104.0,False,,BetfairSportsbook,-11.0,-111.0,-111.0,226.5,-111.0,-111.0,-600.0,400.0,-11.0,228.5
401585043,2023-12-28T00:00Z,2023-12-27,2024,2,ORL,PHI,92.0,112.0,False,,BetfairSportsbook,-2.0,-111.0,-111.0,228.5,-111.0,-111.0,-150.0,115.0,-1.0,224.5
401585044,2023-12-28T00:00Z,2023-12-27,2024,2,WSH,TOR,102.0,132.0,False,,BetfairSportsbook,6.5,-111.0,-111.0,242.0,-111.0,-111.0,210.0,-275.0,5.0,240.5
401585045,2023-12-28T00:30Z,2023-12-27,2024,2,BKN,MIL,122.0,144.0,False,,BetfairSportsbook,10.0,-111.0,-111.0,244.0,-111.0,-111.0,333.0,-500.0,3.0,241.5
401585046,2023-12-28T01:00Z,2023-12-27,2024,2,HOU,PHX,113.0,129.0,False,,BetfairSportsbook,3.5,-111.0,-111.0,225.0,-111.0,-111.0,130.0,-167.0,1.5,225.5
401585047,2023-12-28T01:00Z,2023-12-27,2024,2,OKC,NY,129.0,120.0,False,,BetfairSportsbook,-3.5,-111.0,-111.0,241.0,-111.0,-111.0,-175.0,138.0,-2.0,238.5
401585048,2023-12-28T01:30Z,2023-12-27,2024,2,DAL,CLE,110.0,113.0,False,,BetfairSportsbook,-6.5,-111.0,-111.0,232.0,-111.0,-111.0,-275.0,210.0,-7.0,234.0
401585049,2023-12-29T00:30Z,2023-12-28,2024,2,BOS,DET,128.0,122.0,False,,BetfairSportsbook,-17.0,-111.0,-111.0,233.5,-111.0,-111.0,-1400.0,700.0,-18.5,233.5
401585050,2023-12-29T01:00Z,2023-12-28,2024,2,CHI,IND,104.0,120.0,False,,BetfairSportsbook,1.0,-111.0,-111.0,238.5,-111.0,-111.0,-111.0,-111.0,2.0,239.5
401585051,2023-12-29T01:00Z,2023-12-28,2024,2,MIN,DAL,118.0,110.0,False,,BetfairSportsbook,-12.5,-111.0,-111.0,228.0,-111.0,-111.0,-800.0,500.0,-8.5,228.5
401585052,2023-12-29T01:00Z,2023-12-28,2024,2,NO,UTAH,112.0,105.0,False,,BetfairSportsbook,-9.0,-111.0,-111.0,239.5,-111.0,-111.0,-450.0,310.0,-9.0,237.0
401585053,2023-12-29T02:00Z,2023-12-28,2024,2,DEN,MEM,142.0,105.0,False,,BetfairSportsbook,-9.0,-111.0,-111.0,223.0,-111.0,-111.0,-400.0,280.0,-6.0,227.5
401585054,2023-12-29T03:00Z,2023-12-28,2024,2,GS,MIA,102.0,114.0,False,,BetfairSportsbook,-6.5,-111.0,-111.0,232.0,-111.0,-111.0,-275.0,210.0,-2.0,224.5
401585055,2023-12-29T03:00Z,2023-12-28,2024,2,POR,SA,105.0,118.0,False,,BetfairSportsbook,-3.0,-111.0,-111.0,233.0,-111.0,-111.0,-163.0,125.0,-5.5,232.5
401585056,2023-12-29T03:30Z,2023-12-28,2024,2,LAL,CHA,133.0,112.0,False,,BetfairSportsbook,-13.0,-111.0,-111.0,227.0,-111.0,-111.0,-1000.0,550.0,-12.0,228.5
401585057,2023-12-30T00:00Z,2023-12-29,2024,2,ORL,NY,117.0,108.0,False,,BetfairSportsbook,1.0,-111.0,-111.0,226.5,-111.0,-111.0,-111.0,-111.0,-1.5,226.5
401585058,2023-12-30T00:00Z,2023-12-29,2024,2,WSH,BKN,110.0,104.0,False,,BetfairSportsbook,6.0,-111.0,-111.0,242.0,-111.0,-111.0,188.0,-250.0,6.0,239.5
401585059,2023-12-30T00:30Z,2023-12-29,2024,2,ATL,SAC,110.0,117.0,False,,BetfairSportsbook,1.5,-111.0,-111.0,252.0,-111.0,-111.0,-111.0,-111.0,1.0,251.0
401585060,2023-12-30T00:30Z,2023-12-29,2024,2,BOS,TOR,120.0,118.0,False,,BetfairSportsbook,-5.0,-111.0,-111.0,228.0,-111.0,-111.0,-213.0,163.0,-10.5,223.5
401585061,2023-12-30T00:30Z,2023-12-29,2024,2,CLE,MIL,111.0,119.0,False,,BetfairSportsbook,5.0,-111.0,-111.0,241.5,-111.0,-111.0,163.0,-213.0,5.0,239.0
401585062,2023-12-30T01:00Z,2023-12-29,2024,2,HOU,PHI,127.0,131.0,False,,BetfairSportsbook,1.0,-111.0,-111.0,224.0,-111.0,-111.0,-111.0,-111.0,1.5,217.0
401585063,2023-12-30T02:00Z,2023-12-29,2024,2,DEN,OKC,93.0,119.0,False,,BetfairSportsbook,-2.0,-111.0,-111.0,236.5,-111.0,-111.0,-133.0,105.0,-3.5,229.5
401585064,2023-12-30T02:00Z,2023-12-29,2024,2,PHX,CHA,133.0,119.0,False,,BetfairSportsbook,-15.5,-111.0,-111.0,231.5,-111.0,-111.0,-1400.0,700.0,-15.0,234.5
401585065,2023-12-30T03:00Z,2023-12-29,2024,2,POR,SA,134.0,128.0,False,,BetfairSportsbook,-4.5,-111.0,-111.0,233.5,-111.0,-111.0,-200.0,155.0,-5.5,234.0
401585066,2023-12-30T03:30Z,2023-12-29,2024,2,LAC,MEM,117.0,106.0,False,,BetfairSportsbook,-4.0,-111.0,-111.0,230.5,-111.0,-111.0,-200.0,155.0,-6.0,224.5
401585067,2023-12-30T22:00Z,2023-12-30,2024,2,UTAH,MIA,117.0,109.0,False,,BetfairSportsbook,3.0,-111.0,-111.0,231.0,-111.0,-111.0,125.0,-163.0,2.0,228.5
401585068,2023-12-30T23:00Z,2023-12-30,2024,2,DET,TOR,129.0,127.0,False,,BetfairSportsbook,4.0,-111.0,-111.0,232.0,-111.0,-111.0,155.0,-200.0,4.5,229.5
401585069,2023-12-31T00:00Z,2023-12-30,2024,2,IND,NY,140.0,126.0,False,,BetfairSportsbook,-4.0,-111.0,-111.0,248.5,-111.0,-111.0,-175.0,138.0,-3.0,248.5
401585070,2023-12-31T01:00Z,2023-12-30,2024,2,CHI,PHI,105.0,92.0,False,,BetfairSportsbook,-1.0,-111.0,-111.0,225.5,-111.0,-111.0,-111.0,-111.0,-1.0,222.5
401585071,2023-12-31T01:00Z,2023-12-30,2024,2,MIN,LAL,108.0,106.0,False,,BetfairSportsbook,-4.5,-111.0,-111.0,227.0,-111.0,-111.0,-175.0,138.0,-4.0,224.5
401585072,2023-12-31T01:30Z,2023-12-30,2024,2,GS,DAL,122.0,132.0,False,,BetfairSportsbook,-4.0,-111.0,-111.0,243.0,-111.0,-111.0,-188.0,145.0,-4.0,240.5
401585073,2023-12-31T20:00Z,2023-12-31,2024,2,WSH,ATL,126.0,130.0,False,,BetfairSportsbook,6.5,-111.0,-111.0,252.0,-111.0,-111.0,210.0,-275.0,6.5,251.5
401585074,2024-01-01T00:00Z,2023-12-31,2024,2,NO,LAL,129.0,109.0,False,,BetfairSportsbook,-6.5,-111.0,-111.0,232.0,-111.0,-111.0,-250.0,188.0,-4.0,227.5
401585075,2024-01-01T00:00Z,2023-12-31,2024,2,OKC,BKN,124.0,108.0,False,,BetfairSportsbook,-7.5,-111.0,-111.0,235.0,-111.0,-111.0,-300.0,225.0,-8.0,234.5
401585076,2024-01-01T00:00Z,2023-12-31,2024,2,SA,BOS,101.0,134.0,False,,BetfairSportsbook,14.5,-111.0,-111.0,241.5,-111.0,-111.0,550.0,-1000.0,12.5,240.5
401585077,2024-01-01T01:00Z,2023-12-31,2024,2,MEM,SAC,92.0,123.0,False,,BetfairSportsbook,-1.0,-111.0,-111.0,237.0,-111.0,-111.0,-111.0,-111.0,1.0,236.5
401585078,2024-01-01T01:00Z,2023-12-31,2024,2,PHX,ORL,112.0,107.0,False,,BetfairSportsbook,-5.5,-111.0,-111.0,232.0,-111.0,-111.0,-250.0,188.0,-5.5,228.5
401585079,2024-01-01T20:00Z,2024-01-01,2024,2,NY,MIN,112.0,106.0,False,,BetfairSportsbook,1.0,-111.0,-111.0,222.0,-111.0,-111.0,-111.0,-111.0,1.0,222.0
401585080,2024-01-02T00:30Z,2024-01-01,2024,2,TOR,CLE,124.0,121.0,False,,BetfairSportsbook,-2.5,-111.0,-111.0,227.5,-111.0,-111.0,-154.0,120.0,-2.5,223.5
401585081,2024-01-02T01:00Z,2024-01-01,2024,2,HOU,DET,136.0,113.0,False,,BetfairSportsbook,-9.5,-111.0,-111.0,227.5,-111.0,-111.0,-450.0,310.0,-7.0,227.5
401585082,2024-01-02T01:00Z,2024-01-01,2024,2,MIL,IND,113.0,122.0,False,,BetfairSportsbook,-8.5,-111.0,-111.0,261.5,-111.0,-111.0,-350.0,250.0,-7.5,258.5
401585083,2024-01-02T02:00Z,2024-01-01,2024,2,DEN,CHA,111.0,93.0,False,,BetfairSportsbook,-17.0,-111.0,-111.0,224.5,-111.0,-111.0,-1600.0,750.0,-14.5,227.5
401585084,2024-01-02T02:00Z,2024-01-01,2024,2,PHX,POR,109.0,88.0,False,,BetfairSportsbook,-9.0,-111.0,-111.0,229.0,-111.0,-111.0,-450.0,310.0,-11.5,229.5
401585085,2024-01-02T02:00Z,2024-01-01,2024,2,UTAH,DAL,127.0,90.0,False,,BetfairSportsbook,4.5,-111.0,-111.0,247.0,-111.0,-111.0,155.0,-200.0,3.5,245.5
401585086,2024-01-02T03:30Z,2024-01-01,2024,2,LAC,MIA,121.0,104.0,False,,BetfairSportsbook,-8.0,-111.0,-111.0,228.5,-111.0,-111.0,-350.0,250.0,-6.5,228.5
401585087,2024-01-03T00:00Z,2024-01-02,2024,2,PHI,CHI,110.0,97.0,False,,BetfairSportsbook,-10.0,-111.0,-111.0,223.5,-111.0,-111.0,-500.0,333.0,-10.5,223.5
401585088,2024-01-03T01:00Z,2024-01-02,2024,2,MEM,SA,106.0,98.0,False,,BetfairSportsbook,-11.0,-111.0,-111.0,237.0,-111.0,-111.0,-700.0,450.0,-12.5,229.5
401585089,2024-01-03T01:00Z,2024-01-02,2024,2,NO,BKN,112.0,85.0,False,,BetfairSportsbook,-5.5,-111.0,-111.0,227.5,-111.0,-111.0,-225.0,170.0,-7.5,231.5
401585090,2024-01-03T01:00Z,2024-01-02,2024,2,OKC,BOS,127.0,123.0,False,,BetfairSportsbook,4.0,-111.0,-111.0,239.5,-111.0,-111.0,145.0,-188.0,1.5,238.5
401585091,2024-01-03T03:00Z,2024-01-02,2024,2,GS,ORL,121.0,115.0,False,,BetfairSportsbook,-3.5,-111.0,-111.0,230.5,-111.0,-111.0,-175.0,138.0,-4.0,230.5
401585092,2024-01-03T03:00Z,2024-01-02,2024,2,SAC,CHA,104.0,111.0,False,,BetfairSportsbook,-15.0,-111.0,-111.0,233.0,-111.0,-111.0,-1400.0,700.0,-15.5,233.5
401585093,2024-01-04T00:00Z,2024-01-03,2024,2,CLE,WSH,140.0,101.0,False,,BetfairSportsbook,-9.0,-111.0,-111.0,239.5,-111.0,-111.0,-450.0,310.0,-8.5,240.5
401585094,2024-01-04T00:00Z,2024-01-03,2024,2,IND,MIL,142.0,130.0,False,,BetfairSportsbook,3.0,-111.0,-111.0,257.5,-111.0,-111.0,138.0,-175.0,2.5,258.5
401585095,2024-01-04T00:30Z,2024-01-03,2024,2,ATL,OKC,141.0,138.0,False,,BetfairSportsbook,1.0,-111.0,-111.0,248.5,-111.0,-111.0,-111.0,-111.0,1.0,249.5
401585097,2024-01-04T01:00Z,2024-01-03,2024,2,HOU,BKN,112.0,101.0,False,,BetfairSportsbook,-4.0,-111.0,-111.0,221.0,-111.0,-111.0,-175.0,138.0,-6.5,222.5
401585098,2024-01-04T01:00Z,2024-01-03,2024,2,MEM,TOR,111.0,116.0,False,,BetfairSportsbook,-1.5,-111.0,-111.0,228.0,-111.0,-111.0,-125.0,100.0,-2.0,231.5
401585099,2024-01-04T01:00Z,2024-01-03,2024,2,MIN,NO,106.0,117.0,False,,BetfairSportsbook,-5.5,-111.0,-111.0,221.5,-111.0,-111.0,-225.0,170.0,-5.5,223.5
401585096,2024-01-04T01:30Z,2024-01-03,2024,2,NY,CHI,116.0,100.0,False,,BetfairSportsbook,-9.0,-111.0,-111.0,220.0,-111.0,-111.0,-400.0,280.0,-7.5,220.5
401585100,2024-01-04T01:30Z,2024-01-03,2024,2,DAL,POR,126.0,97.0,False,,BetfairSportsbook,-12.0,-111.0,-111.0,238.5,-111.0,-111.0,-700.0,450.0,-10.5,232.5
401585101,2024-01-04T02:00Z,2024-01-03,2024,2,PHX,LAC,122.0,131.0,False,,BetfairSportsbook,4.5,-111.0,-111.0,231.0,-111.0,-111.0,145.0,-188.0,-1.0,235.0
401585102,2024-01-04T02:00Z,2024-01-03,2024,2,UTAH,DET,154.0,148.0,False,,BetfairSportsbook,-8.5,-111.0,-111.0,241.0,-111.0,-111.0,-400.0,280.0,-6.5,239.5
401585103,2024-01-04T03:00Z,2024-01-03,2024,2,LAL,MIA,96.0,110.0,False,,BetfairSportsbook,-4.5,-111.0,-111.0,229.0,-111.0,-111.0,-213.0,163.0,-5.0,226.5
401585104,2024-01-04T03:00Z,2024-01-03,2024,2,SAC,ORL,138.0,135.0,False,,BetfairSportsbook,-5.5,-111.0,-111.0,232.0,-111.0,-111.0,-225.0,170.0,-3.5,233.0
401585105,2024-01-05T00:30Z,2024-01-04,2024,2,SA,MIL,121.0,125.0,False,,BetfairSportsbook,11.0,-111.0,-111.0,247.5,-111.0,-111.0,400.0,-600.0,9.5,250.5
401585106,2024-01-05T03:00Z,2024-01-04,2024,2,GS,DEN,127.0,130.0,False,,BetfairSportsbook,4.0,-111.0,-111.0,234.0,-111.0,-111.0,138.0,-175.0,3.0,233.5
401585107,2024-01-06T00:00Z,2024-01-05,2024,2,BOS,UTAH,126.0,97.0,False,,BetfairSportsbook,-14.0,-111.0,-111.0,240.5,-111.0,-111.0,-1000.0,550.0,-14.0,240.5
401585108,2024-01-06T00:00Z,2024-01-05,2024,2,IND,ATL,150.0,116.0,False,,BetfairSportsbook,-2.5,-111.0,-111.0,262.0,-111.0,-111.0,-150.0,115.0,-4.5,262.5
401585109,2024-01-06T00:30Z,2024-01-05,2024,2,BKN,OKC,124.0,115.0,False,,BetfairSportsbook,5.0,-111.0,-111.0,234.0,-111.0,-111.0,155.0,-200.0,4.5,233.5
401585110,2024-01-06T00:30Z,2024-01-05,2024,2,CLE,WSH,114.0,90.0,False,,BetfairSportsbook,-10.5,-111.0,-111.0,237.5,-111.0,-111.0,-600.0,400.0,-10.5,240.0
401585111,2024-01-06T00:30Z,2024-01-05,2024,2,PHI,NY,92.0,128.0,False,,BetfairSportsbook,-5.5,-111.0,-111.0,233.5,-111.0,-111.0,-250.0,188.0,-5.5,226.5
401585112,2024-01-06T01:00Z,2024-01-05,2024,2,CHI,CHA,104.0,91.0,False,,BetfairSportsbook,-8.5,-111.0,-111.0,218.0,-111.0,-111.0,-350.0,250.0,-7.0,224.0
401585113,2024-01-06T01:00Z,2024-01-05,2024,2,HOU,MIN,95.0,122.0,False,,BetfairSportsbook,4.5,-111.0,-111.0,216.5,-111.0,-111.0,145.0,-188.0,3.0,220.5
401585114,2024-01-06T01:00Z,2024-01-05,2024,2,NO,LAC,95.0,111.0,False,,BetfairSportsbook,1.0,-111.0,-111.0,230.5,-111.0,-111.0,-111.0,-111.0,-1.5,228.5
401585115,2024-01-06T01:30Z,2024-01-05,2024,2,DAL,POR,139.0,103.0,False,,BetfairSportsbook,-7.0,-111.0,-111.0,234.5,-111.0,-111.0,-333.0,240.0,-11.0,236.5
401585116,2024-01-06T02:00Z,2024-01-05,2024,2,DEN,ORL,120.0,122.0,False,,BetfairSportsbook,-10.5,-111.0,-111.0,224.5,-111.0,-111.0,-600.0,400.0,-11.0,225.0
401585117,2024-01-06T02:00Z,2024-01-05,2024,2,PHX,MIA,113.0,97.0,False,,BetfairSportsbook,-2.5,-111.0,-111.0,227.5,-111.0,-111.0,-150.0,115.0,-4.0,229.5
401585118,2024-01-06T03:00Z,2024-01-05,2024,2,GS,DET,113.0,109.0,False,,BetfairSportsbook,-11.0,-111.0,-111.0,240.5,-111.0,-111.0,-600.0,400.0,-10.0,240.5
401585119,2024-01-06T03:00Z,2024-01-05,2024,2,LAL,MEM,113.0,127.0,False,,BetfairSportsbook,-4.5,-111.0,-111.0,225.5,-111.0,-111.0,-200.0,155.0,-5.0,229.0
401585120,2024-01-06T03:00Z,2024-01-05,2024,2,SAC,TOR,135.0,130.0,False,,BetfairSportsbook,-4.5,-111.0,-111.0,237.5,-111.0,-111.0,-188.0,145.0,-5.5,237.5
401585121,2024-01-07T00:00Z,2024-01-06,2024,2,IND,BOS,101.0,118.0,False,,BetfairSportsbook,7.0,-111.0,-111.0,250.0,-111.0,-111.0,210.0,-275.0,4.5,245.5
401585122,2024-01-07T00:00Z,2024-01-06,2024,2,WSH,NY,105.0,121.0,False,,BetfairSportsbook,9.5,-111.0,-111.0,239.5,-111.0,-111.0,310.0,-450.0,8.0,238.0
401585123,2024-01-07T00:30Z,2024-01-06,2024,2,PHI,UTAH,109.0,120.0,False,,BetfairSportsbook,-6.5,-111.0,-111.0,236.5,-111.0,-111.0,-250.0,188.0,-12.5,237.0
401585124,2024-01-07T01:00Z,2024-01-06,2024,2,HOU,MIL,112.0,108.0,False,,BetfairSportsbook,7.0,-111.0,-111.0,237.0,-111.0,-111.0,225.0,-300.0,6.0,239.5
401585125,2024-01-07T18:00Z,2024-01-07,2024,2,CLE,SA,117.0,115.0,False,,BetfairSportsbook,-10.5,-111.0,-111.0,232.0,-111.0,-111.0,-600.0,400.0,-10.0,235.5
401585126,2024-01-07T20:00Z,2024-01-07,2024,2,BKN,POR,127.0,134.0,False,,BetfairSportsbook,-9.0,-111.0,-111.0,225.5,-111.0,-111.0,-450.0,310.0,-7.0,224.0
401585127,2024-01-07T23:00Z,2024-01-07,2024,2,ORL,ATL,117.0,110.0,False,,BetfairSportsbook,2.5,-111.0,-111.0,240.0,-111.0,-111.0,115.0,-150.0,1.0,240.5
401585128,2024-01-07T23:00Z,2024-01-07,2024,2,SAC,NO,100.0,133.0,False,,BetfairSportsbook,-4.5,-111.0,-111.0,233.5,-111.0,-111.0,-200.0,155.0,-5.0,234.5
401585129,2024-01-08T00:30Z,2024-01-07,2024,2,DAL,MIN,115.0,108.0,False,,BetfairSportsbook,2.0,-111.0,-111.0,233.5,-111.0,-111.0,110.0,-138.0,2.5,229.0
401585130,2024-01-08T01:00Z,2024-01-07,2024,2,DEN,DET,131.0,114.0,False,,BetfairSportsbook,-16.0,-111.0,-111.0,235.5,-111.0,-111.0,-1600.0,750.0,-17.0,237.5
401585131,2024-01-08T01:00Z,2024-01-07,2024,2,PHX,MEM,115.0,121.0,False,,BetfairSportsbook,-8.0,-111.0,-111.0,229.5,-111.0,-111.0,-333.0,240.0,-3.0,228.0
401585132,2024-01-08T01:30Z,2024-01-07,2024,2,GS,TOR,118.0,133.0,False,,BetfairSportsbook,-2.5,-111.0,-111.0,238.0,-111.0,-111.0,-138.0,110.0,-2.0,237.5
401585133,2024-01-08T02:30Z,2024-01-07,2024,2,LAL,LAC,106.0,103.0,False,,BetfairSportsbook,4.5,-111.0,-111.0,233.0,-111.0,-111.0,155.0,-200.0,2.0,232.0
401585134,2024-01-09T00:00Z,2024-01-08,2024,2,CHA,CHI,112.0,119.0,False,,BetfairSportsbook,7.0,-111.0,-111.0,215.5,-111.0,-111.0,210.0,-275.0,6.5,216.5
401585135,2024-01-09T00:00Z,2024-01-08,2024,2,IND,BOS,133.0,131.0,False,,BetfairSportsbook,3.5,-111.0,-111.0,247.0,-111.0,-111.0,130.0,-167.0,3.5,242.5
401585136,2024-01-09T00:00Z,2024-01-08,2024,2,WSH,OKC,128.0,136.0,False,,BetfairSportsbook,11.0,-111.0,-111.0,245.5,-111.0,-111.0,450.0,-700.0,11.5,245.5
401585137,2024-01-09T00:30Z,2024-01-08,2024,2,MIA,HOU,120.0,113.0,False,,BetfairSportsbook,-4.0,-111.0,-111.0,219.5,-111.0,-111.0,-200.0,155.0,-4.5,216.5
401585138,2024-01-09T01:00Z,2024-01-08,2024,2,MIL,UTAH,116.0,132.0,False,,BetfairSportsbook,-8.0,-111.0,-111.0,242.0,-111.0,-111.0,-400.0,280.0,-12.0,247.0
401585139,2024-01-09T03:30Z,2024-01-08,2024,2,LAC,PHX,138.0,111.0,False,,BetfairSportsbook,-5.0,-111.0,-111.0,235.0,-111.0,-111.0,-213.0,163.0,-6.5,226.0
401585140,2024-01-10T00:00Z,2024-01-09,2024,2,DET,SAC,110.0,131.0,False,,BetfairSportsbook,11.0,-111.0,-111.0,241.5,-111.0,-111.0,400.0,-600.0,10.0,243.5
401585141,2024-01-10T00:00Z,2024-01-09,2024,2,ORL,MIN,92.0,113.0,False,,BetfairSportsbook,5.5,-111.0,-111.0,217.0,-111.0,-111.0,170.0,-225.0,3.5,220.5
401585142,2024-01-10T00:30Z,2024-01-09,2024,2,NY,POR,112.0,84.0,False,,BetfairSportsbook,-13.0,-111.0,-111.0,229.0,-111.0,-111.0,-1000.0,550.0,-11.5,228.0
401585143,2024-01-10T01:30Z,2024-01-09,2024,2,DAL,MEM,103.0,120.0,False,,BetfairSportsbook,-9.5,-111.0,-111.0,236.5,-111.0,-111.0,-500.0,333.0,-4.5,236.5
401585144,2024-01-10T03:30Z,2024-01-09,2024,2,LAL,TOR,132.0,131.0,False,,BetfairSportsbook,-4.5,-111.0,-111.0,237.5,-111.0,-111.0,-213.0,163.0,-5.0,230.5
401585145,2024-01-11T00:00Z,2024-01-10,2024,2,BOS,MIN,127.0,120.0,False,,BetfairSportsbook,-10.5,-111.0,-111.0,227.5,-111.0,-111.0,-500.0,333.0,-6.0,224.0
401585146,2024-01-11T00:00Z,2024-01-10,2024,2,CHA,SAC,98.0,123.0,False,,BetfairSportsbook,8.5,-111.0,-111.0,230.0,-111.0,-111.0,250.0,-350.0,6.0,234.5
401585147,2024-01-11T00:00Z,2024-01-10,2024,2,DET,SA,108.0,130.0,False,,BetfairSportsbook,3.0,-111.0,-111.0,238.5,-111.0,-111.0,125.0,-163.0,3.5,239.5
401585148,2024-01-11T00:00Z,2024-01-10,2024,2,IND,WSH,112.0,104.0,False,,BetfairSportsbook,-8.0,-111.0,-111.0,252.0,-111.0,-111.0,-333.0,240.0,-7.5,251.5
401585149,2024-01-11T00:30Z,2024-01-10,2024,2,ATL,PHI,139.0,132.0,False,,BetfairSportsbook,-1.5,-111.0,-111.0,246.5,-111.0,-111.0,-111.0,-111.0,-2.0,244.5
401585150,2024-01-11T00:30Z,2024-01-10,2024,2,MIA,OKC,120.0,128.0,False,,BetfairSportsbook,4.5,-111.0,-111.0,232.5,-111.0,-111.0,155.0,-200.0,3.0,232.5
401585151,2024-01-11T01:00Z,2024-01-10,2024,2,CHI,HOU,124.0,119.0,False,,BetfairSportsbook,-4.0,-111.0,-111.0,216.5,-111.0,-111.0,-188.0,145.0,-2.5,216.5
401585153,2024-01-11T01:30Z,2024-01-10,2024,2,GS,NO,105.0,141.0,False,,BetfairSportsbook,2.5,-111.0,-111.0,234.0,-111.0,-111.0,115.0,-150.0,-1.0,233.0
401585152,2024-01-11T03:00Z,2024-01-10,2024,2,UTAH,DEN,124.0,111.0,False,,BetfairSportsbook,6.5,-111.0,-111.0,238.5,-111.0,-111.0,210.0,-275.0,7.0,239.0
401585154,2024-01-11T03:30Z,2024-01-10,2024,2,LAC,TOR,126.0,120.0,False,,BetfairSportsbook,-11.5,-111.0,-111.0,233.0,-111.0,-111.0,-700.0,450.0,-10.5,236.5
401585155,2024-01-11T19:00Z,2024-01-11,2024,2,CLE,BKN,111.0,102.0,True,NBA Paris Game,BetfairSportsbook,-3.5,-111.0,-111.0,221.5,-111.0,-111.0,-175.0,138.0,-2.0,224.5
401585156,2024-01-12T00:30Z,2024-01-11,2024,2,MIL,BOS,135.0,102.0,False,,BetfairSportsbook,-2.5,-111.0,-111.0,247.0,-111.0,-111.0,-138.0,110.0,-6.0,240.0
401585157,2024-01-12T01:00Z,2024-01-11,2024,2,OKC,POR,139.0,77.0,False,,BetfairSportsbook,-13.5,-111.0,-111.0,237.0,-111.0,-111.0,-1200.0,650.0,-13.5,232.5
401585158,2024-01-12T01:30Z,2024-01-11,2024,2,DAL,NY,128.0,124.0,False,,BetfairSportsbook,5.0,-111.0,-111.0,234.5,-111.0,-111.0,163.0,-213.0,3.5,229.5
401585159,2024-01-12T03:00Z,2024-01-11,2024,2,LAL,PHX,109.0,127.0,False,,BetfairSportsbook,1.0,-111.0,-111.0,238.5,-111.0,-111.0,-111.0,-111.0,-2.0,235.5
401585160,2024-01-13T00:30Z,2024-01-12,2024,2,PHI,SAC,112.0,93.0,False,,BetfairSportsbook,1.0,-111.0,-111.0,242.5,-111.0,-111.0,-111.0,-111.0,1.0,239.5
401585161,2024-01-13T00:30Z,2024-01-12,2024,2,ATL,IND,108.0,126.0,False,,BetfairSportsbook,-6.0,-111.0,-111.0,250.5,-111.0,-111.0,-250.0,188.0,-5.0,254.5
401585162,2024-01-13T00:30Z,2024-01-12,2024,2,DET,HOU,110.0,112.0,False,,BetfairSportsbook,9.0,-111.0,-111.0,225.0,-111.0,-111.0,310.0,-450.0,8.5,227.0
401585163,2024-01-13T01:00Z,2024-01-12,2024,2,MIA,ORL,99.0,96.0,False,,BetfairSportsbook,-1.5,-111.0,-111.0,219.5,-111.0,-111.0,-125.0,100.0,-3.0,218.0
401585164,2024-01-13T01:00Z,2024-01-12,2024,2,CHI,GS,131.0,140.0,False,,BetfairSportsbook,-3.0,-111.0,-111.0,228.0,-111.0,-111.0,-154.0,120.0,-3.0,228.5
401585165,2024-01-13T01:00Z,2024-01-12,2024,2,MEM,LAC,119.0,128.0,False,,BetfairSportsbook,8.5,-111.0,-111.0,224.5,-111.0,-111.0,280.0,-400.0,7.5,227.5
401585166,2024-01-13T01:00Z,2024-01-12,2024,2,MIN,POR,116.0,93.0,False,,BetfairSportsbook,-16.0,-111.0,-111.0,220.5,-111.0,-111.0,-1400.0,700.0,-13.5,221.5
401585169,2024-01-13T01:00Z,2024-01-12,2024,2,SA,CHA,135.0,99.0,False,,BetfairSportsbook,-2.5,-111.0,-111.0,236.5,-111.0,-111.0,-138.0,110.0,-1.5,242.0
401585168,2024-01-13T02:30Z,2024-01-12,2024,2,UTAH,TOR,145.0,113.0,False,,BetfairSportsbook,-1.0,-111.0,-111.0,242.5,-111.0,-111.0,-111.0,-111.0,-2.5,236.5
401585167,2024-01-13T03:00Z,2024-01-12,2024,2,DEN,NO,125.0,113.0,False,,BetfairSportsbook,-5.5,-111.0,-111.0,230.5,-111.0,-111.0,-250.0,188.0,-6.0,230.5
401585170,2024-01-14T00:00Z,2024-01-13,2024,2,BOS,HOU,145.0,113.0,False,,BetfairSportsbook,-15.0,-111.0,-111.0,226.5,-111.0,-111.0,-1200.0,650.0,-14.0,230.5
401585171,2024-01-14T00:30Z,2024-01-13,2024,2,ATL,WSH,99.0,127.0,False,,BetfairSportsbook,-8.0,-111.0,-111.0,248.0,-111.0,-111.0,-333.0,240.0,-8.5,254.5
401585172,2024-01-14T01:00Z,2024-01-13,2024,2,MEM,NY,94.0,106.0,False,,BetfairSportsbook,11.0,-111.0,-111.0,219.0,-111.0,-111.0,400.0,-600.0,8.0,225.5
401585173,2024-01-14T01:00Z,2024-01-13,2024,2,MIL,GS,129.0,118.0,False,,BetfairSportsbook,-14.0,-111.0,-111.0,241.0,-111.0,-111.0,-1000.0,550.0,-10.0,246.5
401585174,2024-01-14T01:00Z,2024-01-13,2024,2,OKC,ORL,112.0,100.0,False,,BetfairSportsbook,-11.5,-111.0,-111.0,232.0,-111.0,-111.0,-600.0,400.0,-11.0,232.5
401585175,2024-01-14T01:30Z,2024-01-13,2024,2,DAL,NO,108.0,118.0,False,,BetfairSportsbook,-6.0,-111.0,-111.0,227.5,-111.0,-111.0,-225.0,170.0,1.0,233.5
401585176,2024-01-14T01:30Z,2024-01-13,2024,2,SA,CHI,116.0,122.0,False,,BetfairSportsbook,6.5,-111.0,-111.0,229.0,-111.0,-111.0,188.0,-250.0,4.0,223.0
401585177,2024-01-14T02:30Z,2024-01-13,2024,2,UTAH,LAL,132.0,125.0,False,,BetfairSportsbook,-2.5,-111.0,-111.0,237.5,-111.0,-111.0,-150.0,115.0,1.0,235.5
401585178,2024-01-14T20:30Z,2024-01-14,2024,2,DEN,IND,117.0,109.0,False,,BetfairSportsbook,-10.5,-111.0,-111.0,240.5,-111.0,-111.0,-600.0,400.0,-10.5,239.5
401585179,2024-01-14T23:00Z,2024-01-14,2024,2,MIA,CHA,104.0,87.0,False,,BetfairSportsbook,-8.5,-111.0,-111.0,226.0,-111.0,-111.0,-400.0,280.0,-8.0,222.5
401585180,2024-01-15T00:00Z,2024-01-14,2024,2,MIL,SAC,143.0,142.0,False,,BetfairSportsbook,-4.0,-111.0,-111.0,246.0,-111.0,-111.0,-188.0,145.0,-5.5,249.0
401585181,2024-01-15T00:00Z,2024-01-14,2024,2,MIN,LAC,109.0,105.0,False,,BetfairSportsbook,-1.0,-111.0,-111.0,224.0,-111.0,-111.0,-111.0,-111.0,-1.5,224.0
401585182,2024-01-15T02:00Z,2024-01-14,2024,2,POR,PHX,116.0,127.0,False,,BetfairSportsbook,14.0,-111.0,-111.0,234.0,-111.0,-111.0,550.0,-1000.0,9.5,229.0
401585183,2024-01-15T18:00Z,2024-01-15,2024,2,PHI,HOU,124.0,115.0,False,,BetfairSportsbook,-8.0,-111.0,-111.0,229.0,-111.0,-111.0,-350.0,250.0,-7.5,228.5
401585184,2024-01-15T19:30Z,2024-01-15,2024,2,DAL,NO,125.0,120.0,False,,BetfairSportsbook,4.5,-111.0,-111.0,236.5,-111.0,-111.0,155.0,-200.0,-1.0,233.5
401585185,2024-01-15T20:00Z,2024-01-15,2024,2,NY,ORL,94.0,98.0,False,,BetfairSportsbook,-5.5,-111.0,-111.0,218.5,-111.0,-111.0,-225.0,170.0,-6.5,222.5
401585186,2024-01-15T20:00Z,2024-01-15,2024,2,WSH,DET,117.0,129.0,False,,BetfairSportsbook,-6.0,-111.0,-111.0,239.0,-111.0,-111.0,-250.0,188.0,-4.0,243.5
401585187,2024-01-15T20:30Z,2024-01-15,2024,2,ATL,SA,109.0,99.0,False,,BetfairSportsbook,-8.5,-111.0,-111.0,246.0,-111.0,-111.0,-350.0,250.0,-9.0,249.0
401585188,2024-01-15T23:00Z,2024-01-15,2024,2,MEM,GS,116.0,107.0,False,,BetfairSportsbook,7.5,-111.0,-111.0,226.5,-111.0,-111.0,225.0,-300.0,8.0,227.0
401585189,2024-01-16T00:00Z,2024-01-15,2024,2,CLE,CHI,109.0,91.0,False,,BetfairSportsbook,-4.5,-111.0,-111.0,222.0,-111.0,-111.0,-188.0,145.0,-4.5,219.0
401585190,2024-01-16T00:30Z,2024-01-15,2024,2,BKN,MIA,95.0,96.0,False,,BetfairSportsbook,1.0,-111.0,-111.0,221.0,-111.0,-111.0,-111.0,-111.0,-1.5,216.5
401585191,2024-01-16T00:30Z,2024-01-15,2024,2,TOR,BOS,96.0,105.0,False,,BetfairSportsbook,6.5,-111.0,-111.0,238.5,-111.0,-111.0,210.0,-275.0,7.0,240.0
401585192,2024-01-16T02:00Z,2024-01-15,2024,2,UTAH,IND,132.0,105.0,False,,BetfairSportsbook,-7.0,-111.0,-111.0,247.0,-111.0,-111.0,-275.0,210.0,-7.0,249.0
401585193,2024-01-16T03:30Z,2024-01-15,2024,2,LAL,OKC,112.0,105.0,False,,BetfairSportsbook,3.0,-111.0,-111.0,241.5,-111.0,-111.0,120.0,-154.0,2.0,240.0
401585194,2024-01-17T00:30Z,2024-01-16,2024,2,PHI,DEN,126.0,121.0,False,,BetfairSportsbook,-2.0,-111.0,-111.0,232.5,-111.0,-111.0,-133.0,105.0,-1.0,229.0
401585195,2024-01-17T02:00Z,2024-01-16,2024,2,PHX,SAC,119.0,117.0,False,,BetfairSportsbook,-4.0,-111.0,-111.0,244.5,-111.0,-111.0,-188.0,145.0,-4.0,243.0
401585196,2024-01-17T03:00Z,2024-01-16,2024,2,LAC,OKC,128.0,117.0,False,,BetfairSportsbook,-6.0,-111.0,-111.0,240.0,-111.0,-111.0,-250.0,188.0,-5.0,236.0
401585197,2024-01-18T00:00Z,2024-01-17,2024,2,DET,MIN,117.0,124.0,False,,BetfairSportsbook,12.5,-111.0,-111.0,223.0,-111.0,-111.0,500.0,-800.0,13.5,221.5
401585198,2024-01-18T00:30Z,2024-01-17,2024,2,ATL,ORL,106.0,104.0,False,,BetfairSportsbook,-4.5,-111.0,-111.0,228.5,-111.0,-111.0,-200.0,155.0,-3.0,236.5
401585199,2024-01-18T00:30Z,2024-01-17,2024,2,BOS,SA,117.0,98.0,False,,BetfairSportsbook,-15.0,-111.0,-111.0,237.5,-111.0,-111.0,-1400.0,700.0,-15.0,237.5
401585200,2024-01-18T00:30Z,2024-01-17,2024,2,CLE,MIL,135.0,95.0,False,,BetfairSportsbook,-2.0,-111.0,-111.0,236.5,-111.0,-111.0,-133.0,105.0,4.5,238.5
401585201,2024-01-18T00:30Z,2024-01-17,2024,2,NY,HOU,109.0,94.0,False,,BetfairSportsbook,-7.5,-111.0,-111.0,223.5,-111.0,-111.0,-300.0,225.0,-4.5,218.5
401585202,2024-01-18T00:30Z,2024-01-17,2024,2,TOR,MIA,121.0,97.0,False,,BetfairSportsbook,3.0,-111.0,-111.0,226.0,-111.0,-111.0,130.0,-167.0,2.0,226.5
401585203,2024-01-18T01:00Z,2024-01-17,2024,2,NO,CHA,132.0,112.0,False,,BetfairSportsbook,-11.5,-111.0,-111.0,229.5,-111.0,-111.0,-700.0,450.0,-12.5,231.5
401585205,2024-01-18T01:30Z,2024-01-17,2024,2,LAL,DAL,127.0,110.0,False,,BetfairSportsbook,-3.0,-111.0,-111.0,244.5,-111.0,-111.0,-167.0,130.0,-3.0,239.5
401585206,2024-01-18T03:00Z,2024-01-17,2024,2,POR,BKN,105.0,103.0,False,,BetfairSportsbook,5.0,-111.0,-111.0,222.0,-111.0,-111.0,163.0,-213.0,4.5,225.5
401585207,2024-01-19T00:30Z,2024-01-18,2024,2,NY,WSH,113.0,109.0,False,,BetfairSportsbook,-12.0,-111.0,-111.0,234.0,-111.0,-111.0,-800.0,500.0,-9.5,237.5
401585208,2024-01-19T00:30Z,2024-01-18,2024,2,TOR,CHI,110.0,116.0,False,,BetfairSportsbook,2.0,-111.0,-111.0,228.0,-111.0,-111.0,105.0,-133.0,1.5,222.0
401585209,2024-01-19T02:00Z,2024-01-18,2024,2,UTAH,OKC,129.0,134.0,False,,BetfairSportsbook,3.0,-111.0,-111.0,246.0,-111.0,-111.0,120.0,-154.0,3.5,244.5
401585210,2024-01-19T03:00Z,2024-01-18,2024,2,MIN,MEM,118.0,103.0,False,,BetfairSportsbook,-12.5,-111.0,-111.0,214.0,-111.0,-111.0,-800.0,500.0,-11.5,217.5
401585211,2024-01-19T03:00Z,2024-01-18,2024,2,SAC,IND,121.0,126.0,False,,BetfairSportsbook,-8.5,-111.0,-111.0,244.5,-111.0,-111.0,-400.0,280.0,-8.5,243.5
401585212,2024-01-20T00:00Z,2024-01-19,2024,2,CHA,SA,124.0,120.0,False,,BetfairSportsbook,-4.5,-111.0,-111.0,236.0,-111.0,-111.0,-200.0,155.0,-4.0,236.5
401585213,2024-01-20T00:00Z,2024-01-19,2024,2,ORL,PHI,109.0,124.0,False,,BetfairSportsbook,5.0,-111.0,-111.0,222.5,-111.0,-111.0,163.0,-213.0,4.0,221.5
401585214,2024-01-20T00:30Z,2024-01-19,2024,2,BOS,DEN,100.0,102.0,False,,BetfairSportsbook,-7.0,-111.0,-111.0,234.5,-111.0,-111.0,-300.0,225.0,-4.5,234.0
401585215,2024-01-20T01:00Z,2024-01-19,2024,2,MIA,ATL,108.0,109.0,False,,BetfairSportsbook,-7.0,-111.0,-111.0,222.0,-111.0,-111.0,-300.0,225.0,-5.5,232.5
401585216,2024-01-20T01:00Z,2024-01-19,2024,2,NO,PHX,109.0,123.0,False,,BetfairSportsbook,-2.5,-111.0,-111.0,237.0,-111.0,-111.0,-150.0,115.0,-2.0,234.5
401585218,2024-01-20T03:00Z,2024-01-19,2024,2,POR,IND,118.0,115.0,False,,BetfairSportsbook,8.5,-111.0,-111.0,237.5,-111.0,-111.0,250.0,-350.0,2.0,237.5
401585219,2024-01-20T03:30Z,2024-01-19,2024,2,LAL,BKN,112.0,130.0,False,,BetfairSportsbook,-7.0,-111.0,-111.0,226.5,-111.0,-111.0,-300.0,225.0,-6.5,230.5
401585220,2024-01-20T20:00Z,2024-01-20,2024,2,DET,MIL,135.0,141.0,False,,BetfairSportsbook,13.0,-111.0,-111.0,245.5,-111.0,-111.0,550.0,-1200.0,12.0,240.5
401585221,2024-01-21T00:00Z,2024-01-20,2024,2,CHA,PHI,89.0,97.0,False,,BetfairSportsbook,12.0,-111.0,-111.0,227.5,-111.0,-111.0,450.0,-700.0,10.0,231.0
401585222,2024-01-21T00:00Z,2024-01-20,2024,2,WSH,SA,127.0,131.0,False,,BetfairSportsbook,-2.0,-111.0,-111.0,241.5,-111.0,-111.0,-138.0,110.0,-2.0,242.0
401585223,2024-01-21T00:30Z,2024-01-20,2024,2,ATL,CLE,95.0,116.0,False,,BetfairSportsbook,2.0,-111.0,-111.0,231.5,-111.0,-111.0,105.0,-133.0,1.0,232.5
401585224,2024-01-21T00:30Z,2024-01-20,2024,2,NY,TOR,126.0,100.0,False,,BetfairSportsbook,-7.5,-111.0,-111.0,229.5,-111.0,-111.0,-300.0,225.0,-8.0,228.5
401585225,2024-01-21T01:00Z,2024-01-20,2024,2,CHI,MEM,125.0,96.0,False,,BetfairSportsbook,-7.5,-111.0,-111.0,215.0,-111.0,-111.0,-300.0,225.0,-7.0,213.5
401585226,2024-01-21T01:00Z,2024-01-20,2024,2,HOU,UTAH,127.0,126.0,False,,BetfairSportsbook,-2.0,-111.0,-111.0,235.5,-111.0,-111.0,-125.0,100.0,-2.5,232.5
401585227,2024-01-21T01:00Z,2024-01-20,2024,2,MIN,OKC,97.0,102.0,False,,BetfairSportsbook,-3.0,-111.0,-111.0,229.5,-111.0,-111.0,-163.0,125.0,-2.5,232.0
401585228,2024-01-21T20:30Z,2024-01-21,2024,2,LAC,BKN,125.0,114.0,False,,BetfairSportsbook,-10.0,-111.0,-111.0,226.5,-111.0,-111.0,-500.0,333.0,-9.5,227.5
401585229,2024-01-21T23:00Z,2024-01-21,2024,2,ORL,MIA,105.0,87.0,False,,BetfairSportsbook,-1.0,-111.0,-111.0,213.5,-111.0,-111.0,-111.0,-111.0,1.0,215.5
401585230,2024-01-21T23:00Z,2024-01-21,2024,2,WSH,DEN,104.0,113.0,False,,BetfairSportsbook,12.5,-111.0,-111.0,237.0,-111.0,-111.0,500.0,-800.0,13.0,239.0
401585231,2024-01-22T00:00Z,2024-01-21,2024,2,HOU,BOS,107.0,116.0,False,,BetfairSportsbook,11.5,-111.0,-111.0,226.5,-111.0,-111.0,450.0,-700.0,9.0,229.0
401585232,2024-01-22T01:00Z,2024-01-21,2024,2,PHX,IND,117.0,110.0,False,,BetfairSportsbook,-7.0,-111.0,-111.0,245.5,-111.0,-111.0,-300.0,225.0,-4.0,248.0
401585233,2024-01-22T03:00Z,2024-01-21,2024,2,LAL,POR,134.0,110.0,False,,BetfairSportsbook,-11.5,-111.0,-111.0,230.0,-111.0,-111.0,-600.0,400.0,-10.0,227.0
401585234,2024-01-23T00:00Z,2024-01-22,2024,2,DET,MIL,113.0,122.0,False,,BetfairSportsbook,12.5,-111.0,-111.0,248.0,-111.0,-111.0,500.0,-800.0,12.0,248.5
401585235,2024-01-23T00:00Z,2024-01-22,2024,2,ORL,CLE,99.0,126.0,False,,BetfairSportsbook,2.5,-111.0,-111.0,215.0,-111.0,-111.0,110.0,-138.0,-2.0,214.5
401585236,2024-01-23T00:00Z,2024-01-22,2024,2,PHI,SA,133.0,123.0,False,,BetfairSportsbook,-13.5,-111.0,-111.0,237.5,-111.0,-111.0,-1000.0,550.0,-14.0,238.0
401585237,2024-01-23T00:30Z,2024-01-22,2024,2,TOR,MEM,100.0,108.0,False,,BetfairSportsbook,-7.0,-111.0,-111.0,226.0,-111.0,-111.0,-275.0,210.0,-6.5,227.5
401585238,2024-01-23T01:00Z,2024-01-22,2024,2,MIN,CHA,125.0,128.0,False,,BetfairSportsbook,-14.0,-111.0,-111.0,221.5,-111.0,-111.0,-1000.0,550.0,-15.5,222.5
401585239,2024-01-23T01:30Z,2024-01-22,2024,2,DAL,BOS,110.0,119.0,False,,BetfairSportsbook,3.0,-111.0,-111.0,241.0,-111.0,-111.0,120.0,-154.0,3.5,239.5
401585240,2024-01-23T02:00Z,2024-01-22,2024,2,PHX,CHI,115.0,113.0,False,,BetfairSportsbook,-5.5,-111.0,-111.0,228.5,-111.0,-111.0,-225.0,170.0,-6.0,229.5
401585241,2024-01-23T03:00Z,2024-01-22,2024,2,SAC,ATL,122.0,107.0,False,,BetfairSportsbook,-8.5,-111.0,-111.0,237.5,-111.0,-111.0,-350.0,250.0,-8.0,239.5
401585242,2024-01-24T00:00Z,2024-01-23,2024,2,IND,DEN,109.0,114.0,False,,BetfairSportsbook,5.5,-111.0,-111.0,237.5,-111.0,-111.0,163.0,-213.0,3.0,241.5
401585243,2024-01-24T00:30Z,2024-01-23,2024,2,BKN,NY,103.0,108.0,False,,BetfairSportsbook,3.5,-111.0,-111.0,223.5,-111.0,-111.0,130.0,-167.0,3.5,225.5
401585244,2024-01-24T01:00Z,2024-01-23,2024,2,NO,UTAH,153.0,124.0,False,,BetfairSportsbook,-6.5,-111.0,-111.0,240.0,-111.0,-111.0,-275.0,210.0,-6.5,238.5
401585245,2024-01-24T01:00Z,2024-01-23,2024,2,OKC,POR,111.0,109.0,False,,BetfairSportsbook,-13.5,-111.0,-111.0,232.0,-111.0,-111.0,-1000.0,550.0,-14.5,237.0
401585246,2024-01-24T03:00Z,2024-01-23,2024,2,LAC,LAL,127.0,116.0,False,,BetfairSportsbook,-9.5,-111.0,-111.0,235.5,-111.0,-111.0,-450.0,310.0,-6.5,231.5
401585247,2024-01-25T00:00Z,2024-01-24,2024,2,DET,CHA,113.0,106.0,False,,BetfairSportsbook,-2.5,-111.0,-111.0,230.0,-111.0,-111.0,-154.0,120.0,-3.0,235.0
401585248,2024-01-25T00:00Z,2024-01-24,2024,2,WSH,MIN,107.0,118.0,False,,BetfairSportsbook,10.5,-111.0,-111.0,229.5,-111.0,-111.0,333.0,-500.0,11.0,231.5
401585249,2024-01-25T00:30Z,2024-01-24,2024,2,MIA,MEM,96.0,105.0,False,,BetfairSportsbook,-11.0,-111.0,-111.0,214.5,-111.0,-111.0,-700.0,450.0,-10.0,215.0
401585251,2024-01-25T01:00Z,2024-01-24,2024,2,HOU,POR,131.0,137.0,False,,BetfairSportsbook,-10.0,-111.0,-111.0,220.0,-111.0,-111.0,-500.0,333.0,-10.0,221.0
401585252,2024-01-25T01:00Z,2024-01-24,2024,2,MIL,CLE,126.0,116.0,False,,BetfairSportsbook,-6.5,-111.0,-111.0,237.5,-111.0,-111.0,-275.0,210.0,-6.5,237.0
401585253,2024-01-25T01:30Z,2024-01-24,2024,2,DAL,PHX,109.0,132.0,False,,BetfairSportsbook,2.0,-111.0,-111.0,241.5,-111.0,-111.0,110.0,-138.0,1.0,240.0
401585250,2024-01-25T02:30Z,2024-01-24,2024,2,SA,OKC,114.0,140.0,False,,BetfairSportsbook,9.0,-111.0,-111.0,241.0,-111.0,-111.0,280.0,-400.0,8.0,241.5
401585254,2024-01-25T03:00Z,2024-01-24,2024,2,GS,ATL,134.0,112.0,False,,BetfairSportsbook,-6.0,-111.0,-111.0,235.5,-111.0,-111.0,-250.0,188.0,-7.5,235.5
401585255,2024-01-26T00:00Z,2024-01-25,2024,2,IND,PHI,134.0,122.0,False,,BetfairSportsbook,4.0,-111.0,-111.0,240.5,-111.0,-111.0,138.0,-175.0,4.5,236.5
401585256,2024-01-26T00:00Z,2024-01-25,2024,2,WSH,UTAH,108.0,123.0,False,,BetfairSportsbook,7.0,-111.0,-111.0,247.0,-111.0,-111.0,225.0,-300.0,7.0,243.5
401585257,2024-01-26T00:30Z,2024-01-25,2024,2,BKN,MIN,94.0,96.0,False,,BetfairSportsbook,4.0,-111.0,-111.0,217.5,-111.0,-111.0,145.0,-188.0,4.5,219.5
401585258,2024-01-26T00:30Z,2024-01-25,2024,2,MIA,BOS,110.0,143.0,False,,BetfairSportsbook,8.5,-111.0,-111.0,225.5,-111.0,-111.0,250.0,-350.0,5.5,225.0
401585259,2024-01-26T00:30Z,2024-01-25,2024,2,NY,DEN,122.0,84.0,False,,BetfairSportsbook,2.5,-111.0,-111.0,222.5,-111.0,-111.0,115.0,-150.0,2.5,225.5
401585260,2024-01-26T03:00Z,2024-01-25,2024,2,GS,SAC,133.0,134.0,False,,BetfairSportsbook,1.5,-111.0,-111.0,244.0,-111.0,-111.0,100.0,-125.0,1.5,240.5
401585261,2024-01-26T03:30Z,2024-01-25,2024,2,LAL,CHI,141.0,132.0,False,,BetfairSportsbook,-5.5,-111.0,-111.0,230.0,-111.0,-111.0,-250.0,188.0,-5.5,225.0
401585262,2024-01-27T00:00Z,2024-01-26,2024,2,ATL,DAL,143.0,148.0,False,,BetfairSportsbook,-2.0,-111.0,-111.0,246.0,-111.0,-111.0,-138.0,110.0,1.0,239.5
401585263,2024-01-27T00:00Z,2024-01-26,2024,2,CHA,HOU,104.0,138.0,False,,BetfairSportsbook,5.0,-111.0,-111.0,223.5,-111.0,-111.0,163.0,-213.0,5.0,225.0
401585264,2024-01-27T00:00Z,2024-01-26,2024,2,IND,PHX,133.0,131.0,False,,BetfairSportsbook,5.0,-111.0,-111.0,244.0,-111.0,-111.0,163.0,-213.0,5.0,240.5
401585265,2024-01-27T00:30Z,2024-01-26,2024,2,TOR,LAC,107.0,127.0,False,,BetfairSportsbook,8.0,-111.0,-111.0,236.5,-111.0,-111.0,240.0,-333.0,7.0,234.0
401585266,2024-01-27T01:00Z,2024-01-26,2024,2,MEM,ORL,107.0,106.0,False,,BetfairSportsbook,6.5,-111.0,-111.0,213.0,-111.0,-111.0,188.0,-250.0,5.0,213.0
401585267,2024-01-27T01:00Z,2024-01-26,2024,2,MIL,CLE,100.0,112.0,False,,BetfairSportsbook,-5.0,-111.0,-111.0,237.5,-111.0,-111.0,-213.0,163.0,-6.0,238.5
401585268,2024-01-27T01:00Z,2024-01-26,2024,2,NO,OKC,83.0,107.0,False,,BetfairSportsbook,1.5,-111.0,-111.0,238.5,-111.0,-111.0,105.0,-133.0,-2.0,240.5
401585269,2024-01-27T02:30Z,2024-01-26,2024,2,SA,POR,116.0,100.0,False,,BetfairSportsbook,-5.0,-111.0,-111.0,232.0,-111.0,-111.0,-213.0,163.0,-1.5,233.0
401585270,2024-01-27T17:00Z,2024-01-27,2024,2,DET,WSH,104.0,118.0,False,,BetfairSportsbook,-3.5,-111.0,-111.0,241.0,-111.0,-111.0,-163.0,125.0,-2.0,241.5
401585271,2024-01-27T20:00Z,2024-01-27,2024,2,NY,MIA,125.0,109.0,False,,BetfairSportsbook,-5.0,-111.0,-111.0,220.5,-111.0,-111.0,-213.0,163.0,-5.0,215.5
401585272,2024-01-27T22:30Z,2024-01-27,2024,2,DEN,PHI,111.0,105.0,False,,BetfairSportsbook,-10.5,-111.0,-111.0,225.5,-111.0,-111.0,-500.0,333.0,-5.0,229.5
401585273,2024-01-27T23:00Z,2024-01-27,2024,2,BKN,HOU,106.0,104.0,False,,BetfairSportsbook,-4.0,-111.0,-111.0,221.5,-111.0,-111.0,-188.0,145.0,-3.5,219.5
401585274,2024-01-28T00:00Z,2024-01-27,2024,2,BOS,LAC,96.0,115.0,False,,BetfairSportsbook,-7.0,-111.0,-111.0,232.0,-111.0,-111.0,-275.0,210.0,-6.0,234.5
401585275,2024-01-28T00:00Z,2024-01-27,2024,2,CHA,UTAH,122.0,134.0,False,,BetfairSportsbook,10.0,-111.0,-111.0,231.0,-111.0,-111.0,333.0,-500.0,8.0,238.5
401585276,2024-01-28T01:00Z,2024-01-27,2024,2,MIL,NO,141.0,117.0,False,,BetfairSportsbook,-3.5,-111.0,-111.0,242.5,-111.0,-111.0,-167.0,130.0,-6.5,237.0
401585277,2024-01-28T01:30Z,2024-01-27,2024,2,SA,MIN,113.0,112.0,False,,BetfairSportsbook,10.5,-111.0,-111.0,228.0,-111.0,-111.0,400.0,-600.0,11.0,226.5
401585278,2024-01-28T01:30Z,2024-01-27,2024,2,GS,LAL,144.0,145.0,False,,BetfairSportsbook,-1.5,-111.0,-111.0,244.5,-111.0,-111.0,-111.0,-111.0,-1.5,238.5
401585279,2024-01-28T02:00Z,2024-01-27,2024,2,DAL,SAC,115.0,120.0,False,,BetfairSportsbook,4.0,-111.0,-111.0,245.5,-111.0,-111.0,138.0,-175.0,-1.5,240.0
401585282,2024-01-28T19:00Z,2024-01-28,2024,2,DET,OKC,120.0,104.0,False,,BetfairSportsbook,12.5,-111.0,-111.0,237.5,-111.0,-111.0,550.0,-1000.0,13.0,241.5
401585280,2024-01-28T20:30Z,2024-01-28,2024,2,IND,MEM,116.0,110.0,False,,BetfairSportsbook,-7.5,-111.0,-111.0,228.5,-111.0,-111.0,-300.0,225.0,-9.0,236.0
401585281,2024-01-28T23:00Z,2024-01-28,2024,2,ATL,TOR,126.0,125.0,False,,BetfairSportsbook,-6.0,-111.0,-111.0,239.5,-111.0,-111.0,-250.0,188.0,-6.5,233.5
401585283,2024-01-28T23:00Z,2024-01-28,2024,2,ORL,PHX,113.0,98.0,False,,BetfairSportsbook,2.0,-111.0,-111.0,227.5,-111.0,-111.0,100.0,-125.0,1.5,227.5
401585284,2024-01-29T02:00Z,2024-01-28,2024,2,POR,CHI,96.0,104.0,False,,BetfairSportsbook,5.5,-111.0,-111.0,222.5,-111.0,-111.0,170.0,-225.0,5.5,215.5
401585285,2024-01-30T00:00Z,2024-01-29,2024,2,CHA,NY,92.0,113.0,False,,BetfairSportsbook,10.0,-111.0,-111.0,219.0,-111.0,-111.0,333.0,-500.0,7.0,224.0
401585286,2024-01-30T00:00Z,2024-01-29,2024,2,CLE,LAC,118.0,108.0,False,,BetfairSportsbook,2.0,-111.0,-111.0,226.5,-111.0,-111.0,105.0,-133.0,3.5,227.5
401585287,2024-01-30T00:30Z,2024-01-29,2024,2,BOS,NO,118.0,112.0,False,,BetfairSportsbook,-8.0,-111.0,-111.0,234.0,-111.0,-111.0,-333.0,240.0,-7.5,233.0
401585288,2024-01-30T00:30Z,2024-01-29,2024,2,BKN,UTAH,147.0,114.0,False,,BetfairSportsbook,1.0,-111.0,-111.0,236.5,-111.0,-111.0,-111.0,-111.0,-1.0,232.5
401585289,2024-01-30T00:30Z,2024-01-29,2024,2,MIA,PHX,105.0,118.0,False,,BetfairSportsbook,-2.5,-111.0,-111.0,230.5,-111.0,-111.0,-138.0,110.0,-3.0,228.5
401585290,2024-01-30T01:00Z,2024-01-29,2024,2,HOU,LAL,135.0,119.0,False,,BetfairSportsbook,1.0,-111.0,-111.0,235.0,-111.0,-111.0,-111.0,-111.0,1.0,227.5
401585291,2024-01-30T01:00Z,2024-01-29,2024,2,MEM,SAC,94.0,103.0,False,,BetfairSportsbook,11.0,-111.0,-111.0,223.5,-111.0,-111.0,400.0,-600.0,8.0,226.5
401585292,2024-01-30T01:00Z,2024-01-29,2024,2,OKC,MIN,101.0,107.0,False,,BetfairSportsbook,-2.5,-111.0,-111.0,225.5,-111.0,-111.0,-154.0,120.0,-2.5,225.5
401585293,2024-01-30T01:00Z,2024-01-29,2024,2,SA,WSH,113.0,118.0,False,,BetfairSportsbook,-3.5,-111.0,-111.0,241.5,-111.0,-111.0,-167.0,130.0,-4.0,243.0
401585294,2024-01-30T01:30Z,2024-01-29,2024,2,DAL,ORL,131.0,129.0,False,,BetfairSportsbook,-3.5,-111.0,-111.0,227.5,-111.0,-111.0,-188.0,145.0,-5.0,228.5
401585295,2024-01-30T02:00Z,2024-01-29,2024,2,DEN,MIL,113.0,107.0,False,,BetfairSportsbook,-4.0,-111.0,-111.0,238.0,-111.0,-111.0,-188.0,145.0,-4.5,240.5
401585296,2024-01-30T03:00Z,2024-01-29,2024,2,POR,PHI,130.0,104.0,False,,BetfairSportsbook,5.5,-111.0,-111.0,221.0,-111.0,-111.0,188.0,-250.0,8.0,224.5
401585297,2024-01-31T00:30Z,2024-01-30,2024,2,ATL,LAL,138.0,122.0,False,,BetfairSportsbook,-5.5,-111.0,-111.0,248.5,-111.0,-111.0,-225.0,170.0,-4.0,244.5
401585298,2024-01-31T00:30Z,2024-01-30,2024,2,BOS,IND,129.0,124.0,False,,BetfairSportsbook,-8.0,-111.0,-111.0,249.0,-111.0,-111.0,-350.0,250.0,-6.0,241.5
401585299,2024-01-31T00:30Z,2024-01-30,2024,2,NY,UTAH,118.0,103.0,False,,BetfairSportsbook,-3.0,-111.0,-111.0,229.0,-111.0,-111.0,-154.0,120.0,-4.5,233.5
401585300,2024-01-31T01:00Z,2024-01-30,2024,2,CHI,TOR,107.0,118.0,False,,BetfairSportsbook,-6.5,-111.0,-111.0,227.0,-111.0,-111.0,-300.0,225.0,-5.0,225.5
401585301,2024-01-31T03:00Z,2024-01-30,2024,2,GS,PHI,119.0,107.0,False,,BetfairSportsbook,-2.0,-111.0,-111.0,232.5,-111.0,-111.0,-138.0,110.0,-4.5,234.5
401585302,2024-02-01T00:00Z,2024-01-31,2024,2,CHA,CHI,110.0,117.0,False,,BetfairSportsbook,6.0,-111.0,-111.0,214.0,-111.0,-111.0,170.0,-225.0,2.5,217.5
401585303,2024-02-01T00:00Z,2024-01-31,2024,2,CLE,DET,128.0,121.0,False,,BetfairSportsbook,-13.5,-111.0,-111.0,232.0,-111.0,-111.0,-1000.0,550.0,-12.0,228.5
401585304,2024-02-01T00:00Z,2024-01-31,2024,2,WSH,LAC,109.0,125.0,False,,BetfairSportsbook,9.5,-111.0,-111.0,236.0,-111.0,-111.0,333.0,-500.0,12.0,239.5
401585306,2024-02-01T00:30Z,2024-01-31,2024,2,MIA,SAC,115.0,106.0,False,,BetfairSportsbook,-2.5,-111.0,-111.0,228.0,-111.0,-111.0,-138.0,110.0,-1.0,231.5
401585307,2024-02-01T01:00Z,2024-01-31,2024,2,HOU,NO,99.0,110.0,False,,BetfairSportsbook,-1.0,-111.0,-111.0,230.5,-111.0,-111.0,-111.0,-111.0,2.5,227.5
401585308,2024-02-01T01:00Z,2024-01-31,2024,2,MIN,DAL,121.0,87.0,False,,BetfairSportsbook,-13.0,-111.0,-111.0,221.5,-111.0,-111.0,-1000.0,550.0,-13.5,224.5
401585309,2024-02-01T01:00Z,2024-01-31,2024,2,SA,ORL,98.0,108.0,False,,BetfairSportsbook,6.5,-111.0,-111.0,226.0,-111.0,-111.0,188.0,-250.0,5.0,228.0
401585310,2024-02-01T01:00Z,2024-01-31,2024,2,OKC,DEN,105.0,100.0,False,,BetfairSportsbook,-6.0,-111.0,-111.0,223.0,-111.0,-111.0,-225.0,170.0,-2.0,231.5
401585305,2024-02-01T01:30Z,2024-01-31,2024,2,BKN,PHX,120.0,136.0,False,,BetfairSportsbook,3.5,-111.0,-111.0,234.0,-111.0,-111.0,138.0,-175.0,3.5,232.5
401585311,2024-02-01T03:00Z,2024-01-31,2024,2,POR,MIL,119.0,116.0,False,,BetfairSportsbook,10.5,-111.0,-111.0,238.0,-111.0,-111.0,333.0,-500.0,9.5,236.5
401585312,2024-02-02T00:30Z,2024-02-01,2024,2,BOS,LAL,105.0,114.0,False,,BetfairSportsbook,-15.5,-111.0,-111.0,238.0,-111.0,-111.0,-1600.0,750.0,-10.5,240.5
401585313,2024-02-02T00:30Z,2024-02-01,2024,2,NY,IND,109.0,105.0,False,,BetfairSportsbook,-2.0,-111.0,-111.0,235.0,-111.0,-111.0,-133.0,105.0,-4.5,242.0
401585315,2024-02-02T01:00Z,2024-02-01,2024,2,MEM,CLE,101.0,108.0,False,,BetfairSportsbook,8.5,-111.0,-111.0,215.0,-111.0,-111.0,280.0,-400.0,5.5,218.5
401585314,2024-02-02T03:00Z,2024-02-01,2024,2,UTAH,PHI,124.0,127.0,False,,BetfairSportsbook,-4.5,-111.0,-111.0,242.0,-111.0,-111.0,-200.0,155.0,-4.5,234.5
401585316,2024-02-03T00:00Z,2024-02-02,2024,2,DET,LAC,125.0,136.0,False,,BetfairSportsbook,12.0,-111.0,-111.0,240.0,-111.0,-111.0,500.0,-800.0,9.5,234.5
401585317,2024-02-03T00:00Z,2024-02-02,2024,2,WSH,MIA,102.0,110.0,False,,BetfairSportsbook,7.5,-111.0,-111.0,228.5,-111.0,-111.0,225.0,-300.0,6.5,232.5
401585318,2024-02-03T00:30Z,2024-02-02,2024,2,ATL,PHX,129.0,120.0,False,,BetfairSportsbook,3.5,-111.0,-111.0,251.0,-111.0,-111.0,125.0,-163.0,3.0,247.5
401585319,2024-02-03T00:30Z,2024-02-02,2024,2,IND,SAC,122.0,133.0,False,,BetfairSportsbook,4.0,-111.0,-111.0,248.0,-111.0,-111.0,155.0,-200.0,1.5,244.5
401585320,2024-02-03T01:00Z,2024-02-02,2024,2,HOU,TOR,135.0,106.0,False,,BetfairSportsbook,-4.5,-111.0,-111.0,232.0,-111.0,-111.0,-200.0,155.0,-5.5,228.5
401585321,2024-02-03T01:00Z,2024-02-02,2024,2,MEM,GS,101.0,121.0,False,,BetfairSportsbook,7.5,-111.0,-111.0,225.0,-111.0,-111.0,240.0,-333.0,5.5,225.5
401585322,2024-02-03T01:00Z,2024-02-02,2024,2,MIN,ORL,106.0,108.0,False,,BetfairSportsbook,-7.0,-111.0,-111.0,213.0,-111.0,-111.0,-275.0,210.0,-7.0,213.0
401585323,2024-02-03T01:00Z,2024-02-02,2024,2,OKC,CHA,126.0,106.0,False,,BetfairSportsbook,-15.5,-111.0,-111.0,224.5,-111.0,-111.0,-1400.0,700.0,-16.0,232.5
401585324,2024-02-03T01:00Z,2024-02-02,2024,2,SA,NO,113.0,114.0,False,,BetfairSportsbook,8.5,-111.0,-111.0,235.0,-111.0,-111.0,280.0,-400.0,7.0,237.5
401585325,2024-02-03T02:00Z,2024-02-02,2024,2,DEN,POR,120.0,108.0,False,,BetfairSportsbook,-14.5,-111.0,-111.0,219.5,-111.0,-111.0,-1200.0,650.0,-12.0,223.5
401585326,2024-02-03T23:00Z,2024-02-03,2024,2,PHI,BKN,121.0,136.0,False,,BetfairSportsbook,-1.0,-111.0,-111.0,231.5,-111.0,-111.0,-111.0,-111.0,-4.5,230.5
401585327,2024-02-04T00:30Z,2024-02-03,2024,2,ATL,GS,141.0,134.0,False,,BetfairSportsbook,-2.0,-111.0,-111.0,245.5,-111.0,-111.0,-138.0,110.0,-2.0,250.0
401585328,2024-02-04T01:00Z,2024-02-03,2024,2,CHI,SAC,115.0,123.0,False,,BetfairSportsbook,-1.0,-111.0,-111.0,229.0,-111.0,-111.0,-111.0,-111.0,-1.0,228.5
401585329,2024-02-04T01:30Z,2024-02-03,2024,2,NY,LAL,105.0,113.0,False,,BetfairSportsbook,-2.5,-111.0,-111.0,227.5,-111.0,-111.0,-138.0,110.0,-6.0,230.5
401585330,2024-02-04T01:30Z,2024-02-03,2024,2,DAL,MIL,117.0,129.0,False,,BetfairSportsbook,4.0,-111.0,-111.0,248.0,-111.0,-111.0,138.0,-175.0,1.0,254.0
401585331,2024-02-04T01:30Z,2024-02-03,2024,2,SA,CLE,101.0,117.0,False,,BetfairSportsbook,10.5,-111.0,-111.0,232.0,-111.0,-111.0,333.0,-500.0,9.5,232.5
401585332,2024-02-04T20:00Z,2024-02-04,2024,2,DET,ORL,99.0,111.0,False,,BetfairSportsbook,6.5,-111.0,-111.0,230.0,-111.0,-111.0,188.0,-250.0,7.0,227.0
401585333,2024-02-04T20:30Z,2024-02-04,2024,2,WSH,PHX,112.0,140.0,False,,BetfairSportsbook,11.0,-111.0,-111.0,240.0,-111.0,-111.0,333.0,-500.0,8.0,243.0
401585334,2024-02-04T23:00Z,2024-02-04,2024,2,BOS,MEM,131.0,91.0,False,,BetfairSportsbook,-19.5,-111.0,-111.0,219.0,-111.0,-111.0,-5000.0,1200.0,-14.0,221.0
401585335,2024-02-04T23:00Z,2024-02-04,2024,2,CHA,IND,99.0,115.0,False,,BetfairSportsbook,11.5,-111.0,-111.0,236.5,-111.0,-111.0,450.0,-700.0,6.5,244.0
401585336,2024-02-04T23:17Z,2024-02-04,2024,2,MIA,LAC,95.0,103.0,False,,BetfairSportsbook,5.5,-111.0,-111.0,223.5,-111.0,-111.0,170.0,-225.0,2.5,224.0
401585337,2024-02-05T00:00Z,2024-02-04,2024,2,MIN,HOU,111.0,90.0,False,,BetfairSportsbook,-7.5,-111.0,-111.0,221.5,-111.0,-111.0,-333.0,240.0,-7.0,219.5
401585338,2024-02-05T00:00Z,2024-02-04,2024,2,OKC,TOR,135.0,127.0,False,,BetfairSportsbook,-8.5,-111.0,-111.0,238.0,-111.0,-111.0,-400.0,280.0,-10.0,236.5
401585339,2024-02-05T01:00Z,2024-02-04,2024,2,UTAH,MIL,123.0,108.0,False,,BetfairSportsbook,-2.0,-111.0,-111.0,248.5,-111.0,-111.0,-138.0,110.0,1.0,244.0
401585340,2024-02-05T01:30Z,2024-02-04,2024,2,DEN,POR,112.0,103.0,False,,BetfairSportsbook,-15.0,-111.0,-111.0,220.5,-111.0,-111.0,-1400.0,700.0,-13.0,220.0
401585341,2024-02-06T00:00Z,2024-02-05,2024,2,CHA,LAL,118.0,124.0,False,,BetfairSportsbook,13.5,-111.0,-111.0,227.5,-111.0,-111.0,550.0,-1000.0,8.0,232.0
401585342,2024-02-06T00:00Z,2024-02-05,2024,2,CLE,SAC,136.0,110.0,False,,BetfairSportsbook,-4.5,-111.0,-111.0,235.0,-111.0,-111.0,-200.0,155.0,-5.5,231.0
401585343,2024-02-06T00:00Z,2024-02-05,2024,2,PHI,DAL,102.0,118.0,False,,BetfairSportsbook,2.5,-111.0,-111.0,243.0,-111.0,-111.0,115.0,-150.0,1.5,241.5
401585344,2024-02-06T00:30Z,2024-02-05,2024,2,ATL,LAC,144.0,149.0,False,,BetfairSportsbook,4.0,-111.0,-111.0,246.0,-111.0,-111.0,145.0,-188.0,3.5,244.5
401585345,2024-02-06T00:30Z,2024-02-05,2024,2,BKN,GS,98.0,109.0,False,,BetfairSportsbook,1.0,-111.0,-111.0,238.5,-111.0,-111.0,-111.0,-111.0,-1.5,236.5
401585346,2024-02-06T01:00Z,2024-02-05,2024,2,NO,TOR,138.0,100.0,False,,BetfairSportsbook,-10.5,-111.0,-111.0,232.0,-111.0,-111.0,-500.0,333.0,-9.5,235.5
401585347,2024-02-07T00:00Z,2024-02-06,2024,2,IND,HOU,132.0,129.0,False,,BetfairSportsbook,-8.0,-111.0,-111.0,245.0,-111.0,-111.0,-350.0,250.0,-6.0,240.5
401585348,2024-02-07T00:30Z,2024-02-06,2024,2,BKN,DAL,107.0,119.0,False,,BetfairSportsbook,3.0,-111.0,-111.0,235.5,-111.0,-111.0,120.0,-154.0,1.0,232.5
401585349,2024-02-07T00:30Z,2024-02-06,2024,2,MIA,ORL,121.0,95.0,False,,BetfairSportsbook,-3.5,-111.0,-111.0,213.5,-111.0,-111.0,-167.0,130.0,-3.5,213.0
401585350,2024-02-07T00:30Z,2024-02-06,2024,2,NY,MEM,123.0,113.0,False,,BetfairSportsbook,-13.5,-111.0,-111.0,212.5,-111.0,-111.0,-1200.0,650.0,-14.0,214.5
401585351,2024-02-07T01:00Z,2024-02-06,2024,2,CHI,MIN,129.0,123.0,False,,BetfairSportsbook,4.5,-111.0,-111.0,216.0,-111.0,-111.0,145.0,-188.0,5.0,214.5
401585352,2024-02-07T02:00Z,2024-02-06,2024,2,UTAH,OKC,124.0,117.0,False,,BetfairSportsbook,3.0,-111.0,-111.0,237.0,-111.0,-111.0,125.0,-163.0,3.5,243.5
401585353,2024-02-07T03:00Z,2024-02-06,2024,2,PHX,MIL,114.0,106.0,False,,BetfairSportsbook,-6.0,-111.0,-111.0,242.5,-111.0,-111.0,-250.0,188.0,-2.5,246.0
401585354,2024-02-08T00:00Z,2024-02-07,2024,2,CHA,TOR,117.0,123.0,False,,BetfairSportsbook,7.0,-111.0,-111.0,227.0,-111.0,-111.0,210.0,-275.0,6.0,225.5
401585356,2024-02-08T00:00Z,2024-02-07,2024,2,WSH,CLE,106.0,114.0,False,,BetfairSportsbook,12.0,-111.0,-111.0,234.5,-111.0,-111.0,500.0,-800.0,10.0,238.5
401585355,2024-02-08T00:30Z,2024-02-07,2024,2,PHI,GS,104.0,127.0,False,,BetfairSportsbook,3.0,-111.0,-111.0,235.5,-111.0,-111.0,120.0,-154.0,2.5,234.5
401585357,2024-02-08T00:30Z,2024-02-07,2024,2,BOS,ATL,125.0,117.0,False,,BetfairSportsbook,-11.5,-111.0,-111.0,244.5,-111.0,-111.0,-700.0,450.0,-11.5,243.5
401585358,2024-02-08T00:30Z,2024-02-07,2024,2,MIA,SA,116.0,104.0,False,,BetfairSportsbook,-8.0,-111.0,-111.0,228.0,-111.0,-111.0,-350.0,250.0,-8.0,224.5
401585359,2024-02-08T03:00Z,2024-02-07,2024,2,LAC,NO,106.0,117.0,False,,BetfairSportsbook,-5.5,-111.0,-111.0,234.5,-111.0,-111.0,-213.0,163.0,-5.5,235.5
401585360,2024-02-08T03:00Z,2024-02-07,2024,2,SAC,DET,120.0,133.0,False,,BetfairSportsbook,-13.5,-111.0,-111.0,239.0,-111.0,-111.0,-1000.0,550.0,-12.0,244.5
401585361,2024-02-09T00:00Z,2024-02-08,2024,2,IND,GS,109.0,131.0,False,,BetfairSportsbook,-6.0,-111.0,-111.0,249.0,-111.0,-111.0,-250.0,188.0,-5.5,251.5
401585362,2024-02-09T00:00Z,2024-02-08,2024,2,ORL,SA,127.0,111.0,False,,BetfairSportsbook,-10.0,-111.0,-111.0,224.5,-111.0,-111.0,-500.0,333.0,-10.5,225.5
401585363,2024-02-09T00:30Z,2024-02-08,2024,2,BKN,CLE,95.0,118.0,False,,BetfairSportsbook,8.0,-111.0,-111.0,224.0,-111.0,-111.0,225.0,-300.0,5.0,224.0
401585364,2024-02-09T00:30Z,2024-02-08,2024,2,NY,DAL,108.0,122.0,False,,BetfairSportsbook,5.5,-111.0,-111.0,223.5,-111.0,-111.0,188.0,-250.0,1.0,232.0
401585365,2024-02-09T01:00Z,2024-02-08,2024,2,MEM,CHI,110.0,118.0,False,,BetfairSportsbook,5.5,-111.0,-111.0,217.0,-111.0,-111.0,170.0,-225.0,5.0,211.5
401585366,2024-02-09T01:00Z,2024-02-08,2024,2,MIL,MIN,105.0,129.0,False,,BetfairSportsbook,2.0,-111.0,-111.0,223.0,-111.0,-111.0,105.0,-133.0,-1.0,228.5
401585367,2024-02-09T02:00Z,2024-02-08,2024,2,PHX,UTAH,129.0,115.0,False,,BetfairSportsbook,-5.0,-111.0,-111.0,239.5,-111.0,-111.0,-225.0,170.0,-7.0,242.5
401585368,2024-02-09T03:00Z,2024-02-08,2024,2,LAL,DEN,106.0,114.0,False,,BetfairSportsbook,3.0,-111.0,-111.0,233.0,-111.0,-111.0,130.0,-167.0,2.0,229.5
401585369,2024-02-09T03:00Z,2024-02-08,2024,2,POR,DET,122.0,128.0,False,,BetfairSportsbook,-4.5,-111.0,-111.0,225.5,-111.0,-111.0,-188.0,145.0,-4.5,230.0
401585370,2024-02-10T00:00Z,2024-02-09,2024,2,PHI,ATL,121.0,127.0,False,,BetfairSportsbook,3.5,-111.0,-111.0,243.5,-111.0,-111.0,130.0,-167.0,4.0,239.5
401585371,2024-02-10T00:30Z,2024-02-09,2024,2,BOS,WSH,133.0,129.0,False,,BetfairSportsbook,-18.0,-111.0,-111.0,237.0,-111.0,-111.0,-2500.0,1000.0,-18.0,239.5
401585372,2024-02-10T00:30Z,2024-02-09,2024,2,TOR,HOU,107.0,104.0,False,,BetfairSportsbook,-2.5,-111.0,-111.0,235.5,-111.0,-111.0,-150.0,115.0,-2.5,230.5
401585373,2024-02-10T01:00Z,2024-02-09,2024,2,MIL,CHA,120.0,84.0,False,,BetfairSportsbook,-16.0,-111.0,-111.0,229.5,-111.0,-111.0,-1600.0,750.0,-14.5,232.0
401585374,2024-02-10T03:00Z,2024-02-09,2024,2,SAC,DEN,135.0,106.0,False,,BetfairSportsbook,-3.0,-111.0,-111.0,230.5,-111.0,-111.0,-154.0,120.0,-1.0,233.5
401585375,2024-02-10T03:30Z,2024-02-09,2024,2,LAL,NO,139.0,122.0,False,,BetfairSportsbook,2.5,-111.0,-111.0,237.5,-111.0,-111.0,115.0,-150.0,-2.5,229.5
401585376,2024-02-10T20:00Z,2024-02-10,2024,2,DAL,OKC,146.0,111.0,False,,BetfairSportsbook,1.5,-111.0,-111.0,238.5,-111.0,-111.0,105.0,-133.0,2.0,240.0
401585377,2024-02-10T20:30Z,2024-02-10,2024,2,LAC,DET,112.0,106.0,False,,BetfairSportsbook,-17.0,-111.0,-111.0,236.0,-111.0,-111.0,-1600.0,750.0,-15.5,237.5
401585378,2024-02-10T23:00Z,2024-02-10,2024,2,BKN,SA,123.0,103.0,False,,BetfairSportsbook,-6.0,-111.0,-111.0,232.0,-111.0,-111.0,-250.0,188.0,-6.0,230.0
401585379,2024-02-11T00:00Z,2024-02-10,2024,2,CHA,MEM,115.0,106.0,False,,BetfairSportsbook,5.0,-111.0,-111.0,216.5,-111.0,-111.0,163.0,-213.0,4.0,222.5
401585380,2024-02-11T00:00Z,2024-02-10,2024,2,ORL,CHI,114.0,108.0,False,,BetfairSportsbook,-5.0,-111.0,-111.0,218.0,-111.0,-111.0,-213.0,163.0,-5.0,215.5
401585381,2024-02-11T00:00Z,2024-02-10,2024,2,WSH,PHI,113.0,119.0,False,,BetfairSportsbook,5.5,-111.0,-111.0,243.5,-111.0,-111.0,170.0,-225.0,3.0,238.5
401585382,2024-02-11T00:30Z,2024-02-10,2024,2,ATL,HOU,122.0,113.0,False,,BetfairSportsbook,-7.0,-111.0,-111.0,240.5,-111.0,-111.0,-300.0,225.0,-4.5,236.5
401585383,2024-02-11T00:30Z,2024-02-10,2024,2,NY,IND,111.0,125.0,False,,BetfairSportsbook,3.0,-111.0,-111.0,235.5,-111.0,-111.0,120.0,-154.0,4.5,231.0
401585384,2024-02-11T00:30Z,2024-02-10,2024,2,TOR,CLE,95.0,119.0,False,,BetfairSportsbook,9.0,-111.0,-111.0,230.5,-111.0,-111.0,310.0,-450.0,8.0,228.5
401585385,2024-02-11T01:30Z,2024-02-10,2024,2,GS,PHX,113.0,112.0,False,,BetfairSportsbook,1.0,-111.0,-111.0,242.0,-111.0,-111.0,100.0,-125.0,-1.0,241.0
401585386,2024-02-11T03:00Z,2024-02-10,2024,2,POR,NO,84.0,93.0,False,,BetfairSportsbook,8.5,-111.0,-111.0,219.0,-111.0,-111.0,280.0,-400.0,7.0,225.5
401585387,2024-02-11T19:00Z,2024-02-11,2024,2,MIA,BOS,106.0,110.0,False,,BetfairSportsbook,8.0,-111.0,-111.0,225.0,-111.0,-111.0,240.0,-333.0,5.0,224.5
401585388,2024-02-11T20:00Z,2024-02-11,2024,2,OKC,SAC,127.0,113.0,False,,BetfairSportsbook,-3.0,-111.0,-111.0,239.5,-111.0,-111.0,-163.0,125.0,-3.5,237.5
401585389,2024-02-13T00:00Z,2024-02-12,2024,2,CHA,IND,111.0,102.0,False,,BetfairSportsbook,10.0,-111.0,-111.0,239.0,-111.0,-111.0,333.0,-500.0,13.0,239.0
401585390,2024-02-13T00:00Z,2024-02-12,2024,2,CLE,PHI,121.0,123.0,False,,BetfairSportsbook,-11.5,-111.0,-111.0,231.0,-111.0,-111.0,-700.0,450.0,-9.0,228.5
401585391,2024-02-13T00:30Z,2024-02-12,2024,2,ATL,CHI,126.0,136.0,False,,BetfairSportsbook,-5.0,-111.0,-111.0,240.5,-111.0,-111.0,-213.0,163.0,-3.5,237.0
401585392,2024-02-13T00:30Z,2024-02-12,2024,2,TOR,SA,99.0,122.0,False,,BetfairSportsbook,-6.0,-111.0,-111.0,235.5,-111.0,-111.0,-250.0,188.0,-8.0,233.5
401585393,2024-02-13T01:00Z,2024-02-12,2024,2,HOU,NY,105.0,103.0,False,,BetfairSportsbook,-1.0,-111.0,-111.0,224.5,-111.0,-111.0,-111.0,-111.0,6.0,221.0
401585394,2024-02-13T01:00Z,2024-02-12,2024,2,MEM,NO,87.0,96.0,False,,BetfairSportsbook,10.0,-111.0,-111.0,221.0,-111.0,-111.0,333.0,-500.0,9.0,222.0
401585395,2024-02-13T01:00Z,2024-02-12,2024,2,MIL,DEN,112.0,95.0,False,,BetfairSportsbook,-1.0,-111.0,-111.0,230.0,-111.0,-111.0,-111.0,-111.0,1.5,234.0
401585396,2024-02-13T01:30Z,2024-02-12,2024,2,DAL,WSH,112.0,104.0,False,,BetfairSportsbook,-12.0,-111.0,-111.0,247.5,-111.0,-111.0,-800.0,500.0,-14.0,246.5
401585397,2024-02-13T02:00Z,2024-02-12,2024,2,UTAH,GS,107.0,129.0,False,,BetfairSportsbook,1.0,-111.0,-111.0,240.0,-111.0,-111.0,-111.0,-111.0,-1.0,242.5
401585398,2024-02-13T03:30Z,2024-02-12,2024,2,LAC,MIN,100.0,121.0,False,,BetfairSportsbook,-5.0,-111.0,-111.0,224.0,-111.0,-111.0,-213.0,163.0,-3.5,222.5
401585399,2024-02-14T00:30Z,2024-02-13,2024,2,BKN,BOS,110.0,118.0,False,,BetfairSportsbook,8.0,-111.0,-111.0,226.5,-111.0,-111.0,250.0,-350.0,9.5,232.5
401585400,2024-02-14T00:30Z,2024-02-13,2024,2,ORL,OKC,113.0,127.0,False,,BetfairSportsbook,2.5,-111.0,-111.0,223.5,-111.0,-111.0,120.0,-154.0,2.5,227.5
401585401,2024-02-14T01:00Z,2024-02-13,2024,2,MIL,MIA,97.0,123.0,False,,BetfairSportsbook,-7.5,-111.0,-111.0,223.5,-111.0,-111.0,-300.0,225.0,-6.5,229.0
401585402,2024-02-14T03:00Z,2024-02-13,2024,2,PHX,SAC,130.0,125.0,False,,BetfairSportsbook,-4.5,-111.0,-111.0,245.5,-111.0,-111.0,-200.0,155.0,-4.0,243.5
401585403,2024-02-14T03:00Z,2024-02-13,2024,2,POR,MIN,109.0,121.0,False,,BetfairSportsbook,9.0,-111.0,-111.0,214.5,-111.0,-111.0,280.0,-400.0,9.0,214.5
401585404,2024-02-14T03:30Z,2024-02-13,2024,2,LAL,DET,125.0,111.0,False,,BetfairSportsbook,-12.0,-111.0,-111.0,243.5,-111.0,-111.0,-700.0,450.0,-11.5,237.0
401585405,2024-02-15T00:00Z,2024-02-14,2024,2,CHA,ATL,122.0,99.0,False,,BetfairSportsbook,7.0,-111.0,-111.0,238.5,-111.0,-111.0,210.0,-275.0,7.0,241.5
401585406,2024-02-15T00:00Z,2024-02-14,2024,2,ORL,NY,118.0,100.0,False,,BetfairSportsbook,-3.5,-111.0,-111.0,210.5,-111.0,-111.0,-175.0,138.0,-1.0,215.0
401585407,2024-02-15T00:00Z,2024-02-14,2024,2,PHI,MIA,104.0,109.0,False,,BetfairSportsbook,-2.5,-111.0,-111.0,226.0,-111.0,-111.0,-150.0,115.0,-5.0,225.0
401585408,2024-02-15T00:30Z,2024-02-14,2024,2,BOS,BKN,136.0,86.0,False,,BetfairSportsbook,-11.5,-111.0,-111.0,227.5,-111.0,-111.0,-800.0,500.0,-13.0,226.5
401585409,2024-02-15T00:30Z,2024-02-14,2024,2,CLE,CHI,108.0,105.0,False,,BetfairSportsbook,-9.5,-111.0,-111.0,223.0,-111.0,-111.0,-450.0,310.0,-9.0,220.5
401585410,2024-02-15T00:30Z,2024-02-14,2024,2,TOR,IND,125.0,127.0,False,,BetfairSportsbook,2.5,-111.0,-111.0,247.0,-111.0,-111.0,120.0,-154.0,3.0,243.0
401585411,2024-02-15T01:00Z,2024-02-14,2024,2,MEM,HOU,121.0,113.0,False,,BetfairSportsbook,2.0,-111.0,-111.0,218.0,-111.0,-111.0,110.0,-138.0,3.5,215.5
401585412,2024-02-15T01:00Z,2024-02-14,2024,2,NO,WSH,133.0,126.0,False,,BetfairSportsbook,-14.5,-111.0,-111.0,234.5,-111.0,-111.0,-1400.0,700.0,-13.5,237.5
401585413,2024-02-15T01:30Z,2024-02-14,2024,2,DAL,SA,116.0,93.0,False,,BetfairSportsbook,-11.5,-111.0,-111.0,243.0,-111.0,-111.0,-600.0,400.0,-12.0,244.5
401585414,2024-02-15T02:00Z,2024-02-14,2024,2,DEN,SAC,98.0,102.0,False,,BetfairSportsbook,-5.5,-111.0,-111.0,229.0,-111.0,-111.0,-250.0,188.0,-5.5,230.5
401585415,2024-02-15T02:00Z,2024-02-14,2024,2,PHX,DET,116.0,100.0,False,,BetfairSportsbook,-13.5,-111.0,-111.0,238.0,-111.0,-111.0,-1000.0,550.0,-14.0,238.5
401585416,2024-02-15T02:00Z,2024-02-14,2024,2,UTAH,LAL,122.0,138.0,False,,BetfairSportsbook,-4.5,-111.0,-111.0,241.0,-111.0,-111.0,-200.0,155.0,-3.0,239.5
401585417,2024-02-15T03:00Z,2024-02-14,2024,2,GS,LAC,125.0,130.0,False,,BetfairSportsbook,-3.5,-111.0,-111.0,237.5,-111.0,-111.0,-175.0,138.0,2.0,237.5
401585418,2024-02-16T01:30Z,2024-02-15,2024,2,MEM,MIL,113.0,110.0,False,,BetfairSportsbook,14.5,-111.0,-111.0,222.5,-111.0,-111.0,550.0,-1000.0,10.0,226.5
401636113,2024-02-16T02:00Z,2024-02-15,2024,2,UTAH,GS,137.0,140.0,False,Makeup from Jan 17,BetfairSportsbook,2.5,-111.0,-111.0,240.5,-111.0,-111.0,115.0,-150.0,-1.0,238.5
401585419,2024-02-16T03:00Z,2024-02-15,2024,2,POR,MIN,91.0,128.0,False,,BetfairSportsbook,9.5,-111.0,-111.0,216.5,-111.0,-111.0,333.0,-500.0,9.0,215.5
401585420,2024-02-23T00:00Z,2024-02-22,2024,2,CLE,ORL,109.0,116.0,False,,BetfairSportsbook,-5.0,-111.0,-111.0,214.5,-111.0,-111.0,-225.0,170.0,-7.5,215.5
401585421,2024-02-23T00:00Z,2024-02-22,2024,2,IND,DET,129.0,115.0,False,,BetfairSportsbook,-12.0,-111.0,-111.0,247.0,-111.0,-111.0,-800.0,500.0,-12.0,247.0
401585422,2024-02-23T00:00Z,2024-02-22,2024,2,PHI,NY,96.0,110.0,False,,BetfairSportsbook,-1.5,-111.0,-111.0,228.5,-111.0,-111.0,-125.0,100.0,-1.5,226.5
401585423,2024-02-23T00:00Z,2024-02-22,2024,2,TOR,BKN,121.0,93.0,False,,BetfairSportsbook,-1.5,-111.0,-111.0,231.5,-111.0,-111.0,-111.0,-111.0,-2.0,230.5
401585424,2024-02-23T00:30Z,2024-02-22,2024,2,DAL,PHX,123.0,113.0,False,,BetfairSportsbook,-2.5,-111.0,-111.0,244.5,-111.0,-111.0,-138.0,110.0,-2.0,243.5
401585425,2024-02-23T01:00Z,2024-02-22,2024,2,CHI,BOS,112.0,129.0,False,,BetfairSportsbook,8.5,-111.0,-111.0,223.5,-111.0,-111.0,280.0,-400.0,7.0,226.0
401585426,2024-02-23T01:00Z,2024-02-22,2024,2,NO,HOU,127.0,105.0,False,,BetfairSportsbook,-6.5,-111.0,-111.0,227.0,-111.0,-111.0,-250.0,188.0,-7.0,227.0
401585427,2024-02-23T01:00Z,2024-02-22,2024,2,OKC,LAC,129.0,107.0,False,,BetfairSportsbook,-1.5,-111.0,-111.0,235.5,-111.0,-111.0,-125.0,100.0,-2.5,239.5
401585428,2024-02-23T02:00Z,2024-02-22,2024,2,DEN,WSH,130.0,110.0,False,,BetfairSportsbook,-15.5,-111.0,-111.0,232.5,-111.0,-111.0,-1400.0,700.0,-16.5,229.5
401585429,2024-02-23T02:00Z,2024-02-22,2024,2,UTAH,CHA,107.0,115.0,False,,BetfairSportsbook,-9.5,-111.0,-111.0,229.0,-111.0,-111.0,-500.0,333.0,-8.5,231.5
401585430,2024-02-23T03:00Z,2024-02-22,2024,2,GS,LAL,128.0,110.0,False,,BetfairSportsbook,-6.0,-111.0,-111.0,242.5,-111.0,-111.0,-250.0,188.0,-3.0,241.5
401585431,2024-02-23T03:00Z,2024-02-22,2024,2,SAC,SA,127.0,122.0,False,,BetfairSportsbook,-10.5,-111.0,-111.0,243.0,-111.0,-111.0,-500.0,333.0,-12.0,244.5
401585432,2024-02-24T00:30Z,2024-02-23,2024,2,ATL,TOR,121.0,123.0,False,,BetfairSportsbook,-7.0,-111.0,-111.0,243.5,-111.0,-111.0,-300.0,225.0,0.5,243.5
401585433,2024-02-24T00:30Z,2024-02-23,2024,2,PHI,CLE,104.0,97.0,False,,BetfairSportsbook,2.0,-111.0,-111.0,226.0,-111.0,-111.0,110.0,-138.0,4.5,229.5
401585434,2024-02-24T01:00Z,2024-02-23,2024,2,HOU,PHX,114.0,110.0,False,,BetfairSportsbook,3.0,-111.0,-111.0,235.0,-111.0,-111.0,125.0,-163.0,3.5,229.5
401585435,2024-02-24T01:00Z,2024-02-23,2024,2,MEM,LAC,95.0,101.0,False,,BetfairSportsbook,9.0,-111.0,-111.0,224.0,-111.0,-111.0,310.0,-450.0,10.0,224.5
401585437,2024-02-24T01:00Z,2024-02-23,2024,2,OKC,WSH,147.0,106.0,False,,BetfairSportsbook,-16.0,-111.0,-111.0,243.0,-111.0,-111.0,-1600.0,750.0,-15.0,241.5
401585438,2024-02-24T01:00Z,2024-02-23,2024,2,NO,MIA,95.0,106.0,False,,BetfairSportsbook,-2.0,-111.0,-111.0,220.0,-111.0,-111.0,-138.0,110.0,-3.0,224.5
401585436,2024-02-24T03:00Z,2024-02-23,2024,2,MIN,MIL,107.0,112.0,False,,BetfairSportsbook,-4.0,-111.0,-111.0,225.5,-111.0,-111.0,-189.0,145.0,-4.5,224.5
401585439,2024-02-24T03:00Z,2024-02-23,2024,2,GS,CHA,97.0,84.0,False,,BetfairSportsbook,-12.5,-111.0,-111.0,228.5,-111.0,-111.0,-700.0,450.0,-14.0,229.5
401585440,2024-02-24T03:00Z,2024-02-23,2024,2,POR,DEN,112.0,127.0,False,,BetfairSportsbook,8.5,-111.0,-111.0,215.5,-111.0,-111.0,280.0,-400.0,9.0,219.0
401585441,2024-02-24T03:30Z,2024-02-23,2024,2,LAL,SA,123.0,118.0,False,,BetfairSportsbook,-11.0,-111.0,-111.0,242.0,-111.0,-111.0,-600.0,400.0,-8.5,239.0
401585442,2024-02-25T01:00Z,2024-02-24,2024,2,DET,ORL,109.0,112.0,False,,BetfairSportsbook,8.0,-111.0,-111.0,224.5,-111.0,-111.0,250.0,-400.0,7.0,227.0
401585444,2024-02-25T01:30Z,2024-02-24,2024,2,NY,BOS,102.0,116.0,False,,BetfairSportsbook,6.0,-111.0,-111.0,224.0,-111.0,-111.0,188.0,-250.0,7.0,223.0
401585443,2024-02-25T02:00Z,2024-02-24,2024,2,MIN,BKN,101.0,86.0,False,,BetfairSportsbook,-8.0,-111.0,-111.0,221.0,-111.0,-111.0,-350.0,250.0,-8.5,217.5
401585445,2024-02-25T18:00Z,2024-02-25,2024,2,PHI,MIL,98.0,119.0,False,,BetfairSportsbook,4.5,-111.0,-111.0,234.0,-111.0,-111.0,163.0,-213.0,4.5,227.0
401585446,2024-02-25T20:30Z,2024-02-25,2024,2,PHX,LAL,123.0,113.0,False,,BetfairSportsbook,-3.0,-111.0,-111.0,241.0,-111.0,-111.0,-163.0,125.0,-4.0,239.5
401585447,2024-02-25T22:00Z,2024-02-25,2024,2,IND,DAL,133.0,111.0,False,,BetfairSportsbook,2.0,-111.0,-111.0,252.0,-111.0,-111.0,110.0,-138.0,-1.5,250.0
401585448,2024-02-25T23:00Z,2024-02-25,2024,2,WSH,CLE,105.0,114.0,False,,BetfairSportsbook,13.5,-111.0,-111.0,234.5,-111.0,-111.0,550.0,-1000.0,10.5,232.5
401585449,2024-02-26T00:00Z,2024-02-25,2024,2,ATL,ORL,109.0,92.0,False,,BetfairSportsbook,-2.0,-111.0,-111.0,223.0,-111.0,-111.0,-133.0,105.0,-2.5,227.0
401585450,2024-02-26T00:00Z,2024-02-25,2024,2,HOU,OKC,110.0,123.0,False,,BetfairSportsbook,6.5,-111.0,-111.0,233.0,-111.0,-111.0,188.0,-250.0,4.5,235.0
401585451,2024-02-26T00:00Z,2024-02-25,2024,2,NO,CHI,106.0,114.0,False,,BetfairSportsbook,-5.0,-111.0,-111.0,225.0,-111.0,-111.0,-225.0,170.0,-2.5,223.0
401585452,2024-02-26T00:00Z,2024-02-25,2024,2,GS,DEN,103.0,119.0,False,,BetfairSportsbook,-2.0,-111.0,-111.0,233.0,-111.0,-111.0,-138.0,110.0,1.5,234.0
401585453,2024-02-26T01:00Z,2024-02-25,2024,2,UTAH,SA,128.0,109.0,False,,BetfairSportsbook,-6.5,-111.0,-111.0,239.5,-111.0,-111.0,-275.0,210.0,-7.5,239.5
401585454,2024-02-26T02:00Z,2024-02-25,2024,2,POR,CHA,80.0,93.0,False,,BetfairSportsbook,-3.5,-111.0,-111.0,213.5,-111.0,-111.0,-175.0,138.0,-2.5,219.0
401585455,2024-02-26T02:30Z,2024-02-25,2024,2,LAC,SAC,107.0,123.0,False,,BetfairSportsbook,-4.0,-111.0,-111.0,239.0,-111.0,-111.0,-200.0,155.0,-6.5,237.5
401585457,2024-02-27T00:00Z,2024-02-26,2024,2,IND,TOR,122.0,130.0,False,,BetfairSportsbook,-5.5,-111.0,-111.0,246.5,-111.0,-111.0,-250.0,188.0,-6.5,245.0
401585456,2024-02-27T00:30Z,2024-02-26,2024,2,NY,DET,113.0,111.0,False,,BetfairSportsbook,-11.0,-111.0,-111.0,225.0,-111.0,-111.0,-600.0,400.0,-12.0,224.5
401585458,2024-02-27T01:00Z,2024-02-26,2024,2,MEM,BKN,86.0,111.0,False,,BetfairSportsbook,2.5,-111.0,-111.0,214.5,-111.0,-111.0,115.0,-150.0,1.0,215.0
401585459,2024-02-27T03:00Z,2024-02-26,2024,2,SAC,MIA,110.0,121.0,False,,BetfairSportsbook,-7.5,-111.0,-111.0,224.5,-111.0,-111.0,-300.0,225.0,-8.0,227.0
401585460,2024-02-28T00:00Z,2024-02-27,2024,2,CLE,DAL,121.0,119.0,False,,BetfairSportsbook,-4.0,-111.0,-111.0,230.5,-111.0,-111.0,-188.0,145.0,-4.0,232.5
401585461,2024-02-28T00:00Z,2024-02-27,2024,2,ORL,BKN,108.0,81.0,False,,BetfairSportsbook,-6.5,-111.0,-111.0,210.5,-111.0,-111.0,-275.0,210.0,-7.0,217.5
401585462,2024-02-28T00:00Z,2024-02-27,2024,2,WSH,GS,112.0,123.0,False,,BetfairSportsbook,10.5,-111.0,-111.0,245.0,-111.0,-111.0,400.0,-600.0,10.0,241.5
401585463,2024-02-28T00:30Z,2024-02-27,2024,2,ATL,UTAH,124.0,97.0,False,,BetfairSportsbook,-1.5,-111.0,-111.0,238.5,-111.0,-111.0,-125.0,100.0,-3.0,238.5
401585464,2024-02-28T00:30Z,2024-02-27,2024,2,BOS,PHI,117.0,99.0,False,,BetfairSportsbook,-11.5,-111.0,-111.0,231.5,-111.0,-111.0,-700.0,450.0,-12.5,229.5
401585465,2024-02-28T00:30Z,2024-02-27,2024,2,NY,NO,92.0,115.0,False,,BetfairSportsbook,6.5,-111.0,-111.0,214.0,-111.0,-111.0,188.0,-250.0,-1.0,220.0
401585466,2024-02-28T01:00Z,2024-02-27,2024,2,MIN,SA,114.0,105.0,False,,BetfairSportsbook,-13.0,-111.0,-111.0,222.0,-111.0,-111.0,-1000.0,550.0,-15.0,223.5
401585467,2024-02-28T01:00Z,2024-02-27,2024,2,CHI,DET,95.0,105.0,False,,BetfairSportsbook,-10.5,-111.0,-111.0,223.0,-111.0,-111.0,-600.0,400.0,-13.0,229.0
401585468,2024-02-28T01:00Z,2024-02-27,2024,2,MIL,CHA,123.0,85.0,False,,BetfairSportsbook,-14.0,-111.0,-111.0,219.5,-111.0,-111.0,-1400.0,700.0,-14.0,224.5
401585469,2024-02-28T03:00Z,2024-02-27,2024,2,OKC,HOU,112.0,95.0,False,,BetfairSportsbook,-10.0,-111.0,-111.0,234.0,-111.0,-111.0,-500.0,333.0,-10.5,234.0
401585470,2024-02-28T03:00Z,2024-02-27,2024,2,POR,MIA,96.0,106.0,False,,BetfairSportsbook,7.0,-111.0,-111.0,212.5,-111.0,-111.0,225.0,-300.0,5.5,215.0
401585471,2024-02-29T00:30Z,2024-02-28,2024,2,IND,NO,123.0,114.0,False,,BetfairSportsbook,-4.0,-111.0,-111.0,239.5,-111.0,-111.0,-175.0,138.0,-3.5,243.5
401585472,2024-02-29T00:30Z,2024-02-28,2024,2,TOR,DAL,125.0,136.0,False,,BetfairSportsbook,4.0,-111.0,-111.0,241.5,-111.0,-111.0,145.0,-188.0,2.0,242.0
401585473,2024-02-29T01:00Z,2024-02-28,2024,2,MIN,MEM,110.0,101.0,False,,BetfairSportsbook,-13.5,-111.0,-111.0,209.5,-111.0,-111.0,-1000.0,550.0,-12.5,216.5
401585474,2024-02-29T01:00Z,2024-02-28,2024,2,CHI,CLE,132.0,123.0,False,,BetfairSportsbook,5.5,-111.0,-111.0,216.5,-111.0,-111.0,170.0,-225.0,4.0,219.5
401585475,2024-02-29T02:00Z,2024-02-28,2024,2,DEN,SAC,117.0,96.0,False,,BetfairSportsbook,-9.0,-111.0,-111.0,227.0,-111.0,-111.0,-450.0,310.0,-6.5,231.0
401585476,2024-02-29T03:00Z,2024-02-28,2024,2,LAC,LAL,112.0,116.0,False,,BetfairSportsbook,-1.5,-111.0,-111.0,236.5,-111.0,-111.0,-125.0,100.0,-5.5,236.5
401585477,2024-03-01T00:00Z,2024-02-29,2024,2,CHA,MIL,99.0,111.0,False,,BetfairSportsbook,11.5,-111.0,-111.0,219.0,-111.0,-111.0,500.0,-800.0,10.5,219.5
401585478,2024-03-01T00:00Z,2024-02-29,2024,2,ORL,UTAH,115.0,107.0,False,,BetfairSportsbook,-7.0,-111.0,-111.0,225.5,-111.0,-111.0,-275.0,210.0,-5.5,220.5
401585479,2024-03-01T00:30Z,2024-02-29,2024,2,BKN,ATL,124.0,97.0,False,,BetfairSportsbook,-1.5,-111.0,-111.0,220.5,-111.0,-111.0,-111.0,-111.0,-2.0,227.5
401585480,2024-03-01T00:30Z,2024-02-29,2024,2,NY,GS,99.0,110.0,False,,BetfairSportsbook,3.5,-111.0,-111.0,223.0,-111.0,-111.0,125.0,-163.0,3.5,223.0
401585481,2024-03-01T01:30Z,2024-02-29,2024,2,SA,OKC,132.0,118.0,False,,BetfairSportsbook,11.0,-111.0,-111.0,238.5,-111.0,-111.0,400.0,-600.0,11.5,237.5
401585482,2024-03-01T02:00Z,2024-02-29,2024,2,PHX,HOU,110.0,105.0,False,,BetfairSportsbook,-8.5,-111.0,-111.0,230.5,-111.0,-111.0,-400.0,280.0,-8.5,233.5
401585483,2024-03-01T03:00Z,2024-02-29,2024,2,DEN,MIA,103.0,97.0,False,,BetfairSportsbook,-6.0,-111.0,-111.0,214.5,-111.0,-111.0,-250.0,188.0,-4.5,215.5
401585484,2024-03-01T03:30Z,2024-02-29,2024,2,LAL,WSH,134.0,131.0,False,,BetfairSportsbook,-11.0,-111.0,-111.0,245.0,-111.0,-111.0,-600.0,400.0,-10.0,241.5
401585485,2024-03-02T00:00Z,2024-03-01,2024,2,DET,CLE,100.0,110.0,False,,BetfairSportsbook,7.0,-111.0,-111.0,219.0,-111.0,-111.0,210.0,-275.0,10.0,223.5
401585486,2024-03-02T00:00Z,2024-03-01,2024,2,PHI,CHA,121.0,114.0,False,,BetfairSportsbook,-12.0,-111.0,-111.0,213.5,-111.0,-111.0,-700.0,450.0,-11.5,218.5
401585487,2024-03-02T00:30Z,2024-03-01,2024,2,BOS,DAL,138.0,110.0,False,,BetfairSportsbook,-8.5,-111.0,-111.0,237.5,-111.0,-111.0,-400.0,280.0,-8.5,238.5
401585488,2024-03-02T00:30Z,2024-03-01,2024,2,TOR,GS,105.0,120.0,False,,BetfairSportsbook,3.0,-111.0,-111.0,237.0,-111.0,-111.0,120.0,-154.0,2.5,237.5
401585489,2024-03-02T01:00Z,2024-03-01,2024,2,MEM,POR,92.0,122.0,False,,BetfairSportsbook,-1.0,-111.0,-111.0,209.0,-111.0,-111.0,-111.0,-111.0,-4.5,209.5
401585490,2024-03-02T01:00Z,2024-03-01,2024,2,MIN,SAC,120.0,124.0,False,,BetfairSportsbook,-8.5,-111.0,-111.0,222.0,-111.0,-111.0,-350.0,250.0,-7.5,224.5
401585491,2024-03-02T01:00Z,2024-03-01,2024,2,NO,IND,129.0,102.0,False,,BetfairSportsbook,-5.0,-111.0,-111.0,238.5,-111.0,-111.0,-213.0,163.0,-4.5,238.0
401585492,2024-03-02T03:00Z,2024-03-01,2024,2,CHI,MIL,97.0,113.0,False,,BetfairSportsbook,4.0,-111.0,-111.0,221.5,-111.0,-111.0,138.0,-175.0,4.0,224.5
401585493,2024-03-02T03:30Z,2024-03-01,2024,2,LAC,WSH,140.0,115.0,False,,BetfairSportsbook,-16.0,-111.0,-111.0,238.5,-111.0,-111.0,-1400.0,700.0,-14.5,240.5
401585494,2024-03-02T20:00Z,2024-03-02,2024,2,BKN,ATL,114.0,102.0,False,,BetfairSportsbook,1.0,-111.0,-111.0,218.0,-111.0,-111.0,-111.0,-111.0,-2.0,221.5
401585495,2024-03-02T22:00Z,2024-03-02,2024,2,MIA,UTAH,126.0,120.0,False,,Caesars Sportsbook (Colorado),-9.5,-110.0,-110.0,223.5,-110.0,-110.0,-440.0,335.0,-8.0,225.0
401585496,2024-03-03T01:00Z,2024-03-02,2024,2,MEM,POR,100.0,107.0,False,,BetfairSportsbook,-2.5,-111.0,-111.0,210.0,-111.0,-111.0,-138.0,110.0,-1.5,209.0
401585497,2024-03-03T01:30Z,2024-03-02,2024,2,LAL,DEN,114.0,124.0,False,,BetfairSportsbook,1.0,-111.0,-111.0,230.0,-111.0,-111.0,-111.0,-111.0,-1.5,231.0
401585498,2024-03-03T02:00Z,2024-03-02,2024,2,PHX,HOU,109.0,118.0,False,,BetfairSportsbook,-9.0,-111.0,-111.0,232.0,-111.0,-111.0,-450.0,310.0,-9.5,228.5
401585499,2024-03-03T18:00Z,2024-03-03,2024,2,DAL,PHI,116.0,120.0,False,,BetfairSportsbook,-7.5,-111.0,-111.0,237.5,-111.0,-111.0,-350.0,250.0,-8.5,238.0
401585500,2024-03-03T20:30Z,2024-03-03,2024,2,BOS,GS,140.0,88.0,False,,BetfairSportsbook,-8.0,-111.0,-111.0,231.0,-111.0,-111.0,-350.0,250.0,-9.5,233.5
401585501,2024-03-03T20:30Z,2024-03-03,2024,2,MIN,LAC,88.0,89.0,False,,BetfairSportsbook,-2.5,-111.0,-111.0,219.5,-111.0,-111.0,-150.0,115.0,1.5,220.5
401585502,2024-03-03T23:00Z,2024-03-03,2024,2,ORL,DET,113.0,91.0,False,,BetfairSportsbook,-11.0,-111.0,-111.0,216.5,-111.0,-111.0,-600.0,400.0,-11.0,220.0
401585503,2024-03-03T23:00Z,2024-03-03,2024,2,TOR,CHA,111.0,106.0,False,,BetfairSportsbook,-7.0,-111.0,-111.0,224.0,-111.0,-111.0,-300.0,225.0,-9.0,225.5
401585504,2024-03-04T00:00Z,2024-03-03,2024,2,CLE,NY,98.0,107.0,False,,BetfairSportsbook,-4.0,-111.0,-111.0,209.0,-111.0,-111.0,-188.0,145.0,-4.5,211.5
401585505,2024-03-04T00:00Z,2024-03-03,2024,2,SA,IND,117.0,105.0,False,,BetfairSportsbook,6.5,-111.0,-111.0,243.0,-111.0,-111.0,188.0,-250.0,6.5,245.0
401585506,2024-03-04T02:30Z,2024-03-03,2024,2,PHX,OKC,110.0,118.0,False,,BetfairSportsbook,4.5,-111.0,-111.0,232.5,-111.0,-111.0,155.0,-200.0,1.0,236.5
401585507,2024-03-05T00:30Z,2024-03-04,2024,2,BKN,MEM,102.0,106.0,False,,BetfairSportsbook,-9.5,-111.0,-111.0,206.0,-111.0,-111.0,-450.0,310.0,-9.0,212.5
401585508,2024-03-05T01:00Z,2024-03-04,2024,2,MIL,LAC,113.0,106.0,False,,BetfairSportsbook,3.0,-111.0,-111.0,222.5,-111.0,-111.0,120.0,-154.0,-5.5,230.5
401585509,2024-03-05T01:00Z,2024-03-04,2024,2,MIN,POR,119.0,114.0,False,,BetfairSportsbook,-15.0,-111.0,-111.0,210.0,-111.0,-111.0,-1400.0,700.0,-13.5,214.5
401585510,2024-03-05T02:00Z,2024-03-04,2024,2,UTAH,WSH,127.0,115.0,False,,BetfairSportsbook,-5.0,-111.0,-111.0,240.5,-111.0,-111.0,-200.0,155.0,-10.0,245.5
401585511,2024-03-05T03:00Z,2024-03-04,2024,2,SAC,CHI,109.0,113.0,False,,BetfairSportsbook,-6.5,-111.0,-111.0,229.5,-111.0,-111.0,-250.0,188.0,-7.5,229.5
401585512,2024-03-05T03:30Z,2024-03-04,2024,2,LAL,OKC,116.0,104.0,False,,BetfairSportsbook,1.0,-111.0,-111.0,239.5,-111.0,-111.0,-111.0,-111.0,-1.0,240.5
401585513,2024-03-06T00:00Z,2024-03-05,2024,2,CHA,ORL,89.0,101.0,False,,BetfairSportsbook,8.5,-111.0,-111.0,208.0,-111.0,-111.0,280.0,-400.0,8.5,209.0
401585514,2024-03-06T00:30Z,2024-03-05,2024,2,CLE,BOS,105.0,104.0,False,,BetfairSportsbook,8.5,-120.0,-120.0,217.0,-120.0,-120.0,250.0,-350.0,5.5,220.5
401585515,2024-03-06T00:30Z,2024-03-05,2024,2,BKN,PHI,112.0,107.0,False,,BetfairSportsbook,1.0,-111.0,-111.0,212.5,-111.0,-111.0,-111.0,-111.0,1.0,220.0
401585516,2024-03-06T00:30Z,2024-03-05,2024,2,MIA,DET,118.0,110.0,False,,BetfairSportsbook,-11.5,-111.0,-111.0,217.5,-111.0,-111.0,-800.0,500.0,-11.5,220.5
401585517,2024-03-06T00:30Z,2024-03-05,2024,2,NY,ATL,100.0,116.0,False,,BetfairSportsbook,-1.0,-111.0,-111.0,213.5,-111.0,-111.0,-125.0,100.0,-4.0,217.0
401585518,2024-03-06T00:30Z,2024-03-05,2024,2,TOR,NO,98.0,139.0,False,,BetfairSportsbook,9.5,-111.0,-111.0,230.5,-111.0,-111.0,310.0,-450.0,8.0,229.0
401585519,2024-03-06T01:00Z,2024-03-05,2024,2,HOU,SA,114.0,101.0,False,,BetfairSportsbook,-7.0,-111.0,-111.0,227.5,-111.0,-111.0,-275.0,210.0,-6.5,227.5
401585520,2024-03-06T01:30Z,2024-03-05,2024,2,DAL,IND,120.0,137.0,False,,BetfairSportsbook,-5.5,-111.0,-111.0,247.5,-111.0,-111.0,-225.0,170.0,-4.5,247.5
401585521,2024-03-06T03:00Z,2024-03-05,2024,2,DEN,PHX,107.0,117.0,False,,BetfairSportsbook,-9.0,-111.0,-111.0,225.0,-111.0,-111.0,-450.0,310.0,-8.5,223.5
401585522,2024-03-07T00:00Z,2024-03-06,2024,2,WSH,ORL,109.0,119.0,False,,BetfairSportsbook,6.5,-111.0,-111.0,225.0,-111.0,-111.0,210.0,-275.0,7.0,228.5
401585523,2024-03-07T00:30Z,2024-03-06,2024,2,ATL,CLE,112.0,101.0,False,,BetfairSportsbook,-3.0,-111.0,-111.0,217.0,-111.0,-111.0,-163.0,125.0,1.0,221.5
401585524,2024-03-07T00:30Z,2024-03-06,2024,2,PHI,MEM,109.0,115.0,False,,BetfairSportsbook,-4.0,-111.0,-111.0,213.5,-111.0,-111.0,-188.0,145.0,-5.5,212.5
401585525,2024-03-07T00:30Z,2024-03-06,2024,2,HOU,LAC,116.0,122.0,False,,BetfairSportsbook,6.5,-111.0,-111.0,222.5,-111.0,-111.0,188.0,-250.0,6.5,225.5
401585526,2024-03-07T02:00Z,2024-03-06,2024,2,UTAH,CHI,117.0,119.0,False,,BetfairSportsbook,4.0,-111.0,-111.0,224.0,-111.0,-111.0,145.0,-188.0,-3.5,230.5
401585527,2024-03-07T03:00Z,2024-03-06,2024,2,GS,MIL,125.0,90.0,False,,BetfairSportsbook,-2.5,-111.0,-111.0,229.5,-111.0,-111.0,-150.0,115.0,-2.0,230.5
401585528,2024-03-07T03:00Z,2024-03-06,2024,2,POR,OKC,120.0,128.0,False,,BetfairSportsbook,13.0,-111.0,-111.0,224.5,-111.0,-111.0,550.0,-1000.0,11.5,225.0
401585529,2024-03-07T03:30Z,2024-03-06,2024,2,LAL,SAC,120.0,130.0,False,,BetfairSportsbook,-3.0,-111.0,-111.0,240.0,-111.0,-111.0,-154.0,120.0,-2.5,239.5
401585530,2024-03-08T00:00Z,2024-03-07,2024,2,DET,BKN,118.0,112.0,False,,BetfairSportsbook,2.5,-111.0,-111.0,216.0,-111.0,-111.0,115.0,-150.0,2.5,218.0
401585531,2024-03-08T00:00Z,2024-03-07,2024,2,IND,MIN,111.0,113.0,False,,BetfairSportsbook,-1.5,-111.0,-111.0,228.0,-111.0,-111.0,-111.0,-111.0,2.0,230.5
401585532,2024-03-08T00:30Z,2024-03-07,2024,2,DAL,MIA,114.0,108.0,False,,BetfairSportsbook,-4.5,-111.0,-111.0,230.0,-111.0,-111.0,-200.0,155.0,-4.5,229.0
401585533,2024-03-08T02:00Z,2024-03-07,2024,2,PHX,TOR,120.0,113.0,False,,BetfairSportsbook,-10.5,-111.0,-111.0,236.5,-111.0,-111.0,-600.0,400.0,-10.5,232.5
401585534,2024-03-08T03:00Z,2024-03-07,2024,2,DEN,BOS,115.0,109.0,False,,BetfairSportsbook,2.0,-111.0,-111.0,222.5,-111.0,-111.0,110.0,-138.0,1.0,221.5
401585535,2024-03-08T03:00Z,2024-03-07,2024,2,GS,CHI,122.0,125.0,False,,BetfairSportsbook,-8.5,-111.0,-111.0,223.5,-111.0,-111.0,-400.0,280.0,-7.0,223.5
401585536,2024-03-08T03:00Z,2024-03-07,2024,2,SAC,SA,131.0,129.0,False,,BetfairSportsbook,-12.0,-111.0,-111.0,234.5,-111.0,-111.0,-800.0,500.0,-9.0,237.0
401585537,2024-03-09T00:00Z,2024-03-08,2024,2,PHI,NO,95.0,103.0,False,,BetfairSportsbook,8.0,-111.0,-111.0,221.5,-111.0,-111.0,240.0,-333.0,5.0,226.0
401585538,2024-03-09T00:00Z,2024-03-08,2024,2,WSH,CHA,112.0,100.0,False,,BetfairSportsbook,-2.5,-111.0,-111.0,226.0,-111.0,-111.0,-154.0,120.0,-2.5,228.0
401585539,2024-03-09T00:30Z,2024-03-08,2024,2,CLE,MIN,113.0,104.0,False,,BetfairSportsbook,-1.5,-111.0,-111.0,206.5,-111.0,-111.0,-125.0,100.0,-1.0,210.0
401585540,2024-03-09T00:30Z,2024-03-08,2024,2,NY,ORL,98.0,74.0,False,,BetfairSportsbook,-2.5,-111.0,-111.0,207.5,-111.0,-111.0,-150.0,115.0,-1.5,211.0
401585541,2024-03-09T01:00Z,2024-03-08,2024,2,MEM,ATL,92.0,99.0,False,,BetfairSportsbook,3.5,-111.0,-111.0,215.0,-111.0,-111.0,130.0,-167.0,3.0,215.0
401585542,2024-03-09T01:00Z,2024-03-08,2024,2,OKC,MIA,107.0,100.0,False,,BetfairSportsbook,-8.5,-111.0,-111.0,226.5,-111.0,-111.0,-450.0,310.0,-8.0,226.5
401585543,2024-03-09T03:00Z,2024-03-08,2024,2,LAL,MIL,123.0,122.0,False,,BetfairSportsbook,4.0,-111.0,-111.0,230.0,-111.0,-111.0,145.0,-188.0,-1.0,236.5
401585544,2024-03-09T03:00Z,2024-03-08,2024,2,POR,HOU,107.0,123.0,False,,BetfairSportsbook,6.5,-111.0,-111.0,219.0,-111.0,-111.0,210.0,-275.0,4.5,219.0
401585545,2024-03-09T21:00Z,2024-03-09,2024,2,LAC,CHI,112.0,102.0,False,,BetfairSportsbook,-8.5,-111.0,-111.0,221.5,-111.0,-111.0,-400.0,280.0,-9.0,221.5
401585546,2024-03-10T00:00Z,2024-03-09,2024,2,CHA,BKN,110.0,99.0,False,,BetfairSportsbook,6.5,-111.0,-111.0,207.0,-111.0,-111.0,188.0,-250.0,5.5,212.5
401585547,2024-03-10T00:00Z,2024-03-09,2024,2,DET,DAL,124.0,142.0,False,,BetfairSportsbook,9.0,-111.0,-111.0,238.0,-111.0,-111.0,310.0,-450.0,9.0,237.5
401585548,2024-03-10T01:30Z,2024-03-09,2024,2,PHX,BOS,107.0,117.0,False,,BetfairSportsbook,5.5,-111.0,-111.0,226.0,-111.0,-111.0,170.0,-225.0,6.0,228.5
401585549,2024-03-10T01:30Z,2024-03-09,2024,2,GS,SA,113.0,126.0,False,,BetfairSportsbook,-12.5,-111.0,-111.0,226.0,-111.0,-111.0,-1000.0,550.0,-8.5,233.0
401585550,2024-03-10T02:00Z,2024-03-09,2024,2,DEN,UTAH,142.0,121.0,False,,BetfairSportsbook,-12.5,-111.0,-111.0,227.0,-111.0,-111.0,-1000.0,550.0,-12.0,235.0
401585551,2024-03-10T03:00Z,2024-03-09,2024,2,POR,TOR,128.0,118.0,False,,BetfairSportsbook,3.0,-111.0,-111.0,229.0,-111.0,-111.0,120.0,-154.0,1.5,224.0
401585552,2024-03-10T19:00Z,2024-03-10,2024,2,LAC,MIL,117.0,124.0,False,,BetfairSportsbook,6.5,-111.0,-111.0,221.0,-111.0,-111.0,188.0,-250.0,-1.0,228.5
401585553,2024-03-10T22:00Z,2024-03-10,2024,2,ATL,NO,103.0,116.0,False,,BetfairSportsbook,6.5,-111.0,-111.0,221.5,-111.0,-111.0,188.0,-250.0,5.5,222.5
401585554,2024-03-10T22:00Z,2024-03-10,2024,2,MIA,WSH,108.0,110.0,False,,BetfairSportsbook,-11.5,-111.0,-111.0,228.5,-111.0,-111.0,-700.0,450.0,-10.0,229.5
401585556,2024-03-10T22:00Z,2024-03-10,2024,2,ORL,IND,97.0,111.0,False,,BetfairSportsbook,1.0,-111.0,-111.0,222.5,-111.0,-111.0,-111.0,-111.0,-1.0,228.5
401585557,2024-03-10T22:00Z,2024-03-10,2024,2,SAC,HOU,104.0,112.0,False,,BetfairSportsbook,-7.0,-111.0,-111.0,233.0,-111.0,-111.0,-275.0,210.0,-6.5,231.5
401585555,2024-03-10T23:00Z,2024-03-10,2024,2,NY,PHI,73.0,79.0,False,,BetfairSportsbook,-7.0,-111.0,-111.0,211.5,-111.0,-111.0,-300.0,225.0,-7.0,211.5
401585558,2024-03-10T23:00Z,2024-03-10,2024,2,CLE,BKN,101.0,120.0,False,,BetfairSportsbook,-6.5,-111.0,-111.0,208.5,-111.0,-111.0,-275.0,210.0,-7.5,209.0
401585559,2024-03-10T23:00Z,2024-03-10,2024,2,OKC,MEM,124.0,93.0,False,,BetfairSportsbook,-15.0,-111.0,-111.0,219.5,-111.0,-111.0,-1400.0,700.0,-15.0,221.5
401585560,2024-03-11T01:30Z,2024-03-10,2024,2,LAL,MIN,120.0,109.0,False,,BetfairSportsbook,-5.0,-111.0,-111.0,225.0,-111.0,-111.0,-250.0,188.0,1.0,223.5
401585561,2024-03-11T23:00Z,2024-03-11,2024,2,DET,CHA,114.0,97.0,False,,BetfairSportsbook,-5.0,-111.0,-111.0,217.5,-111.0,-111.0,-213.0,163.0,-4.0,218.5
401585562,2024-03-11T23:30Z,2024-03-11,2024,2,CLE,PHX,111.0,117.0,False,,BetfairSportsbook,7.0,-111.0,-111.0,221.0,-111.0,-111.0,210.0,-275.0,1.0,225.5
401585563,2024-03-12T00:00Z,2024-03-11,2024,2,CHI,DAL,92.0,127.0,False,,BetfairSportsbook,3.5,-111.0,-111.0,233.0,-111.0,-111.0,138.0,-175.0,4.0,232.0
401585564,2024-03-12T00:00Z,2024-03-11,2024,2,SA,GS,102.0,112.0,False,,BetfairSportsbook,5.0,-111.0,-111.0,226.0,-111.0,-111.0,163.0,-213.0,6.0,229.5
401585565,2024-03-12T01:00Z,2024-03-11,2024,2,DEN,TOR,125.0,119.0,False,,BetfairSportsbook,-17.0,-111.0,-111.0,231.5,-111.0,-111.0,-2000.0,800.0,-13.5,225.5
401585566,2024-03-12T02:30Z,2024-03-11,2024,2,POR,BOS,99.0,121.0,False,,BetfairSportsbook,11.5,-111.0,-111.0,220.5,-111.0,-111.0,500.0,-800.0,13.5,217.0
401585567,2024-03-12T23:30Z,2024-03-12,2024,2,NY,PHI,106.0,79.0,False,,BetfairSportsbook,-6.0,-111.0,-111.0,209.0,-111.0,-111.0,-250.0,188.0,-4.5,212.5
401585568,2024-03-13T00:00Z,2024-03-12,2024,2,MEM,WSH,109.0,97.0,False,,BetfairSportsbook,2.0,-111.0,-111.0,222.5,-111.0,-111.0,110.0,-138.0,-3.0,218.5
401585569,2024-03-13T00:00Z,2024-03-12,2024,2,OKC,IND,111.0,121.0,False,,BetfairSportsbook,-5.5,-111.0,-111.0,240.5,-111.0,-111.0,-225.0,170.0,-6.0,235.5
401585570,2024-03-13T00:30Z,2024-03-12,2024,2,SA,HOU,101.0,103.0,False,,BetfairSportsbook,3.0,-111.0,-111.0,221.0,-111.0,-111.0,120.0,-154.0,3.5,224.0
401585571,2024-03-13T01:00Z,2024-03-12,2024,2,UTAH,BOS,107.0,123.0,False,,BetfairSportsbook,6.5,-111.0,-111.0,230.0,-111.0,-111.0,210.0,-275.0,6.0,234.5
401585572,2024-03-13T02:00Z,2024-03-12,2024,2,LAC,MIN,100.0,118.0,False,,BetfairSportsbook,-5.5,-111.0,-111.0,213.5,-111.0,-111.0,-250.0,188.0,-6.5,218.5
401585573,2024-03-13T02:00Z,2024-03-12,2024,2,SAC,MIL,129.0,94.0,False,,BetfairSportsbook,-1.5,-111.0,-111.0,235.0,-111.0,-111.0,-125.0,100.0,-1.0,234.5
401585574,2024-03-13T23:00Z,2024-03-13,2024,2,DET,TOR,113.0,104.0,False,,BetfairSportsbook,-3.5,-111.0,-111.0,233.0,-111.0,-111.0,-175.0,138.0,-1.5,234.5
401585575,2024-03-13T23:00Z,2024-03-13,2024,2,ORL,BKN,114.0,106.0,False,,BetfairSportsbook,-6.0,-111.0,-111.0,205.0,-111.0,-111.0,-250.0,188.0,-7.0,206.5
401585576,2024-03-13T23:30Z,2024-03-13,2024,2,IND,CHI,129.0,132.0,False,,BetfairSportsbook,-5.0,-111.0,-111.0,228.5,-111.0,-111.0,-213.0,163.0,-4.0,233.5
401585577,2024-03-13T23:30Z,2024-03-13,2024,2,MIA,DEN,88.0,100.0,False,,BetfairSportsbook,4.0,-111.0,-111.0,217.5,-111.0,-111.0,138.0,-175.0,2.5,215.5
401585578,2024-03-14T00:00Z,2024-03-13,2024,2,MEM,CHA,98.0,110.0,False,,BetfairSportsbook,2.5,-111.0,-111.0,201.5,-111.0,-111.0,110.0,-138.0,1.5,205.0
401585579,2024-03-14T00:00Z,2024-03-13,2024,2,NO,CLE,95.0,116.0,False,,BetfairSportsbook,-5.5,-111.0,-111.0,217.0,-111.0,-111.0,-225.0,170.0,-7.5,215.5
401585580,2024-03-14T00:30Z,2024-03-13,2024,2,DAL,GS,109.0,99.0,False,,BetfairSportsbook,-8.5,-111.0,-111.0,234.0,-111.0,-111.0,-400.0,280.0,-8.0,236.5
401585581,2024-03-14T02:00Z,2024-03-13,2024,2,POR,ATL,106.0,102.0,False,,BetfairSportsbook,4.0,-111.0,-111.0,216.0,-111.0,-111.0,145.0,-188.0,1.5,218.5
401585582,2024-03-14T02:00Z,2024-03-13,2024,2,SAC,LAL,120.0,107.0,False,,BetfairSportsbook,2.5,-111.0,-111.0,237.5,-111.0,-111.0,115.0,-150.0,-2.0,239.5
401585583,2024-03-14T23:30Z,2024-03-14,2024,2,BOS,PHX,127.0,112.0,False,,BetfairSportsbook,-5.5,-111.0,-111.0,226.5,-111.0,-111.0,-225.0,188.0,-4.5,230.5
401585584,2024-03-15T00:00Z,2024-03-14,2024,2,CHI,LAC,111.0,126.0,False,,BetfairSportsbook,6.0,-111.0,-111.0,214.5,-111.0,-111.0,188.0,-250.0,4.5,220.5
401585585,2024-03-15T00:00Z,2024-03-14,2024,2,HOU,WSH,135.0,119.0,False,,BetfairSportsbook,-8.5,-111.0,-111.0,227.5,-111.0,-111.0,-400.0,280.0,-8.5,226.5
401585586,2024-03-15T00:00Z,2024-03-14,2024,2,MIL,PHI,114.0,105.0,False,,BetfairSportsbook,-7.0,-111.0,-111.0,219.5,-111.0,-111.0,-300.0,225.0,-9.5,223.5
401585587,2024-03-15T02:00Z,2024-03-14,2024,2,OKC,DAL,126.0,119.0,False,,BetfairSportsbook,-9.5,-111.0,-111.0,233.5,-111.0,-111.0,-450.0,310.0,-6.5,242.5
401585588,2024-03-15T02:00Z,2024-03-14,2024,2,POR,NY,93.0,105.0,False,,BetfairSportsbook,12.0,-111.0,-111.0,203.0,-111.0,-111.0,450.0,-700.0,7.5,213.5
401585589,2024-03-15T23:00Z,2024-03-15,2024,2,CHA,PHX,96.0,107.0,False,,BetfairSportsbook,10.5,-111.0,-111.0,220.0,-111.0,-111.0,400.0,-600.0,9.5,219.0
401585590,2024-03-15T23:00Z,2024-03-15,2024,2,DET,MIA,95.0,108.0,False,,BetfairSportsbook,7.5,-111.0,-111.0,217.0,-111.0,-111.0,250.0,-350.0,5.5,217.0
401585591,2024-03-15T23:30Z,2024-03-15,2024,2,TOR,ORL,103.0,113.0,False,,BetfairSportsbook,8.0,-111.0,-111.0,218.0,-111.0,-111.0,240.0,-333.0,5.5,223.5
401585592,2024-03-16T00:00Z,2024-03-15,2024,2,NO,LAC,112.0,104.0,False,,BetfairSportsbook,-7.0,-111.0,-111.0,218.5,-111.0,-111.0,-300.0,225.0,-5.0,223.5
401585593,2024-03-16T00:30Z,2024-03-15,2024,2,SA,DEN,106.0,117.0,False,,BetfairSportsbook,10.5,-111.0,-111.0,224.5,-111.0,-111.0,333.0,-500.0,10.5,221.0
401585594,2024-03-16T01:30Z,2024-03-15,2024,2,UTAH,ATL,124.0,122.0,False,,BetfairSportsbook,1.0,-111.0,-111.0,222.5,-111.0,-111.0,-111.0,-111.0,-4.0,227.5
401585595,2024-03-16T21:00Z,2024-03-16,2024,2,HOU,CLE,117.0,103.0,False,,BetfairSportsbook,5.0,-111.0,-111.0,214.5,-111.0,-111.0,163.0,-213.0,6.5,216.5
401585596,2024-03-16T23:00Z,2024-03-16,2024,2,IND,BKN,121.0,100.0,False,,BetfairSportsbook,-8.5,-111.0,-111.0,229.0,-111.0,-111.0,-333.0,240.0,-7.5,229.5
401585597,2024-03-16T23:00Z,2024-03-16,2024,2,PHI,CHA,109.0,98.0,False,,BetfairSportsbook,-10.5,-111.0,-111.0,209.5,-111.0,-111.0,-500.0,333.0,-9.0,208.5
401585598,2024-03-16T23:00Z,2024-03-16,2024,2,NO,POR,126.0,107.0,False,,BetfairSportsbook,-13.0,-111.0,-111.0,215.5,-111.0,-111.0,-1000.0,550.0,-14.0,212.5
401585599,2024-03-17T00:00Z,2024-03-16,2024,2,CHI,WSH,127.0,98.0,False,,BetfairSportsbook,-9.5,-111.0,-111.0,223.5,-111.0,-111.0,-450.0,310.0,-10.5,225.5
401585600,2024-03-17T00:00Z,2024-03-16,2024,2,MEM,OKC,112.0,118.0,False,,BetfairSportsbook,10.5,-111.0,-111.0,219.0,-111.0,-111.0,400.0,-600.0,9.0,218.5
401585601,2024-03-17T00:30Z,2024-03-16,2024,2,LAL,GS,121.0,128.0,False,,BetfairSportsbook,-1.5,-111.0,-111.0,233.5,-111.0,-111.0,-125.0,100.0,-3.0,240.5
401585602,2024-03-17T01:30Z,2024-03-16,2024,2,UTAH,MIN,100.0,119.0,False,,BetfairSportsbook,7.5,-111.0,-111.0,225.5,-111.0,-111.0,225.0,-300.0,8.0,224.0
401585603,2024-03-17T02:00Z,2024-03-16,2024,2,SAC,NY,91.0,98.0,False,,BetfairSportsbook,-3.5,-111.0,-111.0,216.5,-111.0,-111.0,-167.0,130.0,-2.5,219.5
401585604,2024-03-17T17:00Z,2024-03-17,2024,2,MIL,PHX,140.0,129.0,False,,BetfairSportsbook,2.5,-111.0,-111.0,228.0,-111.0,-111.0,120.0,-154.0,-3.5,229.0
401585605,2024-03-17T19:00Z,2024-03-17,2024,2,DET,MIA,101.0,104.0,False,,BetfairSportsbook,5.5,-111.0,-111.0,213.5,-111.0,-111.0,170.0,-225.0,8.0,216.0
401585606,2024-03-17T19:30Z,2024-03-17,2024,2,DAL,DEN,107.0,105.0,False,,BetfairSportsbook,1.0,-111.0,-111.0,231.5,-111.0,-111.0,-111.0,-111.0,3.5,226.5
401585607,2024-03-17T22:00Z,2024-03-17,2024,2,ORL,TOR,111.0,96.0,False,,BetfairSportsbook,-11.0,-111.0,-111.0,219.0,-111.0,-111.0,-600.0,400.0,-11.5,216.0
401585608,2024-03-17T22:00Z,2024-03-17,2024,2,WSH,BOS,104.0,130.0,False,,BetfairSportsbook,15.0,-111.0,-111.0,226.5,-111.0,-111.0,700.0,-1400.0,17.0,235.0
401585609,2024-03-17T23:00Z,2024-03-17,2024,2,SA,BKN,122.0,115.0,False,,BetfairSportsbook,-2.0,-111.0,-111.0,218.0,-111.0,-111.0,-133.0,105.0,-1.0,220.0
401585610,2024-03-18T01:30Z,2024-03-17,2024,2,LAC,ATL,93.0,110.0,False,,BetfairSportsbook,-9.5,-111.0,-111.0,221.0,-111.0,-111.0,-500.0,333.0,-10.0,228.0
401585611,2024-03-18T23:00Z,2024-03-18,2024,2,IND,CLE,103.0,108.0,False,,BetfairSportsbook,-6.5,-111.0,-111.0,225.5,-111.0,-111.0,-250.0,188.0,-7.5,223.5
401585612,2024-03-18T23:30Z,2024-03-18,2024,2,BOS,DET,119.0,94.0,False,,BetfairSportsbook,-15.5,-111.0,-111.0,222.0,-111.0,-111.0,-1600.0,750.0,-15.5,225.0
401585613,2024-03-18T23:30Z,2024-03-18,2024,2,PHI,MIA,98.0,91.0,False,,BetfairSportsbook,-3.0,-111.0,-111.0,205.5,-111.0,-111.0,-154.0,120.0,-3.5,214.0
401585614,2024-03-19T00:00Z,2024-03-18,2024,2,CHI,POR,110.0,107.0,False,,BetfairSportsbook,-8.5,-111.0,-111.0,213.5,-111.0,-111.0,-350.0,250.0,-7.0,215.5
401585615,2024-03-19T01:00Z,2024-03-18,2024,2,UTAH,MIN,104.0,114.0,False,,BetfairSportsbook,4.0,-111.0,-111.0,225.5,-111.0,-111.0,138.0,-175.0,8.0,222.5
401585616,2024-03-19T02:00Z,2024-03-18,2024,2,GS,NY,112.0,119.0,False,,BetfairSportsbook,-6.5,-111.0,-111.0,212.5,-111.0,-111.0,-250.0,188.0,-4.0,211.5
401585617,2024-03-19T02:00Z,2024-03-18,2024,2,SAC,MEM,121.0,111.0,False,,BetfairSportsbook,-11.5,-111.0,-111.0,220.5,-111.0,-111.0,-700.0,450.0,-10.0,224.5
401585618,2024-03-19T02:30Z,2024-03-18,2024,2,LAL,ATL,136.0,105.0,False,,BetfairSportsbook,-9.0,-111.0,-111.0,226.5,-111.0,-111.0,-500.0,333.0,-9.5,226.0
401585619,2024-03-19T23:00Z,2024-03-19,2024,2,ORL,CHA,112.0,92.0,False,,BetfairSportsbook,-13.0,-111.0,-111.0,203.5,-111.0,-111.0,-1000.0,550.0,-12.5,204.0
401585620,2024-03-19T23:00Z,2024-03-19,2024,2,WSH,HOU,114.0,137.0,False,,BetfairSportsbook,10.0,-111.0,-111.0,227.0,-111.0,-111.0,333.0,-500.0,4.5,229.0
401585621,2024-03-19T23:30Z,2024-03-19,2024,2,BKN,NO,91.0,104.0,False,,BetfairSportsbook,7.0,-111.0,-111.0,216.0,-111.0,-111.0,210.0,-275.0,6.0,217.5
401585622,2024-03-20T00:00Z,2024-03-19,2024,2,SA,DAL,107.0,113.0,False,,BetfairSportsbook,9.0,-111.0,-111.0,236.0,-111.0,-111.0,310.0,-450.0,8.0,236.5
401585623,2024-03-20T01:00Z,2024-03-19,2024,2,MIN,DEN,112.0,115.0,False,,BetfairSportsbook,8.0,-111.0,-111.0,216.0,-111.0,-111.0,240.0,-333.0,2.5,214.0
401585624,2024-03-20T23:00Z,2024-03-20,2024,2,CLE,MIA,104.0,107.0,False,,BetfairSportsbook,-2.5,-111.0,-111.0,207.0,-111.0,-111.0,-150.0,115.0,-2.5,204.5
401585625,2024-03-20T23:00Z,2024-03-20,2024,2,DET,IND,103.0,122.0,False,,BetfairSportsbook,11.0,-111.0,-111.0,235.0,-111.0,-111.0,400.0,-600.0,9.0,234.5
401585626,2024-03-20T23:30Z,2024-03-20,2024,2,BOS,MIL,122.0,119.0,False,,BetfairSportsbook,-10.5,-111.0,-111.0,225.5,-111.0,-111.0,-600.0,400.0,-6.0,222.5
401585627,2024-03-20T23:30Z,2024-03-20,2024,2,TOR,SAC,89.0,123.0,False,,BetfairSportsbook,11.5,-111.0,-111.0,234.0,-111.0,-111.0,450.0,-700.0,7.5,234.0
401585628,2024-03-21T00:00Z,2024-03-20,2024,2,OKC,UTAH,119.0,107.0,False,,BetfairSportsbook,-16.0,-111.0,-111.0,232.5,-111.0,-111.0,-1600.0,750.0,-13.0,236.5
401585629,2024-03-21T02:00Z,2024-03-20,2024,2,GS,MEM,137.0,116.0,False,,BetfairSportsbook,-11.5,-111.0,-111.0,219.0,-111.0,-111.0,-700.0,450.0,-10.5,219.5
401585630,2024-03-21T02:00Z,2024-03-20,2024,2,PHX,PHI,115.0,102.0,False,,BetfairSportsbook,-9.5,-111.0,-111.0,222.0,-111.0,-111.0,-500.0,333.0,-8.5,220.5
401585631,2024-03-21T02:00Z,2024-03-20,2024,2,POR,LAC,103.0,116.0,False,,BetfairSportsbook,12.0,-111.0,-111.0,216.0,-111.0,-111.0,450.0,-700.0,11.5,216.0
401585632,2024-03-21T23:00Z,2024-03-21,2024,2,ORL,NO,121.0,106.0,False,,BetfairSportsbook,3.0,-111.0,-111.0,207.5,-111.0,-111.0,115.0,-150.0,1.0,209.5
401585633,2024-03-21T23:00Z,2024-03-21,2024,2,WSH,SAC,109.0,102.0,False,,BetfairSportsbook,11.0,-111.0,-111.0,238.0,-111.0,-111.0,400.0,-600.0,10.5,240.0
401585634,2024-03-22T00:00Z,2024-03-21,2024,2,HOU,CHI,127.0,117.0,False,,BetfairSportsbook,-3.5,-111.0,-111.0,219.5,-111.0,-111.0,-163.0,130.0,-2.5,214.5
401585635,2024-03-22T00:00Z,2024-03-21,2024,2,MIL,BKN,115.0,108.0,False,,BetfairSportsbook,-10.5,-111.0,-111.0,222.0,-111.0,-111.0,-500.0,333.0,-9.0,222.5
401585636,2024-03-22T00:30Z,2024-03-21,2024,2,DAL,UTAH,113.0,97.0,False,,BetfairSportsbook,-14.5,-111.0,-111.0,237.0,-111.0,-111.0,-1200.0,650.0,-13.5,238.5
401585637,2024-03-22T01:00Z,2024-03-21,2024,2,DEN,NY,113.0,100.0,False,,BetfairSportsbook,-8.5,-111.0,-111.0,208.5,-111.0,-111.0,-400.0,280.0,-9.0,209.5
401585638,2024-03-22T02:30Z,2024-03-21,2024,2,PHX,ATL,128.0,115.0,False,,BetfairSportsbook,-9.5,-111.0,-111.0,227.0,-111.0,-111.0,-450.0,310.0,-8.5,227.5
401585639,2024-03-22T23:00Z,2024-03-22,2024,2,DET,BOS,102.0,129.0,False,,BetfairSportsbook,14.0,-111.0,-111.0,225.0,-111.0,-111.0,650.0,-1200.0,14.0,224.5
401585640,2024-03-22T23:00Z,2024-03-22,2024,2,TOR,OKC,103.0,123.0,False,,BetfairSportsbook,16.5,-111.0,-111.0,229.5,-111.0,-111.0,750.0,-1600.0,14.5,230.0
401585641,2024-03-23T00:00Z,2024-03-22,2024,2,MIA,NO,88.0,111.0,False,,BetfairSportsbook,-3.0,-111.0,-111.0,207.5,-111.0,-111.0,-150.0,115.0,-1.0,209.5
401585642,2024-03-23T00:00Z,2024-03-22,2024,2,MIN,CLE,104.0,91.0,False,,BetfairSportsbook,-7.5,-111.0,-111.0,206.5,-111.0,-111.0,-300.0,225.0,-5.5,211.5
401585643,2024-03-23T00:00Z,2024-03-22,2024,2,SA,MEM,97.0,99.0,False,,BetfairSportsbook,-6.5,-111.0,-111.0,216.5,-111.0,-111.0,-275.0,210.0,-4.5,221.0
401585644,2024-03-23T02:00Z,2024-03-22,2024,2,GS,IND,111.0,123.0,False,,BetfairSportsbook,-4.5,-111.0,-111.0,242.0,-111.0,-111.0,-200.0,155.0,-4.0,238.5
401585645,2024-03-23T02:00Z,2024-03-22,2024,2,POR,LAC,117.0,125.0,False,,BetfairSportsbook,14.5,-111.0,-111.0,216.0,-111.0,-111.0,750.0,-1600.0,13.0,218.5
401585646,2024-03-23T02:30Z,2024-03-22,2024,2,LAL,PHI,101.0,94.0,False,,BetfairSportsbook,-7.5,-111.0,-111.0,228.0,-111.0,-111.0,-333.0,240.0,-9.5,227.0
401585647,2024-03-23T17:00Z,2024-03-23,2024,2,NY,BKN,105.0,93.0,False,,BetfairSportsbook,-7.5,-111.0,-111.0,205.0,-111.0,-111.0,-275.0,210.0,-7.0,205.0
401585648,2024-03-23T23:00Z,2024-03-23,2024,2,ORL,SAC,107.0,109.0,False,,BetfairSportsbook,-3.0,-111.0,-111.0,219.0,-111.0,-111.0,-154.0,120.0,-3.0,220.0
401585649,2024-03-23T23:30Z,2024-03-23,2024,2,ATL,CHA,132.0,91.0,False,,BetfairSportsbook,-7.5,-111.0,-111.0,212.5,-111.0,-111.0,-300.0,225.0,-9.5,216.5
401585650,2024-03-24T00:00Z,2024-03-23,2024,2,WSH,TOR,112.0,109.0,False,,BetfairSportsbook,-6.0,-111.0,-111.0,232.5,-111.0,-111.0,-250.0,188.0,-5.5,231.0
401585651,2024-03-24T00:00Z,2024-03-23,2024,2,CHI,BOS,113.0,124.0,False,,BetfairSportsbook,5.0,-111.0,-111.0,219.0,-111.0,-111.0,163.0,-213.0,8.0,221.0
401585652,2024-03-24T00:00Z,2024-03-23,2024,2,HOU,UTAH,147.0,119.0,False,,BetfairSportsbook,-10.5,-111.0,-111.0,227.0,-111.0,-111.0,-600.0,400.0,-7.0,227.0
401585653,2024-03-24T00:00Z,2024-03-23,2024,2,SA,PHX,106.0,131.0,False,,BetfairSportsbook,10.0,-111.0,-111.0,231.5,-111.0,-111.0,333.0,-500.0,9.0,228.0
401585654,2024-03-24T02:00Z,2024-03-23,2024,2,POR,DEN,111.0,114.0,False,,BetfairSportsbook,10.5,-111.0,-111.0,209.0,-111.0,-111.0,333.0,-500.0,14.5,216.5
401585655,2024-03-24T19:00Z,2024-03-24,2024,2,DET,NO,101.0,114.0,False,,BetfairSportsbook,15.0,-111.0,-111.0,218.0,-111.0,-111.0,700.0,-1400.0,11.0,220.0
401585656,2024-03-24T19:30Z,2024-03-24,2024,2,LAC,PHI,107.0,121.0,False,,BetfairSportsbook,-9.0,-111.0,-111.0,215.5,-111.0,-111.0,-450.0,310.0,-10.0,216.0
401585657,2024-03-24T22:00Z,2024-03-24,2024,2,MIA,CLE,121.0,84.0,False,,BetfairSportsbook,-3.5,-111.0,-111.0,202.5,-111.0,-111.0,-167.0,130.0,-4.5,204.0
401585658,2024-03-24T23:00Z,2024-03-24,2024,2,MIL,OKC,118.0,93.0,False,,BetfairSportsbook,-2.5,-111.0,-111.0,234.0,-111.0,-111.0,-154.0,120.0,-2.0,232.5
401585659,2024-03-24T23:00Z,2024-03-24,2024,2,MIN,GS,114.0,110.0,False,,BetfairSportsbook,-2.5,-111.0,-111.0,220.0,-111.0,-111.0,-150.0,115.0,-4.5,219.5
401585660,2024-03-25T02:00Z,2024-03-24,2024,2,LAL,IND,150.0,145.0,False,,BetfairSportsbook,-2.5,-111.0,-111.0,239.5,-111.0,-111.0,-150.0,115.0,-4.0,240.0
401585661,2024-03-25T23:00Z,2024-03-25,2024,2,CLE,CHA,115.0,92.0,False,,BetfairSportsbook,-11.0,-111.0,-111.0,206.0,-111.0,-111.0,-600.0,400.0,-11.5,205.0
401585662,2024-03-25T23:30Z,2024-03-25,2024,2,ATL,BOS,120.0,118.0,False,,BetfairSportsbook,10.5,-111.0,-111.0,225.0,-111.0,-111.0,400.0,-600.0,11.0,225.5
401585663,2024-03-25T23:30Z,2024-03-25,2024,2,NY,DET,124.0,99.0,False,,BetfairSportsbook,-17.0,-111.0,-111.0,211.0,-111.0,-111.0,-2000.0,800.0,-17.0,207.5
401585664,2024-03-25T23:30Z,2024-03-25,2024,2,TOR,BKN,88.0,96.0,False,,BetfairSportsbook,6.5,-111.0,-111.0,218.5,-111.0,-111.0,188.0,-250.0,5.5,216.5
401585665,2024-03-26T00:00Z,2024-03-25,2024,2,CHI,WSH,105.0,107.0,False,,BetfairSportsbook,-13.5,-111.0,-111.0,226.0,-111.0,-111.0,-1000.0,550.0,-9.5,226.0
401585666,2024-03-26T00:00Z,2024-03-25,2024,2,HOU,POR,110.0,92.0,False,,BetfairSportsbook,-14.5,-111.0,-111.0,224.0,-111.0,-111.0,-1000.0,550.0,-10.5,216.5
401585667,2024-03-26T00:00Z,2024-03-25,2024,2,SA,PHX,104.0,102.0,False,,BetfairSportsbook,12.0,-111.0,-111.0,234.5,-111.0,-111.0,450.0,-700.0,10.5,232.5
401585668,2024-03-26T01:00Z,2024-03-25,2024,2,DEN,MEM,128.0,103.0,False,,BetfairSportsbook,-12.5,-111.0,-111.0,214.5,-111.0,-111.0,-1000.0,550.0,-17.5,214.5
401585669,2024-03-26T01:00Z,2024-03-25,2024,2,UTAH,DAL,105.0,115.0,False,,BetfairSportsbook,8.0,-111.0,-111.0,238.5,-111.0,-111.0,250.0,-350.0,7.5,234.5
401585670,2024-03-26T02:00Z,2024-03-25,2024,2,SAC,PHI,108.0,96.0,False,,BetfairSportsbook,-7.5,-111.0,-111.0,220.5,-111.0,-111.0,-333.0,240.0,-9.0,222.0
401585671,2024-03-26T02:30Z,2024-03-25,2024,2,LAC,IND,116.0,133.0,False,,BetfairSportsbook,-6.0,-111.0,-111.0,234.5,-111.0,-111.0,-250.0,188.0,-6.5,234.0
401585672,2024-03-26T23:30Z,2024-03-26,2024,2,MIA,GS,92.0,113.0,False,,BetfairSportsbook,5.0,-111.0,-111.0,217.5,-111.0,-111.0,170.0,-225.0,2.0,218.0
401585673,2024-03-26T23:30Z,2024-03-26,2024,2,MIL,LAL,124.0,128.0,False,,BetfairSportsbook,-9.5,-111.0,-111.0,234.5,-111.0,-111.0,-450.0,310.0,-5.5,233.5
401585674,2024-03-27T00:00Z,2024-03-26,2024,2,NO,OKC,112.0,119.0,False,,BetfairSportsbook,1.0,-111.0,-111.0,223.0,-111.0,-111.0,100.0,-125.0,1.0,226.5
401585675,2024-03-27T02:00Z,2024-03-26,2024,2,SAC,DAL,96.0,132.0,False,,BetfairSportsbook,-1.0,-111.0,-111.0,233.5,-111.0,-111.0,-111.0,-111.0,-2.0,236.0
401585676,2024-03-27T23:00Z,2024-03-27,2024,2,CHA,CLE,118.0,111.0,False,,BetfairSportsbook,9.5,-111.0,-111.0,207.0,-111.0,-111.0,310.0,-450.0,9.5,207.5
401585677,2024-03-27T23:00Z,2024-03-27,2024,2,ORL,GS,93.0,101.0,False,,BetfairSportsbook,-4.0,-111.0,-111.0,218.0,-111.0,-111.0,-175.0,138.0,-4.5,217.5
401585678,2024-03-27T23:00Z,2024-03-27,2024,2,WSH,BKN,119.0,122.0,False,,BetfairSportsbook,4.0,-111.0,-111.0,221.0,-111.0,-111.0,145.0,-188.0,2.5,225.5
401585679,2024-03-27T23:30Z,2024-03-27,2024,2,ATL,POR,120.0,106.0,False,,BetfairSportsbook,-12.0,-111.0,-111.0,219.5,-111.0,-111.0,-800.0,500.0,-10.5,214.5
401585680,2024-03-27T23:30Z,2024-03-27,2024,2,PHI,LAC,107.0,108.0,False,,BetfairSportsbook,6.5,-111.0,-111.0,214.5,-111.0,-111.0,210.0,-275.0,5.5,218.5
401585681,2024-03-27T23:30Z,2024-03-27,2024,2,TOR,NY,101.0,145.0,False,,BetfairSportsbook,14.0,-111.0,-111.0,211.5,-111.0,-111.0,550.0,-1000.0,12.0,209.5
401585682,2024-03-28T00:00Z,2024-03-27,2024,2,CHI,IND,125.0,99.0,False,,BetfairSportsbook,3.0,-111.0,-111.0,235.0,-111.0,-111.0,125.0,-163.0,3.0,232.5
401585683,2024-03-28T00:00Z,2024-03-27,2024,2,MEM,LAL,124.0,136.0,False,,BetfairSportsbook,4.5,-111.0,-111.0,224.5,-111.0,-111.0,145.0,-188.0,5.0,217.0
401585684,2024-03-28T00:00Z,2024-03-27,2024,2,MIN,DET,106.0,91.0,False,,BetfairSportsbook,-16.5,-111.0,-111.0,217.0,-111.0,-111.0,-2000.0,800.0,-17.0,211.0
401585685,2024-03-28T00:00Z,2024-03-27,2024,2,OKC,HOU,126.0,132.0,False,,BetfairSportsbook,-4.5,-111.0,-111.0,225.5,-111.0,-111.0,-200.0,155.0,-6.5,229.5
401585686,2024-03-28T01:00Z,2024-03-27,2024,2,UTAH,SA,111.0,118.0,False,,BetfairSportsbook,-4.0,-111.0,-111.0,228.0,-111.0,-111.0,-175.0,138.0,1.0,230.5
401585687,2024-03-28T02:00Z,2024-03-27,2024,2,DEN,PHX,97.0,104.0,False,,BetfairSportsbook,-5.5,-111.0,-111.0,229.0,-111.0,-111.0,-250.0,188.0,-6.0,223.5
401585688,2024-03-28T23:30Z,2024-03-28,2024,2,ATL,BOS,123.0,122.0,False,,BetfairSportsbook,16.0,-111.0,-111.0,228.5,-111.0,-111.0,700.0,-1400.0,12.5,226.5
401585689,2024-03-29T00:00Z,2024-03-28,2024,2,NO,MIL,107.0,100.0,False,,BetfairSportsbook,2.0,-111.0,-111.0,226.0,-111.0,-111.0,110.0,-138.0,1.5,223.5
401585690,2024-03-29T23:00Z,2024-03-29,2024,2,CHA,GS,97.0,115.0,False,,BetfairSportsbook,12.0,-111.0,-111.0,219.5,-111.0,-111.0,500.0,-800.0,11.5,217.0
401585691,2024-03-29T23:00Z,2024-03-29,2024,2,IND,LAL,109.0,90.0,False,,BetfairSportsbook,-3.5,-111.0,-111.0,245.0,-111.0,-111.0,-163.0,125.0,-2.0,240.0
401585692,2024-03-29T23:00Z,2024-03-29,2024,2,ORL,LAC,97.0,100.0,False,,BetfairSportsbook,1.5,-111.0,-111.0,212.5,-111.0,-111.0,100.0,-125.0,-1.0,210.5
401585693,2024-03-29T23:00Z,2024-03-29,2024,2,WSH,DET,87.0,96.0,False,,BetfairSportsbook,-3.5,-111.0,-111.0,230.0,-111.0,-111.0,-163.0,125.0,-2.5,229.5
401585694,2024-03-29T23:30Z,2024-03-29,2024,2,BKN,CHI,125.0,108.0,False,,BetfairSportsbook,3.0,-111.0,-111.0,214.5,-111.0,-111.0,120.0,-154.0,3.5,216.0
401585695,2024-03-29T23:30Z,2024-03-29,2024,2,CLE,PHI,117.0,114.0,False,,BetfairSportsbook,-7.0,-111.0,-111.0,212.5,-111.0,-111.0,-275.0,210.0,-7.5,210.0
401585696,2024-03-30T00:00Z,2024-03-29,2024,2,MIA,POR,142.0,82.0,False,,BetfairSportsbook,-14.0,-111.0,-111.0,208.5,-111.0,-111.0,-1200.0,650.0,-15.5,206.5
401585697,2024-03-30T00:00Z,2024-03-29,2024,2,OKC,PHX,128.0,103.0,False,,BetfairSportsbook,2.5,-111.0,-111.0,228.0,-111.0,-111.0,115.0,-150.0,-3.5,231.5
401585698,2024-03-30T00:00Z,2024-03-29,2024,2,SA,NY,130.0,126.0,False,,BetfairSportsbook,8.5,-111.0,-111.0,214.0,-111.0,-111.0,280.0,-400.0,10.0,216.5
401585699,2024-03-30T01:00Z,2024-03-29,2024,2,DEN,MIN,98.0,111.0,False,,BetfairSportsbook,-3.0,-111.0,-111.0,209.5,-111.0,-111.0,-154.0,120.0,-6.0,215.0
401585700,2024-03-30T01:30Z,2024-03-29,2024,2,UTAH,HOU,100.0,101.0,False,,BetfairSportsbook,8.5,-111.0,-111.0,230.0,-111.0,-111.0,250.0,-350.0,4.5,227.0
401585701,2024-03-30T02:00Z,2024-03-29,2024,2,SAC,DAL,103.0,107.0,False,,BetfairSportsbook,1.0,-111.0,-111.0,233.0,-111.0,-111.0,-111.0,-111.0,1.0,229.5
401585702,2024-03-30T21:00Z,2024-03-30,2024,2,NO,BOS,92.0,104.0,False,,BetfairSportsbook,6.0,-111.0,-111.0,223.5,-111.0,-111.0,188.0,-250.0,4.5,223.5
401585703,2024-03-30T23:00Z,2024-03-30,2024,2,ORL,MEM,118.0,88.0,False,,BetfairSportsbook,-13.0,-111.0,-111.0,208.0,-111.0,-111.0,-1000.0,550.0,-12.0,208.5
401585704,2024-03-30T23:30Z,2024-03-30,2024,2,ATL,MIL,113.0,122.0,False,,BetfairSportsbook,4.5,-111.0,-111.0,222.5,-111.0,-111.0,155.0,-200.0,5.0,226.5
401585705,2024-03-31T19:30Z,2024-03-31,2024,2,DEN,CLE,130.0,101.0,False,,BetfairSportsbook,-4.5,-111.0,-111.0,217.5,-111.0,-111.0,-200.0,155.0,-7.0,211.0
401585706,2024-03-31T22:00Z,2024-03-31,2024,2,BKN,LAL,104.0,116.0,False,,BetfairSportsbook,7.0,-111.0,-111.0,225.5,-111.0,-111.0,210.0,-275.0,6.5,222.0
401585707,2024-03-31T22:00Z,2024-03-31,2024,2,CHA,LAC,118.0,130.0,False,,BetfairSportsbook,14.0,-111.0,-111.0,216.5,-111.0,-111.0,700.0,-1400.0,16.5,215.0
401585708,2024-03-31T22:00Z,2024-03-31,2024,2,TOR,PHI,120.0,135.0,False,,BetfairSportsbook,9.0,-111.0,-111.0,214.5,-111.0,-111.0,310.0,-450.0,11.5,218.5
401585709,2024-03-31T22:00Z,2024-03-31,2024,2,WSH,MIA,107.0,119.0,False,,BetfairSportsbook,12.0,-111.0,-111.0,214.0,-111.0,-111.0,450.0,-700.0,11.5,214.5
401585710,2024-03-31T23:00Z,2024-03-31,2024,2,NY,OKC,112.0,113.0,False,,BetfairSportsbook,1.5,-111.0,-111.0,218.0,-111.0,-111.0,100.0,-125.0,1.0,217.5
401585711,2024-03-31T23:00Z,2024-03-31,2024,2,HOU,DAL,107.0,125.0,False,,BetfairSportsbook,4.0,-111.0,-111.0,229.0,-111.0,-111.0,155.0,-200.0,1.5,230.0
401585712,2024-03-31T23:00Z,2024-03-31,2024,2,MIN,CHI,101.0,109.0,False,,BetfairSportsbook,-9.0,-111.0,-111.0,211.5,-111.0,-111.0,-400.0,280.0,-8.0,213.0
401585713,2024-03-31T23:00Z,2024-03-31,2024,2,SA,GS,113.0,117.0,False,,BetfairSportsbook,10.5,-111.0,-111.0,228.0,-111.0,-111.0,333.0,-500.0,9.0,226.0
401585714,2024-04-01T01:00Z,2024-03-31,2024,2,SAC,UTAH,127.0,106.0,False,,BetfairSportsbook,-13.0,-111.0,-111.0,220.5,-111.0,-111.0,-1000.0,550.0,-11.5,225.0
401585715,2024-04-01T23:00Z,2024-04-01,2024,2,CHA,BOS,104.0,118.0,False,,BetfairSportsbook,18.5,-111.0,-111.0,218.5,-111.0,-111.0,1000.0,-2500.0,17.0,219.5
401585716,2024-04-01T23:00Z,2024-04-01,2024,2,DET,MEM,108.0,110.0,False,,BetfairSportsbook,-3.0,-111.0,-111.0,216.5,-111.0,-111.0,-154.0,120.0,-1.0,214.5
401585717,2024-04-01T23:00Z,2024-04-01,2024,2,IND,BKN,133.0,111.0,False,,BetfairSportsbook,-12.5,-111.0,-111.0,228.0,-111.0,-111.0,-700.0,450.0,-10.0,229.5
401585718,2024-04-01T23:00Z,2024-04-01,2024,2,ORL,POR,104.0,103.0,False,,BetfairSportsbook,-17.0,-111.0,-111.0,210.5,-111.0,-111.0,-2000.0,800.0,-15.0,208.5
401585719,2024-04-02T00:00Z,2024-04-01,2024,2,CHI,ATL,101.0,113.0,False,,BetfairSportsbook,-2.0,-111.0,-111.0,221.0,-111.0,-111.0,-138.0,110.0,-2.5,223.5
401585720,2024-04-02T00:00Z,2024-04-01,2024,2,NO,PHX,111.0,124.0,False,,BetfairSportsbook,-1.0,-111.0,-111.0,222.5,-111.0,-111.0,-111.0,-111.0,-1.0,225.5
401585722,2024-04-02T23:00Z,2024-04-02,2024,2,TOR,LAL,111.0,128.0,False,,BetfairSportsbook,13.5,-111.0,-111.0,236.0,-111.0,-111.0,650.0,-1200.0,13.0,230.0
401585723,2024-04-02T23:00Z,2024-04-02,2024,2,WSH,MIL,117.0,113.0,False,,BetfairSportsbook,13.0,-111.0,-111.0,225.5,-111.0,-111.0,550.0,-1000.0,14.0,231.0
401585721,2024-04-02T23:30Z,2024-04-02,2024,2,PHI,OKC,109.0,105.0,False,,BetfairSportsbook,-3.0,-111.0,-111.0,220.0,-111.0,-111.0,-163.0,125.0,5.0,224.5
401585724,2024-04-02T23:30Z,2024-04-02,2024,2,MIA,NY,109.0,99.0,False,,BetfairSportsbook,-2.5,-111.0,-111.0,205.5,-111.0,-111.0,-138.0,110.0,-3.0,206.5
401585726,2024-04-03T00:00Z,2024-04-02,2024,2,MIN,HOU,113.0,106.0,False,,BetfairSportsbook,-7.5,-111.0,-111.0,214.0,-111.0,-111.0,-333.0,240.0,-8.0,216.5
401585727,2024-04-03T01:00Z,2024-04-02,2024,2,DEN,SA,110.0,105.0,False,,BetfairSportsbook,-15.5,-111.0,-111.0,223.5,-111.0,-111.0,-1600.0,750.0,-16.5,222.5
401585728,2024-04-03T01:00Z,2024-04-02,2024,2,UTAH,CLE,113.0,129.0,False,,BetfairSportsbook,9.5,-111.0,-111.0,218.0,-111.0,-111.0,333.0,-500.0,11.0,211.5
401585729,2024-04-03T02:00Z,2024-04-02,2024,2,SAC,LAC,109.0,95.0,False,,BetfairSportsbook,-2.5,-111.0,-111.0,222.0,-111.0,-111.0,-150.0,115.0,1.5,221.5
401636114,2024-04-03T02:00Z,2024-04-02,2024,2,GS,DAL,104.0,100.0,False,Makeup from Jan 19,BetfairSportsbook,1.0,-111.0,-111.0,231.5,-111.0,-111.0,-111.0,-111.0,-1.5,234.0
401585730,2024-04-03T23:00Z,2024-04-03,2024,2,CHA,POR,86.0,89.0,False,,BetfairSportsbook,-1.5,-111.0,-111.0,211.5,-111.0,-111.0,-125.0,100.0,-1.0,213.0
401585731,2024-04-03T23:00Z,2024-04-03,2024,2,WSH,LAL,120.0,125.0,False,,BetfairSportsbook,13.0,-111.0,-111.0,236.5,-111.0,-111.0,550.0,-1000.0,12.0,234.0
401585732,2024-04-03T23:30Z,2024-04-03,2024,2,ATL,DET,121.0,113.0,False,,BetfairSportsbook,-11.0,-111.0,-111.0,224.0,-111.0,-111.0,-600.0,400.0,-13.0,222.0
401585733,2024-04-03T23:30Z,2024-04-03,2024,2,BOS,OKC,135.0,100.0,False,,BetfairSportsbook,-12.0,-111.0,-111.0,229.0,-111.0,-111.0,-800.0,500.0,-8.5,227.5
401585734,2024-04-03T23:30Z,2024-04-03,2024,2,BKN,IND,115.0,111.0,False,,BetfairSportsbook,7.0,-111.0,-111.0,233.0,-111.0,-111.0,210.0,-275.0,7.0,230.5
401585735,2024-04-04T00:00Z,2024-04-03,2024,2,MIL,MEM,101.0,111.0,False,,BetfairSportsbook,-12.5,-111.0,-111.0,218.0,-111.0,-111.0,-1000.0,550.0,-13.5,223.5
401585736,2024-04-04T00:00Z,2024-04-03,2024,2,MIN,TOR,133.0,85.0,False,,BetfairSportsbook,-17.5,-111.0,-111.0,214.0,-111.0,-111.0,-2500.0,1000.0,-16.0,215.5
401585737,2024-04-04T00:00Z,2024-04-03,2024,2,NO,ORL,108.0,117.0,False,,BetfairSportsbook,-4.5,-111.0,-111.0,207.5,-111.0,-111.0,-213.0,163.0,-4.0,209.0
401585738,2024-04-04T02:00Z,2024-04-03,2024,2,PHX,CLE,122.0,101.0,False,,BetfairSportsbook,-6.0,-111.0,-111.0,226.0,-111.0,-111.0,-250.0,188.0,-6.0,225.5
401585739,2024-04-04T23:30Z,2024-04-04,2024,2,MIA,PHI,105.0,109.0,False,,BetfairSportsbook,-2.5,-111.0,-111.0,211.5,-111.0,-111.0,-154.0,120.0,-2.5,210.5
401585740,2024-04-04T23:30Z,2024-04-04,2024,2,NY,SAC,120.0,109.0,False,,BetfairSportsbook,-4.0,-111.0,-111.0,212.5,-111.0,-111.0,-200.0,155.0,-3.5,215.5
401585752,2024-04-04T23:30Z,2024-04-04,2024,2,DAL,ATL,109.0,95.0,False,,BetfairSportsbook,-12.0,-111.0,-111.0,227.5,-111.0,-111.0,-700.0,450.0,-10.5,231.0
401585741,2024-04-05T00:00Z,2024-04-04,2024,2,HOU,GS,110.0,133.0,False,,BetfairSportsbook,3.0,-111.0,-111.0,227.5,-111.0,-111.0,130.0,-167.0,3.5,228.0
401585742,2024-04-05T02:00Z,2024-04-04,2024,2,LAC,DEN,102.0,100.0,False,,BetfairSportsbook,3.0,-111.0,-111.0,220.5,-111.0,-111.0,125.0,-154.0,1.5,218.0
401585743,2024-04-05T23:00Z,2024-04-05,2024,2,CHA,ORL,124.0,115.0,False,,BetfairSportsbook,12.5,-111.0,-111.0,207.0,-111.0,-111.0,550.0,-1000.0,12.5,202.5
401585744,2024-04-05T23:00Z,2024-04-05,2024,2,IND,OKC,126.0,112.0,False,,BetfairSportsbook,-6.0,-111.0,-111.0,235.5,-111.0,-111.0,-250.0,188.0,-4.0,236.5
401585745,2024-04-05T23:00Z,2024-04-05,2024,2,WSH,POR,102.0,108.0,False,,BetfairSportsbook,-3.0,-111.0,-111.0,225.0,-111.0,-111.0,-154.0,120.0,-2.0,220.5
401585746,2024-04-05T23:30Z,2024-04-05,2024,2,BOS,SAC,101.0,100.0,False,,BetfairSportsbook,-9.5,-111.0,-111.0,225.5,-111.0,-111.0,-450.0,310.0,-8.5,224.5
401585747,2024-04-06T00:00Z,2024-04-05,2024,2,CHI,NY,108.0,100.0,False,,BetfairSportsbook,1.5,-111.0,-111.0,212.5,-111.0,-111.0,100.0,-125.0,-1.0,210.5
401585748,2024-04-06T00:00Z,2024-04-05,2024,2,HOU,MIA,104.0,119.0,False,,BetfairSportsbook,3.0,-111.0,-111.0,217.5,-111.0,-111.0,130.0,-167.0,-1.0,214.0
401585749,2024-04-06T00:00Z,2024-04-05,2024,2,MEM,DET,108.0,90.0,False,,BetfairSportsbook,-0.5,-111.0,-111.0,213.5,-111.0,-111.0,-111.0,-111.0,1.0,211.0
401585750,2024-04-06T00:00Z,2024-04-05,2024,2,MIL,TOR,111.0,117.0,False,,BetfairSportsbook,-14.5,-111.0,-111.0,233.0,-111.0,-111.0,-1400.0,700.0,-17.0,224.5
401585751,2024-04-06T00:00Z,2024-04-05,2024,2,NO,SA,109.0,111.0,False,,BetfairSportsbook,-11.0,-111.0,-111.0,218.5,-111.0,-111.0,-700.0,450.0,-10.5,221.5
401585725,2024-04-06T00:30Z,2024-04-05,2024,2,DAL,GS,108.0,106.0,False,,BetfairSportsbook,1.0,-111.0,-111.0,224.0,-111.0,-111.0,-111.0,-111.0,-5.0,229.0
401585753,2024-04-06T02:00Z,2024-04-05,2024,2,PHX,MIN,97.0,87.0,False,,BetfairSportsbook,-4.5,-111.0,-111.0,216.0,-111.0,-111.0,-213.0,163.0,-3.0,220.0
401585754,2024-04-06T02:30Z,2024-04-05,2024,2,LAC,UTAH,131.0,102.0,False,,BetfairSportsbook,-12.5,-111.0,-111.0,223.5,-111.0,-111.0,-1000.0,550.0,-13.5,224.5
401585755,2024-04-06T19:30Z,2024-04-06,2024,2,LAL,CLE,116.0,97.0,False,,BetfairSportsbook,-5.0,-111.0,-111.0,230.0,-111.0,-111.0,-225.0,170.0,-4.5,227.5
401585756,2024-04-06T23:00Z,2024-04-06,2024,2,BKN,DET,113.0,103.0,False,,BetfairSportsbook,-10.5,-111.0,-111.0,215.5,-111.0,-111.0,-500.0,333.0,-9.5,215.5
401585757,2024-04-07T00:00Z,2024-04-06,2024,2,MEM,PHI,96.0,116.0,False,,BetfairSportsbook,14.5,-111.0,-111.0,213.5,-111.0,-111.0,700.0,-1400.0,12.0,208.5
401585758,2024-04-07T01:00Z,2024-04-06,2024,2,DEN,ATL,142.0,110.0,False,,BetfairSportsbook,-10.5,-111.0,-111.0,223.0,-111.0,-111.0,-700.0,450.0,-12.0,221.5
401585759,2024-04-07T19:30Z,2024-04-07,2024,2,DAL,HOU,147.0,136.0,False,,BetfairSportsbook,-9.0,-111.0,-111.0,227.5,-111.0,-111.0,-450.0,310.0,-5.5,227.5
401585760,2024-04-07T19:30Z,2024-04-07,2024,2,LAC,CLE,120.0,118.0,False,,BetfairSportsbook,-4.0,-111.0,-111.0,217.0,-111.0,-111.0,-200.0,155.0,-4.5,218.5
401585761,2024-04-07T21:00Z,2024-04-07,2024,2,IND,MIA,117.0,115.0,False,,BetfairSportsbook,-3.0,-111.0,-111.0,228.5,-111.0,-111.0,-150.0,115.0,-1.0,229.5
401585762,2024-04-07T22:00Z,2024-04-07,2024,2,BOS,POR,124.0,107.0,False,,BetfairSportsbook,-17.0,-111.0,-111.0,216.5,-111.0,-111.0,-2000.0,800.0,-17.5,219.5
401585763,2024-04-07T22:00Z,2024-04-07,2024,2,CHA,OKC,118.0,121.0,False,,BetfairSportsbook,7.5,-111.0,-111.0,218.0,-111.0,-111.0,250.0,-350.0,9.0,214.5
401585764,2024-04-07T22:00Z,2024-04-07,2024,2,ORL,CHI,113.0,98.0,False,,BetfairSportsbook,-7.0,-111.0,-111.0,212.0,-111.0,-111.0,-300.0,225.0,-8.0,210.0
401585765,2024-04-07T22:00Z,2024-04-07,2024,2,TOR,WSH,130.0,122.0,False,,BetfairSportsbook,-5.0,-111.0,-111.0,234.0,-111.0,-111.0,-213.0,163.0,-4.5,225.5
401585766,2024-04-07T22:00Z,2024-04-07,2024,2,PHX,NO,105.0,113.0,False,,BetfairSportsbook,-5.5,-111.0,-111.0,222.0,-111.0,-111.0,-225.0,170.0,-5.5,223.5
401585767,2024-04-07T23:00Z,2024-04-07,2024,2,MIL,NY,109.0,122.0,False,,BetfairSportsbook,-4.5,-111.0,-111.0,220.5,-111.0,-111.0,-200.0,155.0,-1.0,220.0
401585768,2024-04-07T23:00Z,2024-04-07,2024,2,SA,PHI,126.0,133.0,False,,BetfairSportsbook,4.0,-111.0,-111.0,225.5,-111.0,-111.0,145.0,-188.0,8.0,232.5
401585769,2024-04-07T23:30Z,2024-04-07,2024,2,BKN,SAC,77.0,107.0,False,,BetfairSportsbook,11.0,-111.0,-111.0,217.0,-111.0,-111.0,400.0,-600.0,6.5,222.0
401585770,2024-04-08T00:30Z,2024-04-07,2024,2,GS,UTAH,118.0,110.0,False,,BetfairSportsbook,-12.5,-111.0,-111.0,225.5,-111.0,-111.0,-1000.0,550.0,-12.5,238.5
401585771,2024-04-08T02:00Z,2024-04-07,2024,2,LAL,MIN,117.0,127.0,False,,BetfairSportsbook,2.0,-111.0,-111.0,218.0,-111.0,-111.0,110.0,-138.0,-3.5,225.5
401585772,2024-04-09T23:00Z,2024-04-09,2024,2,CHA,DAL,104.0,130.0,False,,BetfairSportsbook,12.5,-111.0,-111.0,223.5,-110.0,-110.0,500.0,-769.0,9.5,219.5
401585773,2024-04-09T23:00Z,2024-04-09,2024,2,PHI,DET,120.0,102.0,False,,BetfairSportsbook,-15.5,-111.0,-111.0,220.5,-110.0,-125.0,-1429.0,700.0,-15.0,220.0
401585774,2024-04-09T23:00Z,2024-04-09,2024,2,TOR,IND,123.0,140.0,False,,BetfairSportsbook,13.5,-111.0,-111.0,240.5,-111.0,-111.0,550.0,-1000.0,7.5,239.5
401585775,2024-04-09T23:30Z,2024-04-09,2024,2,ATL,MIA,111.0,117.0,False,,BetfairSportsbook,3.0,-111.0,-111.0,217.5,-111.0,-111.0,130.0,-167.0,2.5,221.5
401585776,2024-04-09T23:30Z,2024-04-09,2024,2,MIL,BOS,104.0,91.0,False,,BetfairSportsbook,-3.5,-111.0,-111.0,230.0,-111.0,-111.0,-189.0,145.0,-1.0,226.5
401585777,2024-04-10T00:00Z,2024-04-09,2024,2,CHI,NY,117.0,128.0,False,,BetfairSportsbook,5.0,-110.0,-110.0,212.5,-111.0,-111.0,163.0,-213.0,1.5,211.5
401585778,2024-04-10T00:00Z,2024-04-09,2024,2,HOU,ORL,118.0,106.0,False,,BetfairSportsbook,3.0,-110.0,-110.0,215.5,-110.0,-110.0,110.0,-138.0,1.5,211.0
401585779,2024-04-10T00:00Z,2024-04-09,2024,2,MEM,SA,87.0,102.0,False,,BetfairSportsbook,5.0,-110.0,-110.0,217.0,-110.0,-110.0,170.0,-227.0,2.5,215.5
401585780,2024-04-10T00:00Z,2024-04-09,2024,2,MIN,WSH,130.0,121.0,False,,BetfairSportsbook,-18.0,-111.0,-111.0,223.0,-110.0,-110.0,-2000.0,800.0,-16.5,222.5
401585781,2024-04-10T00:00Z,2024-04-09,2024,2,OKC,SAC,112.0,105.0,False,,BetfairSportsbook,-5.5,-111.0,-111.0,227.0,-110.0,-110.0,-227.0,170.0,-3.0,227.5
401585782,2024-04-10T01:00Z,2024-04-09,2024,2,UTAH,DEN,95.0,111.0,False,,BetfairSportsbook,15.5,-111.0,-111.0,223.5,-111.0,-111.0,800.0,-2000.0,13.5,224.5
401585783,2024-04-10T02:00Z,2024-04-09,2024,2,LAL,GS,120.0,134.0,False,,BetfairSportsbook,2.0,-111.0,-111.0,234.5,-111.0,-111.0,110.0,-138.0,-2.5,232.5
401585784,2024-04-10T02:00Z,2024-04-09,2024,2,PHX,LAC,92.0,105.0,False,,BetfairSportsbook,-9.5,-111.0,-111.0,226.5,-111.0,-111.0,-455.0,310.0,-3.5,225.5
401585785,2024-04-10T02:00Z,2024-04-09,2024,2,POR,NO,100.0,110.0,False,,BetfairSportsbook,14.0,-111.0,-111.0,214.0,-111.0,-111.0,550.0,-1000.0,10.0,211.0
401585786,2024-04-10T23:00Z,2024-04-10,2024,2,CLE,MEM,110.0,98.0,False,,BetfairSportsbook,-18.5,-125.0,100.0,213.5,-110.0,-110.0,-2000.0,800.0,-17.0,208.5
401585787,2024-04-10T23:30Z,2024-04-10,2024,2,ATL,CHA,114.0,115.0,False,,BetfairSportsbook,-8.5,-111.0,-111.0,224.5,-111.0,-111.0,-455.0,310.0,-12.5,217.5
401585788,2024-04-10T23:30Z,2024-04-10,2024,2,BKN,TOR,106.0,102.0,False,,BetfairSportsbook,-12.0,-111.0,-111.0,220.5,-111.0,-111.0,-714.0,450.0,-10.5,215.5
401585789,2024-04-10T23:30Z,2024-04-10,2024,2,MIA,DAL,92.0,111.0,False,,BetfairSportsbook,3.0,-111.0,-111.0,218.0,-111.0,-111.0,125.0,-163.0,1.0,219.5
401585790,2024-04-11T00:00Z,2024-04-10,2024,2,MIL,ORL,117.0,99.0,False,,BetfairSportsbook,2.0,-111.0,-111.0,212.0,-111.0,-111.0,110.0,-138.0,-1.0,212.5
401585791,2024-04-11T00:00Z,2024-04-10,2024,2,OKC,SA,127.0,89.0,False,,BetfairSportsbook,-17.0,-110.0,-110.0,230.5,-111.0,-111.0,-2000.0,900.0,-15.0,226.0
401585792,2024-04-11T02:00Z,2024-04-10,2024,2,DEN,MIN,116.0,107.0,False,,BetfairSportsbook,-7.0,-111.0,-111.0,213.5,-111.0,-111.0,-333.0,240.0,-6.0,213.5
401585793,2024-04-11T02:30Z,2024-04-10,2024,2,LAC,PHX,108.0,124.0,False,,BetfairSportsbook,11.5,-111.0,-111.0,220.5,-111.0,-111.0,400.0,-588.0,2.5,226.5
401585794,2024-04-11T23:00Z,2024-04-11,2024,2,DET,CHI,105.0,127.0,False,,BetfairSportsbook,10.5,-111.0,-111.0,220.0,-111.0,-111.0,333.0,-500.0,9.5,217.0
401585795,2024-04-11T23:30Z,2024-04-11,2024,2,BOS,NY,109.0,118.0,False,,BetfairSportsbook,-3.5,-111.0,-111.0,219.5,-111.0,-111.0,-154.0,120.0,-1.0,214.0
401585796,2024-04-12T01:00Z,2024-04-11,2024,2,UTAH,HOU,124.0,121.0,False,,BetfairSportsbook,11.0,-110.0,-110.0,227.0,-111.0,-111.0,400.0,-588.0,6.0,226.0
401585797,2024-04-12T02:00Z,2024-04-11,2024,2,POR,GS,92.0,100.0,False,,BetfairSportsbook,13.5,-111.0,-111.0,219.5,-111.0,-111.0,550.0,-1000.0,14.0,222.5
401585798,2024-04-12T02:00Z,2024-04-11,2024,2,SAC,NO,123.0,135.0,False,,BetfairSportsbook,-1.5,-110.0,-110.0,217.0,-111.0,-111.0,-125.0,100.0,-1.0,219.0
401585799,2024-04-12T23:00Z,2024-04-12,2024,2,PHI,ORL,125.0,113.0,False,,BetfairSportsbook,-6.5,-111.0,-111.0,215.0,-111.0,-111.0,-250.0,188.0,-6.5,211.5
401585800,2024-04-12T23:00Z,2024-04-12,2024,2,WSH,CHI,127.0,129.0,False,,BetfairSportsbook,-1.5,-111.0,-111.0,223.5,-111.0,-111.0,-125.0,100.0,4.0,221.5
401585801,2024-04-12T23:30Z,2024-04-12,2024,2,BOS,CHA,131.0,98.0,False,,BetfairSportsbook,-7.5,-111.0,-111.0,217.0,-111.0,-111.0,-333.0,240.0,-11.5,217.0
401585802,2024-04-12T23:30Z,2024-04-12,2024,2,CLE,IND,129.0,120.0,False,,BetfairSportsbook,-3.0,-110.0,-110.0,232.0,-111.0,-111.0,-150.0,115.0,-3.0,233.5
401585803,2024-04-12T23:30Z,2024-04-12,2024,2,NY,BKN,111.0,107.0,False,,BetfairSportsbook,-11.5,-110.0,-110.0,211.5,-111.0,-111.0,-714.0,450.0,-10.5,208.5
401585804,2024-04-13T00:00Z,2024-04-12,2024,2,MIA,TOR,125.0,103.0,False,,BetfairSportsbook,-14.0,-111.0,-111.0,218.5,-111.0,-111.0,-1250.0,650.0,-15.0,215.0
401585805,2024-04-13T00:00Z,2024-04-12,2024,2,MEM,LAL,120.0,123.0,False,,BetfairSportsbook,16.0,-111.0,-111.0,226.0,-111.0,-111.0,700.0,-1667.0,12.5,228.0
401585806,2024-04-13T00:00Z,2024-04-12,2024,2,MIN,ATL,109.0,106.0,False,,BetfairSportsbook,-12.5,-111.0,-111.0,227.0,-111.0,-111.0,-769.0,500.0,-10.5,225.5
401585807,2024-04-13T00:00Z,2024-04-12,2024,2,OKC,MIL,125.0,107.0,False,,BetfairSportsbook,-14.5,-111.0,-111.0,223.5,-111.0,-111.0,-1000.0,550.0,-8.0,225.5
401585808,2024-04-13T00:00Z,2024-04-12,2024,2,SA,DEN,121.0,120.0,False,,BetfairSportsbook,11.5,-111.0,-111.0,223.5,-111.0,-111.0,450.0,-714.0,11.0,224.0
401585809,2024-04-13T00:30Z,2024-04-12,2024,2,DAL,DET,89.0,107.0,False,,BetfairSportsbook,-11.0,-111.0,-111.0,217.0,-111.0,-111.0,-588.0,400.0,-15.5,218.5
401585810,2024-04-13T02:00Z,2024-04-12,2024,2,GS,NO,109.0,114.0,False,,BetfairSportsbook,-4.0,-111.0,-111.0,223.0,-111.0,-111.0,-189.0,145.0,-4.0,220.0
401585811,2024-04-13T02:00Z,2024-04-12,2024,2,POR,HOU,107.0,116.0,False,,BetfairSportsbook,6.0,-110.0,-110.0,218.0,-110.0,-110.0,188.0,-250.0,3.5,214.5
401585812,2024-04-13T02:30Z,2024-04-12,2024,2,LAC,UTAH,109.0,110.0,False,,BetfairSportsbook,-15.5,-110.0,-110.0,225.0,-111.0,-111.0,-1429.0,700.0,-14.5,223.0
401585813,2024-04-13T02:30Z,2024-04-12,2024,2,SAC,PHX,107.0,108.0,False,,BetfairSportsbook,4.5,-110.0,-110.0,225.0,-111.0,-111.0,163.0,-213.0,2.5,224.0
401585814,2024-04-14T17:00Z,2024-04-14,2024,2,BOS,WSH,132.0,122.0,False,,BetfairSportsbook,-10.0,-111.0,-111.0,227.5,-111.0,-111.0,-500.0,333.0,-10.0,223.5
401585815,2024-04-14T17:00Z,2024-04-14,2024,2,CLE,CHA,110.0,120.0,False,,BetfairSportsbook,-14.5,-111.0,-111.0,208.5,-111.0,-111.0,-1000.0,550.0,-15.5,205.0
401585816,2024-04-14T17:00Z,2024-04-14,2024,2,IND,ATL,157.0,115.0,False,,BetfairSportsbook,-14.0,-111.0,-111.0,241.0,-111.0,-111.0,-1000.0,550.0,-12.5,235.5
401585817,2024-04-14T17:00Z,2024-04-14,2024,2,MIA,TOR,118.0,103.0,False,,BetfairSportsbook,-16.5,-111.0,-111.0,218.5,-111.0,-111.0,-2000.0,800.0,-16.0,222.0
401585818,2024-04-14T17:00Z,2024-04-14,2024,2,NY,CHI,120.0,119.0,False,,BetfairSportsbook,-13.0,-111.0,-111.0,218.0,-111.0,-111.0,-1000.0,550.0,-16.0,214.5
401585819,2024-04-14T17:00Z,2024-04-14,2024,2,ORL,MIL,113.0,88.0,False,,BetfairSportsbook,-6.0,-111.0,-111.0,215.0,-111.0,-111.0,-250.0,188.0,-4.0,214.5
401585820,2024-04-14T17:00Z,2024-04-14,2024,2,PHI,BKN,107.0,86.0,False,,BetfairSportsbook,-12.5,-111.0,-111.0,215.0,-111.0,-111.0,-1000.0,550.0,-14.5,212.5
401585821,2024-04-14T19:30Z,2024-04-14,2024,2,MEM,DEN,111.0,126.0,False,,BetfairSportsbook,14.0,-111.0,-111.0,216.5,-111.0,-111.0,550.0,-1000.0,15.0,220.0
401585822,2024-04-14T19:30Z,2024-04-14,2024,2,MIN,PHX,106.0,125.0,False,,BetfairSportsbook,-2.0,-111.0,-111.0,216.5,-111.0,-111.0,-138.0,110.0,-4.0,216.0
401585823,2024-04-14T19:30Z,2024-04-14,2024,2,NO,LAL,108.0,124.0,False,,BetfairSportsbook,-2.0,-110.0,-110.0,231.5,-111.0,-111.0,-125.0,100.0,-3.0,229.5
401585824,2024-04-14T19:30Z,2024-04-14,2024,2,OKC,DAL,135.0,86.0,False,,BetfairSportsbook,-19.5,-111.0,-111.0,225.0,-110.0,-110.0,-2000.0,900.0,-16.5,226.0
401585825,2024-04-14T19:30Z,2024-04-14,2024,2,SA,DET,123.0,95.0,False,,BetfairSportsbook,-4.5,-111.0,-111.0,219.0,-111.0,-111.0,-213.0,163.0,-11.0,213.5
401585826,2024-04-14T19:30Z,2024-04-14,2024,2,GS,UTAH,123.0,116.0,False,,BetfairSportsbook,-11.0,-111.0,-111.0,224.0,-111.0,-111.0,-714.0,450.0,-6.5,222.5
401585827,2024-04-14T19:30Z,2024-04-14,2024,2,LAC,HOU,105.0,116.0,False,,BetfairSportsbook,4.0,-111.0,-111.0,222.5,-111.0,-111.0,145.0,-189.0,1.0,221.0
401585828,2024-04-14T19:30Z,2024-04-14,2024,2,SAC,POR,121.0,82.0,False,,BetfairSportsbook,-17.5,-111.0,-111.0,214.0,-110.0,-110.0,-2000.0,800.0,-16.5,211.5
401654655,2024-04-16T23:30Z,2024-04-16,2024,5,NO,LAL,106.0,110.0,False,NBA Play-In - West - 7th Place vs 8th Place,BetfairSportsbook,-1.0,-120.0,-110.0,225.0,-110.0,-110.0,-111.0,-111.0,-1.0,227.5
401654656,2024-04-17T02:00Z,2024-04-16,2024,5,SAC,GS,118.0,94.0,False,NBA Play-In - West - 9th Place vs 10th Place,BetfairSportsbook,3.0,-110.0,-110.0,223.0,-111.0,-111.0,125.0,-163.0,1.0,228.5
401654659,2024-04-17T23:00Z,2024-04-17,2024,5,PHI,MIA,105.0,104.0,False,NBA Play-In - East - 7th Place vs 8th Place,BetfairSportsbook,-5.5,-111.0,-111.0,208.0,-111.0,-111.0,-250.0,188.0,-4.5,209.5
401654658,2024-04-18T01:48Z,2024-04-17,2024,5,CHI,ATL,131.0,116.0,False,NBA Play-In - East - 9th Place vs 10th Place,BetfairSportsbook,-3.5,-111.0,-111.0,222.0,-111.0,-111.0,-167.0,130.0,-3.5,218.5
401654660,2024-04-19T23:00Z,2024-04-19,2024,5,MIA,CHI,112.0,91.0,False,NBA Play-In - East - 8th Seed Game,BetfairSportsbook,-2.0,-111.0,-111.0,207.0,-111.0,-111.0,-138.0,110.0,-2.5,208.0
401654661,2024-04-20T01:30Z,2024-04-19,2024,5,NO,SAC,105.0,98.0,False,NBA Play-In - West - 8th Seed Game,BetfairSportsbook,-1.0,-110.0,-110.0,211.0,-110.0,-110.0,-125.0,100.0,-2.0,219.0
401654757,2024-04-20T17:00Z,2024-04-20,2024,3,CLE,ORL,97.0,83.0,False,East 1st Round - Game 1,BetfairSportsbook,-5.5,-111.0,-111.0,207.0,-111.0,-111.0,-250.0,188.0,-4.5,208.5
401654759,2024-04-20T19:30Z,2024-04-20,2024,3,MIN,PHX,120.0,95.0,False,West 1st Round - Game 1,BetfairSportsbook,-2.0,-111.0,-111.0,213.5,-111.0,-111.0,-150.0,115.0,-2.0,214.5
401654756,2024-04-20T22:00Z,2024-04-20,2024,3,NY,PHI,111.0,104.0,False,East 1st Round - Game 1,BetfairSportsbook,-4.5,-111.0,-111.0,208.0,-111.0,-111.0,-200.0,155.0,-2.5,207.5
401654758,2024-04-21T00:30Z,2024-04-20,2024,3,DEN,LAL,114.0,103.0,False,West 1st Round - Game 1,BetfairSportsbook,-6.5,-110.0,-110.0,227.0,-111.0,-111.0,-278.0,210.0,-7.0,223.0
401654760,2024-04-21T17:00Z,2024-04-21,2024,3,BOS,MIA,114.0,94.0,False,East 1st Round - Game 1,BetfairSportsbook,-14.5,-111.0,-111.0,210.0,-111.0,-111.0,-1250.0,650.0,-13.5,209.0
401654763,2024-04-21T19:30Z,2024-04-21,2024,3,LAC,DAL,109.0,97.0,False,West 1st Round - Game 1,BetfairSportsbook,3.5,-111.0,-111.0,221.5,-111.0,-111.0,145.0,-189.0,-2.0,227.5
401654761,2024-04-21T23:00Z,2024-04-21,2024,3,MIL,IND,109.0,94.0,False,East 1st Round - Game 1,BetfairSportsbook,1.0,-110.0,-110.0,230.0,-111.0,-111.0,100.0,-125.0,-3.5,238.5
401654762,2024-04-22T01:30Z,2024-04-21,2024,3,OKC,NO,94.0,92.0,False,West 1st Round - Game 1,BetfairSportsbook,-9.5,-111.0,-111.0,215.5,-110.0,-110.0,-455.0,310.0,-8.0,214.5
401655118,2024-04-22T23:00Z,2024-04-22,2024,3,CLE,ORL,96.0,86.0,False,East 1st Round - Game 2,BetfairSportsbook,-5.5,-110.0,-110.0,205.0,-111.0,-111.0,-213.0,163.0,-5.5,204.5
401655106,2024-04-22T23:30Z,2024-04-22,2024,3,NY,PHI,104.0,101.0,False,East 1st Round - Game 2,BetfairSportsbook,-4.5,-111.0,-111.0,206.5,-111.0,-111.0,-189.0,145.0,-5.5,208.5
401655082,2024-04-23T02:00Z,2024-04-22,2024,3,DEN,LAL,101.0,99.0,False,West 1st Round - Game 2,BetfairSportsbook,-7.0,-111.0,-111.0,223.0,-111.0,-111.0,-303.0,225.0,-6.5,223.5
401655088,2024-04-23T23:30Z,2024-04-23,2024,3,MIN,PHX,105.0,93.0,False,West 1st Round - Game 2,BetfairSportsbook,-3.0,-110.0,-110.0,211.5,-110.0,-110.0,-163.0,125.0,-3.5,213.5
401655112,2024-04-24T00:30Z,2024-04-23,2024,3,MIL,IND,108.0,125.0,False,East 1st Round - Game 2,ESPN BET,-0.5,-110.0,-110.0,223.5,-110.0,-110.0,-120.0,100.0,-1.5,226.5
401655094,2024-04-24T02:00Z,2024-04-23,2024,3,LAC,DAL,93.0,96.0,False,West 1st Round - Game 2,ESPN BET,-0.5,-115.0,-105.0,216.5,-110.0,-110.0,-120.0,100.0,1.5,218.5
401655100,2024-04-24T23:00Z,2024-04-24,2024,3,BOS,MIA,101.0,111.0,False,East 1st Round - Game 2,BetfairSportsbook,-14.5,-111.0,-111.0,203.0,-110.0,-110.0,-1250.0,650.0,-15.5,206.5
401655076,2024-04-25T01:30Z,2024-04-24,2024,3,OKC,NO,124.0,92.0,False,West 1st Round - Game 2,BetfairSportsbook,-7.5,-111.0,-111.0,210.0,-111.0,-111.0,-333.0,240.0,-8.5,213.5
401655119,2024-04-25T23:00Z,2024-04-25,2024,3,ORL,CLE,121.0,83.0,False,East 1st Round - Game 3,BetfairSportsbook,-1.5,-111.0,-111.0,198.5,-111.0,-111.0,-125.0,100.0,2.5,201.0
401655107,2024-04-25T23:30Z,2024-04-25,2024,3,PHI,NY,125.0,114.0,False,East 1st Round - Game 3,BetfairSportsbook,-4.5,-111.0,-111.0,202.5,-111.0,-111.0,-200.0,155.0,-3.0,205.5
401655083,2024-04-26T02:00Z,2024-04-25,2024,3,LAL,DEN,105.0,112.0,False,West 1st Round - Game 3,BetfairSportsbook,1.0,-120.0,-120.0,216.0,-120.0,-120.0,-111.0,-111.0,1.5,215.5
401655113,2024-04-26T21:30Z,2024-04-26,2024,3,IND,MIL,121.0,118.0,False,East 1st Round - Game 3,BetfairSportsbook,-4.5,-120.0,-120.0,223.5,-120.0,-120.0,-200.0,155.0,-5.5,227.0
401655095,2024-04-27T00:00Z,2024-04-26,2024,3,DAL,LAC,101.0,90.0,False,West 1st Round - Game 3,BetfairSportsbook,-4.0,-120.0,-120.0,209.5,-120.0,-120.0,-175.0,138.0,-4.5,212.0
401655089,2024-04-27T02:30Z,2024-04-26,2024,3,PHX,MIN,109.0,126.0,False,West 1st Round - Game 3,BetfairSportsbook,-4.0,-120.0,-120.0,208.5,-120.0,-120.0,-189.0,145.0,-3.0,209.5
401655120,2024-04-27T17:00Z,2024-04-27,2024,3,ORL,CLE,112.0,89.0,False,East 1st Round - Game 4,ESPN BET,-2.5,-105.0,-115.0,202.5,-115.0,-105.0,-140.0,120.0,-2.5,201.5
401655077,2024-04-27T19:30Z,2024-04-27,2024,3,NO,OKC,85.0,106.0,False,West 1st Round - Game 3,ESPN BET,1.5,-105.0,-115.0,209.5,-110.0,-110.0,105.0,-125.0,1.5,211.5
401655101,2024-04-27T22:00Z,2024-04-27,2024,3,MIA,BOS,84.0,104.0,False,East 1st Round - Game 3,ESPN BET,9.5,-105.0,-115.0,205.5,-115.0,-105.0,355.0,-460.0,4.5,205.5
401655084,2024-04-28T00:30Z,2024-04-27,2024,3,LAL,DEN,119.0,108.0,False,West 1st Round - Game 4,ESPN BET,3.5,-115.0,-105.0,219.5,-115.0,-105.0,135.0,-160.0,2.5,216.5
401655108,2024-04-28T17:00Z,2024-04-28,2024,3,PHI,NY,92.0,97.0,False,East 1st Round - Game 4,ESPN BET,-5.5,-110.0,-110.0,209.5,-110.0,-110.0,-200.0,165.0,-6.5,207.5
401655096,2024-04-28T19:30Z,2024-04-28,2024,3,DAL,LAC,111.0,116.0,False,West 1st Round - Game 4,ESPN BET,-7.5,-110.0,-110.0,209.5,-105.0,-115.0,-275.0,225.0,-5.5,209.5
401655114,2024-04-28T23:00Z,2024-04-28,2024,3,IND,MIL,126.0,113.0,False,East 1st Round - Game 4,ESPN BET,-10.5,-105.0,-115.0,214.5,-115.0,-105.0,-475.0,360.0,-6.5,224.5
401655090,2024-04-29T01:30Z,2024-04-28,2024,3,PHX,MIN,116.0,122.0,False,West 1st Round - Game 4,ESPN BET,-1.5,-105.0,-115.0,212.5,-110.0,-110.0,-115.0,-105.0,1.5,210.5
401655102,2024-04-29T23:30Z,2024-04-29,2024,3,MIA,BOS,88.0,102.0,False,East 1st Round - Game 4,ESPN BET,10.5,-115.0,-105.0,205.5,-105.0,-115.0,390.0,-510.0,23.5,202.5
401655078,2024-04-30T00:30Z,2024-04-29,2024,3,NO,OKC,89.0,97.0,False,West 1st Round - Game 4,ESPN BET,4.5,-105.0,-115.0,208.5,-110.0,-110.0,165.0,-195.0,5.5,205.5
401655085,2024-04-30T02:00Z,2024-04-29,2024,3,DEN,LAL,108.0,106.0,False,West 1st Round - Game 5,ESPN BET,-6.5,-105.0,-115.0,217.5,-105.0,-115.0,-250.0,205.0,-7.5,218.5
401655109,2024-04-30T23:00Z,2024-04-30,2024,3,NY,PHI,106.0,112.0,False,East 1st Round - Game 5,ESPN BET,-4.5,-110.0,-110.0,203.5,-115.0,-105.0,-180.0,150.0,-5.5,204.5
401655121,2024-05-01T00:00Z,2024-04-30,2024,3,CLE,ORL,104.0,103.0,False,East 1st Round - Game 5,ESPN BET,-4.5,-110.0,-110.0,203.5,-105.0,-115.0,-185.0,155.0,-5.5,201.5
401655115,2024-05-01T01:30Z,2024-04-30,2024,3,MIL,IND,115.0,92.0,False,East 1st Round - Game 5,ESPN BET,5.5,-115.0,-105.0,217.5,-115.0,-105.0,165.0,-200.0,3.5,216.5
401655103,2024-05-01T23:30Z,2024-05-01,2024,3,BOS,MIA,118.0,84.0,False,East 1st Round - Game 5,ESPN BET,-13.5,-110.0,-110.0,201.5,-110.0,-110.0,-1000.0,650.0,-13.5,199.5
401655097,2024-05-02T02:00Z,2024-05-01,2024,3,LAC,DAL,93.0,123.0,False,West 1st Round - Game 5,ESPN BET,2.5,-110.0,-110.0,208.5,-110.0,-110.0,120.0,-140.0,2.5,209.5
401655116,2024-05-02T22:30Z,2024-05-02,2024,3,IND,MIL,120.0,98.0,False,East 1st Round - Game 6,ESPN BET,-5.5,-120.0,100.0,217.5,-105.0,-115.0,-220.0,190.0,-9.5,215.5
401655110,2024-05-03T01:00Z,2024-05-02,2024,3,PHI,NY,115.0,118.0,False,East 1st Round - Game 6,ESPN BET,-3.5,-105.0,-115.0,202.5,-110.0,-110.0,-150.0,125.0,-3.5,201.5
401655122,2024-05-03T23:00Z,2024-05-03,2024,3,ORL,CLE,103.0,96.0,False,East 1st Round - Game 6,ESPN BET,-4.5,-105.0,-115.0,201.5,-110.0,-110.0,-180.0,150.0,-3.5,202.5
401655098,2024-05-04T01:30Z,2024-05-03,2024,3,DAL,LAC,114.0,101.0,False,West 1st Round - Game 6,ESPN BET,-8.5,-105.0,-115.0,209.5,-110.0,-110.0,-380.0,295.0,-7.5,207.5
401657182,2024-05-04T23:00Z,2024-05-04,2024,3,DEN,MIN,99.0,106.0,False,West Semifinals - Game 1,ESPN BET,-4.5,-115.0,-105.0,209.5,-115.0,-105.0,-185.0,155.0,-5.5,209.5
401655123,2024-05-05T17:00Z,2024-05-05,2024,3,CLE,ORL,106.0,94.0,False,East 1st Round - Game 7,ESPN BET,-3.5,100.0,-120.0,195.5,-110.0,-110.0,-160.0,135.0,-4.5,195.5
401657420,2024-05-06T23:30Z,2024-05-06,2024,3,NY,IND,121.0,117.0,False,East Semifinals - Game 1,ESPN BET,-5.5,-110.0,-110.0,216.5,-115.0,-105.0,-240.0,195.0,-6.5,216.5
401657183,2024-05-07T02:00Z,2024-05-06,2024,3,DEN,MIN,80.0,106.0,False,West Semifinals - Game 2,ESPN BET,-7.5,-110.0,-110.0,209.5,-105.0,-115.0,-300.0,240.0,-4.5,208.5
401658224,2024-05-07T23:00Z,2024-05-07,2024,3,BOS,CLE,120.0,95.0,False,East Semifinals - Game 1,ESPN BET,-12.5,-110.0,-110.0,211.5,-110.0,-110.0,-800.0,550.0,-3.5,208.5
401657231,2024-05-08T01:30Z,2024-05-07,2024,3,OKC,DAL,117.0,95.0,False,West Semifinals - Game 1,ESPN BET,-3.5,-115.0,-105.0,218.5,-110.0,-110.0,-180.0,150.0,-2.5,214.5
401657421,2024-05-09T00:00Z,2024-05-08,2024,3,NY,IND,130.0,121.0,False,East Semifinals - Game 2,ESPN BET,-4.5,-105.0,-115.0,218.5,-110.0,-110.0,-180.0,150.0,-6.5,220.5
401658225,2024-05-09T23:00Z,2024-05-09,2024,3,BOS,CLE,94.0,118.0,False,East Semifinals - Game 2,ESPN BET,-12.5,-115.0,-105.0,212.5,-110.0,-110.0,-950.0,625.0,-12.5,212.5
401658188,2024-05-10T01:30Z,2024-05-09,2024,3,OKC,DAL,110.0,119.0,False,West Semifinals - Game 2,ESPN BET,-5.5,-110.0,-110.0,217.5,-110.0,-110.0,-200.0,165.0,-4.5,218.5
401657422,2024-05-10T23:00Z,2024-05-10,2024,3,IND,NY,111.0,106.0,False,East Semifinals - Game 3,ESPN BET,-7.5,100.0,-120.0,220.5,-110.0,-110.0,-290.0,235.0,-5.5,225.5
401657184,2024-05-11T01:30Z,2024-05-10,2024,3,MIN,DEN,90.0,117.0,False,West Semifinals - Game 3,ESPN BET,-3.5,-105.0,-115.0,205.5,-110.0,-110.0,-155.0,130.0,-3.5,204.5
401658190,2024-05-11T19:30Z,2024-05-11,2024,3,DAL,OKC,105.0,101.0,False,West Semifinals - Game 3,ESPN BET,-1.5,-105.0,-115.0,217.5,-105.0,-115.0,-125.0,105.0,-3.5,219.5
401658226,2024-05-12T00:30Z,2024-05-11,2024,3,CLE,BOS,93.0,106.0,False,East Semifinals - Game 3,ESPN BET,7.5,-105.0,-115.0,210.5,-115.0,-105.0,260.0,-325.0,7.5,212.5
401657423,2024-05-12T19:30Z,2024-05-12,2024,3,IND,NY,121.0,89.0,False,East Semifinals - Game 4,ESPN BET,-5.5,-120.0,100.0,219.5,-105.0,-115.0,-240.0,200.0,-5.5,218.5
401657185,2024-05-13T00:00Z,2024-05-12,2024,3,MIN,DEN,107.0,115.0,False,West Semifinals - Game 4,ESPN BET,-3.5,-115.0,-105.0,204.5,-115.0,-105.0,-175.0,145.0,-2.5,203.5
401658227,2024-05-13T23:00Z,2024-05-13,2024,3,CLE,BOS,102.0,109.0,False,East Semifinals - Game 4,ESPN BET,11.5,-115.0,-105.0,203.5,-115.0,-105.0,500.0,-700.0,8.5,208.5
401658191,2024-05-14T01:30Z,2024-05-13,2024,3,DAL,OKC,96.0,100.0,False,West Semifinals - Game 4,ESPN BET,-1.5,-110.0,-110.0,215.5,-110.0,-110.0,-120.0,100.0,-2.5,215.5
401658196,2024-05-15T00:00Z,2024-05-14,2024,3,NY,IND,121.0,91.0,False,East Semifinals - Game 5,ESPN BET,-1.5,-105.0,-115.0,217.5,-110.0,-110.0,-120.0,100.0,2.5,216.5
401657186,2024-05-15T02:30Z,2024-05-14,2024,3,DEN,MIN,112.0,97.0,False,West Semifinals - Game 5,ESPN BET,-4.5,-105.0,-115.0,204.5,-110.0,-110.0,-190.0,160.0,-4.5,207.5
401658228,2024-05-15T23:00Z,2024-05-15,2024,3,BOS,CLE,113.0,98.0,False,East Semifinals - Game 5,ESPN BET,-15.5,-110.0,-110.0,205.5,-110.0,-110.0,-1800.0,900.0,-15.5,205.5
401658192,2024-05-16T01:30Z,2024-05-15,2024,3,OKC,DAL,92.0,104.0,False,West Semifinals - Game 5,ESPN BET,-4.5,-105.0,-115.0,212.5,-110.0,-110.0,-190.0,160.0,-5.5,214.5
401657187,2024-05-17T00:30Z,2024-05-16,2024,3,MIN,DEN,115.0,70.0,False,West Semifinals - Game 6,ESPN BET,-2.5,-110.0,-110.0,204.5,-115.0,-105.0,-130.0,110.0,-2.5,204.5
401658197,2024-05-18T00:30Z,2024-05-17,2024,3,IND,NY,116.0,103.0,False,East Semifinals - Game 6,ESPN BET,-5.5,100.0,-120.0,215.5,-110.0,-110.0,-200.0,165.0,-5.5,217.5
401658194,2024-05-19T00:00Z,2024-05-18,2024,3,DAL,OKC,117.0,116.0,False,West Semifinals - Game 6,ESPN BET,-3.5,-110.0,-110.0,208.5,-110.0,-110.0,-180.0,150.0,-4.5,210.5
401658198,2024-05-19T19:30Z,2024-05-19,2024,3,NY,IND,109.0,130.0,False,East Semifinals - Game 7,ESPN BET,-2.5,-115.0,-105.0,207.5,-105.0,-115.0,-160.0,130.0,-3.5,208.5
401657188,2024-05-20T00:00Z,2024-05-19,2024,3,DEN,MIN,90.0,98.0,False,West Semifinals - Game 7,ESPN BET,-4.5,-110.0,-110.0,201.5,-110.0,-110.0,-190.0,160.0,-5.5,199.5
401671998,2024-05-22T00:00Z,2024-05-21,2024,3,BOS,IND,133.0,128.0,False,East Finals - Game 1,ESPN BET,-9.5,-115.0,-105.0,223.5,-105.0,-115.0,-450.0,350.0,-13.5,220.5
401672976,2024-05-23T00:30Z,2024-05-22,2024,3,MIN,DAL,105.0,108.0,False,West Finals - Game 1,ESPN BET,-4.5,-110.0,-110.0,206.5,-115.0,-105.0,-190.0,160.0,-3.5,206.5
401671999,2024-05-24T00:00Z,2024-05-23,2024,3,BOS,IND,126.0,110.0,False,East Finals - Game 2,ESPN BET,-8.5,-120.0,100.0,225.5,-110.0,-110.0,-375.0,300.0,-8.5,224.5
401672977,2024-05-25T00:30Z,2024-05-24,2024,3,MIN,DAL,108.0,109.0,False,West Finals - Game 2,ESPN BET,-6.5,100.0,-120.0,207.5,-105.0,-115.0,-250.0,205.0,-5.5,207.5
401672000,2024-05-26T00:30Z,2024-05-25,2024,3,IND,BOS,111.0,114.0,False,East Finals - Game 3,ESPN BET,7.5,-115.0,-105.0,220.5,-110.0,-110.0,230.0,-285.0,6.5,222.5
401672978,2024-05-27T00:00Z,2024-05-26,2024,3,DAL,MIN,116.0,107.0,False,West Finals - Game 3,ESPN BET,-1.5,-110.0,-110.0,207.5,-110.0,-110.0,-120.0,100.0,-3.5,208.5
401672001,2024-05-28T00:00Z,2024-05-27,2024,3,IND,BOS,102.0,105.0,False,East Finals - Game 4,ESPN BET,7.5,-110.0,-110.0,222.5,-105.0,-115.0,230.0,-285.0,6.5,221.5
401672979,2024-05-29T00:30Z,2024-05-28,2024,3,DAL,MIN,100.0,105.0,False,West Finals - Game 4,ESPN BET,-1.5,-105.0,-115.0,211.5,-110.0,-110.0,-120.0,100.0,-3.5,209.5
401672980,2024-05-31T00:30Z,2024-05-30,2024,3,MIN,DAL,103.0,124.0,False,West Finals - Game 5,ESPN BET,-5.5,-110.0,-120.0,208.5,-115.0,-105.0,-190.0,160.0,-5.5,208.5
401656359,2024-06-07T00:30Z,2024-06-06,2024,3,BOS,DAL,107.0,89.0,False,NBA Finals - Game 1,ESPN BET,-6.5,-105.0,-115.0,216.5,-110.0,-110.0,-235.0,195.0,-6.5,216.5
401656360,2024-06-10T00:00Z,2024-06-09,2024,3,BOS,DAL,105.0,98.0,False,NBA Finals - Game 2,ESPN BET,-6.5,-110.0,-110.0,214.5,-110.0,-110.0,-270.0,220.0,-6.5,214.5
401656361,2024-06-13T00:30Z,2024-06-12,2024,3,DAL,BOS,99.0,106.0,False,NBA Finals - Game 3,ESPN BET,-2.5,-115.0,-105.0,213.5,-110.0,-110.0,-145.0,125.0,-2.5,213.5
401656362,2024-06-15T00:30Z,2024-06-14,2024,3,DAL,BOS,122.0,84.0,False,NBA Finals - Game 4,ESPN BET,-0.5,-110.0,-110.0,211.5,-110.0,-110.0,100.0,-120.0,-0.5,211.5
401656363,2024-06-18T00:30Z,2024-06-17,2024,3,BOS,DAL,106.0,88.0,False,NBA Finals - Game 5,ESPN BET,-6.5,-110.0,-110.0,210.5,-115.0,-105.0,-270.0,220.0,-6.5,210.5
401704627,2024-10-22T23:30Z,2024-10-22,2025,2,BOS,NY,132.0,109.0,False,,ESPN BET,-5.5,-120.0,100.0,221.5,-105.0,-115.0,-190.0,160.0,-5.5,221.5
401704628,2024-10-23T02:00Z,2024-10-22,2025,2,LAL,MIN,110.0,103.0,False,,ESPN BET,1.5,-120.0,100.0,223.5,-110.0,-110.0,-110.0,-110.0,1.5,224.5
401704629,2024-10-23T23:00Z,2024-10-23,2025,2,DET,IND,109.0,115.0,False,,ESPN BET,5.5,-105.0,-115.0,235.5,-115.0,-105.0,180.0,-215.0,5.5,233.5
401704630,2024-10-23T23:30Z,2024-10-23,2025,2,ATL,BKN,120.0,116.0,False,,ESPN BET,-7.5,-110.0,-110.0,223.5,-110.0,-110.0,-280.0,230.0,-7.5,220.5
401704631,2024-10-23T23:30Z,2024-10-23,2025,2,MIA,ORL,97.0,116.0,False,,ESPN BET,-1.5,-115.0,-105.0,207.5,-115.0,-105.0,-135.0,115.0,1.5,210.5
401704632,2024-10-23T23:30Z,2024-10-23,2025,2,PHI,MIL,109.0,124.0,False,,ESPN BET,4.5,-110.0,-110.0,222.5,-115.0,-105.0,160.0,-190.0,-4.5,225.5
401704633,2024-10-23T23:30Z,2024-10-23,2025,2,TOR,CLE,106.0,136.0,False,,ESPN BET,6.5,-115.0,-105.0,226.5,-105.0,-115.0,200.0,-250.0,3.5,218.5
401704634,2024-10-24T00:00Z,2024-10-23,2025,2,HOU,CHA,105.0,110.0,False,,ESPN BET,-8.5,-110.0,-110.0,230.5,-105.0,-115.0,-350.0,280.0,-6.5,234.5
401704635,2024-10-24T00:00Z,2024-10-23,2025,2,NO,CHI,123.0,111.0,False,,ESPN BET,-5.5,-105.0,-115.0,225.5,-110.0,-110.0,-200.0,165.0,-6.5,221.5
401704636,2024-10-24T01:00Z,2024-10-23,2025,2,UTAH,MEM,124.0,126.0,False,,ESPN BET,2.5,-115.0,-105.0,229.5,-105.0,-115.0,115.0,-135.0,2.5,228.5
401704637,2024-10-24T02:00Z,2024-10-23,2025,2,LAC,PHX,113.0,116.0,False,,ESPN BET,4.5,100.0,-120.0,224.5,-110.0,-110.0,165.0,-200.0,-1.5,224.5
401704638,2024-10-24T02:00Z,2024-10-23,2025,2,POR,GS,104.0,140.0,False,,ESPN BET,7.5,-110.0,-110.0,222.5,-105.0,-115.0,235.0,-290.0,3.5,226.5
401704639,2024-10-24T23:00Z,2024-10-24,2025,2,WSH,BOS,102.0,122.0,False,,ESPN BET,14.5,-115.0,-105.0,230.5,-115.0,-105.0,650.0,-1000.0,13.5,234.5
401704640,2024-10-24T23:30Z,2024-10-24,2025,2,DAL,SA,120.0,109.0,False,,ESPN BET,-8.5,-110.0,-110.0,226.5,-115.0,-105.0,-375.0,300.0,-7.5,232.5
401704641,2024-10-25T02:00Z,2024-10-24,2025,2,DEN,OKC,87.0,102.0,False,,ESPN BET,-2.5,-105.0,-115.0,228.5,-110.0,-110.0,-130.0,110.0,-2.5,225.5
401704642,2024-10-25T02:00Z,2024-10-24,2025,2,SAC,MIN,115.0,117.0,False,,ESPN BET,-0.5,-110.0,-110.0,221.5,-115.0,-105.0,-115.0,-105.0,-1.5,227.5
401704643,2024-10-25T23:00Z,2024-10-25,2025,2,ORL,BKN,116.0,101.0,False,,ESPN BET,-11.5,-110.0,-110.0,214.5,-105.0,-115.0,-650.0,425.0,-20.5,215.5
401704644,2024-10-25T23:00Z,2024-10-25,2025,2,TOR,PHI,115.0,107.0,False,,ESPN BET,5.5,-115.0,-105.0,220.5,-105.0,-115.0,180.0,-210.0,4.5,214.5
401704645,2024-10-25T23:30Z,2024-10-25,2025,2,ATL,CHA,125.0,120.0,False,,ESPN BET,-5.5,-110.0,-110.0,226.5,-115.0,-105.0,-225.0,185.0,-4.5,231.5
401704646,2024-10-25T23:30Z,2024-10-25,2025,2,CLE,DET,113.0,101.0,False,,ESPN BET,-10.5,-115.0,-105.0,224.5,-105.0,-115.0,-700.0,450.0,-11.5,224.5
401704647,2024-10-25T23:30Z,2024-10-25,2025,2,NY,IND,123.0,98.0,False,,ESPN BET,-4.5,-115.0,-105.0,229.5,100.0,-120.0,-205.0,170.0,-6.5,224.5
401704648,2024-10-26T00:00Z,2024-10-25,2025,2,HOU,MEM,128.0,108.0,False,,ESPN BET,-3.5,-115.0,-105.0,226.5,-110.0,-110.0,-170.0,140.0,-2.5,216.5
401704649,2024-10-26T00:00Z,2024-10-25,2025,2,MIL,CHI,122.0,133.0,False,,ESPN BET,-9.5,-105.0,-115.0,234.5,-110.0,-110.0,-420.0,330.0,-9.5,229.5
401704650,2024-10-26T01:30Z,2024-10-25,2025,2,UTAH,GS,86.0,127.0,False,,ESPN BET,6.5,-110.0,-110.0,234.5,-110.0,-110.0,210.0,-260.0,4.5,234.5
401704651,2024-10-26T02:00Z,2024-10-25,2025,2,LAL,PHX,123.0,116.0,False,,ESPN BET,-1.5,-110.0,-110.0,227.5,-115.0,-105.0,-120.0,100.0,-2.5,228.5
401704652,2024-10-26T02:00Z,2024-10-25,2025,2,POR,NO,103.0,105.0,False,,ESPN BET,6.5,-115.0,-105.0,219.5,-115.0,-105.0,220.0,-270.0,-3.5,223.5
401704653,2024-10-26T21:00Z,2024-10-26,2025,2,DEN,LAC,104.0,109.0,False,,ESPN BET,-7.5,-115.0,-105.0,218.5,-105.0,-115.0,-320.0,260.0,-9.5,219.5
401704654,2024-10-26T23:00Z,2024-10-26,2025,2,CHA,MIA,106.0,114.0,False,,ESPN BET,5.5,100.0,-125.0,223.5,-105.0,-115.0,205.0,-250.0,1.5,217.5
401704655,2024-10-26T23:00Z,2024-10-26,2025,2,DET,BOS,118.0,124.0,False,,ESPN BET,12.5,-110.0,-110.0,224.5,-115.0,-105.0,600.0,-900.0,13.5,217.5
401704656,2024-10-26T23:00Z,2024-10-26,2025,2,WSH,CLE,116.0,135.0,False,,ESPN BET,9.5,-110.0,-110.0,227.5,-105.0,-115.0,360.0,-500.0,9.5,225.5
401704657,2024-10-27T00:00Z,2024-10-26,2025,2,CHI,OKC,95.0,114.0,False,,ESPN BET,9.5,100.0,-120.0,231.5,-115.0,-105.0,340.0,-450.0,8.5,227.5
401704658,2024-10-27T00:00Z,2024-10-26,2025,2,MEM,ORL,124.0,111.0,False,,ESPN BET,-0.5,-105.0,-115.0,221.5,-115.0,-105.0,-115.0,-105.0,1.5,224.5
401704659,2024-10-27T00:00Z,2024-10-26,2025,2,MIN,TOR,112.0,101.0,False,,ESPN BET,-14.5,-115.0,-105.0,219.5,100.0,-120.0,-1300.0,750.0,-9.5,227.5
401704660,2024-10-27T00:30Z,2024-10-26,2025,2,SA,HOU,109.0,106.0,False,,ESPN BET,1.5,-110.0,-110.0,223.5,-105.0,-115.0,105.0,-125.0,1.5,235.5
401704661,2024-10-27T02:00Z,2024-10-26,2025,2,PHX,DAL,114.0,102.0,False,,ESPN BET,3.5,-110.0,-110.0,229.5,-115.0,-105.0,145.0,-175.0,1.5,238.5
401704662,2024-10-27T02:30Z,2024-10-26,2025,2,LAL,SAC,131.0,127.0,False,,ESPN BET,-0.5,-115.0,-105.0,230.5,-115.0,-105.0,-115.0,-105.0,-3.5,236.5
401704663,2024-10-27T19:30Z,2024-10-27,2025,2,IND,PHI,114.0,118.0,False,,ESPN BET,-8.5,-110.0,-110.0,229.5,-110.0,-110.0,-350.0,280.0,-6.5,213.5
401704664,2024-10-27T22:00Z,2024-10-27,2025,2,BKN,MIL,115.0,102.0,False,,ESPN BET,8.5,-105.0,-115.0,227.5,-115.0,-105.0,300.0,-400.0,8.5,230.5
401704665,2024-10-27T22:00Z,2024-10-27,2025,2,POR,NO,125.0,103.0,False,,ESPN BET,6.5,-110.0,-110.0,220.5,-110.0,-110.0,205.0,-250.0,5.5,218.5
401704666,2024-10-27T23:00Z,2024-10-27,2025,2,OKC,ATL,128.0,104.0,False,,ESPN BET,-10.5,-115.0,-105.0,230.5,-115.0,-105.0,-500.0,375.0,-9.5,232.5
401704667,2024-10-28T00:30Z,2024-10-27,2025,2,GS,LAC,104.0,112.0,False,,ESPN BET,-9.5,100.0,-125.0,221.5,-110.0,-110.0,-400.0,300.0,-10.5,229.5
401704668,2024-10-28T23:00Z,2024-10-28,2025,2,ORL,IND,119.0,115.0,False,,ESPN BET,-5.5,-115.0,-105.0,224.5,-115.0,-105.0,-215.0,175.0,-6.5,228.5
401704669,2024-10-28T23:30Z,2024-10-28,2025,2,ATL,WSH,119.0,121.0,False,,ESPN BET,-7.5,-115.0,-105.0,234.5,-110.0,-110.0,-320.0,260.0,-7.5,226.5
401704670,2024-10-28T23:30Z,2024-10-28,2025,2,BOS,MIL,119.0,108.0,False,,ESPN BET,-9.5,-105.0,-115.0,232.5,-105.0,-115.0,-400.0,310.0,-9.5,227.5
401704671,2024-10-28T23:30Z,2024-10-28,2025,2,MIA,DET,106.0,98.0,False,,ESPN BET,-8.5,-115.0,-105.0,219.5,-110.0,-110.0,-375.0,290.0,-16.5,210.5
401704672,2024-10-28T23:30Z,2024-10-28,2025,2,NY,CLE,104.0,110.0,False,,ESPN BET,-2.5,-115.0,-105.0,221.5,-115.0,-105.0,-145.0,125.0,-3.5,232.5
401704673,2024-10-28T23:30Z,2024-10-28,2025,2,TOR,DEN,125.0,127.0,False,,ESPN BET,8.5,-110.0,-110.0,223.5,-110.0,-110.0,290.0,-375.0,7.5,219.5
401704674,2024-10-29T00:00Z,2024-10-28,2025,2,MEM,CHI,123.0,126.0,False,,ESPN BET,-4.5,-115.0,-105.0,231.5,-115.0,-105.0,-210.0,180.0,-7.5,242.5
401704675,2024-10-29T00:00Z,2024-10-28,2025,2,SA,HOU,101.0,106.0,False,,ESPN BET,2.5,-105.0,-115.0,220.5,-110.0,-110.0,120.0,-140.0,2.5,219.5
401704676,2024-10-29T00:30Z,2024-10-28,2025,2,DAL,UTAH,110.0,102.0,False,,ESPN BET,-11.5,-115.0,-105.0,231.5,-105.0,-105.0,-700.0,475.0,-10.5,230.5
401704677,2024-10-29T02:00Z,2024-10-28,2025,2,PHX,LAL,109.0,105.0,False,,ESPN BET,-4.5,100.0,-120.0,229.5,-105.0,-115.0,-165.0,140.0,-1.5,235.5
401704678,2024-10-29T02:00Z,2024-10-28,2025,2,SAC,POR,111.0,98.0,False,,ESPN BET,-12.5,-115.0,-105.0,230.5,-115.0,-105.0,-800.0,550.0,-8.5,239.5
401704679,2024-10-29T23:30Z,2024-10-29,2025,2,BKN,DEN,139.0,144.0,False,,ESPN BET,5.5,-110.0,-110.0,218.5,-115.0,-105.0,190.0,-220.0,7.5,226.5
401704680,2024-10-29T23:30Z,2024-10-29,2025,2,MIN,DAL,114.0,120.0,False,,ESPN BET,-4.5,100.0,-120.0,220.5,-110.0,-110.0,-175.0,145.0,3.5,225.5
401704681,2024-10-30T01:00Z,2024-10-29,2025,2,UTAH,SAC,96.0,113.0,False,,ESPN BET,6.5,-105.0,-115.0,235.5,-105.0,-115.0,205.0,-250.0,10.5,223.5
401704682,2024-10-30T02:00Z,2024-10-29,2025,2,GS,NO,124.0,106.0,False,,ESPN BET,2.5,-115.0,-105.0,217.5,-110.0,-110.0,120.0,-140.0,-1.5,220.5
401704683,2024-10-30T23:00Z,2024-10-30,2025,2,CHA,TOR,138.0,133.0,False,,ESPN BET,-6.5,-105.0,-115.0,225.5,-105.0,-115.0,-250.0,200.0,-3.5,226.5
401704684,2024-10-30T23:00Z,2024-10-30,2025,2,CLE,LAL,134.0,110.0,False,,ESPN BET,-4.5,100.0,-120.0,226.5,-105.0,-115.0,-175.0,150.0,-3.5,220.5
401704685,2024-10-30T23:00Z,2024-10-30,2025,2,IND,BOS,135.0,132.0,False,,ESPN BET,6.5,-105.0,-115.0,235.5,-110.0,-110.0,220.0,-270.0,6.5,231.5
401704686,2024-10-30T23:00Z,2024-10-30,2025,2,PHI,DET,95.0,105.0,False,,ESPN BET,-4.5,100.0,-120.0,219.5,-110.0,-110.0,-180.0,150.0,-4.5,217.5
401704687,2024-10-30T23:00Z,2024-10-30,2025,2,WSH,ATL,133.0,120.0,False,,ESPN BET,4.5,100.0,-125.0,233.5,-110.0,-110.0,180.0,-210.0,3.5,234.5
401704688,2024-10-30T23:30Z,2024-10-30,2025,2,MIA,NY,107.0,116.0,False,,ESPN BET,1.5,-110.0,-110.0,214.5,-110.0,-110.0,105.0,-125.0,-3.5,219.5
401704689,2024-10-31T00:00Z,2024-10-30,2025,2,CHI,ORL,102.0,99.0,False,,ESPN BET,5.5,-105.0,-115.0,226.5,-120.0,100.0,190.0,-220.0,3.5,218.5
401704690,2024-10-31T00:00Z,2024-10-30,2025,2,MEM,BKN,106.0,119.0,False,,ESPN BET,-12.5,100.0,-125.0,226.5,-105.0,-115.0,-800.0,475.0,-10.5,224.5
401704691,2024-10-31T01:30Z,2024-10-30,2025,2,OKC,SA,105.0,93.0,False,,ESPN BET,-12.5,-110.0,-110.0,220.5,-110.0,-110.0,-1000.0,550.0,-12.5,218.5
401704692,2024-10-31T02:00Z,2024-10-30,2025,2,GS,NO,104.0,89.0,False,,ESPN BET,-3.5,-110.0,-110.0,219.5,-110.0,-110.0,-155.0,135.0,-1.5,219.5
401704693,2024-10-31T02:30Z,2024-10-30,2025,2,LAC,POR,105.0,106.0,False,,ESPN BET,-8.5,-105.0,-115.0,219.5,100.0,-120.0,-350.0,280.0,-7.5,214.5
401704694,2024-11-01T00:00Z,2024-10-31,2025,2,MEM,MIL,122.0,99.0,False,,ESPN BET,6.5,-115.0,-105.0,230.5,-110.0,-110.0,195.0,-240.0,4.5,229.5
401704695,2024-11-01T00:30Z,2024-10-31,2025,2,DAL,HOU,102.0,108.0,False,,ESPN BET,-6.5,-110.0,-110.0,225.5,-115.0,-105.0,-250.0,205.0,2.5,227.5
401704696,2024-11-01T01:00Z,2024-10-31,2025,2,UTAH,SA,88.0,106.0,False,,ESPN BET,2.5,-115.0,-105.0,220.5,-110.0,-110.0,115.0,-140.0,-2.5,229.5
401704697,2024-11-01T02:30Z,2024-10-31,2025,2,LAC,PHX,119.0,125.0,False,,ESPN BET,4.5,100.0,-125.0,220.5,100.0,-120.0,150.0,-180.0,4.5,221.5
401704698,2024-11-01T23:00Z,2024-11-01,2025,2,CHA,BOS,109.0,124.0,False,,ESPN BET,10.5,-110.0,-110.0,233.5,-110.0,-110.0,400.0,-600.0,11.5,230.5
401704699,2024-11-01T23:00Z,2024-11-01,2025,2,CLE,ORL,120.0,109.0,False,,ESPN BET,-7.5,-105.0,-115.0,216.5,-115.0,-105.0,-300.0,240.0,-6.5,213.5
401704700,2024-11-01T23:00Z,2024-11-01,2025,2,DET,NY,98.0,128.0,False,,ESPN BET,6.5,-110.0,-110.0,218.5,-115.0,-105.0,220.0,-275.0,17.5,226.5
401704701,2024-11-01T23:30Z,2024-11-01,2025,2,ATL,SAC,115.0,123.0,False,,ESPN BET,6.5,-115.0,-105.0,235.5,-115.0,-105.0,200.0,-245.0,3.5,230.5
401704702,2024-11-01T23:30Z,2024-11-01,2025,2,BKN,CHI,120.0,112.0,False,,ESPN BET,-1.5,-115.0,-105.0,227.5,-110.0,-110.0,-125.0,105.0,-1.5,202.5
401704703,2024-11-01T23:30Z,2024-11-01,2025,2,TOR,LAL,125.0,131.0,False,,ESPN BET,9.5,-115.0,-105.0,231.5,-115.0,-105.0,320.0,-425.0,8.5,228.5
401704704,2024-11-02T00:00Z,2024-11-01,2025,2,NO,IND,125.0,118.0,False,,ESPN BET,4.5,-115.0,-105.0,230.5,-115.0,-105.0,150.0,-175.0,1.5,236.5
401704705,2024-11-02T01:30Z,2024-11-01,2025,2,MIN,DEN,119.0,116.0,False,,ESPN BET,-3.5,-105.0,-115.0,219.5,-110.0,-110.0,-160.0,135.0,-3.5,208.5
401704706,2024-11-02T02:00Z,2024-11-01,2025,2,POR,OKC,114.0,137.0,False,,ESPN BET,11.5,-110.0,-110.0,221.5,-110.0,-110.0,475.0,-800.0,8.5,223.5
401704707,2024-11-02T22:00Z,2024-11-02,2025,2,CHA,BOS,103.0,113.0,False,,ESPN BET,10.5,-115.0,-105.0,231.5,-110.0,-110.0,400.0,-525.0,-2.5,235.5
401704708,2024-11-02T23:30Z,2024-11-02,2025,2,PHI,MEM,107.0,124.0,False,,ESPN BET,1.5,-115.0,-105.0,223.5,100.0,-120.0,-110.0,-110.0,12.5,218.5
401704709,2024-11-02T23:30Z,2024-11-02,2025,2,TOR,SAC,131.0,128.0,False,,ESPN BET,9.5,-110.0,-110.0,235.5,-110.0,-110.0,315.0,-400.0,2.5,229.5
401704710,2024-11-03T00:00Z,2024-11-02,2025,2,HOU,GS,121.0,127.0,False,,ESPN BET,-4.5,-115.0,-105.0,215.5,-120.0,100.0,-190.0,160.0,-10.5,232.5
401704711,2024-11-03T00:00Z,2024-11-02,2025,2,MIL,CLE,113.0,114.0,False,,ESPN BET,-1.5,-115.0,-105.0,230.5,-115.0,-105.0,-130.0,110.0,-2.5,240.5
401704712,2024-11-03T00:00Z,2024-11-02,2025,2,SA,MIN,113.0,103.0,False,,ESPN BET,3.5,-105.0,-115.0,214.5,-110.0,-110.0,140.0,-170.0,4.5,211.5
401704713,2024-11-03T01:30Z,2024-11-02,2025,2,WSH,MIA,98.0,118.0,True,NBA Mexico City Game 2024,ESPN BET,9.5,100.0,-120.0,224.5,-110.0,-110.0,340.0,-450.0,-1.5,237.5
401704714,2024-11-03T02:00Z,2024-11-02,2025,2,DEN,UTAH,129.0,103.0,False,,ESPN BET,-10.5,-110.0,-110.0,221.5,-110.0,-110.0,-575.0,415.0,-10.5,203.5
401704715,2024-11-03T02:00Z,2024-11-02,2025,2,PHX,POR,103.0,97.0,False,,ESPN BET,-12.5,-120.0,100.0,229.5,-110.0,-110.0,-900.0,590.0,-12.5,225.5
401704716,2024-11-03T02:30Z,2024-11-02,2025,2,LAC,OKC,92.0,105.0,False,,ESPN BET,5.5,-105.0,-115.0,220.5,-110.0,-110.0,185.0,-225.0,4.5,217.5
401704717,2024-11-03T20:30Z,2024-11-03,2025,2,BKN,DET,92.0,106.0,False,,ESPN BET,-3.5,-105.0,-115.0,218.5,-115.0,-105.0,-150.0,130.0,-2.5,219.5
401704718,2024-11-04T00:00Z,2024-11-03,2025,2,NO,ATL,111.0,126.0,False,,ESPN BET,1.5,-115.0,-105.0,225.5,-110.0,-110.0,100.0,-120.0,-5.5,240.5
401704719,2024-11-04T00:30Z,2024-11-03,2025,2,DAL,ORL,108.0,85.0,False,,ESPN BET,-6.5,-115.0,-105.0,220.5,-110.0,-110.0,-275.0,225.0,-8.5,232.5
401704720,2024-11-05T00:00Z,2024-11-04,2025,2,CLE,MIL,116.0,114.0,False,,ESPN BET,-8.5,-110.0,-110.0,228.5,-110.0,-110.0,-380.0,290.0,-5.5,234.5
401704721,2024-11-05T00:15Z,2024-11-04,2025,2,WSH,GS,112.0,125.0,False,,ESPN BET,10.5,-105.0,-115.0,233.5,-115.0,-105.0,425.0,-650.0,8.5,243.5
401704722,2024-11-05T00:30Z,2024-11-04,2025,2,DET,LAL,115.0,103.0,False,,ESPN BET,6.5,-105.0,-115.0,225.5,-115.0,-105.0,230.0,-280.0,5.5,227.5
401704723,2024-11-05T00:45Z,2024-11-04,2025,2,ATL,BOS,93.0,123.0,False,,ESPN BET,10.5,-110.0,-110.0,232.5,-105.0,-115.0,380.0,-550.0,11.5,242.5
401704724,2024-11-05T01:00Z,2024-11-04,2025,2,BKN,MEM,106.0,104.0,False,,ESPN BET,4.5,-105.0,-115.0,223.5,-110.0,-110.0,160.0,-190.0,7.5,226.5
401704725,2024-11-05T01:15Z,2024-11-04,2025,2,MIA,SAC,110.0,111.0,False,,ESPN BET,-0.5,-115.0,-105.0,224.5,-105.0,-115.0,-120.0,100.0,-3.5,224.5
401704726,2024-11-05T01:30Z,2024-11-04,2025,2,CHI,UTAH,126.0,135.0,False,,ESPN BET,,,,229.5,-105.0,-115.0,-340.0,270.0,,236.5
401704727,2024-11-05T01:45Z,2024-11-04,2025,2,HOU,NY,109.0,97.0,False,,ESPN BET,2.5,-115.0,-105.0,218.5,-110.0,-110.0,110.0,-130.0,10.5,225.5
401704728,2024-11-05T02:00Z,2024-11-04,2025,2,MIN,CHA,114.0,93.0,False,,ESPN BET,-11.5,-105.0,-115.0,225.5,-115.0,-105.0,-500.0,360.0,-10.5,230.5
401704729,2024-11-05T02:15Z,2024-11-04,2025,2,OKC,ORL,102.0,86.0,False,,ESPN BET,-12.5,-110.0,-110.0,217.5,-115.0,-105.0,-900.0,550.0,-11.5,214.5
401704730,2024-11-05T02:30Z,2024-11-04,2025,2,NO,POR,100.0,118.0,False,,ESPN BET,-1.5,100.0,-120.0,217.5,-110.0,-110.0,-110.0,-110.0,-2.5,227.5
401704731,2024-11-05T02:45Z,2024-11-04,2025,2,DAL,IND,127.0,134.0,False,,ESPN BET,-4.5,-110.0,-110.0,236.5,-115.0,-105.0,-175.0,150.0,-5.5,235.5
401704732,2024-11-05T03:00Z,2024-11-04,2025,2,DEN,TOR,121.0,119.0,False,,ESPN BET,-11.5,-105.0,-115.0,231.5,-115.0,-105.0,-600.0,400.0,-8.5,217.5
401704733,2024-11-05T03:15Z,2024-11-04,2025,2,PHX,PHI,118.0,116.0,False,,ESPN BET,-7.5,-110.0,-110.0,222.5,-110.0,-110.0,-300.0,250.0,-4.5,234.5
401704734,2024-11-05T03:30Z,2024-11-04,2025,2,LAC,SA,113.0,104.0,False,,ESPN BET,-4.5,-110.0,-110.0,215.5,-110.0,-110.0,-175.0,150.0,-2.5,218.5
401704735,2024-11-07T00:00Z,2024-11-06,2025,2,CHA,DET,108.0,107.0,False,,ESPN BET,1.5,-110.0,-110.0,222.5,-120.0,100.0,-105.0,-115.0,-1.5,217.5
401704736,2024-11-07T00:00Z,2024-11-06,2025,2,IND,ORL,118.0,111.0,False,,ESPN BET,-5.5,-105.0,-115.0,226.5,-115.0,-105.0,-210.0,175.0,-5.5,221.5
401704737,2024-11-07T00:30Z,2024-11-06,2025,2,ATL,NY,121.0,116.0,False,,ESPN BET,7.5,-115.0,-105.0,225.5,-115.0,-105.0,240.0,-290.0,7.5,216.5
401704738,2024-11-07T00:30Z,2024-11-06,2025,2,BOS,GS,112.0,118.0,False,,ESPN BET,-6.5,-110.0,-110.0,228.5,-110.0,-110.0,-260.0,215.0,-7.5,229.5
401704739,2024-11-07T01:00Z,2024-11-06,2025,2,HOU,SA,127.0,100.0,False,,ESPN BET,-6.5,-115.0,-105.0,215.5,-115.0,-105.0,-270.0,220.0,-5.5,219.5
401704740,2024-11-07T01:00Z,2024-11-06,2025,2,MEM,LAL,131.0,114.0,False,,ESPN BET,-4.5,-110.0,-110.0,232.5,-110.0,-110.0,-170.0,140.0,-8.5,226.5
401704741,2024-11-07T01:00Z,2024-11-06,2025,2,NO,CLE,122.0,131.0,False,,ESPN BET,6.5,-110.0,-110.0,224.5,-115.0,-105.0,215.0,-260.0,7.5,224.5
401704742,2024-11-07T01:30Z,2024-11-06,2025,2,DAL,CHI,119.0,99.0,False,,ESPN BET,-10.5,-105.0,-115.0,236.5,-115.0,-105.0,-475.0,360.0,-9.5,231.5
401704743,2024-11-07T02:00Z,2024-11-06,2025,2,DEN,OKC,124.0,122.0,False,,ESPN BET,7.5,-110.0,-110.0,225.5,100.0,-120.0,215.0,-260.0,3.5,222.5
401704744,2024-11-07T02:00Z,2024-11-06,2025,2,PHX,MIA,115.0,112.0,False,,ESPN BET,-5.5,100.0,-120.0,222.5,-110.0,-110.0,-200.0,165.0,-5.5,213.5
401704745,2024-11-07T03:00Z,2024-11-06,2025,2,LAC,PHI,110.0,98.0,False,,ESPN BET,-2.5,-105.0,-115.0,215.5,-105.0,-115.0,-130.0,110.0,-1.5,218.5
401704746,2024-11-07T03:00Z,2024-11-06,2025,2,SAC,TOR,122.0,107.0,False,,ESPN BET,-11.5,-115.0,-105.0,237.5,-110.0,-110.0,-750.0,475.0,-9.5,238.5
401704747,2024-11-08T01:00Z,2024-11-07,2025,2,CHI,MIN,119.0,135.0,False,,ESPN BET,9.5,-110.0,-110.0,226.5,-115.0,-105.0,320.0,-425.0,6.5,225.5
401704748,2024-11-08T01:00Z,2024-11-07,2025,2,MIL,UTAH,123.0,100.0,False,,ESPN BET,-9.5,-115.0,-105.0,232.5,100.0,-120.0,-460.0,350.0,-8.5,221.5
401704749,2024-11-08T01:00Z,2024-11-07,2025,2,SA,POR,118.0,105.0,False,,ESPN BET,-4.5,-105.0,-115.0,217.5,-110.0,-110.0,-175.0,145.0,-5.5,216.5
401704750,2024-11-09T00:00Z,2024-11-08,2025,2,CHA,IND,103.0,83.0,False,,ESPN BET,6.5,-105.0,-115.0,235.5,-110.0,-110.0,220.0,-275.0,7.5,234.5
401704751,2024-11-09T00:00Z,2024-11-08,2025,2,DET,ATL,122.0,121.0,False,,ESPN BET,-2.5,-105.0,-115.0,227.5,-110.0,-110.0,-135.0,115.0,-7.5,213.5
401704752,2024-11-09T00:00Z,2024-11-08,2025,2,ORL,NO,115.0,88.0,False,,ESPN BET,-7.5,-120.0,100.0,210.5,-110.0,-110.0,-350.0,275.0,-3.5,215.5
401704753,2024-11-09T00:30Z,2024-11-08,2025,2,BOS,BKN,108.0,104.0,False,,ESPN BET,-13.5,-105.0,-115.0,220.5,-115.0,-105.0,-800.0,550.0,-13.5,227.5
401704754,2024-11-09T00:30Z,2024-11-08,2025,2,CLE,GS,136.0,117.0,False,,ESPN BET,-3.5,-110.0,-110.0,229.5,-115.0,-105.0,-160.0,135.0,-1.5,227.5
401704755,2024-11-09T00:30Z,2024-11-08,2025,2,NY,MIL,116.0,94.0,False,,ESPN BET,-6.5,-105.0,-115.0,223.5,-110.0,-110.0,-260.0,210.0,-6.5,219.5
401704756,2024-11-09T00:30Z,2024-11-08,2025,2,DAL,PHX,113.0,114.0,False,,ESPN BET,-2.5,-115.0,-105.0,232.5,-110.0,-110.0,-150.0,125.0,-2.5,236.5
401704757,2024-11-09T01:00Z,2024-11-08,2025,2,MEM,WSH,128.0,104.0,False,,ESPN BET,-7.5,-110.0,-110.0,231.5,-110.0,-110.0,-300.0,240.0,-3.5,223.5
401704758,2024-11-09T01:00Z,2024-11-08,2025,2,OKC,HOU,126.0,107.0,False,,ESPN BET,-7.5,-115.0,-105.0,221.5,-110.0,-110.0,-340.0,270.0,-8.5,218.5
401704759,2024-11-09T02:00Z,2024-11-08,2025,2,MIN,POR,127.0,102.0,False,,ESPN BET,-12.5,-105.0,-115.0,220.5,-105.0,-115.0,-800.0,500.0,-12.5,227.5
401704760,2024-11-09T02:00Z,2024-11-08,2025,2,DEN,MIA,135.0,122.0,False,,ESPN BET,-3.5,-105.0,-115.0,221.5,-110.0,-110.0,-155.0,130.0,-5.5,218.5
401704761,2024-11-09T03:00Z,2024-11-08,2025,2,LAL,PHI,116.0,106.0,False,,ESPN BET,-7.5,-110.0,-110.0,224.5,-105.0,-115.0,-270.0,220.0,-7.5,233.5
401704762,2024-11-09T03:00Z,2024-11-08,2025,2,SAC,LAC,98.0,107.0,False,,ESPN BET,-6.5,-110.0,-110.0,224.5,-105.0,-115.0,-240.0,200.0,-3.5,224.5
401704763,2024-11-09T22:00Z,2024-11-09,2025,2,SA,UTAH,110.0,111.0,False,,ESPN BET,-6.5,-110.0,-110.0,221.5,-110.0,-110.0,-250.0,205.0,-8.5,229.5
401704764,2024-11-10T00:30Z,2024-11-09,2025,2,ATL,CHI,113.0,125.0,False,,ESPN BET,-2.5,-115.0,-105.0,241.5,-105.0,-115.0,-140.0,120.0,6.5,238.5
401704765,2024-11-10T00:30Z,2024-11-09,2025,2,CLE,BKN,105.0,100.0,False,,ESPN BET,-12.5,-110.0,-110.0,220.5,-110.0,-110.0,-900.0,550.0,-6.5,211.5
401704766,2024-11-10T03:30Z,2024-11-09,2025,2,LAC,TOR,105.0,103.0,False,,ESPN BET,-6.5,-105.0,-115.0,226.5,-110.0,-110.0,-240.0,200.0,-7.5,226.5
401704767,2024-11-10T20:00Z,2024-11-10,2025,2,DET,HOU,99.0,101.0,False,,ESPN BET,3.5,-105.0,-115.0,218.5,-105.0,-115.0,140.0,-170.0,3.5,219.5
401704768,2024-11-10T20:30Z,2024-11-10,2025,2,MIL,BOS,107.0,113.0,False,,ESPN BET,5.5,-120.0,100.0,229.5,-110.0,-110.0,165.0,-195.0,1.5,223.5
401704769,2024-11-10T22:00Z,2024-11-10,2025,2,IND,NY,132.0,121.0,False,,ESPN BET,3.5,-115.0,-105.0,229.5,-110.0,-110.0,130.0,-155.0,13.5,228.5
401704770,2024-11-10T23:00Z,2024-11-10,2025,2,ORL,WSH,121.0,94.0,False,,ESPN BET,-11.5,-105.0,-115.0,222.5,-115.0,-105.0,-700.0,450.0,-7.5,221.5
401704771,2024-11-11T00:00Z,2024-11-10,2025,2,PHI,CHA,107.0,105.0,False,,ESPN BET,-4.5,-120.0,100.0,212.5,-115.0,-105.0,-190.0,160.0,-3.5,220.5
401704772,2024-11-11T00:00Z,2024-11-10,2025,2,MIN,MIA,94.0,95.0,False,,ESPN BET,-7.5,-105.0,-115.0,219.5,100.0,-120.0,-290.0,240.0,-7.5,218.5
401704773,2024-11-11T00:00Z,2024-11-10,2025,2,OKC,GS,116.0,127.0,False,,ESPN BET,-6.5,-115.0,-105.0,227.5,-110.0,-110.0,-260.0,215.0,-7.5,226.5
401704774,2024-11-11T01:00Z,2024-11-10,2025,2,DEN,DAL,122.0,120.0,False,,ESPN BET,-2.5,-105.0,-115.0,233.5,-105.0,-115.0,-130.0,110.0,-2.5,235.5
401704775,2024-11-11T01:00Z,2024-11-10,2025,2,PHX,SAC,118.0,127.0,False,,ESPN BET,1.5,-115.0,-105.0,229.5,-115.0,-105.0,-105.0,-115.0,-5.5,229.5
401704776,2024-11-11T02:00Z,2024-11-10,2025,2,POR,MEM,89.0,134.0,False,,ESPN BET,1.5,-110.0,-110.0,226.5,-110.0,-110.0,100.0,-120.0,1.5,224.5
401704777,2024-11-11T02:30Z,2024-11-10,2025,2,LAL,TOR,123.0,103.0,False,,ESPN BET,-10.5,-105.0,-115.0,236.5,-105.0,-115.0,-500.0,360.0,-12.5,233.5
401704778,2024-11-12T01:00Z,2024-11-11,2025,2,CHI,CLE,113.0,119.0,False,,ESPN BET,8.5,-105.0,-115.0,237.5,-105.0,-115.0,270.0,-340.0,7.5,240.5
401704779,2024-11-12T01:00Z,2024-11-11,2025,2,HOU,WSH,107.0,92.0,False,,ESPN BET,-12.5,-110.0,-110.0,231.5,-110.0,-110.0,-600.0,400.0,-22.5,227.5
401704780,2024-11-12T01:00Z,2024-11-11,2025,2,NO,BKN,105.0,107.0,False,,ESPN BET,1.5,-115.0,-105.0,209.5,-115.0,-105.0,100.0,-120.0,-1.5,218.5
401704781,2024-11-12T01:00Z,2024-11-11,2025,2,OKC,LAC,134.0,128.0,False,,ESPN BET,-6.5,-105.0,-115.0,218.5,-115.0,-105.0,-275.0,220.0,-11.5,221.5
401704782,2024-11-12T01:00Z,2024-11-11,2025,2,SA,SAC,116.0,96.0,False,,ESPN BET,3.5,-120.0,100.0,222.5,-115.0,-105.0,125.0,-145.0,1.5,223.5
401703370,2024-11-13T00:00Z,2024-11-12,2025,2,BOS,ATL,116.0,117.0,False,NBA Cup - Group Play,ESPN BET,-15.5,-115.0,-105.0,225.5,-110.0,-110.0,-1600.0,800.0,-12.5,236.5
401703371,2024-11-13T00:00Z,2024-11-12,2025,2,DET,MIA,123.0,121.0,False,NBA Cup - Group Play,ESPN BET,1.5,-110.0,-110.0,214.5,-110.0,-110.0,100.0,-120.0,4.5,219.5
401703372,2024-11-13T00:00Z,2024-11-12,2025,2,ORL,CHA,114.0,89.0,False,NBA Cup - Group Play,ESPN BET,-8.5,-110.0,-110.0,212.5,-110.0,-110.0,-320.0,260.0,-7.5,218.5
401703373,2024-11-13T00:30Z,2024-11-12,2025,2,PHI,NY,99.0,111.0,False,NBA Cup - Group Play,ESPN BET,3.5,-110.0,-110.0,212.5,100.0,-125.0,135.0,-155.0,-1.5,215.5
401703374,2024-11-13T01:00Z,2024-11-12,2025,2,MIL,TOR,99.0,85.0,False,NBA Cup - Group Play,ESPN BET,-8.5,-120.0,100.0,225.5,-110.0,-110.0,-380.0,290.0,-12.5,229.5
401703375,2024-11-13T02:00Z,2024-11-12,2025,2,UTAH,PHX,112.0,120.0,False,NBA Cup - Group Play,ESPN BET,5.5,-115.0,-105.0,228.5,-120.0,100.0,170.0,-200.0,3.5,233.5
401703376,2024-11-13T03:00Z,2024-11-12,2025,2,GS,DAL,120.0,117.0,False,NBA Cup - Group Play,ESPN BET,-2.5,-110.0,-110.0,235.5,-105.0,-115.0,-135.0,115.0,-1.5,230.5
401703377,2024-11-13T03:00Z,2024-11-12,2025,2,POR,MIN,122.0,108.0,False,NBA Cup - Group Play,ESPN BET,8.5,-135.0,110.0,220.5,115.0,-140.0,250.0,-300.0,8.5,220.5
401704783,2024-11-14T00:00Z,2024-11-13,2025,2,ORL,IND,94.0,90.0,False,,ESPN BET,-1.5,-105.0,-115.0,224.5,-105.0,-115.0,-115.0,-105.0,2.5,218.5
401704784,2024-11-14T00:30Z,2024-11-13,2025,2,BKN,BOS,114.0,139.0,False,,ESPN BET,9.5,-110.0,-110.0,217.5,-115.0,-105.0,350.0,-450.0,8.5,213.5
401704785,2024-11-14T00:30Z,2024-11-13,2025,2,NY,CHI,123.0,124.0,False,,ESPN BET,-8.5,-105.0,-115.0,232.5,-105.0,-115.0,-360.0,280.0,-9.5,225.5
401704786,2024-11-14T00:30Z,2024-11-13,2025,2,PHI,CLE,106.0,114.0,False,,ESPN BET,11.5,-115.0,-105.0,218.5,-115.0,-105.0,450.0,-625.0,9.5,220.5
401704787,2024-11-14T00:30Z,2024-11-13,2025,2,OKC,NO,106.0,88.0,False,,ESPN BET,-14.5,-105.0,-115.0,225.5,-105.0,-115.0,-1150.0,725.0,-13.5,224.5
401704788,2024-11-14T01:00Z,2024-11-13,2025,2,HOU,LAC,111.0,103.0,False,,ESPN BET,-4.5,-120.0,100.0,214.5,-105.0,-115.0,-190.0,160.0,-4.5,209.5
401704789,2024-11-14T01:00Z,2024-11-13,2025,2,MIL,DET,127.0,120.0,False,,ESPN BET,-7.5,-105.0,-115.0,212.5,-110.0,-110.0,-275.0,225.0,9.5,219.5
401704790,2024-11-14T01:00Z,2024-11-13,2025,2,SA,WSH,139.0,130.0,False,,ESPN BET,-9.5,-115.0,-105.0,224.5,-110.0,-110.0,-460.0,350.0,-11.5,226.5
401704791,2024-11-14T03:00Z,2024-11-13,2025,2,LAL,MEM,128.0,123.0,False,,ESPN BET,-7.5,-105.0,-115.0,233.5,-105.0,-115.0,-315.0,250.0,-7.5,228.5
401704792,2024-11-14T03:00Z,2024-11-13,2025,2,POR,MIN,106.0,98.0,False,,ESPN BET,10.5,-115.0,-105.0,220.5,-105.0,-115.0,375.0,-500.0,9.5,220.5
401704793,2024-11-14T03:00Z,2024-11-13,2025,2,SAC,PHX,127.0,104.0,False,,ESPN BET,-8.5,-105.0,-115.0,226.5,-115.0,-105.0,-340.0,270.0,-4.5,214.5
401704794,2024-11-15T02:00Z,2024-11-14,2025,2,UTAH,DAL,115.0,113.0,False,,ESPN BET,7.5,-110.0,-110.0,230.5,-110.0,-110.0,250.0,-300.0,8.5,231.5
401703378,2024-11-16T00:00Z,2024-11-15,2025,2,IND,MIA,111.0,124.0,False,NBA Cup - Group Play,ESPN BET,-4.5,-105.0,-115.0,228.5,-110.0,-110.0,-180.0,150.0,-2.5,236.5
401703379,2024-11-16T00:00Z,2024-11-15,2025,2,ORL,PHI,98.0,86.0,False,NBA Cup - Group Play,ESPN BET,-2.5,-110.0,-110.0,208.5,-110.0,-110.0,-135.0,115.0,3.5,228.5
401703380,2024-11-16T00:00Z,2024-11-15,2025,2,TOR,DET,95.0,99.0,False,NBA Cup - Group Play,ESPN BET,2.5,-110.0,-110.0,225.5,-105.0,-115.0,115.0,-140.0,-2.5,236.5
401703381,2024-11-16T00:30Z,2024-11-15,2025,2,ATL,WSH,129.0,117.0,False,NBA Cup - Group Play,ESPN BET,-9.5,-105.0,-115.0,241.5,-110.0,-110.0,-400.0,310.0,-5.5,239.5
401703382,2024-11-16T00:30Z,2024-11-15,2025,2,CLE,CHI,144.0,126.0,False,NBA Cup - Group Play,ESPN BET,-9.5,-115.0,-105.0,238.5,-110.0,-110.0,-475.0,360.0,-10.5,221.5
401703383,2024-11-16T00:30Z,2024-11-15,2025,2,NY,BKN,124.0,122.0,False,NBA Cup - Group Play,ESPN BET,-8.5,-105.0,-115.0,214.5,-110.0,-110.0,-350.0,275.0,-11.5,202.5
401703384,2024-11-16T00:30Z,2024-11-15,2025,2,SA,LAL,115.0,120.0,False,NBA Cup - Group Play,ESPN BET,2.5,-115.0,-105.0,228.5,-110.0,-110.0,120.0,-145.0,2.5,230.5
401703385,2024-11-16T01:00Z,2024-11-15,2025,2,HOU,LAC,125.0,104.0,False,NBA Cup - Group Play,ESPN BET,-4.5,-115.0,-105.0,215.5,-115.0,-105.0,-200.0,165.0,-3.5,204.5
401703386,2024-11-16T01:00Z,2024-11-15,2025,2,NO,DEN,101.0,94.0,False,NBA Cup - Group Play,ESPN BET,2.5,-115.0,-105.0,217.5,-115.0,-105.0,115.0,-135.0,8.5,227.5
401703387,2024-11-16T01:00Z,2024-11-15,2025,2,OKC,PHX,99.0,83.0,False,NBA Cup - Group Play,ESPN BET,-7.5,-110.0,-110.0,228.5,-105.0,-115.0,-325.0,250.0,-7.5,232.5
401703388,2024-11-16T03:00Z,2024-11-15,2025,2,GS,MEM,123.0,118.0,False,NBA Cup - Group Play,ESPN BET,-6.5,-115.0,-105.0,236.5,-110.0,-110.0,-300.0,240.0,-8.5,234.5
401703389,2024-11-16T03:00Z,2024-11-15,2025,2,SAC,MIN,126.0,130.0,False,NBA Cup - Group Play,ESPN BET,1.5,-110.0,-110.0,221.5,-110.0,-110.0,105.0,-125.0,-1.5,227.5
401704795,2024-11-16T20:00Z,2024-11-16,2025,2,CHA,MIL,115.0,114.0,False,,ESPN BET,3.5,-105.0,-115.0,220.5,-105.0,-115.0,145.0,-170.0,4.5,218.5
401704796,2024-11-17T01:00Z,2024-11-16,2025,2,BOS,TOR,126.0,123.0,False,,ESPN BET,-16.5,-110.0,-110.0,230.5,-110.0,-110.0,-1650.0,900.0,-16.5,228.5
401704797,2024-11-17T01:00Z,2024-11-16,2025,2,NO,LAL,99.0,104.0,False,,ESPN BET,7.5,100.0,-120.0,220.5,-110.0,-110.0,270.0,-340.0,6.5,221.5
401704798,2024-11-17T01:30Z,2024-11-16,2025,2,DAL,SA,110.0,93.0,False,,ESPN BET,-13.5,100.0,-120.0,229.5,-110.0,-110.0,-800.0,550.0,-9.5,223.5
401704799,2024-11-17T03:00Z,2024-11-16,2025,2,SAC,UTAH,121.0,117.0,False,,ESPN BET,-7.5,-105.0,-115.0,228.5,-105.0,-115.0,-280.0,230.0,-8.5,228.5
401704800,2024-11-17T20:30Z,2024-11-17,2025,2,MIN,PHX,120.0,117.0,False,,ESPN BET,-7.5,-105.0,-115.0,218.5,-110.0,-110.0,-290.0,240.0,-7.5,223.5
401704801,2024-11-17T22:00Z,2024-11-17,2025,2,IND,MIA,119.0,110.0,False,,ESPN BET,-3.5,-110.0,-110.0,227.5,-115.0,-105.0,-165.0,140.0,-1.5,238.5
401704802,2024-11-17T23:00Z,2024-11-17,2025,2,CLE,CHA,128.0,114.0,False,,ESPN BET,-10.5,100.0,-120.0,225.5,-110.0,-110.0,-450.0,350.0,-10.5,228.5
401704803,2024-11-17T23:00Z,2024-11-17,2025,2,WSH,DET,104.0,124.0,False,,ESPN BET,4.5,-110.0,-110.0,231.5,-110.0,-110.0,170.0,-205.0,3.5,228.5
401704804,2024-11-17T23:00Z,2024-11-17,2025,2,MEM,DEN,105.0,90.0,False,,ESPN BET,-5.5,-110.0,-110.0,228.5,-110.0,-110.0,-230.0,190.0,1.5,215.5
401704805,2024-11-17T23:00Z,2024-11-17,2025,2,POR,ATL,114.0,110.0,False,,ESPN BET,4.5,-110.0,-110.0,231.5,-110.0,-110.0,150.0,-180.0,4.5,229.5
401704806,2024-11-18T00:00Z,2024-11-17,2025,2,NY,BKN,114.0,104.0,False,,ESPN BET,-10.5,100.0,-120.0,221.5,-110.0,-110.0,-500.0,375.0,-9.5,218.5
401704807,2024-11-18T00:00Z,2024-11-17,2025,2,CHI,HOU,107.0,143.0,False,,ESPN BET,4.5,100.0,-120.0,234.5,-110.0,-110.0,155.0,-185.0,5.5,226.5
401704808,2024-11-18T00:00Z,2024-11-17,2025,2,OKC,DAL,119.0,121.0,False,,ESPN BET,-7.5,-105.0,-115.0,226.5,-105.0,-115.0,-300.0,240.0,-5.5,228.5
401704809,2024-11-18T02:00Z,2024-11-17,2025,2,LAC,UTAH,116.0,105.0,False,,ESPN BET,-9.5,-115.0,-105.0,221.5,-115.0,-105.0,-450.0,340.0,-8.5,222.5
401704810,2024-11-19T00:00Z,2024-11-18,2025,2,DET,CHI,112.0,122.0,False,,ESPN BET,-4.5,-110.0,-110.0,234.5,-115.0,-105.0,-175.0,150.0,-3.5,233.5
401704811,2024-11-19T00:30Z,2024-11-18,2025,2,MIA,PHI,106.0,89.0,False,,ESPN BET,-2.5,-110.0,-110.0,212.5,-110.0,-110.0,-135.0,115.0,-5.5,220.5
401704812,2024-11-19T00:30Z,2024-11-18,2025,2,NY,WSH,134.0,106.0,False,,ESPN BET,-14.5,-110.0,-110.0,233.5,-110.0,-110.0,-1000.0,600.0,-13.5,230.5
401704813,2024-11-19T00:30Z,2024-11-18,2025,2,TOR,IND,130.0,119.0,False,,ESPN BET,2.5,100.0,-120.0,236.5,-110.0,-110.0,130.0,-150.0,3.5,232.5
401704814,2024-11-19T01:00Z,2024-11-18,2025,2,MIL,HOU,101.0,100.0,False,,ESPN BET,-3.5,-110.0,-110.0,224.5,-115.0,-105.0,-160.0,135.0,-3.5,218.5
401704815,2024-11-19T02:00Z,2024-11-18,2025,2,PHX,ORL,99.0,109.0,False,,ESPN BET,4.5,-110.0,-110.0,212.5,-105.0,-115.0,145.0,-170.0,2.5,202.5
401704816,2024-11-19T03:00Z,2024-11-18,2025,2,SAC,ATL,108.0,109.0,False,,ESPN BET,-4.5,-110.0,-110.0,235.5,-110.0,-110.0,-165.0,140.0,-13.5,225.5
401704817,2024-11-19T03:30Z,2024-11-18,2025,2,LAC,GS,102.0,99.0,False,,ESPN BET,5.5,-115.0,-105.0,226.5,-115.0,-105.0,175.0,-210.0,13.5,232.5
401703390,2024-11-20T00:00Z,2024-11-19,2025,2,BOS,CLE,120.0,117.0,False,NBA Cup - Group Play,ESPN BET,-6.5,-115.0,-105.0,234.5,-110.0,-110.0,-265.0,215.0,-12.5,231.5
401703391,2024-11-20T00:30Z,2024-11-19,2025,2,BKN,CHA,116.0,115.0,False,NBA Cup - Group Play,ESPN BET,-1.5,-115.0,-105.0,218.5,-115.0,-105.0,-125.0,105.0,-12.5,224.5
401703392,2024-11-20T01:00Z,2024-11-19,2025,2,MEM,DEN,110.0,122.0,False,NBA Cup - Group Play,ESPN BET,-5.5,-110.0,-110.0,223.5,-115.0,-105.0,-230.0,190.0,1.5,229.5
401703393,2024-11-20T01:30Z,2024-11-19,2025,2,DAL,NO,132.0,91.0,False,NBA Cup - Group Play,ESPN BET,-12.5,-125.0,100.0,223.5,100.0,-120.0,-850.0,575.0,-23.5,238.5
401703394,2024-11-20T02:30Z,2024-11-19,2025,2,SA,OKC,110.0,104.0,False,NBA Cup - Group Play,ESPN BET,9.5,100.0,-120.0,222.5,-110.0,-110.0,365.0,-475.0,6.5,217.5
401703395,2024-11-20T03:30Z,2024-11-19,2025,2,LAL,UTAH,124.0,118.0,False,NBA Cup - Group Play,ESPN BET,-10.5,-105.0,-115.0,234.5,-115.0,-105.0,-600.0,435.0,-19.5,230.5
401704818,2024-11-21T00:30Z,2024-11-20,2025,2,CLE,NO,128.0,100.0,False,,ESPN BET,-14.5,-105.0,-115.0,217.5,-110.0,-110.0,-900.0,600.0,-13.5,221.5
401704819,2024-11-21T00:30Z,2024-11-20,2025,2,MIL,CHI,122.0,106.0,False,,ESPN BET,-8.5,-110.0,-110.0,239.5,-115.0,-105.0,-380.0,290.0,-8.5,238.5
401704820,2024-11-21T01:00Z,2024-11-20,2025,2,HOU,IND,130.0,113.0,False,,ESPN BET,-5.5,-115.0,-105.0,232.5,-110.0,-110.0,-225.0,190.0,-6.5,230.5
401704821,2024-11-21T01:00Z,2024-11-20,2025,2,MEM,PHI,117.0,111.0,False,,ESPN BET,4.5,100.0,-120.0,226.5,-110.0,-110.0,165.0,-195.0,-1.5,217.5
401704822,2024-11-21T01:00Z,2024-11-20,2025,2,OKC,POR,109.0,99.0,False,,ESPN BET,-13.5,-105.0,-115.0,222.5,-110.0,-110.0,-900.0,550.0,-14.5,223.5
401704823,2024-11-21T03:00Z,2024-11-20,2025,2,PHX,NY,122.0,138.0,False,,ESPN BET,4.5,-110.0,-110.0,226.5,-115.0,-105.0,150.0,-175.0,5.5,218.5
401704824,2024-11-21T03:00Z,2024-11-20,2025,2,GS,ATL,120.0,97.0,False,,ESPN BET,-7.5,-105.0,-115.0,240.5,-105.0,-115.0,-290.0,240.0,-8.5,237.5
401704825,2024-11-21T03:30Z,2024-11-20,2025,2,LAC,ORL,104.0,93.0,False,,ESPN BET,2.5,-105.0,-115.0,205.5,-110.0,-110.0,120.0,-140.0,1.5,204.5
401704826,2024-11-22T00:00Z,2024-11-21,2025,2,CHA,DET,123.0,121.0,False,,ESPN BET,2.5,-115.0,-105.0,222.5,-115.0,-105.0,125.0,-150.0,-1.5,218.5
401704827,2024-11-22T00:30Z,2024-11-21,2025,2,TOR,MIN,110.0,105.0,False,,ESPN BET,6.5,100.0,-120.0,226.5,-105.0,-115.0,225.0,-280.0,7.5,224.5
401704828,2024-11-22T01:00Z,2024-11-21,2025,2,SA,UTAH,126.0,118.0,False,,ESPN BET,-2.5,-115.0,-105.0,224.5,100.0,-120.0,-145.0,125.0,9.5,218.5
401704829,2024-11-22T03:30Z,2024-11-21,2025,2,LAL,ORL,118.0,119.0,False,,ESPN BET,-5.5,-110.0,-110.0,215.5,-115.0,-105.0,-215.0,180.0,-12.5,219.5
401703396,2024-11-23T00:00Z,2024-11-22,2025,2,PHI,BKN,113.0,98.0,False,NBA Cup - Group Play,ESPN BET,-3.5,-105.0,-115.0,215.5,100.0,-125.0,-145.0,120.0,-7.5,213.5
401703397,2024-11-23T00:00Z,2024-11-22,2025,2,WSH,BOS,96.0,108.0,False,NBA Cup - Group Play,ESPN BET,15.5,-105.0,-115.0,237.5,-115.0,-105.0,875.0,-1500.0,15.5,234.5
401703401,2024-11-23T00:30Z,2024-11-22,2025,2,NO,GS,108.0,112.0,False,NBA Cup - Group Play,ESPN BET,10.5,-110.0,-110.0,221.5,-115.0,-105.0,360.0,-500.0,7.5,222.5
401703398,2024-11-23T01:00Z,2024-11-22,2025,2,MIL,IND,129.0,117.0,False,NBA Cup - Group Play,ESPN BET,-5.5,-115.0,-105.0,235.5,-115.0,-105.0,-215.0,180.0,-4.5,236.5
401703399,2024-11-23T01:00Z,2024-11-22,2025,2,CHI,ATL,136.0,122.0,False,NBA Cup - Group Play,ESPN BET,1.5,100.0,-120.0,246.5,-105.0,-115.0,115.0,-135.0,-1.5,240.5
401703400,2024-11-23T01:00Z,2024-11-22,2025,2,HOU,POR,116.0,88.0,False,NBA Cup - Group Play,ESPN BET,-11.5,-115.0,-105.0,226.5,-105.0,-115.0,-725.0,500.0,-9.5,217.5
401703402,2024-11-23T03:00Z,2024-11-22,2025,2,DEN,DAL,120.0,123.0,False,NBA Cup - Group Play,ESPN BET,-4.5,-120.0,100.0,229.5,-110.0,-110.0,-200.0,165.0,-6.5,229.5
401703403,2024-11-23T03:30Z,2024-11-22,2025,2,LAC,SAC,104.0,88.0,False,NBA Cup - Group Play,ESPN BET,4.5,-110.0,-110.0,218.5,100.0,-120.0,140.0,-170.0,4.5,216.5
401704830,2024-11-23T22:00Z,2024-11-23,2025,2,UTAH,NY,121.0,106.0,False,,ESPN BET,8.5,-115.0,-105.0,233.5,-115.0,-105.0,275.0,-350.0,8.5,231.5
401704831,2024-11-24T00:00Z,2024-11-23,2025,2,ORL,DET,111.0,100.0,False,,ESPN BET,-9.5,100.0,-120.0,207.5,-105.0,-115.0,-425.0,330.0,-8.5,199.5
401704832,2024-11-24T01:00Z,2024-11-23,2025,2,CHI,MEM,131.0,142.0,False,,ESPN BET,4.5,-115.0,-105.0,244.5,-110.0,-110.0,150.0,-180.0,7.5,238.5
401704833,2024-11-24T01:00Z,2024-11-23,2025,2,HOU,POR,98.0,104.0,False,,ESPN BET,-12.5,-105.0,-115.0,226.5,-105.0,-115.0,-800.0,550.0,-14.5,221.5
401704834,2024-11-24T01:00Z,2024-11-23,2025,2,MIL,CHA,125.0,119.0,False,,ESPN BET,-7.5,-110.0,-110.0,224.5,-110.0,-110.0,-315.0,250.0,-7.5,221.5
401704835,2024-11-24T01:30Z,2024-11-23,2025,2,SA,GS,104.0,94.0,False,,ESPN BET,3.5,-110.0,-110.0,229.5,-115.0,-105.0,130.0,-155.0,18.5,221.5
401704836,2024-11-24T03:30Z,2024-11-23,2025,2,LAL,DEN,102.0,127.0,False,,ESPN BET,-4.5,-105.0,-115.0,236.5,-110.0,-110.0,-170.0,140.0,-3.5,229.5
401704837,2024-11-24T20:30Z,2024-11-24,2025,2,BOS,MIN,107.0,105.0,False,,ESPN BET,-8.5,100.0,-120.0,222.5,-105.0,-115.0,-340.0,270.0,-7.5,222.5
401704838,2024-11-24T22:00Z,2024-11-24,2025,2,IND,WSH,115.0,103.0,False,,ESPN BET,-12.5,-105.0,-115.0,240.5,-110.0,-110.0,-750.0,520.0,-11.5,241.5
401704839,2024-11-24T23:00Z,2024-11-24,2025,2,MIA,DAL,123.0,118.0,False,,ESPN BET,-2.5,-115.0,-105.0,221.5,100.0,-120.0,-145.0,120.0,-2.5,213.5
401704840,2024-11-24T23:00Z,2024-11-24,2025,2,PHI,LAC,99.0,125.0,False,,ESPN BET,1.5,-110.0,-110.0,210.5,-110.0,-110.0,105.0,-125.0,-1.5,208.5
401704841,2024-11-25T00:30Z,2024-11-24,2025,2,CLE,TOR,122.0,108.0,False,,ESPN BET,-11.5,-110.0,-110.0,233.5,-115.0,-105.0,-680.0,490.0,-17.5,231.5
401704842,2024-11-25T02:00Z,2024-11-24,2025,2,SAC,BKN,103.0,108.0,False,,ESPN BET,-10.5,-105.0,-115.0,223.5,-105.0,-115.0,-450.0,340.0,-7.5,228.5
401704843,2024-11-26T00:00Z,2024-11-25,2025,2,CHA,ORL,84.0,95.0,False,,ESPN BET,4.5,-110.0,-110.0,212.5,-105.0,-115.0,160.0,-190.0,1.5,215.5
401704844,2024-11-26T00:00Z,2024-11-25,2025,2,DET,TOR,102.0,100.0,False,,ESPN BET,-4.5,-110.0,-110.0,219.5,-110.0,-110.0,-150.0,130.0,-15.5,224.5
401704845,2024-11-26T00:00Z,2024-11-25,2025,2,IND,NO,114.0,110.0,False,,ESPN BET,-7.5,-115.0,-105.0,229.5,-115.0,-105.0,-320.0,260.0,-5.5,221.5
401704846,2024-11-26T00:30Z,2024-11-25,2025,2,ATL,DAL,119.0,129.0,False,,ESPN BET,-2.5,-110.0,-110.0,236.5,-105.0,-115.0,-135.0,115.0,4.5,237.5
401704847,2024-11-26T00:30Z,2024-11-25,2025,2,BOS,LAC,126.0,94.0,False,,ESPN BET,-10.5,-110.0,-110.0,217.5,-110.0,-110.0,-500.0,360.0,-16.5,222.5
401704848,2024-11-26T01:00Z,2024-11-25,2025,2,MEM,POR,123.0,98.0,False,,ESPN BET,-10.5,-110.0,-110.0,236.5,110.0,-135.0,-450.0,340.0,1.5,226.5
401704849,2024-11-26T02:00Z,2024-11-25,2025,2,DEN,NY,118.0,145.0,False,,ESPN BET,-2.5,-110.0,-110.0,233.5,-110.0,-110.0,-140.0,120.0,10.5,233.5
401704850,2024-11-26T03:00Z,2024-11-25,2025,2,GS,BKN,120.0,128.0,False,,ESPN BET,-13.5,-105.0,-115.0,223.5,-110.0,-110.0,-1000.0,600.0,-24.5,235.5
401704851,2024-11-26T03:00Z,2024-11-25,2025,2,SAC,OKC,109.0,130.0,False,,ESPN BET,3.5,-115.0,-105.0,225.5,-110.0,-110.0,125.0,-145.0,-9.5,224.5
401703404,2024-11-27T00:00Z,2024-11-26,2025,2,WSH,CHI,108.0,127.0,False,NBA Cup - Group Play,ESPN BET,5.5,-110.0,-110.0,244.5,-105.0,-115.0,175.0,-210.0,3.5,250.5
401703405,2024-11-27T00:30Z,2024-11-26,2025,2,MIA,MIL,103.0,106.0,False,NBA Cup - Group Play,ESPN BET,-5.5,-115.0,-105.0,222.5,100.0,-125.0,-225.0,190.0,-1.5,218.5
401703406,2024-11-27T01:00Z,2024-11-26,2025,2,MIN,HOU,111.0,117.0,False,NBA Cup - Group Play,ESPN BET,-2.5,-110.0,-110.0,219.5,-110.0,-110.0,-135.0,115.0,10.5,220.5
401703407,2024-11-27T02:00Z,2024-11-26,2025,2,UTAH,SA,115.0,128.0,False,NBA Cup - Group Play,ESPN BET,1.5,-105.0,-115.0,224.5,-115.0,-105.0,105.0,-125.0,1.5,237.5
401703408,2024-11-27T03:00Z,2024-11-26,2025,2,PHX,LAL,127.0,100.0,False,NBA Cup - Group Play,ESPN BET,-2.5,-110.0,-110.0,234.5,-110.0,-110.0,-140.0,120.0,-8.5,232.5
401704852,2024-11-28T00:00Z,2024-11-27,2025,2,CHA,MIA,94.0,98.0,False,,ESPN BET,4.5,-115.0,-105.0,218.5,-105.0,-115.0,140.0,-170.0,2.5,212.5
401704853,2024-11-28T00:00Z,2024-11-27,2025,2,CLE,ATL,124.0,135.0,False,,ESPN BET,-9.5,100.0,-120.0,242.5,-110.0,-110.0,-400.0,300.0,-8.5,238.5
401704854,2024-11-28T00:00Z,2024-11-27,2025,2,IND,POR,121.0,114.0,False,,ESPN BET,-9.5,-115.0,-105.0,231.5,-115.0,-105.0,-425.0,320.0,-4.5,224.5
401704855,2024-11-28T00:00Z,2024-11-27,2025,2,ORL,CHI,133.0,119.0,False,,ESPN BET,-9.5,-110.0,-110.0,224.5,-105.0,-115.0,-425.0,320.0,-22.5,237.5
401704856,2024-11-28T00:00Z,2024-11-27,2025,2,PHI,HOU,115.0,122.0,False,,ESPN BET,5.5,-110.0,-110.0,219.5,-105.0,-115.0,175.0,-215.0,6.5,203.5
401704857,2024-11-28T00:00Z,2024-11-27,2025,2,WSH,LAC,96.0,121.0,False,,ESPN BET,9.5,-110.0,-110.0,225.5,-115.0,-105.0,340.0,-450.0,9.5,215.5
401704858,2024-11-28T00:30Z,2024-11-27,2025,2,DAL,NY,129.0,114.0,False,,ESPN BET,4.5,-115.0,-105.0,231.5,-115.0,-105.0,145.0,-175.0,-5.5,228.5
401704859,2024-11-28T01:00Z,2024-11-27,2025,2,MEM,DET,131.0,111.0,False,,ESPN BET,-7.5,-115.0,-105.0,224.5,-115.0,-105.0,-320.0,250.0,-7.5,228.5
401704860,2024-11-28T01:00Z,2024-11-27,2025,2,MIN,SAC,104.0,115.0,False,,ESPN BET,-2.5,-110.0,-110.0,218.5,-110.0,-110.0,-150.0,125.0,-3.5,216.5
401704861,2024-11-28T01:00Z,2024-11-27,2025,2,NO,TOR,93.0,119.0,False,,ESPN BET,-0.5,-110.0,-110.0,221.5,-110.0,-110.0,-120.0,100.0,-1.5,224.5
401704862,2024-11-28T01:30Z,2024-11-27,2025,2,SA,LAL,101.0,119.0,False,,ESPN BET,1.5,-105.0,-115.0,228.5,-110.0,-110.0,110.0,-130.0,2.5,231.5
401704863,2024-11-28T02:00Z,2024-11-27,2025,2,PHX,BKN,117.0,127.0,False,,ESPN BET,-9.5,-105.0,-115.0,220.5,-105.0,-115.0,-400.0,310.0,-7.5,218.5
401704864,2024-11-28T02:00Z,2024-11-27,2025,2,UTAH,DEN,103.0,122.0,False,,ESPN BET,10.5,-110.0,-110.0,228.5,-110.0,-110.0,400.0,-600.0,7.5,232.5
401704865,2024-11-28T03:00Z,2024-11-27,2025,2,GS,OKC,101.0,105.0,False,,ESPN BET,4.5,-115.0,-105.0,224.5,-115.0,-105.0,150.0,-175.0,-10.5,229.5
401703409,2024-11-29T17:00Z,2024-11-29,2025,2,CHA,NY,98.0,99.0,False,NBA Cup - Group Play,ESPN BET,12.5,-105.0,-115.0,220.5,-110.0,-110.0,550.0,-800.0,6.5,220.5
401703410,2024-11-29T19:30Z,2024-11-29,2025,2,ATL,CLE,117.0,101.0,False,NBA Cup - Group Play,ESPN BET,5.5,100.0,-120.0,243.5,-110.0,-110.0,195.0,-240.0,3.5,248.5
401703411,2024-11-29T22:00Z,2024-11-29,2025,2,MEM,NO,120.0,109.0,False,NBA Cup - Group Play,ESPN BET,-11.5,-110.0,-110.0,232.5,-105.0,-115.0,-700.0,500.0,-10.5,224.5
401703412,2024-11-30T00:30Z,2024-11-29,2025,2,BKN,ORL,100.0,123.0,False,NBA Cup - Group Play,ESPN BET,7.5,-105.0,-115.0,207.5,-110.0,-110.0,230.0,-285.0,4.5,216.5
401703413,2024-11-30T00:30Z,2024-11-29,2025,2,MIN,LAC,93.0,92.0,False,NBA Cup - Group Play,ESPN BET,-5.5,-105.0,-115.0,212.5,-110.0,-110.0,-260.0,210.0,-6.5,228.5
401703414,2024-11-30T01:00Z,2024-11-29,2025,2,IND,DET,106.0,130.0,False,NBA Cup - Group Play,ESPN BET,-4.5,-115.0,-105.0,227.5,-115.0,-105.0,-195.0,160.0,-10.5,225.5
401703415,2024-11-30T01:00Z,2024-11-29,2025,2,MIA,TOR,121.0,111.0,False,NBA Cup - Group Play,ESPN BET,-8.5,100.0,-120.0,219.5,-105.0,-115.0,-340.0,265.0,-7.5,231.5
401703416,2024-11-30T01:00Z,2024-11-29,2025,2,CHI,BOS,129.0,138.0,False,NBA Cup - Group Play,ESPN BET,11.5,-105.0,-115.0,243.5,-110.0,-110.0,475.0,-750.0,10.5,225.5
401703417,2024-11-30T03:00Z,2024-11-29,2025,2,LAL,OKC,93.0,101.0,False,NBA Cup - Group Play,ESPN BET,2.5,-110.0,-110.0,229.5,-110.0,-110.0,125.0,-145.0,-1.5,229.5
401703418,2024-11-30T03:00Z,2024-11-29,2025,2,POR,SAC,115.0,106.0,False,NBA Cup - Group Play,ESPN BET,7.5,-115.0,-105.0,225.5,-110.0,-110.0,220.0,-275.0,5.5,211.5
401704866,2024-11-30T23:00Z,2024-11-30,2025,2,CHA,ATL,104.0,107.0,False,,ESPN BET,5.5,-105.0,-115.0,223.5,-110.0,-110.0,180.0,-220.0,1.5,229.5
401704867,2024-12-01T00:00Z,2024-11-30,2025,2,DET,PHI,96.0,111.0,False,,ESPN BET,-0.5,-105.0,-115.0,216.5,-110.0,-110.0,105.0,-125.0,-1.5,213.5
401704868,2024-12-01T01:00Z,2024-11-30,2025,2,MIL,WSH,124.0,114.0,False,,ESPN BET,-14.5,-110.0,-110.0,228.5,-115.0,-105.0,-1100.0,700.0,-15.5,230.5
401704869,2024-12-01T02:00Z,2024-11-30,2025,2,PHX,GS,113.0,105.0,False,,ESPN BET,-0.5,-115.0,-105.0,235.5,-105.0,-115.0,-115.0,-105.0,-3.5,228.5
401704870,2024-12-01T02:30Z,2024-11-30,2025,2,UTAH,DAL,94.0,106.0,False,,ESPN BET,5.5,100.0,-120.0,229.5,-115.0,-105.0,195.0,-230.0,6.5,223.5
401704871,2024-12-01T20:30Z,2024-12-01,2025,2,BKN,ORL,92.0,100.0,False,,ESPN BET,6.5,-110.0,-110.0,206.5,-110.0,-110.0,220.0,-270.0,-5.5,208.5
401704872,2024-12-01T20:30Z,2024-12-01,2025,2,MEM,IND,136.0,121.0,False,,ESPN BET,-5.5,-125.0,100.0,243.5,-110.0,-110.0,-235.0,190.0,-6.5,229.5
401704873,2024-12-01T23:00Z,2024-12-01,2025,2,CLE,BOS,115.0,111.0,False,,ESPN BET,-1.5,-105.0,-115.0,229.5,-110.0,-110.0,-125.0,105.0,-5.5,236.5
401704874,2024-12-01T23:00Z,2024-12-01,2025,2,NY,NO,118.0,85.0,False,,ESPN BET,-12.5,-110.0,-110.0,225.5,100.0,-120.0,-800.0,500.0,-11.5,226.5
401704875,2024-12-01T23:00Z,2024-12-01,2025,2,TOR,MIA,119.0,116.0,False,,ESPN BET,4.5,100.0,-120.0,222.5,100.0,-125.0,160.0,-190.0,4.5,221.5
401704876,2024-12-02T00:00Z,2024-12-01,2025,2,HOU,OKC,119.0,116.0,False,,ESPN BET,1.5,-115.0,-105.0,220.5,-110.0,-110.0,100.0,-120.0,1.5,210.5
401704877,2024-12-02T01:00Z,2024-12-01,2025,2,UTAH,LAL,104.0,105.0,False,,ESPN BET,5.5,-115.0,-105.0,225.5,-110.0,-110.0,170.0,-205.0,3.5,233.5
401704878,2024-12-02T02:00Z,2024-12-01,2025,2,POR,DAL,131.0,137.0,False,,ESPN BET,5.5,-105.0,-115.0,225.5,-110.0,-110.0,170.0,-200.0,6.5,228.5
401704879,2024-12-02T02:00Z,2024-12-01,2025,2,SAC,SA,125.0,127.0,False,,ESPN BET,-6.5,-105.0,-115.0,227.5,-105.0,-115.0,-245.0,200.0,-4.5,225.5
401704880,2024-12-02T03:00Z,2024-12-01,2025,2,LAC,DEN,126.0,122.0,False,,ESPN BET,2.5,-110.0,-110.0,225.5,-105.0,-115.0,125.0,-150.0,3.5,221.5
401704881,2024-12-03T00:30Z,2024-12-02,2025,2,ATL,NO,124.0,112.0,False,,ESPN BET,-9.5,-110.0,-110.0,231.5,-105.0,-115.0,-420.0,330.0,-5.5,230.5
401704882,2024-12-03T00:30Z,2024-12-02,2025,2,BOS,MIA,108.0,89.0,False,,ESPN BET,-9.5,-110.0,-110.0,220.5,-130.0,105.0,-425.0,320.0,-8.5,223.5
401704883,2024-12-03T01:00Z,2024-12-02,2025,2,CHI,BKN,128.0,102.0,False,,ESPN BET,-7.5,-110.0,-110.0,231.5,-110.0,-110.0,-275.0,225.0,-5.5,235.5
401704884,2024-12-03T01:00Z,2024-12-02,2025,2,MIN,LAL,109.0,80.0,False,,ESPN BET,-7.5,-105.0,-115.0,219.5,-110.0,-110.0,-300.0,245.0,-4.5,225.5
401703419,2024-12-04T00:00Z,2024-12-03,2025,2,CHA,PHI,104.0,110.0,False,NBA Cup - Group Play,ESPN BET,4.5,-105.0,-115.0,210.5,-110.0,-110.0,155.0,-185.0,4.5,211.5
401703420,2024-12-04T00:00Z,2024-12-03,2025,2,CLE,WSH,118.0,87.0,False,NBA Cup - Group Play,ESPN BET,-15.5,-115.0,-105.0,234.5,-110.0,-110.0,-1800.0,900.0,-15.5,235.5
401703421,2024-12-04T00:00Z,2024-12-03,2025,2,DET,MIL,107.0,128.0,False,NBA Cup - Group Play,ESPN BET,2.5,-105.0,-115.0,221.5,-110.0,-110.0,125.0,-150.0,3.5,223.5
401703422,2024-12-04T00:30Z,2024-12-03,2025,2,NY,ORL,121.0,106.0,False,NBA Cup - Group Play,ESPN BET,-5.5,-105.0,-115.0,214.5,-110.0,-110.0,-210.0,175.0,-6.5,215.5
401703423,2024-12-04T00:30Z,2024-12-03,2025,2,TOR,IND,122.0,111.0,False,NBA Cup - Group Play,ESPN BET,3.5,-115.0,-105.0,236.5,-115.0,-105.0,130.0,-150.0,9.5,237.5
401703424,2024-12-04T01:00Z,2024-12-03,2025,2,OKC,UTAH,133.0,106.0,False,NBA Cup - Group Play,ESPN BET,-13.5,-115.0,-105.0,224.5,-115.0,-105.0,-1000.0,650.0,-14.5,226.5
401703425,2024-12-04T01:30Z,2024-12-03,2025,2,DAL,MEM,121.0,116.0,False,NBA Cup - Group Play,ESPN BET,-4.5,-115.0,-105.0,244.5,-110.0,-110.0,-190.0,160.0,8.5,237.5
401703426,2024-12-04T02:00Z,2024-12-03,2025,2,PHX,SA,104.0,93.0,False,NBA Cup - Group Play,ESPN BET,-6.5,-115.0,-105.0,228.5,-110.0,-110.0,-280.0,230.0,-6.5,227.5
401703427,2024-12-04T03:00Z,2024-12-03,2025,2,DEN,GS,119.0,115.0,False,NBA Cup - Group Play,ESPN BET,-4.5,-120.0,100.0,236.5,-110.0,-110.0,-200.0,170.0,-2.5,234.5
401703428,2024-12-04T03:00Z,2024-12-03,2025,2,SAC,HOU,120.0,111.0,False,NBA Cup - Group Play,ESPN BET,-1.5,-110.0,-110.0,229.5,-115.0,-105.0,-125.0,105.0,-1.5,224.5
401703429,2024-12-04T03:30Z,2024-12-03,2025,2,LAC,POR,127.0,105.0,False,NBA Cup - Group Play,ESPN BET,-8.5,-115.0,-105.0,220.5,-110.0,-110.0,-380.0,290.0,-10.5,217.5
401704885,2024-12-05T00:30Z,2024-12-04,2025,2,BOS,DET,130.0,120.0,False,,ESPN BET,-12.5,-115.0,-105.0,221.5,-115.0,-105.0,-1000.0,600.0,-14.5,218.5
401704886,2024-12-05T00:30Z,2024-12-04,2025,2,BKN,IND,99.0,90.0,False,,ESPN BET,2.5,-105.0,-115.0,225.5,-125.0,100.0,135.0,-155.0,4.5,225.5
401704887,2024-12-05T00:30Z,2024-12-04,2025,2,MIA,LAL,134.0,93.0,False,,ESPN BET,-3.5,-110.0,-110.0,218.5,-105.0,-115.0,-165.0,140.0,1.5,218.5
401704888,2024-12-05T00:30Z,2024-12-04,2025,2,PHI,ORL,102.0,106.0,False,,ESPN BET,6.5,-115.0,-105.0,209.5,-115.0,-105.0,195.0,-230.0,2.5,203.5
401704889,2024-12-05T01:00Z,2024-12-04,2025,2,MIL,ATL,104.0,119.0,False,,ESPN BET,-4.5,-110.0,-110.0,236.5,-110.0,-110.0,-175.0,150.0,-4.5,225.5
401704890,2024-12-05T03:30Z,2024-12-04,2025,2,LAC,MIN,80.0,108.0,False,,ESPN BET,4.5,-115.0,-105.0,212.5,-110.0,-110.0,160.0,-190.0,3.5,209.5
401704891,2024-12-06T00:00Z,2024-12-05,2025,2,CLE,DEN,126.0,114.0,False,,ESPN BET,-3.5,-115.0,-105.0,232.5,-115.0,-105.0,-175.0,150.0,-3.5,235.5
401704892,2024-12-06T00:00Z,2024-12-05,2025,2,WSH,DAL,101.0,137.0,False,,ESPN BET,13.5,-110.0,-110.0,232.5,-110.0,-110.0,600.0,-1000.0,10.5,233.5
401704893,2024-12-06T00:30Z,2024-12-05,2025,2,NY,CHA,125.0,101.0,False,,ESPN BET,-14.5,-110.0,-110.0,217.5,-110.0,-110.0,-1600.0,800.0,-14.5,216.5
401704894,2024-12-06T00:30Z,2024-12-05,2025,2,TOR,OKC,92.0,129.0,False,,ESPN BET,10.5,-110.0,-110.0,227.5,-105.0,-115.0,400.0,-600.0,-2.5,228.5
401704895,2024-12-06T01:00Z,2024-12-05,2025,2,MEM,SAC,115.0,110.0,False,,ESPN BET,-2.5,-120.0,100.0,242.5,-115.0,-105.0,-150.0,130.0,-4.5,243.5
401704896,2024-12-06T01:00Z,2024-12-05,2025,2,NO,PHX,126.0,124.0,False,,ESPN BET,1.5,-105.0,-115.0,222.5,-120.0,100.0,105.0,-125.0,1.5,218.5
401704897,2024-12-06T01:00Z,2024-12-05,2025,2,SA,CHI,124.0,139.0,False,,ESPN BET,-1.5,-115.0,-105.0,236.5,-115.0,-105.0,-130.0,110.0,-1.5,232.5
401704898,2024-12-06T03:00Z,2024-12-05,2025,2,GS,HOU,99.0,93.0,False,,ESPN BET,3.5,100.0,-125.0,219.5,100.0,-120.0,150.0,-185.0,-3.5,222.5
401704899,2024-12-07T00:00Z,2024-12-06,2025,2,PHI,ORL,102.0,94.0,False,,ESPN BET,2.5,-115.0,-105.0,209.5,100.0,-120.0,115.0,-135.0,16.5,210.5
401704900,2024-12-07T00:30Z,2024-12-06,2025,2,ATL,LAL,134.0,132.0,False,,ESPN BET,-3.5,-115.0,-105.0,234.5,-110.0,-110.0,-160.0,135.0,-1.5,231.5
401704901,2024-12-07T00:30Z,2024-12-06,2025,2,BOS,MIL,111.0,105.0,False,,ESPN BET,-8.5,-110.0,-110.0,228.5,-115.0,-105.0,-340.0,270.0,-7.5,231.5
401704902,2024-12-07T01:00Z,2024-12-06,2025,2,CHI,IND,123.0,132.0,False,,ESPN BET,3.5,-105.0,-115.0,247.5,-115.0,-105.0,140.0,-165.0,2.5,246.5
401704903,2024-12-07T01:00Z,2024-12-06,2025,2,SA,SAC,113.0,140.0,False,,ESPN BET,6.5,-105.0,-115.0,227.5,-120.0,100.0,210.0,-255.0,2.5,227.5
401704904,2024-12-07T03:00Z,2024-12-06,2025,2,GS,MIN,90.0,107.0,False,,ESPN BET,1.5,-115.0,-105.0,219.5,-115.0,-105.0,100.0,-120.0,-2.5,221.5
401704905,2024-12-07T03:00Z,2024-12-06,2025,2,POR,UTAH,99.0,141.0,False,,ESPN BET,-3.5,-110.0,-110.0,222.5,-115.0,-105.0,-175.0,145.0,-3.5,226.5
401704906,2024-12-07T18:00Z,2024-12-07,2025,2,CHA,CLE,102.0,116.0,False,,ESPN BET,13.5,-105.0,-115.0,217.5,-110.0,-110.0,700.0,-1200.0,10.5,221.5
401704907,2024-12-08T00:00Z,2024-12-07,2025,2,WSH,DEN,122.0,113.0,False,,ESPN BET,11.5,-105.0,-115.0,235.5,-110.0,-110.0,510.0,-750.0,11.5,232.5
401704908,2024-12-08T00:00Z,2024-12-07,2025,2,NO,OKC,109.0,119.0,False,,ESPN BET,7.5,100.0,-120.0,221.5,-115.0,-105.0,265.0,-340.0,7.5,224.5
401704909,2024-12-08T00:30Z,2024-12-07,2025,2,NY,DET,111.0,120.0,False,,ESPN BET,-8.5,-105.0,-115.0,225.5,100.0,-125.0,-330.0,260.0,-10.5,222.5
401704910,2024-12-08T00:30Z,2024-12-07,2025,2,TOR,DAL,118.0,125.0,False,,ESPN BET,7.5,-110.0,-110.0,236.5,-105.0,-115.0,250.0,-320.0,8.5,235.5
401704911,2024-12-08T01:00Z,2024-12-07,2025,2,BOS,MEM,121.0,127.0,False,,ESPN BET,-7.5,100.0,-120.0,237.5,-120.0,100.0,-275.0,225.0,-7.5,231.5
401704912,2024-12-08T01:00Z,2024-12-07,2025,2,MIA,PHX,121.0,111.0,False,,ESPN BET,-5.5,-110.0,-110.0,223.5,-115.0,-105.0,-210.0,175.0,-5.5,219.5
401704913,2024-12-08T18:00Z,2024-12-08,2025,2,CHI,PHI,100.0,108.0,False,,ESPN BET,3.5,-115.0,-105.0,236.5,-110.0,-110.0,120.0,-145.0,-1.5,228.5
401704914,2024-12-08T20:30Z,2024-12-08,2025,2,BKN,MIL,113.0,118.0,False,,ESPN BET,6.5,-115.0,-105.0,215.5,-115.0,-105.0,195.0,-235.0,7.5,221.5
401704915,2024-12-08T22:00Z,2024-12-08,2025,2,IND,CHA,109.0,113.0,False,,ESPN BET,-11.5,-115.0,-105.0,222.5,-110.0,-110.0,-750.0,475.0,-11.5,224.5
401704916,2024-12-08T23:00Z,2024-12-08,2025,2,ATL,DEN,111.0,141.0,False,,ESPN BET,-0.5,-115.0,-105.0,242.5,-110.0,-110.0,-115.0,-105.0,-4.5,237.5
401704917,2024-12-08T23:00Z,2024-12-08,2025,2,MIA,CLE,122.0,113.0,False,,ESPN BET,2.5,-110.0,-110.0,222.5,-110.0,-110.0,120.0,-145.0,3.5,224.5
401704918,2024-12-08T23:30Z,2024-12-08,2025,2,ORL,PHX,115.0,110.0,False,,ESPN BET,-1.5,-110.0,-110.0,213.5,-115.0,-105.0,-130.0,110.0,-1.5,213.5
401704919,2024-12-09T00:00Z,2024-12-08,2025,2,WSH,MEM,112.0,140.0,False,,ESPN BET,10.5,-120.0,100.0,235.5,-115.0,-105.0,340.0,-450.0,9.5,243.5
401704920,2024-12-09T00:00Z,2024-12-08,2025,2,SA,NO,121.0,116.0,False,,ESPN BET,-6.5,-115.0,-105.0,223.5,-105.0,-115.0,-280.0,230.0,-4.5,225.5
401704921,2024-12-09T01:30Z,2024-12-08,2025,2,GS,MIN,114.0,106.0,False,,ESPN BET,-1.5,-105.0,-115.0,215.5,-105.0,-115.0,-120.0,100.0,1.5,217.5
401704922,2024-12-09T02:00Z,2024-12-08,2025,2,LAC,HOU,106.0,117.0,False,,ESPN BET,3.5,-115.0,-105.0,214.5,-105.0,-115.0,130.0,-150.0,1.5,215.5
401704923,2024-12-09T02:00Z,2024-12-08,2025,2,SAC,UTAH,141.0,97.0,False,,ESPN BET,-10.5,-120.0,100.0,234.5,-110.0,-110.0,-700.0,450.0,-12.5,227.5
401704924,2024-12-09T02:30Z,2024-12-08,2025,2,LAL,POR,107.0,98.0,False,,ESPN BET,-7.5,-105.0,-115.0,223.5,-115.0,-105.0,-290.0,240.0,-10.5,223.5
401704925,2024-12-10T00:30Z,2024-12-09,2025,2,TOR,NY,108.0,113.0,False,,ESPN BET,7.5,-105.0,-115.0,232.5,-115.0,-105.0,250.0,-310.0,4.5,229.5
401734902,2024-12-11T00:00Z,2024-12-10,2025,2,MIL,ORL,114.0,109.0,False,NBA Cup - Quarterfinals,ESPN BET,-8.5,-105.0,-115.0,215.5,-105.0,-115.0,-360.0,280.0,-5.5,216.5
401734903,2024-12-11T02:30Z,2024-12-10,2025,2,OKC,DAL,118.0,104.0,False,NBA Cup - Quarterfinals,ESPN BET,-4.5,-105.0,-115.0,230.5,-105.0,-115.0,-175.0,150.0,-4.5,228.5
401734904,2024-12-12T00:00Z,2024-12-11,2025,2,NY,ATL,100.0,108.0,False,NBA Cup - Quarterfinals,ESPN BET,-8.5,100.0,-120.0,237.5,-115.0,-105.0,-360.0,280.0,-8.5,233.5
401734905,2024-12-12T02:30Z,2024-12-11,2025,2,HOU,GS,91.0,90.0,False,NBA Cup - Quarterfinals,ESPN BET,-3.5,-105.0,-115.0,220.5,-110.0,-110.0,-150.0,130.0,-1.5,224.5
401736799,2024-12-13T00:30Z,2024-12-12,2025,2,BOS,DET,123.0,99.0,False,,ESPN BET,-11.5,-110.0,-110.0,225.5,-110.0,-110.0,-750.0,475.0,-13.5,228.5
401736800,2024-12-13T00:30Z,2024-12-12,2025,2,MIA,TOR,114.0,104.0,False,,ESPN BET,-10.5,-105.0,-115.0,224.5,-105.0,-115.0,-600.0,400.0,-9.5,223.5
401736801,2024-12-13T01:00Z,2024-12-12,2025,2,NO,SAC,109.0,111.0,False,,ESPN BET,6.5,-105.0,-115.0,232.5,-105.0,-115.0,200.0,-240.0,5.5,229.5
401736802,2024-12-14T00:00Z,2024-12-13,2025,2,CLE,WSH,115.0,105.0,False,,ESPN BET,-17.5,-105.0,-115.0,232.5,-115.0,-105.0,-2000.0,1000.0,-17.5,231.5
401736803,2024-12-14T00:00Z,2024-12-13,2025,2,PHI,IND,107.0,121.0,False,,ESPN BET,-6.5,-105.0,-115.0,227.5,-110.0,-110.0,-250.0,210.0,-5.5,224.5
401736804,2024-12-14T01:00Z,2024-12-13,2025,2,MIN,LAL,97.0,87.0,False,,ESPN BET,-8.5,-110.0,-110.0,213.5,-115.0,-105.0,-380.0,300.0,-5.5,217.5
401736805,2024-12-14T01:00Z,2024-12-13,2025,2,MEM,BKN,135.0,119.0,False,,ESPN BET,-9.5,-120.0,100.0,226.5,-110.0,-110.0,-550.0,380.0,-10.5,227.5
401736806,2024-12-14T01:00Z,2024-12-13,2025,2,CHI,CHA,109.0,95.0,False,,ESPN BET,-5.5,-115.0,-105.0,232.5,-110.0,-110.0,-215.0,180.0,-4.5,232.5
401736807,2024-12-14T02:00Z,2024-12-13,2025,2,DEN,LAC,120.0,98.0,False,,ESPN BET,-7.5,-105.0,-115.0,227.5,-110.0,-110.0,-290.0,240.0,-6.5,226.5
401736808,2024-12-14T02:30Z,2024-12-13,2025,2,UTAH,PHX,126.0,134.0,False,,ESPN BET,6.5,-105.0,-115.0,233.5,-110.0,-110.0,225.0,-275.0,4.5,228.5
401736809,2024-12-14T03:00Z,2024-12-13,2025,2,POR,SA,116.0,118.0,False,,ESPN BET,3.5,-110.0,-110.0,226.5,-110.0,-110.0,130.0,-155.0,3.5,222.5
401734906,2024-12-14T21:30Z,2024-12-14,2025,2,MIL,ATL,110.0,102.0,True,NBA Cup - Semifinals,ESPN BET,-3.5,-110.0,-110.0,233.5,-105.0,-115.0,-165.0,140.0,-3.5,233.5
401734907,2024-12-15T01:30Z,2024-12-14,2025,2,OKC,HOU,111.0,96.0,True,NBA Cup - Semifinals,ESPN BET,-5.5,-110.0,-110.0,214.5,-110.0,-110.0,-225.0,190.0,-4.5,215.5
401736810,2024-12-15T22:00Z,2024-12-15,2025,2,IND,NO,119.0,104.0,False,,ESPN BET,-7.5,-105.0,-115.0,230.5,-115.0,-105.0,-275.0,225.0,-5.5,222.5
401736811,2024-12-15T23:00Z,2024-12-15,2025,2,WSH,BOS,98.0,112.0,False,,ESPN BET,17.5,-110.0,-110.0,233.5,-130.0,105.0,1000.0,-2000.0,14.5,227.5
401737902,2024-12-15T23:00Z,2024-12-15,2025,2,ORL,NY,91.0,100.0,False,,ESPN BET,4.5,-110.0,-110.0,213.5,-115.0,-105.0,150.0,-175.0,4.5,217.5
401736812,2024-12-16T00:00Z,2024-12-15,2025,2,SA,MIN,92.0,106.0,False,,ESPN BET,4.5,-105.0,-115.0,214.5,-115.0,-105.0,155.0,-185.0,5.5,213.5
401736813,2024-12-16T01:00Z,2024-12-15,2025,2,PHX,POR,116.0,109.0,False,,ESPN BET,-11.5,-105.0,-115.0,230.5,-110.0,-110.0,-700.0,450.0,-9.5,225.5
401737912,2024-12-16T01:30Z,2024-12-15,2025,2,GS,DAL,133.0,143.0,False,,ESPN BET,-1.5,-105.0,-115.0,228.5,-115.0,-105.0,-110.0,-110.0,2.5,233.5
401736814,2024-12-16T02:30Z,2024-12-15,2025,2,LAL,MEM,116.0,110.0,False,,ESPN BET,2.5,-110.0,-110.0,237.5,-105.0,-115.0,110.0,-130.0,2.5,227.5
401736815,2024-12-17T00:00Z,2024-12-16,2025,2,CHA,PHI,108.0,121.0,False,,ESPN BET,2.5,-115.0,-105.0,219.5,-110.0,-110.0,115.0,-135.0,1.5,213.5
401736816,2024-12-17T00:00Z,2024-12-16,2025,2,DET,MIA,125.0,124.0,False,,ESPN BET,4.5,-105.0,-115.0,218.5,-110.0,-110.0,160.0,-190.0,3.5,218.5
401736817,2024-12-17T00:30Z,2024-12-16,2025,2,TOR,CHI,121.0,122.0,False,,ESPN BET,1.5,-115.0,-105.0,239.5,-110.0,-110.0,-105.0,-115.0,-1.5,240.5
401736818,2024-12-17T00:30Z,2024-12-16,2025,2,BKN,CLE,101.0,130.0,False,,ESPN BET,10.5,-110.0,-110.0,215.5,-115.0,-105.0,380.0,-550.0,10.5,220.5
401736819,2024-12-17T03:00Z,2024-12-16,2025,2,SAC,DEN,129.0,130.0,False,,ESPN BET,-1.5,-105.0,-115.0,237.5,-110.0,-110.0,-115.0,-105.0,9.5,235.5
401736820,2024-12-17T03:30Z,2024-12-16,2025,2,LAC,UTAH,144.0,107.0,False,,ESPN BET,-7.5,-115.0,-105.0,221.5,-110.0,-110.0,-300.0,250.0,-9.5,223.5
401734908,2024-12-18T01:30Z,2024-12-17,2025,2,OKC,MIL,81.0,97.0,True,NBA Cup Championship,ESPN BET,-5.5,-105.0,-115.0,214.5,-110.0,-110.0,-200.0,170.0,-4.5,213.5
401704926,2024-12-20T00:00Z,2024-12-19,2025,2,DET,UTAH,119.0,126.0,False,,ESPN BET,-4.5,-105.0,-115.0,227.5,-105.0,-115.0,-185.0,155.0,-4.5,227.5
401704927,2024-12-20T00:00Z,2024-12-19,2025,2,ORL,OKC,99.0,105.0,False,,ESPN BET,6.5,-110.0,-110.0,208.5,-110.0,-110.0,210.0,-260.0,4.5,212.5
401704928,2024-12-20T00:00Z,2024-12-19,2025,2,WSH,CHA,123.0,114.0,False,,ESPN BET,3.5,-105.0,-115.0,226.5,-105.0,-115.0,135.0,-165.0,3.5,222.5
401704929,2024-12-20T00:30Z,2024-12-19,2025,2,BOS,CHI,108.0,117.0,False,,ESPN BET,-14.5,-110.0,-110.0,241.5,-105.0,-115.0,-1300.0,750.0,-14.5,246.5
401704930,2024-12-20T00:30Z,2024-12-19,2025,2,TOR,BKN,94.0,101.0,False,,ESPN BET,-2.5,-105.0,-115.0,218.5,-110.0,-110.0,-130.0,110.0,-3.5,223.5
401704931,2024-12-20T01:00Z,2024-12-19,2025,2,HOU,NO,133.0,113.0,False,,ESPN BET,-9.5,-110.0,-110.0,218.5,-110.0,-110.0,-410.0,315.0,-10.5,218.5
401704932,2024-12-20T01:00Z,2024-12-19,2025,2,MEM,GS,144.0,93.0,False,,ESPN BET,-1.5,-115.0,-105.0,238.5,-110.0,-110.0,-125.0,105.0,-3.5,234.5
401704936,2024-12-20T01:00Z,2024-12-19,2025,2,SA,ATL,133.0,126.0,False,,ESPN BET,-1.5,100.0,-120.0,233.5,-105.0,-115.0,-110.0,-110.0,1.5,232.5
401704934,2024-12-20T01:30Z,2024-12-19,2025,2,DAL,LAC,95.0,118.0,False,,ESPN BET,-1.5,100.0,-120.0,216.5,-110.0,-110.0,-120.0,100.0,-5.5,233.5
401704935,2024-12-20T02:00Z,2024-12-19,2025,2,PHX,IND,111.0,120.0,False,,ESPN BET,-6.5,100.0,-120.0,236.5,-105.0,-115.0,-240.0,195.0,-6.5,232.5
401704933,2024-12-20T02:30Z,2024-12-19,2025,2,MIN,NY,107.0,133.0,False,,ESPN BET,-3.5,-110.0,-110.0,213.5,-110.0,-110.0,-155.0,130.0,-1.5,212.5
401704937,2024-12-20T03:00Z,2024-12-19,2025,2,POR,DEN,126.0,124.0,False,,ESPN BET,8.5,-110.0,-110.0,234.5,-115.0,-105.0,280.0,-360.0,7.5,228.5
401704938,2024-12-20T03:00Z,2024-12-19,2025,2,SAC,LAL,100.0,113.0,False,,ESPN BET,-4.5,-115.0,-105.0,230.5,-105.0,-115.0,-195.0,160.0,-3.5,228.5
401704939,2024-12-21T00:00Z,2024-12-20,2025,2,PHI,CHA,108.0,98.0,False,,ESPN BET,-13.5,-110.0,-110.0,212.5,-110.0,-110.0,-800.0,500.0,-9.5,221.5
401704940,2024-12-21T00:30Z,2024-12-20,2025,2,CLE,MIL,124.0,101.0,False,,ESPN BET,-8.5,-115.0,-105.0,220.5,-115.0,-105.0,-380.0,290.0,-4.5,224.5
401704941,2024-12-21T01:00Z,2024-12-20,2025,2,MIA,OKC,97.0,104.0,False,,ESPN BET,1.5,-115.0,-105.0,217.5,-110.0,-110.0,-110.0,-110.0,1.5,215.5
401704942,2024-12-21T23:00Z,2024-12-21,2025,2,SAC,LAL,99.0,103.0,False,,ESPN BET,-3.5,-120.0,100.0,228.5,-110.0,-110.0,-170.0,140.0,-3.5,230.5
401704943,2024-12-22T00:00Z,2024-12-21,2025,2,ORL,MIA,121.0,114.0,False,,ESPN BET,-1.5,-115.0,-105.0,206.5,-105.0,-115.0,-130.0,110.0,-1.5,209.5
401704944,2024-12-22T00:30Z,2024-12-21,2025,2,ATL,MEM,112.0,128.0,False,,ESPN BET,1.5,-105.0,-115.0,233.5,-110.0,-110.0,110.0,-130.0,1.5,240.5
401704945,2024-12-22T00:30Z,2024-12-21,2025,2,BKN,UTAH,94.0,105.0,False,,ESPN BET,-1.5,-115.0,-105.0,220.5,-110.0,-110.0,-125.0,105.0,-2.5,220.5
401704946,2024-12-22T01:00Z,2024-12-21,2025,2,CLE,PHI,126.0,99.0,False,,ESPN BET,-9.5,-105.0,-115.0,221.5,-115.0,-105.0,-415.0,320.0,-10.5,218.5
401704947,2024-12-22T01:00Z,2024-12-21,2025,2,CHI,BOS,98.0,123.0,False,,ESPN BET,12.5,-115.0,-105.0,239.5,-110.0,-110.0,475.0,-675.0,10.5,239.5
401704948,2024-12-22T01:00Z,2024-12-21,2025,2,MIL,WSH,112.0,101.0,False,,ESPN BET,-8.5,-115.0,-105.0,218.5,-110.0,-110.0,-380.0,290.0,-11.5,227.5
401704949,2024-12-22T01:00Z,2024-12-21,2025,2,MIN,GS,103.0,113.0,False,,ESPN BET,-4.5,-110.0,-110.0,217.5,-110.0,-110.0,-170.0,145.0,-3.5,216.5
401704950,2024-12-22T01:00Z,2024-12-21,2025,2,NO,NY,93.0,104.0,False,,ESPN BET,8.5,-115.0,-105.0,223.5,-115.0,-105.0,260.0,-325.0,8.5,224.5
401704951,2024-12-22T01:30Z,2024-12-21,2025,2,DAL,LAC,113.0,97.0,False,,ESPN BET,-3.5,-115.0,-105.0,221.5,-105.0,-115.0,-160.0,135.0,-2.5,219.5
401704952,2024-12-22T01:30Z,2024-12-21,2025,2,SA,POR,114.0,94.0,False,,ESPN BET,-6.5,-115.0,-105.0,224.5,-115.0,-105.0,-275.0,225.0,-5.5,226.5
401704953,2024-12-22T02:00Z,2024-12-21,2025,2,PHX,DET,125.0,133.0,False,,ESPN BET,-5.5,-115.0,-105.0,225.5,-105.0,-115.0,-240.0,195.0,-6.5,225.5
401704954,2024-12-22T23:00Z,2024-12-22,2025,2,TOR,HOU,110.0,114.0,False,,ESPN BET,8.5,-105.0,-115.0,222.5,100.0,-120.0,300.0,-390.0,7.5,220.5
401704955,2024-12-22T23:00Z,2024-12-22,2025,2,SAC,IND,95.0,122.0,False,,ESPN BET,-3.5,-105.0,-115.0,234.5,-115.0,-105.0,-140.0,120.0,-3.5,235.5
401704956,2024-12-23T00:00Z,2024-12-22,2025,2,NO,DEN,129.0,132.0,False,,ESPN BET,8.5,-105.0,-115.0,232.5,-105.0,-115.0,270.0,-340.0,7.5,231.5
401704957,2024-12-24T00:00Z,2024-12-23,2025,2,CHA,HOU,101.0,114.0,False,,ESPN BET,6.5,-115.0,-105.0,220.5,-115.0,-105.0,185.0,-230.0,6.5,215.5
401704958,2024-12-24T00:00Z,2024-12-23,2025,2,CLE,UTAH,124.0,113.0,False,,ESPN BET,-14.5,-105.0,-115.0,232.5,-110.0,-110.0,-1200.0,700.0,-14.5,230.5
401704959,2024-12-24T00:00Z,2024-12-23,2025,2,ORL,BOS,108.0,104.0,False,,ESPN BET,7.5,-105.0,-115.0,213.5,-115.0,-105.0,295.0,-385.0,6.5,216.5
401704960,2024-12-24T00:00Z,2024-12-23,2025,2,PHI,SA,111.0,106.0,False,,ESPN BET,-5.5,-105.0,-115.0,217.5,-110.0,-110.0,-225.0,185.0,-5.5,221.5
401704961,2024-12-24T00:30Z,2024-12-23,2025,2,ATL,MIN,117.0,104.0,False,,ESPN BET,3.5,-115.0,-105.0,223.5,-110.0,-110.0,125.0,-150.0,4.5,225.5
401704962,2024-12-24T00:30Z,2024-12-23,2025,2,MIA,BKN,110.0,95.0,False,,ESPN BET,-9.5,-110.0,-110.0,210.5,-110.0,-110.0,-450.0,340.0,-8.5,217.5
401704963,2024-12-24T00:30Z,2024-12-23,2025,2,NY,TOR,139.0,125.0,False,,ESPN BET,-13.5,-105.0,-115.0,227.5,-105.0,-115.0,-1000.0,600.0,-14.5,227.5
401704964,2024-12-24T01:00Z,2024-12-23,2025,2,CHI,MIL,91.0,112.0,False,,ESPN BET,-2.5,-115.0,-105.0,225.5,-110.0,-110.0,-140.0,115.0,1.5,237.5
401704965,2024-12-24T01:00Z,2024-12-23,2025,2,MEM,LAC,110.0,114.0,False,,ESPN BET,-6.5,105.0,-130.0,229.5,-110.0,-110.0,-240.0,200.0,-4.5,234.5
401704966,2024-12-24T01:00Z,2024-12-23,2025,2,OKC,WSH,123.0,105.0,False,,ESPN BET,-17.5,-110.0,-110.0,226.5,-105.0,-115.0,-2500.0,1100.0,-18.5,224.5
401704967,2024-12-24T01:30Z,2024-12-23,2025,2,DAL,POR,132.0,108.0,False,,ESPN BET,-12.5,-115.0,-105.0,230.5,100.0,-125.0,-1000.0,600.0,-9.5,228.5
401704968,2024-12-24T03:00Z,2024-12-23,2025,2,DEN,PHX,117.0,90.0,False,,ESPN BET,-4.5,-110.0,-110.0,232.5,-110.0,-110.0,-200.0,170.0,-8.5,233.5
401704969,2024-12-24T03:00Z,2024-12-23,2025,2,GS,IND,105.0,111.0,False,,ESPN BET,-5.5,-120.0,100.0,230.5,-115.0,-105.0,-215.0,180.0,-5.5,231.5
401704970,2024-12-24T03:30Z,2024-12-23,2025,2,LAL,DET,114.0,117.0,False,,ESPN BET,-6.5,-115.0,-105.0,221.5,-120.0,100.0,-260.0,210.0,-5.5,225.5
401704971,2024-12-25T17:00Z,2024-12-25,2025,2,NY,SA,117.0,114.0,False,,ESPN BET,-8.5,-110.0,-110.0,223.5,-105.0,-115.0,-370.0,290.0,-9.5,226.5
401704972,2024-12-25T19:30Z,2024-12-25,2025,2,DAL,MIN,99.0,105.0,False,,ESPN BET,-5.5,-105.0,-115.0,222.5,-105.0,-115.0,-210.0,175.0,-3.5,228.5
401704973,2024-12-25T22:00Z,2024-12-25,2025,2,BOS,PHI,114.0,118.0,False,,ESPN BET,-9.5,-115.0,-105.0,222.5,-110.0,-110.0,-450.0,340.0,-4.5,225.5
401704974,2024-12-26T01:00Z,2024-12-25,2025,2,GS,LAL,113.0,115.0,False,,ESPN BET,-4.5,-115.0,-105.0,220.5,-110.0,-110.0,-170.0,145.0,-3.5,235.5
401704975,2024-12-26T03:30Z,2024-12-25,2025,2,PHX,DEN,110.0,100.0,False,,ESPN BET,2.5,-115.0,-105.0,232.5,100.0,-125.0,115.0,-135.0,-1.5,226.5
401704976,2024-12-27T00:00Z,2024-12-26,2025,2,IND,OKC,114.0,120.0,False,,ESPN BET,5.5,-115.0,-105.0,227.5,-115.0,-105.0,180.0,-220.0,4.5,225.5
401704977,2024-12-27T00:00Z,2024-12-26,2025,2,ORL,MIA,88.0,89.0,False,,ESPN BET,1.5,-125.0,100.0,208.5,-110.0,-110.0,-115.0,-105.0,-1.5,209.5
401704978,2024-12-27T00:00Z,2024-12-26,2025,2,WSH,CHA,113.0,110.0,False,,ESPN BET,4.5,-110.0,-110.0,231.5,-105.0,-115.0,160.0,-190.0,2.5,226.5
401704979,2024-12-27T00:30Z,2024-12-26,2025,2,ATL,CHI,141.0,133.0,False,,ESPN BET,-4.5,-115.0,-105.0,241.5,-105.0,-115.0,-205.0,170.0,-6.5,246.5
401704980,2024-12-27T01:00Z,2024-12-26,2025,2,MEM,TOR,155.0,126.0,False,,ESPN BET,-10.5,-110.0,-110.0,241.5,-105.0,-115.0,-600.0,400.0,-12.5,238.5
401704981,2024-12-27T01:00Z,2024-12-26,2025,2,MIL,BKN,105.0,111.0,False,,ESPN BET,-6.5,-115.0,-105.0,205.5,-105.0,-115.0,-260.0,210.0,-8.5,216.5
401704982,2024-12-27T01:00Z,2024-12-26,2025,2,NO,HOU,111.0,128.0,False,,ESPN BET,6.5,-110.0,-110.0,221.5,-110.0,-110.0,230.0,-285.0,8.5,223.5
401704983,2024-12-27T03:00Z,2024-12-26,2025,2,POR,UTAH,122.0,120.0,False,,ESPN BET,-3.5,-110.0,-110.0,226.5,-115.0,-105.0,-160.0,135.0,-3.5,225.5
401704984,2024-12-27T03:00Z,2024-12-26,2025,2,SAC,DET,113.0,114.0,False,,ESPN BET,-4.5,-125.0,100.0,227.5,-105.0,-115.0,-200.0,160.0,-4.5,224.5
401704985,2024-12-28T00:00Z,2024-12-27,2025,2,ORL,NY,85.0,108.0,False,,ESPN BET,6.5,-115.0,-105.0,213.5,-110.0,-110.0,200.0,-240.0,6.5,212.5
401704986,2024-12-28T00:30Z,2024-12-27,2025,2,BOS,IND,142.0,105.0,False,,ESPN BET,-11.5,-115.0,-105.0,230.5,-110.0,-110.0,-650.0,425.0,-10.5,233.5
401704987,2024-12-28T00:30Z,2024-12-27,2025,2,BKN,SA,87.0,96.0,False,,ESPN BET,7.5,100.0,-125.0,213.5,-110.0,-110.0,270.0,-340.0,6.5,213.5
401704988,2024-12-28T01:00Z,2024-12-27,2025,2,HOU,MIN,112.0,113.0,False,,ESPN BET,-0.5,-115.0,-105.0,215.5,-105.0,-115.0,-110.0,-110.0,1.5,215.5
401704989,2024-12-28T01:00Z,2024-12-27,2025,2,NO,MEM,124.0,132.0,False,,ESPN BET,7.5,-115.0,-105.0,238.5,-110.0,-110.0,230.0,-280.0,9.5,237.5
401704990,2024-12-28T02:00Z,2024-12-27,2025,2,DEN,CLE,135.0,149.0,False,,ESPN BET,3.5,-115.0,-105.0,236.5,-105.0,-115.0,125.0,-145.0,1.5,236.5
401704991,2024-12-28T02:00Z,2024-12-27,2025,2,PHX,DAL,89.0,98.0,False,,ESPN BET,-0.5,-115.0,-105.0,222.5,-110.0,-110.0,-115.0,-105.0,-1.5,229.5
401704992,2024-12-28T03:00Z,2024-12-27,2025,2,LAC,GS,102.0,92.0,False,,ESPN BET,-5.5,-110.0,-110.0,212.5,-105.0,-115.0,-210.0,175.0,-1.5,218.5
401704993,2024-12-28T20:00Z,2024-12-28,2025,2,ATL,MIA,120.0,110.0,False,,ESPN BET,-0.5,-105.0,-115.0,226.5,-115.0,-105.0,-105.0,-115.0,-3.5,226.5
401704994,2024-12-28T23:00Z,2024-12-28,2025,2,CHA,OKC,94.0,106.0,False,,ESPN BET,13.5,-105.0,-115.0,214.5,-110.0,-110.0,700.0,-1200.0,12.5,217.5
401704995,2024-12-29T00:00Z,2024-12-28,2025,2,WSH,NY,132.0,136.0,False,,ESPN BET,13.5,-115.0,-105.0,224.5,-115.0,-105.0,600.0,-1000.0,11.5,229.5
401704996,2024-12-29T01:00Z,2024-12-28,2025,2,CHI,MIL,116.0,111.0,False,,ESPN BET,1.5,-110.0,-110.0,231.5,-110.0,-110.0,105.0,-125.0,1.5,226.5
401704997,2024-12-29T01:30Z,2024-12-28,2025,2,GS,PHX,109.0,105.0,False,,ESPN BET,-6.5,-115.0,-105.0,220.5,-110.0,-110.0,-240.0,200.0,-6.5,220.5
401704998,2024-12-29T02:00Z,2024-12-28,2025,2,DEN,DET,134.0,121.0,False,,ESPN BET,-6.5,-105.0,-115.0,234.5,-110.0,-110.0,-250.0,210.0,-5.5,229.5
401704999,2024-12-29T02:30Z,2024-12-28,2025,2,UTAH,PHI,111.0,114.0,False,,ESPN BET,7.5,-110.0,-110.0,224.5,-110.0,-110.0,250.0,-300.0,5.5,222.5
401705000,2024-12-29T03:00Z,2024-12-28,2025,2,POR,DAL,126.0,122.0,False,,ESPN BET,3.5,-115.0,-105.0,223.5,-110.0,-110.0,130.0,-150.0,4.5,224.5
401705001,2024-12-29T03:30Z,2024-12-28,2025,2,LAL,SAC,132.0,122.0,False,,ESPN BET,3.5,-105.0,-115.0,220.5,-115.0,-105.0,135.0,-165.0,-1.5,221.5
401705002,2024-12-29T20:30Z,2024-12-29,2025,2,ORL,BKN,102.0,101.0,False,,ESPN BET,-7.5,-110.0,-110.0,202.5,-110.0,-110.0,-350.0,275.0,-4.5,211.5
401705003,2024-12-29T23:00Z,2024-12-29,2025,2,BOS,IND,114.0,123.0,False,,ESPN BET,-10.5,-110.0,-110.0,232.5,-105.0,-115.0,-525.0,400.0,-11.5,233.5
401705004,2024-12-29T23:00Z,2024-12-29,2025,2,TOR,ATL,107.0,136.0,False,,ESPN BET,-1.5,-105.0,-115.0,240.5,-135.0,110.0,-110.0,-110.0,1.5,234.5
401705005,2024-12-30T00:00Z,2024-12-29,2025,2,HOU,MIA,100.0,104.0,False,,ESPN BET,-8.5,100.0,-120.0,216.5,-105.0,-115.0,-340.0,270.0,-6.5,214.5
401705006,2024-12-30T00:00Z,2024-12-29,2025,2,OKC,MEM,130.0,106.0,False,,ESPN BET,-8.5,-105.0,-115.0,235.5,-105.0,-115.0,-300.0,245.0,-7.5,227.5
401705007,2024-12-30T02:00Z,2024-12-29,2025,2,MIN,SA,112.0,110.0,False,,ESPN BET,-6.5,-110.0,-110.0,216.5,-110.0,-110.0,-230.0,190.0,-7.5,215.5
401705008,2024-12-31T00:00Z,2024-12-30,2025,2,CHA,CHI,108.0,115.0,False,,ESPN BET,4.5,-110.0,-110.0,224.5,100.0,-120.0,150.0,-175.0,6.5,226.5
401705009,2024-12-31T00:00Z,2024-12-30,2025,2,WSH,NY,106.0,126.0,False,,ESPN BET,12.5,-110.0,-110.0,228.5,-115.0,-105.0,550.0,-900.0,10.5,229.5
401705010,2024-12-31T01:00Z,2024-12-30,2025,2,NO,LAC,113.0,116.0,False,,ESPN BET,4.5,100.0,-120.0,219.5,-105.0,-115.0,155.0,-185.0,5.5,222.5
401705011,2024-12-31T02:00Z,2024-12-30,2025,2,UTAH,DEN,121.0,132.0,False,,ESPN BET,7.5,-110.0,-110.0,238.5,-110.0,-110.0,240.0,-300.0,8.5,237.5
401705012,2024-12-31T03:00Z,2024-12-30,2025,2,GS,CLE,95.0,113.0,False,,ESPN BET,3.5,-110.0,-110.0,233.5,-105.0,-115.0,135.0,-155.0,3.5,231.5
401705013,2024-12-31T03:00Z,2024-12-30,2025,2,POR,PHI,103.0,125.0,False,,ESPN BET,6.5,-105.0,-115.0,222.5,-115.0,-105.0,235.0,-290.0,5.5,223.5
401705014,2024-12-31T03:00Z,2024-12-30,2025,2,SAC,DAL,110.0,100.0,False,,ESPN BET,-7.5,-120.0,100.0,223.5,-110.0,-110.0,-330.0,260.0,-3.5,228.5
401705015,2024-12-31T20:00Z,2024-12-31,2025,2,BOS,TOR,125.0,71.0,False,,ESPN BET,-16.5,-115.0,-105.0,231.5,-115.0,-105.0,-2000.0,1000.0,-17.5,230.5
401705016,2024-12-31T20:00Z,2024-12-31,2025,2,IND,MIL,112.0,120.0,False,,ESPN BET,1.5,-105.0,-115.0,229.5,-110.0,-110.0,110.0,-130.0,-1.5,228.5
401705017,2025-01-01T00:00Z,2024-12-31,2025,2,SA,LAC,122.0,86.0,False,,ESPN BET,-3.5,-105.0,-115.0,218.5,-115.0,-105.0,-155.0,135.0,-2.5,217.5
401705018,2025-01-01T01:00Z,2024-12-31,2025,2,OKC,MIN,113.0,105.0,False,,ESPN BET,-6.5,-105.0,-115.0,217.5,-110.0,-110.0,-260.0,215.0,-7.5,215.5
401705019,2025-01-01T02:00Z,2024-12-31,2025,2,PHX,MEM,112.0,117.0,False,,ESPN BET,-5.5,-115.0,-105.0,239.5,-105.0,-115.0,-220.0,180.0,-7.5,237.5
401705020,2025-01-01T02:00Z,2024-12-31,2025,2,LAL,CLE,110.0,122.0,False,,ESPN BET,4.5,-105.0,-115.0,227.5,-110.0,-110.0,150.0,-180.0,2.5,227.5
401705021,2025-01-02T00:00Z,2025-01-01,2025,2,DET,ORL,105.0,96.0,False,,ESPN BET,-2.5,-105.0,-115.0,211.5,-110.0,-110.0,-135.0,115.0,-2.5,212.5
401705022,2025-01-02T00:00Z,2025-01-01,2025,2,WSH,CHI,125.0,107.0,False,,ESPN BET,6.5,-115.0,-105.0,242.5,-110.0,-110.0,200.0,-245.0,5.5,236.5
401705023,2025-01-02T00:30Z,2025-01-01,2025,2,MIA,NO,119.0,108.0,False,,ESPN BET,-8.5,-115.0,-105.0,220.5,-110.0,-110.0,-380.0,300.0,-9.5,220.5
401705024,2025-01-02T00:30Z,2025-01-01,2025,2,NY,UTAH,119.0,103.0,False,,ESPN BET,-11.5,-120.0,100.0,228.5,-110.0,-110.0,-700.0,500.0,-14.5,230.5
401705025,2025-01-02T00:30Z,2025-01-01,2025,2,TOR,BKN,130.0,113.0,False,,ESPN BET,-1.5,-105.0,-115.0,218.5,-110.0,-110.0,-120.0,100.0,-1.5,223.5
401705026,2025-01-02T01:00Z,2025-01-01,2025,2,HOU,DAL,110.0,99.0,False,,ESPN BET,-4.5,-115.0,-105.0,220.5,-115.0,-105.0,-200.0,165.0,-5.5,223.5
401705027,2025-01-02T02:00Z,2025-01-01,2025,2,DEN,ATL,139.0,120.0,False,,ESPN BET,-8.5,-110.0,-110.0,246.5,-110.0,-110.0,-350.0,275.0,-5.5,245.5
401705028,2025-01-02T03:00Z,2025-01-01,2025,2,SAC,PHI,113.0,107.0,False,,ESPN BET,-6.5,100.0,-120.0,220.5,-110.0,-110.0,-240.0,200.0,-7.5,224.5
401705029,2025-01-03T00:30Z,2025-01-02,2025,2,MIA,IND,115.0,128.0,False,,ESPN BET,-2.5,-110.0,-110.0,225.5,-105.0,-115.0,-140.0,120.0,-2.5,226.5
401705030,2025-01-03T00:30Z,2025-01-02,2025,2,MIN,BOS,115.0,118.0,False,,ESPN BET,2.5,100.0,-120.0,216.5,-110.0,-110.0,120.0,-140.0,3.5,221.5
401705031,2025-01-03T01:00Z,2025-01-02,2025,2,MIL,BKN,110.0,113.0,False,,ESPN BET,-12.5,-105.0,-115.0,223.5,-110.0,-110.0,-800.0,500.0,-13.5,218.5
401705032,2025-01-03T01:00Z,2025-01-02,2025,2,OKC,LAC,116.0,98.0,False,,ESPN BET,-12.5,100.0,-120.0,216.5,-105.0,-115.0,-800.0,500.0,-9.5,215.5
401705033,2025-01-03T03:00Z,2025-01-02,2025,2,GS,PHI,139.0,105.0,False,,ESPN BET,-3.5,-115.0,-105.0,219.5,-110.0,-110.0,-155.0,135.0,-2.5,220.5
401705034,2025-01-03T03:30Z,2025-01-02,2025,2,LAL,POR,114.0,106.0,False,,ESPN BET,-6.5,-110.0,-110.0,224.5,-110.0,-110.0,-275.0,220.0,-7.5,224.5
401705035,2025-01-04T00:00Z,2025-01-03,2025,2,DET,CHA,98.0,94.0,False,,ESPN BET,-7.5,-115.0,-105.0,213.5,-115.0,-105.0,-300.0,240.0,-5.5,215.5
401705036,2025-01-04T00:30Z,2025-01-03,2025,2,TOR,ORL,97.0,106.0,False,,ESPN BET,1.5,-110.0,-110.0,214.5,-115.0,-105.0,105.0,-125.0,1.5,215.5
401705037,2025-01-04T01:00Z,2025-01-03,2025,2,HOU,BOS,86.0,109.0,False,,ESPN BET,3.5,100.0,-120.0,221.5,-110.0,-110.0,145.0,-175.0,2.5,220.5
401705038,2025-01-04T01:00Z,2025-01-03,2025,2,NO,WSH,132.0,120.0,False,,ESPN BET,-7.5,-115.0,-105.0,232.5,-115.0,-105.0,-320.0,260.0,-4.5,231.5
401705039,2025-01-04T01:00Z,2025-01-03,2025,2,OKC,NY,117.0,107.0,False,,ESPN BET,-4.5,-105.0,-115.0,223.5,-130.0,105.0,-175.0,145.0,-5.5,221.5
401705040,2025-01-04T01:30Z,2025-01-03,2025,2,DAL,CLE,122.0,134.0,False,,ESPN BET,9.5,-110.0,-110.0,225.5,-115.0,-105.0,340.0,-450.0,4.5,229.5
401705041,2025-01-04T02:00Z,2025-01-03,2025,2,DEN,SA,110.0,113.0,False,,ESPN BET,-5.5,-120.0,100.0,238.5,-115.0,-105.0,-230.0,190.0,-4.5,235.5
401705042,2025-01-04T03:00Z,2025-01-03,2025,2,SAC,MEM,138.0,133.0,False,,ESPN BET,-3.5,-110.0,-110.0,242.5,-110.0,-110.0,-170.0,140.0,-4.5,238.5
401705043,2025-01-04T03:30Z,2025-01-03,2025,2,LAL,ATL,119.0,102.0,False,,ESPN BET,-1.5,-120.0,100.0,234.5,-110.0,-110.0,-145.0,120.0,-4.5,231.5
401705044,2025-01-04T23:00Z,2025-01-04,2025,2,BKN,PHI,94.0,123.0,False,,ESPN BET,9.5,-115.0,-105.0,211.5,-115.0,-105.0,315.0,-400.0,6.5,215.5
401705045,2025-01-05T00:00Z,2025-01-04,2025,2,DET,MIN,119.0,105.0,False,,ESPN BET,6.5,-110.0,-110.0,215.5,-110.0,-110.0,215.0,-260.0,6.5,217.5
401705046,2025-01-05T00:00Z,2025-01-04,2025,2,IND,PHX,126.0,108.0,False,,ESPN BET,-2.5,-115.0,-105.0,234.5,-110.0,-110.0,-150.0,125.0,-2.5,234.5
401705047,2025-01-05T01:00Z,2025-01-04,2025,2,MIA,UTAH,100.0,136.0,False,,ESPN BET,-8.5,-115.0,-105.0,226.5,-110.0,-110.0,-400.0,300.0,-8.5,224.5
401705048,2025-01-05T01:00Z,2025-01-04,2025,2,CHI,NY,139.0,126.0,False,,ESPN BET,5.5,-105.0,-115.0,238.5,-110.0,-110.0,180.0,-220.0,5.5,233.5
401705049,2025-01-05T01:00Z,2025-01-04,2025,2,MIL,POR,102.0,105.0,False,,ESPN BET,-11.5,-120.0,100.0,228.5,-110.0,-110.0,-800.0,500.0,-12.5,228.5
401705050,2025-01-05T01:00Z,2025-01-04,2025,2,SA,DEN,111.0,122.0,False,,ESPN BET,3.5,-115.0,-105.0,236.5,-105.0,-115.0,125.0,-150.0,1.5,237.5
401705051,2025-01-05T01:30Z,2025-01-04,2025,2,GS,MEM,121.0,113.0,False,,ESPN BET,-3.5,-105.0,-115.0,230.5,-115.0,-105.0,-150.0,125.0,-6.5,238.5
401705052,2025-01-05T03:30Z,2025-01-04,2025,2,LAC,ATL,131.0,105.0,False,,ESPN BET,-7.5,-105.0,-115.0,229.5,-105.0,-115.0,-275.0,220.0,-3.5,230.5
401705053,2025-01-05T20:30Z,2025-01-05,2025,2,OKC,BOS,105.0,92.0,False,,ESPN BET,-0.5,-110.0,-110.0,225.5,-105.0,-115.0,-110.0,-110.0,-1.5,224.5
401705054,2025-01-05T23:00Z,2025-01-05,2025,2,CLE,CHA,115.0,105.0,False,,ESPN BET,-16.5,-105.0,-115.0,231.5,-115.0,-105.0,-1400.0,800.0,-15.5,222.5
401705055,2025-01-05T23:00Z,2025-01-05,2025,2,WSH,NO,98.0,110.0,False,,ESPN BET,5.5,-105.0,-115.0,232.5,-110.0,-110.0,195.0,-230.0,3.5,238.5
401705056,2025-01-05T23:30Z,2025-01-05,2025,2,ORL,UTAH,92.0,105.0,False,,ESPN BET,-9.5,100.0,-120.0,209.5,-105.0,-115.0,-425.0,320.0,-5.5,212.5
401705057,2025-01-06T00:00Z,2025-01-05,2025,2,HOU,LAL,119.0,115.0,False,,ESPN BET,-4.5,-105.0,-115.0,217.5,-105.0,-115.0,-185.0,155.0,-4.5,221.5
401705058,2025-01-06T01:30Z,2025-01-05,2025,2,GS,SAC,99.0,129.0,False,,ESPN BET,-3.5,-105.0,-115.0,225.5,-105.0,-115.0,-160.0,135.0,-1.5,229.5
401705059,2025-01-07T00:00Z,2025-01-06,2025,2,DET,POR,118.0,115.0,False,,ESPN BET,-6.5,-105.0,-115.0,224.5,-115.0,-105.0,-230.0,190.0,-5.5,225.5
401705060,2025-01-07T00:00Z,2025-01-06,2025,2,PHI,PHX,99.0,109.0,False,,ESPN BET,1.5,-110.0,-110.0,222.5,-115.0,-105.0,110.0,-130.0,-3.5,227.5
401705061,2025-01-07T00:30Z,2025-01-06,2025,2,BKN,IND,99.0,113.0,False,,ESPN BET,11.5,-110.0,-110.0,220.5,-115.0,-105.0,400.0,-550.0,8.5,224.5
401705062,2025-01-07T00:30Z,2025-01-06,2025,2,NY,ORL,94.0,103.0,False,,ESPN BET,-10.5,-110.0,-110.0,206.5,-105.0,-115.0,-500.0,375.0,-11.5,210.5
401705063,2025-01-07T00:30Z,2025-01-06,2025,2,TOR,MIL,104.0,128.0,False,,ESPN BET,6.5,-120.0,100.0,230.5,-115.0,-105.0,190.0,-230.0,7.5,225.5
401705064,2025-01-07T01:00Z,2025-01-06,2025,2,CHI,SA,114.0,110.0,False,,ESPN BET,2.5,-105.0,-115.0,236.5,-110.0,-110.0,120.0,-145.0,1.5,236.5
401705065,2025-01-07T01:00Z,2025-01-06,2025,2,MEM,DAL,119.0,104.0,False,,ESPN BET,-4.5,-110.0,-110.0,232.5,-105.0,-115.0,-185.0,155.0,-4.5,237.5
401705066,2025-01-07T01:00Z,2025-01-06,2025,2,MIN,LAC,108.0,106.0,False,,ESPN BET,-2.5,100.0,-120.0,214.5,-115.0,-105.0,-135.0,115.0,-3.5,211.5
401705067,2025-01-07T03:00Z,2025-01-06,2025,2,SAC,MIA,123.0,118.0,False,,ESPN BET,-3.5,-115.0,-105.0,219.5,-105.0,-115.0,-180.0,150.0,-2.5,224.5
401705068,2025-01-08T00:00Z,2025-01-07,2025,2,CHA,PHX,115.0,104.0,False,,ESPN BET,4.5,-105.0,-115.0,226.5,100.0,-120.0,165.0,-200.0,4.5,221.5
401705069,2025-01-08T00:00Z,2025-01-07,2025,2,WSH,HOU,112.0,135.0,False,,ESPN BET,13.5,-110.0,-110.0,223.5,100.0,-120.0,600.0,-900.0,9.5,224.5
401705070,2025-01-08T00:30Z,2025-01-07,2025,2,DAL,LAL,118.0,97.0,False,,ESPN BET,5.5,100.0,-120.0,218.5,-110.0,-110.0,200.0,-245.0,3.5,225.5
401705071,2025-01-08T01:00Z,2025-01-07,2025,2,NO,MIN,97.0,104.0,False,,ESPN BET,3.5,-105.0,-115.0,221.5,-115.0,-105.0,145.0,-175.0,5.5,222.5
401705072,2025-01-08T02:00Z,2025-01-07,2025,2,UTAH,ATL,121.0,124.0,False,,ESPN BET,5.5,-110.0,-110.0,239.5,100.0,-120.0,180.0,-220.0,5.5,236.5
401705073,2025-01-08T03:00Z,2025-01-07,2025,2,DEN,BOS,106.0,118.0,False,,ESPN BET,10.5,-115.0,-105.0,231.5,-110.0,-110.0,350.0,-450.0,4.5,237.5
401705074,2025-01-08T03:00Z,2025-01-07,2025,2,GS,MIA,98.0,114.0,False,,ESPN BET,-9.5,100.0,-120.0,215.5,-130.0,105.0,-380.0,300.0,-6.5,218.5
401705075,2025-01-09T00:00Z,2025-01-08,2025,2,CLE,OKC,129.0,122.0,False,,ESPN BET,-2.5,-115.0,-105.0,231.5,-105.0,-115.0,-145.0,125.0,-2.5,227.5
401705076,2025-01-09T00:00Z,2025-01-08,2025,2,IND,CHI,129.0,113.0,False,,ESPN BET,-5.5,-105.0,-115.0,245.5,-110.0,-110.0,-200.0,170.0,-5.5,242.5
401705078,2025-01-09T00:00Z,2025-01-08,2025,2,PHI,WSH,109.0,103.0,False,,ESPN BET,-10.5,-105.0,-115.0,221.5,-110.0,-110.0,-450.0,340.0,-10.5,217.5
401705077,2025-01-09T00:30Z,2025-01-08,2025,2,NY,TOR,112.0,98.0,False,,ESPN BET,-12.5,-105.0,-115.0,233.5,-110.0,-110.0,-900.0,550.0,-12.5,231.5
401705079,2025-01-09T00:30Z,2025-01-08,2025,2,BKN,DET,98.0,113.0,False,,ESPN BET,9.5,-110.0,-110.0,211.5,-115.0,-105.0,340.0,-450.0,6.5,215.5
401705080,2025-01-09T01:00Z,2025-01-08,2025,2,NO,POR,100.0,119.0,False,,ESPN BET,-1.5,-110.0,-110.0,223.5,-105.0,-115.0,-125.0,105.0,-2.5,227.5
401705081,2025-01-09T02:00Z,2025-01-08,2025,2,DEN,LAC,126.0,103.0,False,,ESPN BET,3.5,-105.0,-115.0,223.5,-120.0,100.0,145.0,-170.0,1.5,225.5
401705082,2025-01-09T02:30Z,2025-01-08,2025,2,MIL,SA,121.0,105.0,False,,ESPN BET,-4.5,-115.0,-105.0,226.5,-110.0,-110.0,-200.0,165.0,-5.5,226.5
401705083,2025-01-10T00:00Z,2025-01-09,2025,2,CLE,TOR,132.0,126.0,False,,ESPN BET,-13.5,-110.0,-110.0,235.5,-105.0,-115.0,-1000.0,600.0,-14.5,233.5
401705084,2025-01-10T00:00Z,2025-01-09,2025,2,DET,GS,104.0,107.0,False,,ESPN BET,2.5,-105.0,-115.0,220.5,-115.0,-105.0,125.0,-150.0,-3.5,223.5
401705085,2025-01-10T00:00Z,2025-01-09,2025,2,ORL,MIN,89.0,104.0,False,,ESPN BET,5.5,-105.0,-115.0,199.5,-110.0,-110.0,190.0,-230.0,4.5,206.5
401705087,2025-01-10T00:30Z,2025-01-09,2025,2,DAL,POR,117.0,111.0,False,,ESPN BET,-7.5,-110.0,-110.0,220.5,-105.0,-115.0,-290.0,240.0,-6.5,220.5
401705086,2025-01-10T01:00Z,2025-01-09,2025,2,MEM,HOU,115.0,119.0,False,,ESPN BET,-2.5,-110.0,-110.0,233.5,-115.0,-105.0,-150.0,125.0,-1.5,229.5
401705088,2025-01-10T02:00Z,2025-01-09,2025,2,PHX,ATL,123.0,115.0,False,,ESPN BET,-5.5,-120.0,100.0,238.5,-110.0,-110.0,-245.0,200.0,-4.5,238.5
401705089,2025-01-10T02:00Z,2025-01-09,2025,2,UTAH,MIA,92.0,97.0,False,,ESPN BET,5.5,-110.0,-110.0,221.5,-115.0,-105.0,170.0,-200.0,4.5,224.5
401705091,2025-01-11T00:00Z,2025-01-10,2025,2,IND,GS,108.0,96.0,False,,ESPN BET,-10.5,-115.0,-105.0,222.5,-115.0,-105.0,-530.0,390.0,-6.5,223.5
401705092,2025-01-11T00:00Z,2025-01-10,2025,2,ORL,MIL,106.0,109.0,False,,ESPN BET,6.5,-115.0,-105.0,212.5,-105.0,-115.0,185.0,-230.0,3.5,210.5
401705093,2025-01-11T00:00Z,2025-01-10,2025,2,PHI,NO,115.0,123.0,False,,ESPN BET,-6.5,-120.0,100.0,219.5,-110.0,-110.0,-290.0,230.0,-3.5,222.5
401705094,2025-01-11T00:30Z,2025-01-10,2025,2,BOS,SAC,97.0,114.0,False,,ESPN BET,-12.5,100.0,-120.0,225.5,-115.0,-105.0,-750.0,475.0,-10.5,228.5
401705095,2025-01-11T00:30Z,2025-01-10,2025,2,NY,OKC,101.0,126.0,False,,ESPN BET,2.5,-105.0,-115.0,224.5,-110.0,-110.0,120.0,-145.0,1.5,226.5
401705096,2025-01-11T01:00Z,2025-01-10,2025,2,CHI,WSH,138.0,105.0,False,,ESPN BET,-10.5,-110.0,-110.0,243.5,-110.0,-110.0,-550.0,400.0,-11.5,240.5
401705097,2025-01-11T02:00Z,2025-01-10,2025,2,DEN,BKN,124.0,105.0,False,,ESPN BET,-14.5,-115.0,-105.0,224.5,-105.0,-115.0,-1200.0,700.0,-14.5,225.5
401705099,2025-01-11T22:00Z,2025-01-11,2025,2,PHX,UTAH,114.0,106.0,False,,ESPN BET,-10.5,-115.0,-105.0,229.5,-105.0,-115.0,-700.0,450.0,-11.5,228.5
401705100,2025-01-12T00:00Z,2025-01-11,2025,2,DET,TOR,123.0,114.0,False,,ESPN BET,-5.5,-105.0,-115.0,226.5,-105.0,-115.0,-210.0,175.0,-5.5,230.5
401705101,2025-01-12T01:00Z,2025-01-11,2025,2,MIN,MEM,125.0,127.0,False,,ESPN BET,-1.5,-120.0,100.0,232.5,-115.0,-105.0,-130.0,110.0,-1.5,228.5
401705102,2025-01-12T03:00Z,2025-01-11,2025,2,POR,MIA,98.0,119.0,False,,ESPN BET,4.5,-105.0,-115.0,219.5,-105.0,-115.0,160.0,-190.0,3.5,215.5
401705105,2025-01-12T20:00Z,2025-01-12,2025,2,NY,MIL,140.0,106.0,False,,ESPN BET,-5.5,100.0,-120.0,227.5,-115.0,-105.0,-185.0,155.0,-3.5,227.5
401705106,2025-01-12T20:00Z,2025-01-12,2025,2,DAL,DEN,101.0,112.0,False,,ESPN BET,5.5,-110.0,-110.0,232.5,-105.0,-115.0,190.0,-225.0,3.5,228.5
401705107,2025-01-12T20:30Z,2025-01-12,2025,2,CHI,SAC,119.0,124.0,False,,ESPN BET,5.5,-115.0,-105.0,238.5,-105.0,-115.0,170.0,-200.0,2.5,239.5
401705108,2025-01-12T23:00Z,2025-01-12,2025,2,BOS,NO,120.0,119.0,False,,ESPN BET,-14.5,-110.0,-110.0,230.5,-115.0,-105.0,-1400.0,750.0,-15.5,224.5
401705109,2025-01-12T23:00Z,2025-01-12,2025,2,CLE,IND,93.0,108.0,False,,ESPN BET,-8.5,-120.0,100.0,240.5,105.0,-130.0,-380.0,300.0,-9.5,238.5
401705110,2025-01-12T23:00Z,2025-01-12,2025,2,ORL,PHI,104.0,99.0,False,,ESPN BET,-1.5,-110.0,-110.0,208.5,-115.0,-105.0,-125.0,105.0,-2.5,206.5
401705111,2025-01-12T23:00Z,2025-01-12,2025,2,WSH,OKC,95.0,136.0,False,,ESPN BET,15.5,-105.0,-115.0,230.5,-105.0,-115.0,900.0,-1800.0,15.5,228.5
401705112,2025-01-13T01:00Z,2025-01-12,2025,2,UTAH,BKN,112.0,111.0,False,,ESPN BET,-3.5,100.0,-120.0,213.5,-105.0,-115.0,-145.0,120.0,-2.5,216.5
401705113,2025-01-13T02:00Z,2025-01-12,2025,2,PHX,CHA,120.0,113.0,False,,ESPN BET,-6.5,-115.0,-105.0,226.5,-120.0,100.0,-275.0,225.0,-8.5,224.5
401705114,2025-01-14T00:00Z,2025-01-13,2025,2,WSH,MIN,106.0,120.0,False,,ESPN BET,14.5,-110.0,-110.0,223.5,-110.0,-110.0,700.0,-1100.0,13.5,224.5
401705115,2025-01-14T00:30Z,2025-01-13,2025,2,NY,DET,119.0,124.0,False,,ESPN BET,-7.5,-115.0,-105.0,224.5,-110.0,-110.0,-320.0,260.0,-7.5,225.5
401705116,2025-01-14T00:30Z,2025-01-13,2025,2,TOR,GS,104.0,101.0,False,,ESPN BET,4.5,-105.0,-115.0,228.5,-115.0,-105.0,185.0,-230.0,4.5,225.5
401705117,2025-01-14T01:00Z,2025-01-13,2025,2,HOU,MEM,120.0,118.0,False,,ESPN BET,-2.5,-110.0,-110.0,236.5,-115.0,-105.0,-140.0,115.0,-2.5,235.5
401705118,2025-01-14T03:30Z,2025-01-13,2025,2,LAL,SA,102.0,126.0,False,,ESPN BET,-4.5,-105.0,-115.0,221.5,-105.0,-115.0,-175.0,145.0,-3.5,223.5
401705119,2025-01-14T03:30Z,2025-01-13,2025,2,LAC,MIA,109.0,98.0,False,,ESPN BET,-7.5,-120.0,100.0,215.5,-110.0,-110.0,-320.0,250.0,-4.5,215.5
401705120,2025-01-15T00:00Z,2025-01-14,2025,2,IND,CLE,117.0,127.0,False,,ESPN BET,8.5,-120.0,100.0,230.5,-110.0,-110.0,270.0,-340.0,6.5,227.5
401705121,2025-01-15T00:00Z,2025-01-14,2025,2,PHI,OKC,102.0,118.0,False,,ESPN BET,15.5,-110.0,-110.0,214.5,-110.0,-110.0,900.0,-1800.0,12.5,217.5
401705122,2025-01-15T00:30Z,2025-01-14,2025,2,ATL,PHX,122.0,117.0,False,,ESPN BET,2.5,-115.0,-105.0,238.5,-105.0,-115.0,115.0,-135.0,1.5,235.5
401705123,2025-01-15T01:00Z,2025-01-14,2025,2,CHI,NO,113.0,119.0,False,,ESPN BET,-1.5,-115.0,-105.0,242.5,-115.0,-105.0,-125.0,105.0,-2.5,237.5
401705124,2025-01-15T01:00Z,2025-01-14,2025,2,MIL,SAC,130.0,115.0,False,,ESPN BET,-2.5,-105.0,-115.0,226.5,-110.0,-110.0,-130.0,110.0,-2.5,231.5
401705125,2025-01-15T02:30Z,2025-01-14,2025,2,DAL,DEN,99.0,118.0,False,,ESPN BET,2.5,-110.0,-110.0,234.5,-115.0,-105.0,115.0,-135.0,4.5,229.5
401705126,2025-01-15T03:00Z,2025-01-14,2025,2,POR,BKN,114.0,132.0,False,,ESPN BET,-3.5,-105.0,-115.0,220.5,-105.0,-115.0,-170.0,140.0,-6.5,214.5
401705127,2025-01-16T00:00Z,2025-01-15,2025,2,PHI,NY,119.0,125.0,False,,ESPN BET,5.5,-110.0,-110.0,219.5,-105.0,-115.0,175.0,-210.0,6.5,219.5
401705128,2025-01-16T00:30Z,2025-01-15,2025,2,TOR,BOS,110.0,97.0,False,,ESPN BET,13.5,-105.0,-115.0,229.5,-105.0,-115.0,750.0,-1400.0,12.5,229.5
401705129,2025-01-16T01:00Z,2025-01-15,2025,2,CHI,ATL,94.0,110.0,False,,ESPN BET,-6.5,-105.0,-115.0,235.5,-110.0,-110.0,-250.0,200.0,-2.5,245.5
401705130,2025-01-16T01:00Z,2025-01-15,2025,2,MIL,ORL,122.0,93.0,False,,ESPN BET,-6.5,-105.0,-115.0,212.5,-110.0,-110.0,-250.0,210.0,-5.5,211.5
401705132,2025-01-16T01:00Z,2025-01-15,2025,2,NO,DAL,119.0,116.0,False,,ESPN BET,-1.5,-105.0,-115.0,221.5,-115.0,-105.0,-115.0,-105.0,1.5,224.5
401705133,2025-01-16T01:00Z,2025-01-15,2025,2,SA,MEM,115.0,129.0,False,,ESPN BET,2.5,-110.0,-110.0,239.5,-110.0,-110.0,120.0,-140.0,3.5,236.5
401705134,2025-01-16T02:00Z,2025-01-15,2025,2,DEN,HOU,108.0,128.0,False,,ESPN BET,5.5,-110.0,-110.0,225.5,100.0,-120.0,165.0,-200.0,2.5,232.5
401705135,2025-01-16T02:00Z,2025-01-15,2025,2,UTAH,CHA,112.0,117.0,False,,ESPN BET,5.5,-105.0,-115.0,222.5,-110.0,-110.0,180.0,-220.0,4.5,221.5
401705131,2025-01-16T02:30Z,2025-01-15,2025,2,MIN,GS,115.0,116.0,False,,ESPN BET,-6.5,-115.0,-105.0,217.5,-105.0,-115.0,-260.0,215.0,-5.5,215.5
401705136,2025-01-16T03:00Z,2025-01-15,2025,2,LAL,MIA,117.0,108.0,False,,ESPN BET,-4.5,-105.0,-115.0,215.5,-105.0,-115.0,-185.0,155.0,-3.5,217.5
401705137,2025-01-16T03:30Z,2025-01-15,2025,2,LAC,BKN,126.0,67.0,False,,ESPN BET,-15.5,-110.0,-110.0,213.5,-105.0,-115.0,-2000.0,1000.0,-13.5,211.5
401705138,2025-01-17T00:00Z,2025-01-16,2025,2,DET,IND,100.0,111.0,False,,ESPN BET,1.5,-105.0,-115.0,229.5,-105.0,-115.0,105.0,-125.0,-2.5,226.5
401705139,2025-01-17T00:00Z,2025-01-16,2025,2,WSH,PHX,123.0,130.0,False,,ESPN BET,11.5,-105.0,-115.0,231.5,-110.0,-110.0,450.0,-700.0,10.5,233.5
401705140,2025-01-17T00:30Z,2025-01-16,2025,2,OKC,CLE,134.0,114.0,False,,ESPN BET,-2.5,-110.0,-110.0,232.5,-110.0,-110.0,-135.0,115.0,-2.5,232.5
401705141,2025-01-17T03:00Z,2025-01-16,2025,2,POR,LAC,89.0,118.0,False,,ESPN BET,7.5,-110.0,-110.0,220.5,-110.0,-110.0,240.0,-290.0,5.5,222.5
401705142,2025-01-17T03:00Z,2025-01-16,2025,2,SAC,HOU,132.0,127.0,False,,ESPN BET,-4.5,-115.0,-105.0,225.5,-105.0,-115.0,-195.0,165.0,-2.5,227.5
401705143,2025-01-18T00:00Z,2025-01-17,2025,2,BOS,ORL,121.0,94.0,False,,ESPN BET,-14.5,-110.0,-110.0,212.5,-110.0,-110.0,-1600.0,800.0,-12.5,210.5
401705144,2025-01-18T00:30Z,2025-01-17,2025,2,NY,MIN,99.0,116.0,False,,ESPN BET,-2.5,-120.0,100.0,216.5,-105.0,-115.0,-150.0,125.0,-3.5,220.5
401705145,2025-01-18T01:00Z,2025-01-17,2025,2,MIA,DEN,113.0,133.0,False,,ESPN BET,3.5,-110.0,-110.0,229.5,-115.0,-105.0,135.0,-160.0,-2.5,224.5
401705146,2025-01-18T01:00Z,2025-01-17,2025,2,MIL,TOR,130.0,112.0,False,,ESPN BET,-10.5,-115.0,-105.0,233.5,-105.0,-115.0,-600.0,425.0,-11.5,231.5
401705147,2025-01-18T01:00Z,2025-01-17,2025,2,NO,UTAH,136.0,123.0,False,,ESPN BET,-11.5,-120.0,100.0,230.5,-115.0,-105.0,-800.0,500.0,-9.5,229.5
401705150,2025-01-18T01:00Z,2025-01-17,2025,2,CHI,CHA,123.0,125.0,False,,ESPN BET,-4.5,-110.0,-110.0,235.5,-110.0,-110.0,-195.0,160.0,-4.5,234.5
401705149,2025-01-18T01:30Z,2025-01-17,2025,2,DAL,OKC,106.0,98.0,False,,ESPN BET,2.5,-120.0,100.0,221.5,-110.0,-110.0,125.0,-150.0,5.5,220.5
401705148,2025-01-18T02:30Z,2025-01-17,2025,2,SA,MEM,112.0,140.0,False,,ESPN BET,-1.5,-110.0,-110.0,236.5,-110.0,-110.0,-125.0,105.0,2.5,239.5
401705151,2025-01-18T03:30Z,2025-01-17,2025,2,LAL,BKN,102.0,101.0,False,,ESPN BET,-9.5,-110.0,-110.0,215.5,-110.0,-110.0,-450.0,340.0,-11.5,219.5
401705152,2025-01-18T21:00Z,2025-01-18,2025,2,DET,PHX,121.0,125.0,False,,ESPN BET,-0.5,-105.0,-115.0,226.5,-115.0,-105.0,-105.0,-115.0,1.5,227.5
401705153,2025-01-19T00:00Z,2025-01-18,2025,2,BOS,ATL,115.0,119.0,False,,ESPN BET,-9.5,-110.0,-110.0,237.5,-110.0,-110.0,-450.0,340.0,-11.5,234.5
401705154,2025-01-19T00:00Z,2025-01-18,2025,2,IND,PHI,115.0,102.0,False,,ESPN BET,-10.5,-110.0,-110.0,225.5,-105.0,-115.0,-475.0,360.0,-7.5,223.5
401705155,2025-01-19T01:30Z,2025-01-18,2025,2,GS,WSH,122.0,114.0,False,,ESPN BET,-13.5,-110.0,-110.0,230.5,-110.0,-110.0,-1000.0,600.0,-13.5,230.5
401705156,2025-01-19T02:00Z,2025-01-18,2025,2,MIN,CLE,117.0,124.0,False,,ESPN BET,4.5,100.0,-120.0,225.5,-115.0,-105.0,170.0,-200.0,5.5,227.5
401705157,2025-01-19T03:00Z,2025-01-18,2025,2,POR,HOU,103.0,125.0,False,,ESPN BET,10.5,-110.0,-110.0,223.5,-115.0,-105.0,375.0,-500.0,10.5,222.5
401705158,2025-01-19T20:00Z,2025-01-19,2025,2,MIA,SA,128.0,107.0,False,,ESPN BET,-2.5,-115.0,-105.0,219.5,-110.0,-110.0,-155.0,130.0,-2.5,221.5
401705159,2025-01-19T23:00Z,2025-01-19,2025,2,ORL,DEN,100.0,113.0,False,,ESPN BET,7.5,-110.0,-110.0,220.5,-115.0,-105.0,220.0,-270.0,5.5,221.5
401705160,2025-01-20T00:00Z,2025-01-19,2025,2,MIL,PHI,123.0,109.0,False,,ESPN BET,-13.5,-110.0,-110.0,226.5,-110.0,-110.0,-725.0,500.0,-9.5,220.5
401705161,2025-01-20T00:00Z,2025-01-19,2025,2,OKC,BKN,127.0,101.0,False,,ESPN BET,-16.5,-110.0,-110.0,217.5,-105.0,-115.0,-1800.0,900.0,-16.5,214.5
401705162,2025-01-20T02:00Z,2025-01-19,2025,2,LAC,LAL,116.0,102.0,False,,ESPN BET,-4.5,-105.0,-115.0,216.5,-110.0,-110.0,-180.0,150.0,-2.5,215.5
401705163,2025-01-20T02:00Z,2025-01-19,2025,2,POR,CHI,113.0,102.0,False,,ESPN BET,4.5,-110.0,-110.0,236.5,-110.0,-110.0,160.0,-190.0,3.5,233.5
401705164,2025-01-20T02:00Z,2025-01-19,2025,2,SAC,WSH,123.0,100.0,False,,ESPN BET,-17.5,-115.0,-105.0,237.5,-110.0,-110.0,-3000.0,1200.0,-16.5,234.5
401705165,2025-01-20T17:00Z,2025-01-20,2025,2,CHA,DAL,110.0,105.0,False,,ESPN BET,3.5,-105.0,-115.0,223.5,-115.0,-105.0,140.0,-165.0,5.5,222.5
401705166,2025-01-20T19:00Z,2025-01-20,2025,2,HOU,DET,96.0,107.0,False,,ESPN BET,-7.5,-110.0,-110.0,224.5,-105.0,-115.0,-300.0,250.0,-7.5,223.5
401705167,2025-01-20T19:30Z,2025-01-20,2025,2,MEM,MIN,108.0,106.0,False,,ESPN BET,-5.5,-105.0,-115.0,234.5,-115.0,-105.0,-200.0,170.0,-3.5,234.5
401705168,2025-01-20T20:00Z,2025-01-20,2025,2,NY,ATL,119.0,110.0,False,,ESPN BET,-8.5,-105.0,-115.0,239.5,-105.0,-115.0,-300.0,250.0,-6.5,233.5
401705169,2025-01-20T20:30Z,2025-01-20,2025,2,CLE,PHX,118.0,92.0,False,,ESPN BET,-7.5,-115.0,-105.0,238.5,-105.0,-115.0,-275.0,230.0,-7.5,235.5
401705170,2025-01-20T22:00Z,2025-01-20,2025,2,GS,BOS,85.0,125.0,False,,ESPN BET,8.5,-105.0,-115.0,224.5,-110.0,-110.0,290.0,-380.0,7.5,223.5
401705171,2025-01-21T01:00Z,2025-01-20,2025,2,NO,UTAH,123.0,119.0,False,,ESPN BET,-10.5,-115.0,-105.0,230.5,-105.0,-115.0,-650.0,425.0,-11.5,236.5
401705177,2025-01-21T03:30Z,2025-01-20,2025,2,LAC,CHI,99.0,112.0,False,,ESPN BET,-5.5,-120.0,100.0,227.5,-110.0,-110.0,-225.0,190.0,-6.5,233.5
401705172,2025-01-22T00:30Z,2025-01-21,2025,2,BKN,NY,95.0,99.0,False,,ESPN BET,11.5,100.0,-120.0,219.5,-110.0,-110.0,475.0,-750.0,10.5,222.5
401705173,2025-01-22T00:30Z,2025-01-21,2025,2,MIA,POR,107.0,116.0,False,,ESPN BET,-8.5,-115.0,-105.0,219.5,-110.0,-110.0,-375.0,290.0,-11.5,219.5
401705174,2025-01-22T00:30Z,2025-01-21,2025,2,TOR,ORL,109.0,93.0,False,,ESPN BET,1.5,-115.0,-105.0,213.5,-110.0,-110.0,-105.0,-115.0,2.5,215.5
401705175,2025-01-22T03:00Z,2025-01-21,2025,2,DEN,PHI,144.0,109.0,False,,ESPN BET,-11.5,-110.0,-110.0,232.5,-115.0,-105.0,-750.0,525.0,-13.5,227.5
401705176,2025-01-22T03:30Z,2025-01-21,2025,2,LAL,WSH,111.0,88.0,False,,ESPN BET,-13.5,-115.0,-105.0,227.5,-115.0,-105.0,-900.0,600.0,-13.5,231.5
401705178,2025-01-23T00:30Z,2025-01-22,2025,2,ATL,DET,104.0,114.0,False,,ESPN BET,-4.5,-105.0,-115.0,233.5,-110.0,-110.0,-165.0,140.0,-2.5,235.5
401705179,2025-01-23T00:30Z,2025-01-22,2025,2,BKN,PHX,84.0,108.0,False,,ESPN BET,12.5,-105.0,-115.0,216.5,-110.0,-110.0,550.0,-800.0,9.5,220.5
401705180,2025-01-23T00:30Z,2025-01-22,2025,2,DAL,MIN,114.0,115.0,False,,ESPN BET,3.5,-105.0,-115.0,213.5,-105.0,-115.0,135.0,-160.0,1.5,217.5
401705181,2025-01-23T01:00Z,2025-01-22,2025,2,HOU,CLE,109.0,108.0,False,,ESPN BET,-0.5,-105.0,-115.0,230.5,-115.0,-105.0,-105.0,-115.0,2.5,232.5
401705182,2025-01-23T01:00Z,2025-01-22,2025,2,MEM,CHA,132.0,120.0,False,,ESPN BET,-11.5,-110.0,-110.0,241.5,-110.0,-110.0,-750.0,475.0,-11.5,236.5
401705184,2025-01-23T01:00Z,2025-01-22,2025,2,OKC,UTAH,123.0,114.0,False,,ESPN BET,-15.5,-110.0,-110.0,232.5,-115.0,-105.0,-1600.0,850.0,-17.5,220.5
401705185,2025-01-23T03:00Z,2025-01-22,2025,2,SAC,GS,123.0,117.0,False,,ESPN BET,-7.5,-110.0,-110.0,231.5,-110.0,-110.0,-280.0,230.0,-8.5,226.5
401705186,2025-01-23T03:30Z,2025-01-22,2025,2,LAC,BOS,113.0,117.0,False,,ESPN BET,11.5,-105.0,-115.0,217.5,-105.0,-115.0,450.0,-700.0,8.5,216.5
401705187,2025-01-23T19:00Z,2025-01-23,2025,2,IND,SA,110.0,140.0,True,NBA Paris Games 2025,ESPN BET,-2.5,-110.0,-110.0,229.5,-110.0,-110.0,-135.0,115.0,-2.5,229.5
401705188,2025-01-24T00:00Z,2025-01-23,2025,2,ORL,POR,79.0,101.0,False,,ESPN BET,-6.5,-115.0,-105.0,212.5,-110.0,-110.0,-260.0,215.0,-9.5,209.5
401705189,2025-01-24T00:30Z,2025-01-23,2025,2,ATL,TOR,119.0,122.0,False,,ESPN BET,-5.5,100.0,-120.0,237.5,-115.0,-105.0,-215.0,175.0,-6.5,235.5
401705191,2025-01-24T01:00Z,2025-01-23,2025,2,OKC,DAL,115.0,121.0,False,,ESPN BET,-11.5,-115.0,-105.0,224.5,-110.0,-110.0,-625.0,450.0,-11.5,218.5
401705190,2025-01-24T01:30Z,2025-01-23,2025,2,MIL,MIA,125.0,96.0,False,,ESPN BET,-5.5,-115.0,-105.0,223.5,-115.0,-105.0,-250.0,200.0,-5.5,225.5
401705192,2025-01-24T02:00Z,2025-01-23,2025,2,DEN,SAC,132.0,123.0,False,,ESPN BET,-7.5,-105.0,-115.0,241.5,-105.0,-115.0,-320.0,260.0,-6.5,239.5
401705194,2025-01-24T03:00Z,2025-01-23,2025,2,GS,CHI,131.0,106.0,False,,ESPN BET,-4.5,100.0,-120.0,232.5,-110.0,-110.0,-170.0,140.0,-3.5,232.5
401705195,2025-01-24T03:00Z,2025-01-23,2025,2,LAL,BOS,117.0,96.0,False,,ESPN BET,6.5,-115.0,-105.0,218.5,-115.0,-105.0,205.0,-250.0,5.5,222.5
401705549,2025-01-24T03:30Z,2025-01-23,2025,2,LAC,WSH,110.0,93.0,False,,ESPN BET,-14.5,-110.0,-110.0,225.5,-110.0,-110.0,-1600.0,800.0,-12.5,224.5
401705196,2025-01-25T00:00Z,2025-01-24,2025,2,CHA,POR,97.0,102.0,False,,ESPN BET,-0.5,-110.0,-110.0,216.5,-110.0,-110.0,-105.0,-115.0,-4.5,222.5
401705197,2025-01-25T00:00Z,2025-01-24,2025,2,PHI,CLE,132.0,129.0,False,,ESPN BET,9.5,-115.0,-105.0,229.5,-110.0,-110.0,320.0,-425.0,9.5,227.5
401705198,2025-01-25T01:00Z,2025-01-24,2025,2,MEM,NO,139.0,126.0,False,,ESPN BET,-9.5,-110.0,-110.0,243.5,-115.0,-105.0,-450.0,340.0,-10.5,240.5
401705199,2025-01-25T17:00Z,2025-01-25,2025,2,SA,IND,98.0,136.0,True,NBA Paris Games 2025,ESPN BET,2.5,-105.0,-115.0,229.5,-115.0,-105.0,125.0,-145.0,1.5,235.5
401705200,2025-01-25T20:00Z,2025-01-25,2025,2,MIN,DEN,133.0,104.0,False,,ESPN BET,3.5,-110.0,-110.0,228.5,-115.0,-105.0,135.0,-155.0,2.5,229.5
401705201,2025-01-25T22:30Z,2025-01-25,2025,2,DAL,BOS,107.0,122.0,False,,ESPN BET,8.5,-105.0,-115.0,226.5,-110.0,-110.0,300.0,-400.0,7.5,221.5
401705202,2025-01-25T23:00Z,2025-01-25,2025,2,BKN,MIA,97.0,106.0,False,,ESPN BET,6.5,-105.0,-115.0,211.5,-105.0,-115.0,225.0,-275.0,9.5,210.5
401705203,2025-01-26T00:00Z,2025-01-25,2025,2,CHA,NO,123.0,92.0,False,,ESPN BET,2.5,-115.0,-105.0,230.5,-110.0,-110.0,110.0,-130.0,1.5,226.5
401705204,2025-01-26T00:00Z,2025-01-25,2025,2,ORL,DET,121.0,113.0,False,,ESPN BET,-3.5,-115.0,-105.0,209.5,-110.0,-110.0,-170.0,145.0,-3.5,211.5
401705205,2025-01-26T00:30Z,2025-01-25,2025,2,ATL,TOR,94.0,117.0,False,,ESPN BET,-5.5,-115.0,-105.0,232.5,-115.0,-105.0,-215.0,180.0,-3.5,236.5
401705206,2025-01-26T00:30Z,2025-01-25,2025,2,CLE,HOU,131.0,135.0,False,,ESPN BET,-4.5,-110.0,-110.0,231.5,-110.0,-110.0,-175.0,150.0,-4.5,227.5
401705207,2025-01-26T00:30Z,2025-01-25,2025,2,NY,SAC,143.0,120.0,False,,ESPN BET,-4.5,-115.0,-105.0,233.5,-115.0,-105.0,-190.0,160.0,-6.5,233.5
401705208,2025-01-26T01:00Z,2025-01-25,2025,2,CHI,PHI,97.0,109.0,False,,ESPN BET,-3.5,-105.0,-115.0,231.5,-110.0,-110.0,-150.0,130.0,-3.5,229.5
401705209,2025-01-26T01:00Z,2025-01-25,2025,2,MEM,UTAH,125.0,103.0,False,,ESPN BET,-11.5,-105.0,-115.0,247.5,-110.0,-110.0,-600.0,400.0,-10.5,241.5
401705210,2025-01-26T01:30Z,2025-01-25,2025,2,GS,LAL,108.0,118.0,False,,ESPN BET,-0.5,-110.0,-110.0,221.5,-110.0,-110.0,-105.0,-115.0,1.5,220.5
401705211,2025-01-26T02:00Z,2025-01-25,2025,2,PHX,WSH,119.0,109.0,False,,ESPN BET,-14.5,-110.0,-110.0,234.5,-110.0,-110.0,-1200.0,700.0,-14.5,230.5
401705212,2025-01-26T03:30Z,2025-01-25,2025,2,LAC,MIL,127.0,117.0,False,,ESPN BET,-3.5,-110.0,-110.0,226.5,-110.0,-110.0,-165.0,140.0,-2.5,222.5
401705213,2025-01-26T23:00Z,2025-01-26,2025,2,POR,OKC,108.0,118.0,False,,ESPN BET,13.5,-115.0,-105.0,225.5,-110.0,-110.0,600.0,-900.0,12.5,225.5
401705214,2025-01-28T00:00Z,2025-01-27,2025,2,CHA,LAL,107.0,112.0,False,,ESPN BET,4.5,100.0,-120.0,223.5,-115.0,-105.0,175.0,-215.0,5.5,219.5
401705215,2025-01-28T00:00Z,2025-01-27,2025,2,CLE,DET,110.0,91.0,False,,ESPN BET,-10.5,-115.0,-105.0,234.5,-115.0,-105.0,-500.0,360.0,-9.5,232.5
401705216,2025-01-28T00:30Z,2025-01-27,2025,2,BOS,HOU,112.0,114.0,False,,ESPN BET,-5.5,-110.0,-110.0,221.5,-110.0,-110.0,-230.0,190.0,-6.5,221.5
401705217,2025-01-28T00:30Z,2025-01-27,2025,2,BKN,SAC,96.0,110.0,False,,ESPN BET,12.5,-110.0,-110.0,228.5,-110.0,-110.0,500.0,-800.0,10.5,223.5
401705218,2025-01-28T00:30Z,2025-01-27,2025,2,MIA,ORL,125.0,119.0,False,,ESPN BET,1.5,-110.0,-110.0,205.5,-105.0,-115.0,-105.0,-115.0,-1.5,207.5
401705219,2025-01-28T00:30Z,2025-01-27,2025,2,NY,MEM,143.0,106.0,False,,ESPN BET,-4.5,-105.0,-115.0,242.5,-110.0,-110.0,-170.0,140.0,-4.5,241.5
401705220,2025-01-28T00:30Z,2025-01-27,2025,2,TOR,NO,113.0,104.0,False,,ESPN BET,-0.5,-105.0,-115.0,232.5,-110.0,-110.0,-105.0,-115.0,-2.5,231.5
401705221,2025-01-28T01:00Z,2025-01-27,2025,2,CHI,DEN,129.0,121.0,False,,ESPN BET,9.5,-115.0,-105.0,247.5,-110.0,-110.0,315.0,-400.0,7.5,244.5
401705222,2025-01-28T01:00Z,2025-01-27,2025,2,MIN,ATL,100.0,92.0,False,,ESPN BET,-10.5,-110.0,-110.0,217.5,-115.0,-105.0,-500.0,375.0,-7.5,224.5
401705223,2025-01-28T01:30Z,2025-01-27,2025,2,DAL,WSH,130.0,108.0,False,,ESPN BET,-13.5,-105.0,-115.0,231.5,-115.0,-105.0,-1200.0,700.0,-11.5,232.5
401705224,2025-01-28T02:00Z,2025-01-27,2025,2,UTAH,MIL,110.0,125.0,False,,ESPN BET,8.5,-105.0,-115.0,239.5,-115.0,-105.0,300.0,-385.0,8.5,233.5
401705225,2025-01-28T02:30Z,2025-01-27,2025,2,PHX,LAC,111.0,109.0,False,,ESPN BET,-1.5,100.0,-120.0,224.5,-110.0,-110.0,-105.0,-115.0,1.5,222.5
401705226,2025-01-29T00:30Z,2025-01-28,2025,2,PHI,LAL,118.0,104.0,False,,ESPN BET,4.5,-110.0,-110.0,218.5,-115.0,-105.0,155.0,-190.0,3.5,219.5
401748705,2025-01-29T00:30Z,2025-01-28,2025,2,ATL,HOU,96.0,100.0,False,Rescheduled from Jan 11,ESPN BET,5.5,-120.0,100.0,227.5,-115.0,-105.0,160.0,-190.0,5.5,227.5
401705227,2025-01-29T03:00Z,2025-01-28,2025,2,GS,UTAH,114.0,103.0,False,,ESPN BET,-10.5,-110.0,-110.0,220.5,-115.0,-105.0,-470.0,350.0,-10.5,227.5
401705228,2025-01-29T03:00Z,2025-01-28,2025,2,POR,MIL,125.0,112.0,False,,ESPN BET,5.5,-110.0,-110.0,232.5,-110.0,-110.0,185.0,-220.0,6.5,230.5
401705229,2025-01-30T00:00Z,2025-01-29,2025,2,CHA,BKN,83.0,104.0,False,,ESPN BET,-1.5,-105.0,-115.0,205.5,-110.0,-110.0,-120.0,100.0,-3.5,206.5
401705230,2025-01-30T00:00Z,2025-01-29,2025,2,IND,DET,133.0,119.0,False,,ESPN BET,-5.5,-110.0,-110.0,232.5,-110.0,-110.0,-210.0,175.0,-5.5,229.5
401705231,2025-01-30T00:00Z,2025-01-29,2025,2,WSH,TOR,82.0,106.0,False,,ESPN BET,5.5,-105.0,-115.0,228.5,-110.0,-110.0,190.0,-225.0,6.5,230.5
401705232,2025-01-30T00:30Z,2025-01-29,2025,2,BOS,CHI,122.0,100.0,False,,ESPN BET,-14.5,-110.0,-110.0,230.5,-110.0,-110.0,-1600.0,800.0,-14.5,234.5
401705233,2025-01-30T00:30Z,2025-01-29,2025,2,MIA,CLE,106.0,126.0,False,,ESPN BET,5.5,-120.0,100.0,224.5,-110.0,-110.0,160.0,-190.0,7.5,228.5
401705234,2025-01-30T00:30Z,2025-01-29,2025,2,NY,DEN,122.0,112.0,False,,ESPN BET,-2.5,-115.0,-105.0,240.5,-115.0,-105.0,-145.0,120.0,-3.5,241.5
401705235,2025-01-30T00:30Z,2025-01-29,2025,2,PHI,SAC,117.0,104.0,False,,ESPN BET,8.5,-115.0,-105.0,233.5,-115.0,-115.0,270.0,-340.0,6.5,224.5
401705236,2025-01-30T01:00Z,2025-01-29,2025,2,NO,DAL,136.0,137.0,False,,ESPN BET,1.5,-120.0,100.0,232.5,-110.0,-110.0,-110.0,-110.0,2.5,230.5
401705237,2025-01-30T01:00Z,2025-01-29,2025,2,SA,LAC,116.0,128.0,False,,ESPN BET,3.5,-105.0,-115.0,222.5,-110.0,-110.0,145.0,-170.0,3.5,223.5
401705238,2025-01-30T02:00Z,2025-01-29,2025,2,PHX,MIN,113.0,121.0,False,,ESPN BET,-0.5,-115.0,-105.0,223.5,-110.0,-110.0,-115.0,-105.0,1.5,217.5
401705239,2025-01-30T03:00Z,2025-01-29,2025,2,GS,OKC,116.0,109.0,False,,ESPN BET,9.5,-110.0,-110.0,224.5,-115.0,-105.0,340.0,-450.0,10.5,226.5
401705240,2025-01-31T00:00Z,2025-01-30,2025,2,WSH,LAL,96.0,134.0,False,,ESPN BET,8.5,-110.0,-110.0,224.5,-110.0,-110.0,290.0,-370.0,6.5,226.5
401705241,2025-01-31T00:00Z,2025-01-30,2025,2,CLE,ATL,137.0,115.0,False,,ESPN BET,-11.5,-105.0,-115.0,241.5,-105.0,-115.0,-600.0,440.0,-9.5,238.5
401705243,2025-01-31T02:00Z,2025-01-30,2025,2,UTAH,MIN,113.0,138.0,False,,ESPN BET,5.5,-105.0,-115.0,224.5,-110.0,-110.0,195.0,-240.0,7.5,223.5
401705242,2025-01-31T02:30Z,2025-01-30,2025,2,MEM,HOU,120.0,119.0,False,,ESPN BET,-4.5,-105.0,-115.0,233.5,-115.0,-105.0,-175.0,145.0,-3.5,236.5
401705244,2025-01-31T03:00Z,2025-01-30,2025,2,POR,ORL,119.0,90.0,False,,ESPN BET,5.5,-110.0,-110.0,211.5,-110.0,-110.0,160.0,-190.0,5.5,210.5
401705245,2025-02-01T00:00Z,2025-01-31,2025,2,CHA,LAC,104.0,112.0,False,,ESPN BET,13.5,-110.0,-110.0,208.5,-110.0,-110.0,550.0,-900.0,14.5,214.5
401705246,2025-02-01T00:00Z,2025-01-31,2025,2,DET,DAL,117.0,102.0,False,,ESPN BET,1.5,-115.0,-105.0,229.5,-110.0,-110.0,100.0,-120.0,1.5,230.5
401705247,2025-02-01T00:30Z,2025-01-31,2025,2,PHI,DEN,134.0,137.0,False,,ESPN BET,9.5,-110.0,-110.0,234.5,-110.0,-110.0,320.0,-425.0,8.5,232.5
401705248,2025-02-01T00:30Z,2025-01-31,2025,2,TOR,CHI,106.0,122.0,False,,ESPN BET,-4.5,-105.0,-115.0,233.5,-110.0,-110.0,-170.0,140.0,-2.5,231.5
401705249,2025-02-01T01:00Z,2025-01-31,2025,2,NO,BOS,116.0,118.0,False,,ESPN BET,11.5,-110.0,-110.0,230.5,-115.0,-105.0,475.0,-750.0,10.5,230.5
401705250,2025-02-01T01:00Z,2025-01-31,2025,2,SA,MIL,144.0,118.0,False,,ESPN BET,2.5,-105.0,-115.0,236.5,-115.0,-105.0,120.0,-145.0,3.5,230.5
401705251,2025-02-01T03:00Z,2025-01-31,2025,2,GS,PHX,105.0,130.0,False,,ESPN BET,2.5,100.0,-120.0,229.5,-115.0,-105.0,120.0,-145.0,-1.5,226.5
401705252,2025-02-01T22:00Z,2025-02-01,2025,2,IND,ATL,132.0,127.0,False,,ESPN BET,-9.5,-105.0,-115.0,242.5,-110.0,-110.0,-400.0,310.0,-6.5,237.5
401705253,2025-02-01T22:00Z,2025-02-01,2025,2,UTAH,ORL,113.0,99.0,False,,ESPN BET,3.5,-105.0,-115.0,217.5,-105.0,-115.0,150.0,-180.0,5.5,214.5
401705254,2025-02-02T00:00Z,2025-02-01,2025,2,CHA,DEN,104.0,107.0,False,,ESPN BET,12.5,100.0,-120.0,226.5,-115.0,-105.0,550.0,-800.0,14.5,222.5
401705255,2025-02-02T01:00Z,2025-02-01,2025,2,HOU,BKN,98.0,110.0,False,,ESPN BET,-12.5,-115.0,-105.0,209.5,-115.0,-105.0,-850.0,575.0,-14.5,217.5
401705256,2025-02-02T01:00Z,2025-02-01,2025,2,MIN,WSH,103.0,105.0,False,,ESPN BET,-11.5,-110.0,-110.0,217.5,-110.0,-110.0,-650.0,475.0,-16.5,222.5
401705257,2025-02-02T01:00Z,2025-02-01,2025,2,OKC,SAC,144.0,110.0,False,,ESPN BET,-7.5,-105.0,-115.0,236.5,-115.0,-105.0,-275.0,225.0,-9.5,232.5
401705258,2025-02-02T01:30Z,2025-02-01,2025,2,NY,LAL,112.0,128.0,False,,ESPN BET,-10.5,-105.0,-115.0,225.5,-115.0,-105.0,-550.0,380.0,-9.5,226.5
401705259,2025-02-02T01:30Z,2025-02-01,2025,2,SA,MIA,103.0,105.0,False,,ESPN BET,2.5,-105.0,-115.0,223.5,-115.0,-105.0,125.0,-150.0,-1.5,224.5
401705260,2025-02-02T03:00Z,2025-02-01,2025,2,POR,PHX,127.0,108.0,False,,ESPN BET,4.5,-105.0,-115.0,226.5,-115.0,-105.0,165.0,-200.0,3.5,226.5
401705261,2025-02-02T20:00Z,2025-02-02,2025,2,DET,CHI,127.0,119.0,False,,ESPN BET,-5.5,-115.0,-105.0,233.5,-105.0,-115.0,-230.0,190.0,-4.5,234.5
401705262,2025-02-02T20:30Z,2025-02-02,2025,2,CLE,DAL,144.0,101.0,False,,ESPN BET,-15.5,-105.0,-115.0,235.5,-115.0,-105.0,-1200.0,750.0,-11.5,236.5
401705263,2025-02-02T20:30Z,2025-02-02,2025,2,TOR,LAC,115.0,108.0,False,,ESPN BET,5.5,-105.0,-115.0,219.5,-110.0,-110.0,175.0,-210.0,5.5,221.5
401705264,2025-02-02T23:00Z,2025-02-02,2025,2,PHI,BOS,110.0,118.0,False,,ESPN BET,12.5,-115.0,-105.0,224.5,-105.0,-115.0,450.0,-700.0,10.5,220.5
401705265,2025-02-03T01:30Z,2025-02-02,2025,2,MIL,MEM,119.0,132.0,False,,ESPN BET,-3.5,-115.0,-105.0,247.5,-115.0,-105.0,-170.0,140.0,-4.5,240.5
401705266,2025-02-04T00:00Z,2025-02-03,2025,2,CHA,WSH,114.0,124.0,False,,ESPN BET,-4.5,-110.0,-110.0,216.5,-110.0,-110.0,-180.0,150.0,-4.5,218.5
401705267,2025-02-04T00:00Z,2025-02-03,2025,2,DET,ATL,130.0,132.0,False,,ESPN BET,-4.5,-115.0,-105.0,236.5,-110.0,-110.0,-190.0,160.0,-3.5,236.5
401705268,2025-02-04T00:30Z,2025-02-03,2025,2,NY,HOU,124.0,118.0,False,,ESPN BET,-7.5,-110.0,-110.0,224.5,-110.0,-110.0,-285.0,230.0,-5.5,222.5
401705270,2025-02-04T01:00Z,2025-02-03,2025,2,MIN,SAC,114.0,116.0,False,,ESPN BET,-4.5,-110.0,-110.0,221.5,-110.0,-110.0,-190.0,160.0,-1.5,223.5
401705271,2025-02-04T01:00Z,2025-02-03,2025,2,OKC,MIL,125.0,96.0,False,,ESPN BET,-17.5,-110.0,-110.0,226.5,-110.0,-110.0,-1800.0,900.0,-9.5,233.5
401705269,2025-02-04T01:50Z,2025-02-03,2025,2,MEM,SA,128.0,109.0,False,,ESPN BET,-4.5,-105.0,-115.0,241.5,-110.0,-110.0,-160.0,135.0,-5.5,242.5
401705272,2025-02-04T02:00Z,2025-02-03,2025,2,DEN,NO,125.0,113.0,False,,ESPN BET,-9.5,-105.0,-115.0,241.5,-110.0,-110.0,-415.0,320.0,-13.5,235.5
401705273,2025-02-04T02:00Z,2025-02-03,2025,2,UTAH,IND,111.0,112.0,False,,ESPN BET,6.5,-110.0,-110.0,242.5,-115.0,-105.0,200.0,-245.0,6.5,237.5
401705274,2025-02-04T03:00Z,2025-02-03,2025,2,GS,ORL,104.0,99.0,False,,ESPN BET,-3.5,-105.0,-115.0,209.5,-105.0,-115.0,-170.0,140.0,-2.5,215.5
401705275,2025-02-04T03:00Z,2025-02-03,2025,2,POR,PHX,121.0,119.0,False,,ESPN BET,4.5,100.0,-120.0,229.5,-105.0,-115.0,170.0,-200.0,4.5,230.5
401705278,2025-02-05T00:00Z,2025-02-04,2025,2,PHI,DAL,118.0,116.0,False,,ESPN BET,-3.5,-115.0,-105.0,227.5,-110.0,-110.0,-175.0,145.0,-1.5,225.5
401705276,2025-02-05T00:30Z,2025-02-04,2025,2,CLE,BOS,105.0,112.0,False,,ESPN BET,-1.5,-105.0,-115.0,236.5,-115.0,-105.0,-120.0,100.0,-2.5,235.5
401705277,2025-02-05T00:30Z,2025-02-04,2025,2,BKN,HOU,99.0,97.0,False,,ESPN BET,8.5,100.0,-120.0,213.5,-105.0,-115.0,315.0,-400.0,9.5,208.5
401705279,2025-02-05T00:30Z,2025-02-04,2025,2,TOR,NY,115.0,121.0,False,,ESPN BET,5.5,-105.0,-115.0,227.5,-110.0,-110.0,185.0,-220.0,6.5,230.5
401705280,2025-02-05T01:00Z,2025-02-04,2025,2,CHI,MIA,133.0,124.0,False,,ESPN BET,3.5,-110.0,-110.0,228.5,-110.0,-110.0,135.0,-160.0,3.5,228.5
401705281,2025-02-05T03:00Z,2025-02-04,2025,2,LAC,LAL,97.0,122.0,False,,ESPN BET,-8.5,-110.0,-110.0,222.5,-105.0,-115.0,-360.0,280.0,-6.5,217.5
401705282,2025-02-05T03:00Z,2025-02-04,2025,2,POR,IND,112.0,89.0,False,,ESPN BET,5.5,-115.0,-105.0,232.5,-115.0,-105.0,170.0,-205.0,4.5,231.5
401705283,2025-02-06T00:00Z,2025-02-05,2025,2,CHA,MIL,102.0,112.0,False,,ESPN BET,8.5,100.0,-120.0,222.5,-110.0,-110.0,400.0,-525.0,8.5,217.5
401705284,2025-02-06T00:00Z,2025-02-05,2025,2,DET,CLE,115.0,118.0,False,,ESPN BET,3.5,-105.0,-115.0,234.5,-110.0,-110.0,140.0,-165.0,5.5,235.5
401705285,2025-02-06T00:00Z,2025-02-05,2025,2,ATL,SA,125.0,126.0,False,,ESPN BET,4.5,-110.0,-110.0,243.5,-115.0,-105.0,150.0,-175.0,3.5,240.5
401705286,2025-02-06T00:30Z,2025-02-05,2025,2,BKN,WSH,102.0,119.0,False,,ESPN BET,-5.5,-115.0,-105.0,216.5,-110.0,-110.0,-220.0,180.0,-1.5,217.5
401705287,2025-02-06T00:30Z,2025-02-05,2025,2,PHI,MIA,101.0,108.0,False,,ESPN BET,-1.5,-115.0,-105.0,220.5,-110.0,-110.0,-130.0,110.0,1.5,215.5
401705288,2025-02-06T00:30Z,2025-02-05,2025,2,TOR,MEM,107.0,138.0,False,,ESPN BET,9.5,100.0,-120.0,235.5,-115.0,-105.0,370.0,-480.0,6.5,243.5
401705289,2025-02-06T01:00Z,2025-02-05,2025,2,MIN,CHI,127.0,108.0,False,,ESPN BET,-10.5,-115.0,-105.0,226.5,-110.0,-110.0,-650.0,425.0,-11.5,225.5
401705291,2025-02-06T02:00Z,2025-02-05,2025,2,UTAH,GS,131.0,128.0,False,,ESPN BET,6.5,-110.0,-110.0,222.5,-115.0,-105.0,200.0,-250.0,6.5,231.5
401705292,2025-02-06T02:00Z,2025-02-05,2025,2,DEN,NO,144.0,119.0,False,,ESPN BET,-11.5,-105.0,-115.0,239.5,-110.0,-110.0,-650.0,425.0,-9.5,239.5
401705290,2025-02-06T02:30Z,2025-02-05,2025,2,OKC,PHX,140.0,109.0,False,,ESPN BET,-12.5,-110.0,-110.0,229.5,-105.0,-115.0,-800.0,550.0,-13.5,224.5
401705293,2025-02-06T03:00Z,2025-02-05,2025,2,SAC,ORL,111.0,130.0,False,,ESPN BET,-3.5,-115.0,-105.0,218.5,-110.0,-110.0,-165.0,140.0,-5.5,217.5
401705294,2025-02-07T00:30Z,2025-02-06,2025,2,BOS,DAL,120.0,127.0,False,,ESPN BET,-12.5,100.0,-120.0,233.5,-115.0,-105.0,-700.0,500.0,-10.5,229.5
401705295,2025-02-07T01:00Z,2025-02-06,2025,2,MIN,HOU,127.0,114.0,False,,ESPN BET,-0.5,-115.0,-105.0,214.5,-110.0,-110.0,-120.0,100.0,-1.5,215.5
401705296,2025-02-07T02:00Z,2025-02-06,2025,2,DEN,ORL,112.0,90.0,False,,ESPN BET,-6.5,100.0,-120.0,216.5,-115.0,-105.0,-240.0,195.0,-9.5,220.5
401705297,2025-02-07T03:00Z,2025-02-06,2025,2,LAL,GS,120.0,112.0,False,,ESPN BET,-4.5,-115.0,-105.0,225.5,-115.0,-105.0,-180.0,150.0,-6.5,221.5
401705298,2025-02-07T03:00Z,2025-02-06,2025,2,POR,SAC,108.0,102.0,False,,ESPN BET,1.5,-110.0,-110.0,230.5,-115.0,-105.0,100.0,-120.0,2.5,230.5
401705299,2025-02-07T03:30Z,2025-02-06,2025,2,LAC,IND,112.0,119.0,False,,ESPN BET,-5.5,-105.0,-115.0,230.5,-110.0,-110.0,-210.0,175.0,-3.5,228.5
401705300,2025-02-08T00:00Z,2025-02-07,2025,2,CHA,SA,117.0,116.0,False,,ESPN BET,9.5,-110.0,-110.0,230.5,-110.0,-110.0,300.0,-400.0,11.5,224.5
401705301,2025-02-08T00:00Z,2025-02-07,2025,2,WSH,CLE,124.0,134.0,False,,ESPN BET,17.5,-110.0,-110.0,237.5,-115.0,-105.0,1200.0,-3000.0,16.5,233.5
401705302,2025-02-08T00:30Z,2025-02-07,2025,2,ATL,MIL,115.0,110.0,False,,ESPN BET,2.5,-105.0,-115.0,238.5,-105.0,-115.0,115.0,-140.0,5.5,237.5
401705303,2025-02-08T00:30Z,2025-02-07,2025,2,BKN,MIA,102.0,86.0,False,,ESPN BET,5.5,-115.0,-105.0,209.5,-110.0,-110.0,175.0,-210.0,7.5,209.5
401705304,2025-02-08T00:30Z,2025-02-07,2025,2,DET,PHI,125.0,112.0,False,,ESPN BET,6.5,-120.0,100.0,222.5,-105.0,-115.0,190.0,-230.0,2.5,224.5
401705305,2025-02-08T01:00Z,2025-02-07,2025,2,OKC,TOR,121.0,109.0,False,,ESPN BET,-18.5,-110.0,-110.0,229.5,-115.0,-105.0,-4000.0,1300.0,-18.5,228.5
401705306,2025-02-08T03:00Z,2025-02-07,2025,2,PHX,UTAH,135.0,127.0,False,,ESPN BET,-7.5,-105.0,-115.0,231.5,-115.0,-105.0,-280.0,230.0,-7.5,231.5
401705307,2025-02-08T20:00Z,2025-02-08,2025,2,DAL,HOU,116.0,105.0,False,,ESPN BET,-3.5,-105.0,-115.0,227.5,-110.0,-110.0,-150.0,130.0,-4.5,226.5
401705308,2025-02-08T21:00Z,2025-02-08,2025,2,LAL,IND,124.0,117.0,False,,ESPN BET,4.5,-110.0,-110.0,230.5,-110.0,-110.0,155.0,-185.0,-1.5,231.5
401705309,2025-02-09T00:00Z,2025-02-08,2025,2,ORL,SA,112.0,111.0,False,,ESPN BET,-2.5,-105.0,-115.0,217.5,-110.0,-110.0,-135.0,115.0,-1.5,220.5
401705310,2025-02-09T00:00Z,2025-02-08,2025,2,WSH,ATL,111.0,125.0,False,,ESPN BET,6.5,-110.0,-110.0,238.5,-110.0,-110.0,215.0,-260.0,5.5,242.5
401705311,2025-02-09T01:00Z,2025-02-08,2025,2,CHI,GS,111.0,132.0,False,,ESPN BET,6.5,-115.0,-105.0,239.5,-115.0,-105.0,205.0,-250.0,6.5,234.5
401705312,2025-02-09T01:00Z,2025-02-08,2025,2,MEM,OKC,112.0,125.0,False,,ESPN BET,1.5,-105.0,-115.0,244.5,-115.0,-105.0,105.0,-125.0,1.5,240.5
401705313,2025-02-09T01:00Z,2025-02-08,2025,2,MIN,POR,114.0,98.0,False,,ESPN BET,-3.5,-110.0,-110.0,212.5,-110.0,-110.0,-160.0,135.0,-5.5,217.5
401705314,2025-02-09T01:30Z,2025-02-08,2025,2,NY,BOS,104.0,131.0,False,,ESPN BET,2.5,-105.0,-115.0,230.5,-115.0,-105.0,125.0,-150.0,1.5,229.5
401705315,2025-02-09T02:00Z,2025-02-08,2025,2,PHX,DEN,105.0,122.0,False,,ESPN BET,6.5,-110.0,-110.0,233.5,-110.0,-110.0,205.0,-250.0,4.5,234.5
401705316,2025-02-09T03:00Z,2025-02-08,2025,2,SAC,NO,123.0,118.0,False,,ESPN BET,-8.5,-110.0,-110.0,239.5,-110.0,-110.0,-330.0,260.0,-7.5,237.5
401705317,2025-02-09T03:30Z,2025-02-08,2025,2,LAC,UTAH,130.0,110.0,False,,ESPN BET,-17.5,-115.0,-105.0,225.5,-110.0,-110.0,-1800.0,900.0,-13.5,223.5
401705318,2025-02-09T18:00Z,2025-02-09,2025,2,DET,CHA,112.0,102.0,False,,ESPN BET,-11.5,-120.0,100.0,219.5,-105.0,-115.0,-800.0,500.0,-9.5,222.5
401705319,2025-02-09T19:00Z,2025-02-09,2025,2,HOU,TOR,94.0,87.0,False,,ESPN BET,-8.5,-105.0,-115.0,222.5,-110.0,-110.0,-360.0,280.0,-9.5,224.5
401705320,2025-02-09T19:00Z,2025-02-09,2025,2,MIL,PHI,135.0,127.0,False,,ESPN BET,3.5,-105.0,-115.0,228.5,-115.0,-105.0,140.0,-165.0,-2.5,225.5
401705321,2025-02-11T00:00Z,2025-02-10,2025,2,CLE,MIN,128.0,107.0,False,,ESPN BET,-7.5,-115.0,-105.0,229.5,-115.0,-105.0,-370.0,285.0,-6.5,227.5
401705322,2025-02-11T00:00Z,2025-02-10,2025,2,ORL,ATL,106.0,112.0,False,,ESPN BET,-6.5,100.0,-120.0,220.5,-105.0,-115.0,-240.0,195.0,-5.5,220.5
401705323,2025-02-11T00:00Z,2025-02-10,2025,2,WSH,SA,121.0,131.0,False,,ESPN BET,10.5,-110.0,-110.0,237.5,-115.0,-105.0,450.0,-700.0,11.5,234.5
401705324,2025-02-11T00:30Z,2025-02-10,2025,2,BKN,CHA,97.0,89.0,False,,ESPN BET,-4.5,-115.0,-105.0,211.5,-115.0,-105.0,-185.0,155.0,-4.5,220.5
401705325,2025-02-11T00:30Z,2025-02-10,2025,2,MIA,BOS,85.0,103.0,False,,ESPN BET,8.5,-110.0,-110.0,210.5,-115.0,-105.0,250.0,-320.0,6.5,220.5
401705326,2025-02-11T01:00Z,2025-02-10,2025,2,MIL,GS,111.0,125.0,False,,ESPN BET,7.5,-115.0,-105.0,230.5,-115.0,-105.0,220.0,-270.0,6.5,232.5
401705327,2025-02-11T01:00Z,2025-02-10,2025,2,OKC,NO,137.0,101.0,False,,ESPN BET,-17.5,-105.0,-115.0,231.5,-105.0,-115.0,-1600.0,900.0,-14.5,234.5
401705328,2025-02-11T01:30Z,2025-02-10,2025,2,DAL,SAC,128.0,129.0,False,,ESPN BET,1.5,-110.0,-110.0,238.5,-115.0,-105.0,-105.0,-115.0,-1.5,235.5
401705329,2025-02-11T02:00Z,2025-02-10,2025,2,DEN,POR,146.0,117.0,False,,ESPN BET,-9.5,100.0,-120.0,230.5,-105.0,-115.0,-425.0,330.0,-7.5,233.5
401705334,2025-02-11T03:30Z,2025-02-10,2025,2,LAL,UTAH,132.0,113.0,False,,ESPN BET,-12.5,-110.0,-110.0,235.5,-110.0,-110.0,-700.0,500.0,-13.5,231.5
401705330,2025-02-12T00:00Z,2025-02-11,2025,2,PHI,TOR,103.0,106.0,False,,ESPN BET,-10.5,-115.0,-105.0,225.5,-115.0,-105.0,-600.0,400.0,-7.5,225.5
401705331,2025-02-12T00:30Z,2025-02-11,2025,2,IND,NY,115.0,128.0,False,,ESPN BET,2.5,-115.0,-105.0,241.5,-110.0,-110.0,110.0,-130.0,1.5,234.5
401705332,2025-02-12T01:00Z,2025-02-11,2025,2,CHI,DET,92.0,132.0,False,,ESPN BET,5.5,-120.0,100.0,237.5,-105.0,-115.0,165.0,-195.0,3.5,236.5
401705333,2025-02-12T03:00Z,2025-02-11,2025,2,PHX,MEM,112.0,119.0,False,,ESPN BET,3.5,-115.0,-105.0,246.5,-115.0,-105.0,135.0,-155.0,1.5,237.5
401705335,2025-02-13T00:00Z,2025-02-12,2025,2,BOS,SA,116.0,103.0,False,,ESPN BET,-7.5,-115.0,-105.0,229.5,-115.0,-105.0,-315.0,250.0,-8.5,231.5
401705336,2025-02-13T00:00Z,2025-02-12,2025,2,ORL,CHA,102.0,86.0,False,,ESPN BET,-12.5,-115.0,-105.0,203.5,-110.0,-110.0,-800.0,550.0,-11.5,207.5
401705337,2025-02-13T00:00Z,2025-02-12,2025,2,WSH,IND,130.0,134.0,False,,ESPN BET,9.5,-105.0,-115.0,242.5,-110.0,-110.0,360.0,-500.0,9.5,239.5
401705338,2025-02-13T00:30Z,2025-02-12,2025,2,BKN,PHI,100.0,96.0,False,,ESPN BET,-1.5,-110.0,-110.0,209.5,-115.0,-105.0,-125.0,105.0,1.5,212.5
401705339,2025-02-13T00:30Z,2025-02-12,2025,2,NY,ATL,149.0,148.0,False,,ESPN BET,-8.5,-105.0,-115.0,242.5,-110.0,-110.0,-330.0,260.0,-7.5,241.5
401705340,2025-02-13T00:30Z,2025-02-12,2025,2,TOR,CLE,108.0,131.0,False,,ESPN BET,12.5,-110.0,-110.0,236.5,-115.0,-105.0,550.0,-800.0,13.5,235.5
401705341,2025-02-13T01:00Z,2025-02-12,2025,2,CHI,DET,110.0,128.0,False,,ESPN BET,6.5,-120.0,100.0,237.5,-105.0,-115.0,190.0,-225.0,6.5,237.5
401705342,2025-02-13T01:00Z,2025-02-12,2025,2,MIN,MIL,101.0,103.0,False,,ESPN BET,-9.5,-110.0,-110.0,218.5,-110.0,-110.0,-425.0,330.0,-6.5,225.5
401705343,2025-02-13T01:00Z,2025-02-12,2025,2,NO,SAC,111.0,119.0,False,,ESPN BET,5.5,100.0,-120.0,238.5,-115.0,-105.0,180.0,-220.0,4.5,238.5
401705344,2025-02-13T01:00Z,2025-02-12,2025,2,OKC,MIA,115.0,101.0,False,,ESPN BET,-13.5,-115.0,-105.0,221.5,-110.0,-110.0,-800.0,550.0,-12.5,219.5
401705345,2025-02-13T01:30Z,2025-02-12,2025,2,HOU,PHX,119.0,111.0,False,,ESPN BET,-9.5,-110.0,-110.0,219.5,-105.0,-115.0,-400.0,315.0,-5.5,223.5
401705346,2025-02-13T02:00Z,2025-02-12,2025,2,DEN,POR,132.0,121.0,False,,ESPN BET,-8.5,-110.0,-110.0,231.5,-110.0,-110.0,-425.0,330.0,-11.5,231.5
401705347,2025-02-13T02:00Z,2025-02-12,2025,2,UTAH,LAL,131.0,119.0,False,,ESPN BET,9.5,-115.0,-105.0,236.5,-115.0,-105.0,320.0,-400.0,7.5,237.5
401705348,2025-02-13T02:30Z,2025-02-12,2025,2,DAL,GS,111.0,107.0,False,,ESPN BET,7.5,-105.0,-115.0,235.5,-110.0,-110.0,260.0,-330.0,4.5,233.5
401705349,2025-02-13T03:30Z,2025-02-12,2025,2,LAC,MEM,128.0,114.0,False,,ESPN BET,-6.5,-110.0,-110.0,235.5,-110.0,-110.0,-240.0,200.0,-3.5,235.5
401705350,2025-02-14T01:00Z,2025-02-13,2025,2,HOU,GS,98.0,105.0,False,,ESPN BET,1.5,-105.0,-115.0,226.5,-110.0,-110.0,-105.0,-115.0,-1.5,220.5
401705351,2025-02-14T01:00Z,2025-02-13,2025,2,NO,SAC,140.0,133.0,False,,ESPN BET,7.5,-105.0,-115.0,235.5,-115.0,-105.0,270.0,-340.0,6.5,236.5
401705352,2025-02-14T01:30Z,2025-02-13,2025,2,DAL,MIA,118.0,113.0,False,,ESPN BET,2.5,-110.0,-110.0,218.5,-115.0,-105.0,125.0,-150.0,1.5,222.5
401705353,2025-02-14T01:30Z,2025-02-13,2025,2,MIN,OKC,116.0,101.0,False,,ESPN BET,9.5,-110.0,-110.0,228.5,-110.0,-110.0,340.0,-450.0,4.5,220.5
401705570,2025-02-14T02:00Z,2025-02-13,2025,2,UTAH,LAC,116.0,120.0,False,,ESPN BET,9.5,-105.0,-115.0,230.5,-110.0,-110.0,325.0,-425.0,7.5,224.5
401748704,2025-02-20T03:00Z,2025-02-19,2025,2,LAL,CHA,97.0,100.0,False,Rescheduled from Jan 9,ESPN BET,-13.5,100.0,-120.0,230.5,-110.0,-110.0,-800.0,500.0,-13.5,223.5
401705354,2025-02-21T00:00Z,2025-02-20,2025,2,IND,MEM,127.0,113.0,False,,ESPN BET,-0.5,-105.0,-115.0,250.5,-105.0,-115.0,-105.0,-115.0,1.5,249.5
401705355,2025-02-21T00:00Z,2025-02-20,2025,2,PHI,BOS,104.0,124.0,False,,ESPN BET,6.5,-110.0,-110.0,225.5,-115.0,-105.0,210.0,-250.0,7.5,224.5
401705356,2025-02-21T00:30Z,2025-02-20,2025,2,ATL,ORL,108.0,114.0,False,,ESPN BET,1.5,-105.0,-115.0,222.5,-110.0,-110.0,105.0,-125.0,1.5,221.5
401705357,2025-02-21T00:30Z,2025-02-20,2025,2,BKN,CLE,97.0,110.0,False,,ESPN BET,12.5,-115.0,-105.0,225.5,-110.0,-110.0,475.0,-750.0,13.5,222.5
401705358,2025-02-21T00:30Z,2025-02-20,2025,2,NY,CHI,113.0,111.0,False,,ESPN BET,-10.5,-105.0,-115.0,244.5,-110.0,-110.0,-450.0,340.0,-13.5,244.5
401705359,2025-02-21T01:00Z,2025-02-20,2025,2,MIL,LAC,116.0,110.0,False,,ESPN BET,1.5,-105.0,-115.0,227.5,-105.0,-115.0,105.0,-125.0,-1.5,225.5
401705360,2025-02-21T02:00Z,2025-02-20,2025,2,DEN,CHA,129.0,115.0,False,,ESPN BET,-18.5,-105.0,-115.0,227.5,-110.0,-110.0,-1600.0,800.0,-14.5,227.5
401705361,2025-02-21T02:30Z,2025-02-20,2025,2,SA,PHX,120.0,109.0,False,,ESPN BET,2.5,-105.0,-115.0,238.5,-105.0,-115.0,125.0,-145.0,-2.5,229.5
401705362,2025-02-21T03:00Z,2025-02-20,2025,2,POR,LAL,102.0,110.0,False,,ESPN BET,1.5,-105.0,-115.0,225.5,-110.0,-110.0,105.0,-125.0,4.5,225.5
401705363,2025-02-22T00:00Z,2025-02-21,2025,2,CLE,NY,142.0,105.0,False,,ESPN BET,-7.5,-110.0,-110.0,241.5,-110.0,-110.0,-285.0,230.0,-7.5,240.5
401705364,2025-02-22T00:00Z,2025-02-21,2025,2,ORL,MEM,104.0,105.0,False,,ESPN BET,1.5,-105.0,-115.0,225.5,-115.0,-105.0,110.0,-130.0,2.5,223.5
401705365,2025-02-22T00:00Z,2025-02-21,2025,2,WSH,MIL,101.0,104.0,False,,ESPN BET,5.5,-110.0,-110.0,230.5,-110.0,-110.0,175.0,-215.0,7.5,228.5
401705366,2025-02-22T00:30Z,2025-02-21,2025,2,TOR,MIA,111.0,120.0,False,,ESPN BET,3.5,-110.0,-110.0,218.5,-110.0,-110.0,140.0,-165.0,3.5,220.5
401705368,2025-02-22T01:30Z,2025-02-21,2025,2,SA,DET,110.0,125.0,False,,ESPN BET,4.5,-105.0,-115.0,234.5,-115.0,-105.0,150.0,-180.0,4.5,231.5
401705369,2025-02-22T01:30Z,2025-02-21,2025,2,DAL,NO,111.0,103.0,False,,ESPN BET,-5.5,-115.0,-105.0,235.5,-110.0,-110.0,-240.0,195.0,-5.5,235.5
401705367,2025-02-22T02:30Z,2025-02-21,2025,2,HOU,MIN,121.0,115.0,False,,ESPN BET,-4.5,-105.0,-115.0,222.5,-110.0,-110.0,-170.0,140.0,-3.5,215.5
401705370,2025-02-22T02:30Z,2025-02-21,2025,2,UTAH,OKC,107.0,130.0,False,,ESPN BET,15.5,-110.0,-110.0,233.5,-110.0,-110.0,800.0,-1600.0,15.5,235.5
401705371,2025-02-22T03:00Z,2025-02-21,2025,2,SAC,GS,108.0,132.0,False,,ESPN BET,2.5,-115.0,-105.0,236.5,-115.0,-105.0,105.0,-125.0,1.5,234.5
401705372,2025-02-22T22:00Z,2025-02-22,2025,2,CHI,PHX,117.0,121.0,False,,ESPN BET,5.5,-115.0,-105.0,240.5,-110.0,-110.0,165.0,-200.0,3.5,239.5
401705373,2025-02-23T00:30Z,2025-02-22,2025,2,PHI,BKN,103.0,105.0,False,,ESPN BET,-11.5,-105.0,-115.0,212.5,-110.0,-110.0,-650.0,425.0,-9.5,213.5
401705374,2025-02-23T01:30Z,2025-02-22,2025,2,DEN,LAL,100.0,123.0,False,,ESPN BET,-6.5,-105.0,-115.0,243.5,-110.0,-110.0,-240.0,195.0,-6.5,239.5
401705375,2025-02-23T02:30Z,2025-02-22,2025,2,UTAH,HOU,124.0,115.0,False,,ESPN BET,8.5,-120.0,100.0,228.5,-110.0,-110.0,265.0,-330.0,8.5,228.5
401705376,2025-02-23T03:00Z,2025-02-22,2025,2,POR,CHA,141.0,88.0,False,,ESPN BET,-6.5,-105.0,-115.0,227.5,-110.0,-110.0,-225.0,190.0,-5.5,219.5
401705377,2025-02-23T18:00Z,2025-02-23,2025,2,BOS,NY,118.0,105.0,False,,ESPN BET,-7.5,-115.0,-105.0,231.5,-105.0,-115.0,-320.0,260.0,-8.5,231.5
401705378,2025-02-23T20:30Z,2025-02-23,2025,2,GS,DAL,126.0,102.0,False,,ESPN BET,-9.5,-105.0,-115.0,228.5,-115.0,-105.0,-400.0,300.0,-8.5,231.5
401705379,2025-02-23T22:00Z,2025-02-23,2025,2,IND,LAC,129.0,111.0,False,,ESPN BET,-3.5,-115.0,-105.0,226.5,-105.0,-115.0,-165.0,140.0,-3.5,231.5
401705380,2025-02-23T23:00Z,2025-02-23,2025,2,ATL,DET,143.0,148.0,False,,ESPN BET,1.5,-105.0,-115.0,238.5,-115.0,-105.0,110.0,-130.0,2.5,240.5
401705381,2025-02-23T23:00Z,2025-02-23,2025,2,ORL,WSH,110.0,90.0,False,,ESPN BET,-13.5,-105.0,-115.0,215.5,-110.0,-110.0,-900.0,550.0,-12.5,216.5
401705382,2025-02-23T23:00Z,2025-02-23,2025,2,TOR,PHX,127.0,109.0,False,,ESPN BET,2.5,-110.0,-110.0,229.5,-115.0,-105.0,125.0,-145.0,-1.5,228.5
401705383,2025-02-23T23:00Z,2025-02-23,2025,2,MIL,MIA,120.0,113.0,False,,ESPN BET,-3.5,-115.0,-105.0,220.5,-115.0,-105.0,-175.0,150.0,-4.5,223.5
401705384,2025-02-24T00:00Z,2025-02-23,2025,2,NO,SA,114.0,96.0,False,,ESPN BET,-2.5,-105.0,-115.0,242.5,-105.0,-115.0,-130.0,110.0,-1.5,239.5
401705385,2025-02-24T00:00Z,2025-02-23,2025,2,CLE,MEM,129.0,123.0,False,,ESPN BET,-5.5,-120.0,100.0,247.5,-110.0,-110.0,-215.0,180.0,-5.5,248.5
401705386,2025-02-24T02:50Z,2025-02-23,2025,2,MIN,OKC,123.0,130.0,False,,ESPN BET,8.5,-105.0,-115.0,227.5,-115.0,-105.0,280.0,-360.0,7.5,225.5
401705387,2025-02-25T00:00Z,2025-02-24,2025,2,DET,LAC,106.0,97.0,False,,ESPN BET,-2.5,-115.0,-105.0,220.5,-115.0,-105.0,-150.0,125.0,-1.5,223.5
401705388,2025-02-25T00:00Z,2025-02-24,2025,2,IND,DEN,116.0,125.0,False,,ESPN BET,3.5,-110.0,-110.0,245.5,-115.0,-105.0,135.0,-160.0,3.5,245.5
401705389,2025-02-25T00:00Z,2025-02-24,2025,2,PHI,CHI,110.0,142.0,False,,ESPN BET,-5.5,-120.0,100.0,233.5,-110.0,-110.0,-240.0,200.0,-2.5,227.5
401705390,2025-02-25T00:00Z,2025-02-24,2025,2,WSH,BKN,107.0,99.0,False,,ESPN BET,1.5,100.0,-120.0,218.5,-110.0,-110.0,120.0,-140.0,2.5,213.5
401705391,2025-02-25T00:30Z,2025-02-24,2025,2,ATL,MIA,98.0,86.0,False,,ESPN BET,-2.5,-105.0,-115.0,232.5,-115.0,-105.0,-135.0,115.0,1.5,225.5
401705392,2025-02-25T01:00Z,2025-02-24,2025,2,OKC,MIN,128.0,131.0,False,,ESPN BET,-12.5,100.0,-120.0,227.5,-105.0,-115.0,-650.0,450.0,-12.5,225.5
401705393,2025-02-25T02:00Z,2025-02-24,2025,2,UTAH,POR,112.0,114.0,False,,ESPN BET,7.5,-110.0,-110.0,232.5,-110.0,-110.0,240.0,-300.0,1.5,231.5
401705394,2025-02-25T03:00Z,2025-02-24,2025,2,SAC,CHA,130.0,88.0,False,,ESPN BET,-10.5,-115.0,-105.0,232.5,-115.0,-105.0,-550.0,400.0,-10.5,229.5
401705395,2025-02-26T00:00Z,2025-02-25,2025,2,TOR,BOS,101.0,111.0,False,,ESPN BET,10.5,100.0,-120.0,226.5,-105.0,-115.0,425.0,-650.0,10.5,227.5
401705396,2025-02-26T00:30Z,2025-02-25,2025,2,ORL,CLE,82.0,122.0,False,,ESPN BET,6.5,-120.0,100.0,217.5,-115.0,-105.0,200.0,-250.0,5.5,224.5
401705397,2025-02-26T01:00Z,2025-02-25,2025,2,HOU,MIL,100.0,97.0,False,,ESPN BET,-2.5,-120.0,100.0,228.5,-110.0,-110.0,-140.0,120.0,-3.5,227.5
401705398,2025-02-26T01:00Z,2025-02-25,2025,2,MEM,PHX,151.0,148.0,False,,ESPN BET,-6.5,-115.0,-105.0,245.5,-110.0,-110.0,-275.0,225.0,-7.5,244.5
401705399,2025-02-26T01:00Z,2025-02-25,2025,2,NO,SA,109.0,103.0,False,,ESPN BET,-2.5,-110.0,-110.0,239.5,-115.0,-105.0,-135.0,115.0,-2.5,237.5
401705400,2025-02-26T03:00Z,2025-02-25,2025,2,GS,CHA,128.0,92.0,False,,ESPN BET,-17.5,-115.0,-105.0,217.5,-110.0,-110.0,-1600.0,800.0,-15.5,223.5
401705401,2025-02-26T03:00Z,2025-02-25,2025,2,LAL,DAL,107.0,99.0,False,,ESPN BET,-8.5,-115.0,-105.0,231.5,-105.0,-115.0,-400.0,300.0,-5.5,226.5
401705402,2025-02-27T00:00Z,2025-02-26,2025,2,DET,BOS,117.0,97.0,False,,ESPN BET,4.5,-105.0,-115.0,224.5,-110.0,-110.0,160.0,-190.0,3.5,225.5
401705403,2025-02-27T00:00Z,2025-02-26,2025,2,IND,TOR,111.0,91.0,False,,ESPN BET,-11.5,-115.0,-105.0,233.5,-105.0,-115.0,-650.0,425.0,-9.5,238.5
401705404,2025-02-27T00:00Z,2025-02-26,2025,2,NY,PHI,110.0,105.0,False,,ESPN BET,-8.5,-110.0,-110.0,227.5,-110.0,-110.0,-320.0,260.0,-9.5,232.5
401705405,2025-02-27T00:00Z,2025-02-26,2025,2,WSH,POR,121.0,129.0,False,,ESPN BET,6.5,-115.0,-105.0,232.5,-110.0,-110.0,200.0,-240.0,5.5,228.5
401705406,2025-02-27T00:30Z,2025-02-26,2025,2,BKN,OKC,121.0,129.0,False,,ESPN BET,16.5,-105.0,-115.0,217.5,-110.0,-110.0,1000.0,-2000.0,16.5,215.5
401705407,2025-02-27T00:30Z,2025-02-26,2025,2,MIA,ATL,131.0,109.0,False,,ESPN BET,-3.5,100.0,-120.0,228.5,-110.0,-110.0,-155.0,130.0,-1.5,229.5
401705408,2025-02-27T01:00Z,2025-02-26,2025,2,CHI,LAC,117.0,122.0,False,,ESPN BET,9.5,-115.0,-105.0,229.5,-110.0,-110.0,300.0,-400.0,7.5,229.5
401705409,2025-02-27T02:00Z,2025-02-26,2025,2,UTAH,SAC,101.0,118.0,False,,ESPN BET,9.5,-115.0,-105.0,236.5,-110.0,-110.0,320.0,-425.0,8.5,235.5
401705410,2025-02-27T02:50Z,2025-02-26,2025,2,HOU,SA,118.0,106.0,False,,ESPN BET,-7.5,-105.0,-115.0,227.5,-115.0,-105.0,-300.0,240.0,-8.5,224.5
401705411,2025-02-28T00:00Z,2025-02-27,2025,2,ORL,GS,115.0,121.0,False,,ESPN BET,4.5,-105.0,-115.0,212.5,-110.0,-110.0,165.0,-195.0,5.5,210.5
401705412,2025-02-28T01:00Z,2025-02-27,2025,2,MIL,DEN,121.0,112.0,False,,ESPN BET,3.5,-110.0,-110.0,241.5,-105.0,-115.0,130.0,-155.0,3.5,240.5
401705413,2025-02-28T01:30Z,2025-02-27,2025,2,DAL,CHA,103.0,96.0,False,,ESPN BET,-10.5,-110.0,-110.0,219.5,-110.0,-110.0,-550.0,400.0,-10.5,223.5
401705414,2025-02-28T02:00Z,2025-02-27,2025,2,PHX,NO,116.0,124.0,False,,ESPN BET,-6.5,-115.0,-105.0,236.5,-115.0,-105.0,-270.0,220.0,-7.5,235.5
401705415,2025-02-28T03:30Z,2025-02-27,2025,2,LAL,MIN,111.0,102.0,False,,ESPN BET,-5.5,-120.0,100.0,228.5,-105.0,-115.0,-230.0,190.0,-4.5,223.5
401705416,2025-03-01T00:00Z,2025-02-28,2025,2,DET,DEN,119.0,134.0,False,,ESPN BET,-2.5,-105.0,-115.0,240.5,-110.0,-110.0,-130.0,110.0,1.5,236.5
401705417,2025-03-01T00:30Z,2025-02-28,2025,2,ATL,OKC,119.0,135.0,False,,ESPN BET,10.5,100.0,-120.0,246.5,-110.0,-110.0,425.0,-575.0,12.5,241.5
401705418,2025-03-01T00:30Z,2025-02-28,2025,2,BOS,CLE,116.0,123.0,False,,ESPN BET,-0.5,-115.0,-105.0,232.5,-115.0,-105.0,-115.0,-105.0,-2.5,232.5
401705419,2025-03-01T00:30Z,2025-02-28,2025,2,BKN,POR,102.0,121.0,False,,ESPN BET,1.5,-110.0,-110.0,220.5,-115.0,-105.0,105.0,-125.0,1.5,218.5
401705420,2025-03-01T01:00Z,2025-02-28,2025,2,MIA,IND,125.0,120.0,False,,ESPN BET,2.5,-115.0,-105.0,223.5,-105.0,-115.0,125.0,-150.0,3.5,226.5
401705421,2025-03-01T01:00Z,2025-02-28,2025,2,CHI,TOR,125.0,115.0,False,,ESPN BET,-1.5,-105.0,-115.0,233.5,-110.0,-110.0,-120.0,100.0,-1.5,234.5
401705422,2025-03-01T01:00Z,2025-02-28,2025,2,MEM,NY,113.0,114.0,False,,ESPN BET,-2.5,-110.0,-110.0,244.5,-110.0,-110.0,-145.0,120.0,-2.5,244.5
401705423,2025-03-01T02:00Z,2025-02-28,2025,2,PHX,NO,125.0,108.0,False,,ESPN BET,-9.5,-105.0,-115.0,227.5,-105.0,-115.0,-360.0,280.0,-5.5,237.5
401705424,2025-03-01T02:30Z,2025-02-28,2025,2,UTAH,MIN,117.0,116.0,False,,ESPN BET,3.5,-115.0,-105.0,227.5,-110.0,-110.0,150.0,-180.0,4.5,225.5
401705425,2025-03-01T03:00Z,2025-02-28,2025,2,LAL,LAC,106.0,102.0,False,,ESPN BET,-0.5,-110.0,-110.0,220.5,-110.0,-110.0,-130.0,110.0,-1.5,221.5
401705426,2025-03-01T23:00Z,2025-03-01,2025,2,CHA,WSH,100.0,113.0,False,,ESPN BET,-3.5,-115.0,-105.0,226.5,-115.0,-105.0,-175.0,145.0,-4.5,219.5
401705427,2025-03-02T00:00Z,2025-03-01,2025,2,DET,BKN,115.0,94.0,False,,ESPN BET,-12.5,-110.0,-110.0,214.5,-110.0,-110.0,-700.0,500.0,-9.5,218.5
401705428,2025-03-02T01:00Z,2025-03-01,2025,2,HOU,SAC,103.0,113.0,False,,ESPN BET,-3.5,-115.0,-105.0,229.5,-105.0,-115.0,-175.0,145.0,-3.5,228.5
401705429,2025-03-02T01:00Z,2025-03-01,2025,2,MEM,SA,128.0,130.0,False,,ESPN BET,-5.5,-115.0,-105.0,242.5,100.0,-120.0,-210.0,175.0,-11.5,241.5
401705430,2025-03-02T01:30Z,2025-03-01,2025,2,PHI,GS,126.0,119.0,False,,ESPN BET,6.5,-105.0,-115.0,228.5,-110.0,-110.0,225.0,-275.0,6.5,224.5
401705431,2025-03-02T01:30Z,2025-03-01,2025,2,DAL,MIL,117.0,132.0,False,,ESPN BET,2.5,-110.0,-110.0,229.5,-115.0,-105.0,125.0,-150.0,2.5,228.5
401705432,2025-03-02T18:00Z,2025-03-02,2025,2,BOS,DEN,110.0,103.0,False,,ESPN BET,-5.5,-115.0,-105.0,237.5,-110.0,-110.0,-250.0,210.0,-2.5,237.5
401705433,2025-03-02T20:30Z,2025-03-02,2025,2,CLE,POR,133.0,129.0,False,,ESPN BET,-10.5,-110.0,-110.0,237.5,-110.0,-110.0,-550.0,380.0,-10.5,229.5
401705434,2025-03-02T22:00Z,2025-03-02,2025,2,IND,CHI,127.0,112.0,False,,ESPN BET,-11.5,-120.0,100.0,239.5,-115.0,-105.0,-650.0,425.0,-9.5,243.5
401705435,2025-03-02T23:00Z,2025-03-02,2025,2,MIA,NY,112.0,116.0,False,,ESPN BET,6.5,-110.0,-110.0,219.5,-110.0,-110.0,200.0,-240.0,5.5,225.5
401705436,2025-03-02T23:00Z,2025-03-02,2025,2,ORL,TOR,102.0,104.0,False,,ESPN BET,-6.5,-115.0,-105.0,209.5,-110.0,-110.0,-270.0,220.0,-6.5,211.5
401705437,2025-03-03T00:00Z,2025-03-02,2025,2,SA,OKC,132.0,146.0,False,,ESPN BET,13.5,-115.0,-105.0,239.5,-115.0,-105.0,550.0,-900.0,13.5,239.5
401705438,2025-03-03T01:00Z,2025-03-02,2025,2,UTAH,NO,121.0,128.0,False,,ESPN BET,7.5,-110.0,-110.0,231.5,-115.0,-105.0,250.0,-300.0,4.5,233.5
401705439,2025-03-03T02:30Z,2025-03-02,2025,2,PHX,MIN,98.0,116.0,False,,ESPN BET,2.5,-115.0,-105.0,234.5,-105.0,-115.0,-105.0,-115.0,-1.5,227.5
401705440,2025-03-03T02:30Z,2025-03-02,2025,2,LAL,LAC,108.0,102.0,False,,ESPN BET,2.5,-115.0,-105.0,221.5,-110.0,-110.0,110.0,-130.0,-1.5,219.5
401705441,2025-03-04T00:00Z,2025-03-03,2025,2,CHA,GS,101.0,119.0,False,,ESPN BET,12.5,-105.0,-115.0,229.5,-110.0,-110.0,500.0,-725.0,11.5,224.5
401705442,2025-03-04T00:00Z,2025-03-03,2025,2,PHI,POR,102.0,119.0,False,,ESPN BET,1.5,-110.0,-110.0,230.5,-110.0,-110.0,100.0,-120.0,-3.5,226.5
401705443,2025-03-04T00:30Z,2025-03-03,2025,2,MIA,WSH,106.0,90.0,False,,ESPN BET,-8.5,-105.0,-115.0,218.5,-110.0,-110.0,-350.0,275.0,-10.5,220.5
401705444,2025-03-04T01:00Z,2025-03-03,2025,2,MEM,ATL,130.0,132.0,False,,ESPN BET,-7.5,-120.0,100.0,251.5,-105.0,-115.0,-290.0,230.0,-7.5,250.5
401705445,2025-03-04T01:00Z,2025-03-03,2025,2,OKC,HOU,137.0,128.0,False,,ESPN BET,-15.5,-105.0,-115.0,232.5,-110.0,-110.0,-1600.0,800.0,-11.5,221.5
401705446,2025-03-04T01:30Z,2025-03-03,2025,2,DAL,SAC,98.0,122.0,False,,ESPN BET,1.5,-105.0,-115.0,231.5,-110.0,-110.0,110.0,-130.0,-1.5,233.5
401705447,2025-03-04T02:00Z,2025-03-03,2025,2,UTAH,DET,106.0,134.0,False,,ESPN BET,10.5,-105.0,-115.0,231.5,-115.0,-105.0,375.0,-500.0,9.5,230.5
401705448,2025-03-05T00:00Z,2025-03-04,2025,2,IND,HOU,115.0,102.0,False,,ESPN BET,-4.5,-105.0,-115.0,230.5,-110.0,-110.0,-190.0,160.0,-3.5,228.5
401705449,2025-03-05T00:00Z,2025-03-04,2025,2,ORL,TOR,113.0,114.0,False,,ESPN BET,-6.5,100.0,-120.0,204.5,-115.0,-105.0,-230.0,190.0,-6.5,209.5
401705450,2025-03-05T00:30Z,2025-03-04,2025,2,ATL,MIL,121.0,127.0,False,,ESPN BET,5.5,-120.0,100.0,244.5,-105.0,-115.0,180.0,-220.0,5.5,244.5
401705451,2025-03-05T00:30Z,2025-03-04,2025,2,NY,GS,102.0,114.0,False,,ESPN BET,-1.5,-105.0,-115.0,226.5,-115.0,-105.0,-115.0,-105.0,-4.5,232.5
401705452,2025-03-05T01:00Z,2025-03-04,2025,2,CHI,CLE,117.0,139.0,False,,ESPN BET,13.5,-110.0,-110.0,242.5,-110.0,-110.0,600.0,-900.0,11.5,245.5
401705453,2025-03-05T01:00Z,2025-03-04,2025,2,MIN,PHI,126.0,112.0,False,,ESPN BET,-13.5,-105.0,-115.0,220.5,-115.0,-105.0,-900.0,600.0,-12.5,221.5
401705454,2025-03-05T01:30Z,2025-03-04,2025,2,SA,BKN,127.0,113.0,False,,ESPN BET,-3.5,-110.0,-110.0,229.5,-115.0,-105.0,-155.0,135.0,-4.5,223.5
401705455,2025-03-05T03:00Z,2025-03-04,2025,2,PHX,LAC,119.0,117.0,False,,ESPN BET,2.5,-110.0,-110.0,223.5,-110.0,-110.0,125.0,-150.0,1.5,224.5
401705456,2025-03-05T03:30Z,2025-03-04,2025,2,LAL,NO,136.0,115.0,False,,ESPN BET,-7.5,-110.0,-110.0,228.5,-110.0,-110.0,-330.0,260.0,-7.5,233.5
401705457,2025-03-06T00:00Z,2025-03-05,2025,2,BOS,POR,128.0,118.0,False,,ESPN BET,-8.5,-115.0,-105.0,224.5,-110.0,-110.0,-380.0,290.0,-10.5,225.5
401705458,2025-03-06T00:00Z,2025-03-05,2025,2,CHA,MIN,110.0,125.0,False,,ESPN BET,9.5,-115.0,-105.0,226.5,-110.0,-110.0,290.0,-380.0,8.5,221.5
401705459,2025-03-06T00:00Z,2025-03-05,2025,2,CLE,MIA,112.0,107.0,False,,ESPN BET,-13.5,-105.0,-115.0,220.5,-110.0,-110.0,-1000.0,600.0,-11.5,226.5
401705460,2025-03-06T00:00Z,2025-03-05,2025,2,WSH,UTAH,125.0,122.0,False,,ESPN BET,-5.5,100.0,-120.0,231.5,-115.0,-105.0,-195.0,165.0,-4.5,233.5
401705463,2025-03-06T01:00Z,2025-03-05,2025,2,MIL,DAL,137.0,107.0,False,,ESPN BET,-12.5,-105.0,-115.0,225.5,-115.0,-105.0,-700.0,450.0,-9.5,225.5
401705462,2025-03-06T02:00Z,2025-03-05,2025,2,DEN,SAC,116.0,110.0,False,,ESPN BET,-8.5,-105.0,-115.0,234.5,-115.0,-105.0,-340.0,270.0,-6.5,236.5
401705461,2025-03-06T02:30Z,2025-03-05,2025,2,MEM,OKC,103.0,120.0,False,,ESPN BET,7.5,-115.0,-105.0,252.5,-105.0,-115.0,225.0,-275.0,7.5,247.5
401705464,2025-03-06T03:30Z,2025-03-05,2025,2,LAC,DET,123.0,115.0,False,,ESPN BET,3.5,-115.0,-105.0,220.5,-110.0,-110.0,130.0,-150.0,1.5,219.5
401705510,2025-03-07T00:00Z,2025-03-06,2025,2,ORL,CHI,123.0,125.0,False,,ESPN BET,-8.5,-115.0,-105.0,222.5,-105.0,-115.0,-340.0,270.0,-7.5,218.5
401705465,2025-03-07T00:30Z,2025-03-06,2025,2,ATL,IND,124.0,118.0,False,,ESPN BET,-1.5,-115.0,-105.0,241.5,-115.0,-105.0,-140.0,120.0,2.5,246.5
401705466,2025-03-07T00:30Z,2025-03-06,2025,2,BOS,PHI,123.0,105.0,False,,ESPN BET,-13.5,-115.0,-105.0,217.5,-110.0,-110.0,-900.0,650.0,-13.5,224.5
401705467,2025-03-07T00:30Z,2025-03-06,2025,2,BKN,GS,119.0,121.0,False,,ESPN BET,11.5,-110.0,-110.0,225.5,-110.0,-110.0,400.0,-600.0,10.5,222.5
401705468,2025-03-07T01:00Z,2025-03-06,2025,2,NO,HOU,97.0,109.0,False,,ESPN BET,3.5,-110.0,-110.0,231.5,-110.0,-110.0,130.0,-150.0,5.5,227.5
401705469,2025-03-07T03:00Z,2025-03-06,2025,2,LAL,NY,113.0,109.0,False,,ESPN BET,-2.5,-105.0,-115.0,231.5,-110.0,-110.0,-135.0,115.0,-1.5,228.5
401705470,2025-03-08T00:00Z,2025-03-07,2025,2,CHA,CLE,117.0,118.0,False,,ESPN BET,16.5,-105.0,-115.0,235.5,-110.0,-110.0,1000.0,-2000.0,15.5,234.5
401705471,2025-03-08T00:30Z,2025-03-07,2025,2,TOR,UTAH,118.0,109.0,False,,ESPN BET,-5.5,-105.0,-115.0,228.5,-110.0,-110.0,-210.0,175.0,-4.5,230.5
401705472,2025-03-08T00:30Z,2025-03-07,2025,2,DAL,MEM,111.0,122.0,False,,ESPN BET,9.5,-105.0,-115.0,238.5,-110.0,-110.0,340.0,-450.0,9.5,239.5
401705473,2025-03-08T01:00Z,2025-03-07,2025,2,MIA,MIN,104.0,106.0,False,,ESPN BET,3.5,-110.0,-110.0,218.5,-115.0,-105.0,135.0,-155.0,4.5,215.5
401705474,2025-03-08T01:00Z,2025-03-07,2025,2,OKC,POR,107.0,89.0,False,,ESPN BET,-1.5,-110.0,-110.0,228.5,-110.0,-110.0,-125.0,105.0,-2.5,226.5
401705475,2025-03-08T03:00Z,2025-03-07,2025,2,DEN,PHX,149.0,141.0,False,,ESPN BET,-8.5,-115.0,-105.0,242.5,-110.0,-110.0,-380.0,290.0,-7.5,236.5
401705476,2025-03-08T03:00Z,2025-03-07,2025,2,SAC,SA,127.0,109.0,False,,ESPN BET,-6.5,-110.0,-110.0,233.5,-110.0,-110.0,-240.0,200.0,-5.5,235.5
401705477,2025-03-08T03:30Z,2025-03-07,2025,2,LAC,NY,105.0,95.0,False,,ESPN BET,-6.5,-115.0,-105.0,218.5,-105.0,-115.0,-240.0,200.0,-3.5,223.5
401705478,2025-03-08T23:00Z,2025-03-08,2025,2,CHA,BKN,105.0,102.0,False,,ESPN BET,5.5,-115.0,-105.0,212.5,-110.0,-110.0,180.0,-220.0,3.5,216.5
401705479,2025-03-09T00:00Z,2025-03-08,2025,2,HOU,NO,146.0,117.0,False,,ESPN BET,-6.5,-120.0,100.0,228.5,-105.0,-115.0,-285.0,230.0,-7.5,227.5
401705480,2025-03-09T00:30Z,2025-03-08,2025,2,ATL,IND,120.0,118.0,False,,ESPN BET,1.5,-120.0,100.0,241.5,-115.0,-105.0,-105.0,-115.0,1.5,243.5
401705481,2025-03-09T00:30Z,2025-03-08,2025,2,TOR,WSH,117.0,118.0,False,,ESPN BET,-4.5,-105.0,-115.0,227.5,-115.0,-105.0,-180.0,150.0,-4.5,225.5
401705482,2025-03-09T01:00Z,2025-03-08,2025,2,MIA,CHI,109.0,114.0,False,,ESPN BET,-5.5,-105.0,-115.0,225.5,-110.0,-110.0,-200.0,165.0,-4.5,229.5
401705483,2025-03-09T01:00Z,2025-03-08,2025,2,MIL,ORL,109.0,111.0,False,,ESPN BET,-6.5,-115.0,-105.0,216.5,-110.0,-110.0,-290.0,235.0,-6.5,216.5
401705484,2025-03-09T01:30Z,2025-03-08,2025,2,BOS,LAL,111.0,101.0,False,,ESPN BET,-6.5,-105.0,-115.0,225.5,-110.0,-110.0,-245.0,200.0,-5.5,224.5
401705485,2025-03-09T01:30Z,2025-03-08,2025,2,GS,DET,115.0,110.0,False,,ESPN BET,-5.5,-105.0,-115.0,236.5,-110.0,-110.0,-200.0,170.0,-5.5,229.5
401705486,2025-03-09T17:00Z,2025-03-09,2025,2,OKC,DEN,127.0,103.0,False,,ESPN BET,-7.5,-110.0,-110.0,242.5,-110.0,-110.0,-300.0,250.0,-6.5,242.5
401705487,2025-03-09T19:30Z,2025-03-09,2025,2,DAL,PHX,116.0,125.0,False,,ESPN BET,6.5,-110.0,-110.0,229.5,-105.0,-115.0,215.0,-265.0,7.5,229.5
401705489,2025-03-09T23:00Z,2025-03-09,2025,2,NO,MEM,104.0,107.0,False,,ESPN BET,9.5,-105.0,-115.0,239.5,-110.0,-110.0,350.0,-460.0,8.5,234.5
401705490,2025-03-09T23:30Z,2025-03-09,2025,2,PHI,UTAH,126.0,122.0,False,,ESPN BET,-6.5,100.0,-120.0,231.5,-105.0,-115.0,-245.0,200.0,-7.5,222.5
401705488,2025-03-10T00:00Z,2025-03-09,2025,2,MIL,CLE,100.0,112.0,False,,ESPN BET,7.5,-120.0,100.0,241.5,-115.0,-105.0,220.0,-270.0,7.5,237.5
401705491,2025-03-10T00:00Z,2025-03-09,2025,2,MIN,SA,141.0,124.0,False,,ESPN BET,-10.5,-115.0,-105.0,231.5,-110.0,-110.0,-650.0,425.0,-9.5,227.5
401705492,2025-03-10T01:00Z,2025-03-09,2025,2,POR,DET,112.0,119.0,False,,ESPN BET,3.5,-105.0,-115.0,231.5,-110.0,-110.0,135.0,-160.0,2.5,230.5
401705493,2025-03-10T01:30Z,2025-03-09,2025,2,LAC,SAC,111.0,110.0,False,,ESPN BET,-5.5,-120.0,100.0,215.5,-115.0,-105.0,-240.0,200.0,-5.5,223.5
401705494,2025-03-10T23:30Z,2025-03-10,2025,2,ATL,PHI,132.0,123.0,False,,ESPN BET,-9.5,-110.0,-110.0,229.5,-105.0,-115.0,-450.0,340.0,-8.5,228.5
401705495,2025-03-10T23:30Z,2025-03-10,2025,2,BOS,UTAH,114.0,108.0,False,,ESPN BET,-15.5,-110.0,-110.0,230.5,-110.0,-110.0,-1100.0,700.0,-17.5,227.5
401705496,2025-03-10T23:30Z,2025-03-10,2025,2,BKN,LAL,111.0,108.0,False,,ESPN BET,5.5,-115.0,-105.0,217.5,-115.0,-105.0,180.0,-220.0,5.5,217.5
401705497,2025-03-10T23:30Z,2025-03-10,2025,2,MIA,CHA,102.0,105.0,False,,ESPN BET,-9.5,-105.0,-115.0,216.5,-110.0,-110.0,-425.0,320.0,-9.5,216.5
401705498,2025-03-10T23:30Z,2025-03-10,2025,2,TOR,WSH,119.0,104.0,False,,ESPN BET,-6.5,-120.0,100.0,232.5,-110.0,-110.0,-260.0,210.0,-6.5,230.5
401705499,2025-03-11T00:00Z,2025-03-10,2025,2,CHI,IND,121.0,103.0,False,,ESPN BET,3.5,-110.0,-110.0,239.5,-105.0,-115.0,145.0,-175.0,4.5,241.5
401705500,2025-03-11T00:00Z,2025-03-10,2025,2,HOU,ORL,97.0,84.0,False,,ESPN BET,-3.5,-105.0,-115.0,210.5,-110.0,-110.0,-145.0,125.0,-3.5,213.5
401705501,2025-03-11T00:00Z,2025-03-10,2025,2,MEM,PHX,120.0,118.0,False,,ESPN BET,-2.5,-110.0,-110.0,243.5,-110.0,-110.0,-145.0,120.0,-4.5,244.5
401705502,2025-03-11T00:00Z,2025-03-10,2025,2,OKC,DEN,127.0,140.0,False,,ESPN BET,-9.5,-105.0,-115.0,240.5,-110.0,-110.0,-380.0,290.0,-8.5,240.5
401705503,2025-03-11T00:30Z,2025-03-10,2025,2,SA,DAL,129.0,133.0,False,,ESPN BET,-6.5,-105.0,-115.0,233.5,-115.0,-105.0,-250.0,205.0,-5.5,224.5
401705504,2025-03-11T02:00Z,2025-03-10,2025,2,GS,POR,130.0,120.0,False,,ESPN BET,-11.5,-115.0,-105.0,237.5,-105.0,-115.0,-800.0,500.0,-12.5,230.5
401705505,2025-03-11T02:30Z,2025-03-10,2025,2,SAC,NY,104.0,133.0,False,,ESPN BET,1.5,-110.0,-110.0,223.5,-110.0,-110.0,100.0,-120.0,1.5,224.5
401705506,2025-03-11T23:00Z,2025-03-11,2025,2,CLE,BKN,109.0,104.0,False,,ESPN BET,-14.5,-115.0,-105.0,223.5,-105.0,-115.0,-900.0,600.0,-17.5,224.5
401705507,2025-03-11T23:00Z,2025-03-11,2025,2,DET,WSH,123.0,103.0,False,,ESPN BET,-14.5,-115.0,-105.0,234.5,-110.0,-110.0,-1200.0,700.0,-13.5,232.5
401705508,2025-03-11T23:30Z,2025-03-11,2025,2,IND,MIL,115.0,114.0,False,,ESPN BET,-1.5,-110.0,-110.0,237.5,-110.0,-110.0,-130.0,110.0,3.5,231.5
401705509,2025-03-12T00:00Z,2025-03-11,2025,2,NO,LAC,127.0,120.0,False,,ESPN BET,7.5,-105.0,-115.0,222.5,-110.0,-110.0,240.0,-295.0,7.5,220.5
401705511,2025-03-12T23:30Z,2025-03-12,2025,2,ATL,CHA,123.0,110.0,False,,ESPN BET,-7.5,100.0,-120.0,241.5,-110.0,-110.0,-280.0,230.0,-8.5,228.5
401705512,2025-03-12T23:30Z,2025-03-12,2025,2,BOS,OKC,112.0,118.0,False,,ESPN BET,-2.5,-115.0,-105.0,228.5,-115.0,-105.0,-150.0,130.0,-4.5,232.5
401705513,2025-03-12T23:30Z,2025-03-12,2025,2,TOR,PHI,118.0,105.0,False,,ESPN BET,-2.5,-110.0,-110.0,222.5,-110.0,-110.0,-145.0,120.0,-4.5,213.5
401705514,2025-03-13T00:00Z,2025-03-12,2025,2,MIA,LAC,104.0,119.0,False,,ESPN BET,-1.5,-110.0,-110.0,206.5,-105.0,-115.0,-125.0,105.0,1.5,211.5
401705515,2025-03-13T00:00Z,2025-03-12,2025,2,HOU,PHX,111.0,104.0,False,,ESPN BET,-4.5,-115.0,-105.0,227.5,-110.0,-110.0,-175.0,150.0,-4.5,225.5
401705516,2025-03-13T00:00Z,2025-03-12,2025,2,MEM,UTAH,122.0,115.0,False,,ESPN BET,-10.5,-110.0,-110.0,247.5,-115.0,-105.0,-600.0,400.0,-14.5,239.5
401705517,2025-03-13T00:00Z,2025-03-12,2025,2,SA,DAL,126.0,116.0,False,,ESPN BET,-6.5,-110.0,-110.0,237.5,-110.0,-110.0,-240.0,200.0,-5.5,237.5
401705518,2025-03-13T02:00Z,2025-03-12,2025,2,DEN,MIN,95.0,115.0,False,,ESPN BET,-1.5,-110.0,-110.0,233.5,-105.0,-115.0,-125.0,105.0,-3.5,235.5
401705519,2025-03-13T02:00Z,2025-03-12,2025,2,POR,NY,113.0,114.0,False,,ESPN BET,3.5,-105.0,-115.0,228.5,-110.0,-110.0,150.0,-175.0,4.5,225.5
401705520,2025-03-13T23:00Z,2025-03-13,2025,2,DET,WSH,125.0,129.0,False,,ESPN BET,-13.5,-105.0,-115.0,234.5,-110.0,-110.0,-900.0,550.0,-14.5,233.5
401705521,2025-03-13T23:30Z,2025-03-13,2025,2,MIL,LAL,126.0,106.0,False,,ESPN BET,-6.5,-105.0,-115.0,226.5,-115.0,-105.0,-225.0,190.0,-5.5,225.5
401705522,2025-03-14T00:00Z,2025-03-13,2025,2,CHI,BKN,116.0,110.0,False,,ESPN BET,-1.5,-115.0,-105.0,230.5,-110.0,-110.0,-120.0,100.0,-2.5,227.5
401705707,2025-03-14T00:00Z,2025-03-13,2025,2,NO,ORL,93.0,113.0,False,,ESPN BET,2.5,-115.0,-105.0,215.5,-110.0,-110.0,115.0,-135.0,1.5,215.5
401705523,2025-03-14T02:00Z,2025-03-13,2025,2,GS,SAC,130.0,104.0,False,,ESPN BET,-7.5,-110.0,-110.0,233.5,-110.0,-110.0,-270.0,220.0,-6.5,234.5
401705524,2025-03-14T23:00Z,2025-03-14,2025,2,MIA,BOS,91.0,103.0,False,,ESPN BET,8.5,-115.0,-105.0,211.5,-115.0,-105.0,290.0,-380.0,7.5,214.5
401705525,2025-03-14T23:00Z,2025-03-14,2025,2,PHI,IND,100.0,112.0,False,,ESPN BET,12.5,-105.0,-115.0,233.5,-110.0,-110.0,500.0,-800.0,10.5,230.5
401705526,2025-03-14T23:30Z,2025-03-14,2025,2,ATL,LAC,98.0,121.0,False,,ESPN BET,4.5,100.0,-120.0,234.5,-110.0,-110.0,170.0,-205.0,3.5,231.5
401705527,2025-03-15T00:00Z,2025-03-14,2025,2,HOU,DAL,133.0,96.0,False,,ESPN BET,-11.5,-115.0,-105.0,219.5,-115.0,-105.0,-650.0,425.0,-11.5,223.5
401705528,2025-03-15T00:00Z,2025-03-14,2025,2,MEM,CLE,124.0,133.0,False,,ESPN BET,1.5,-105.0,-115.0,243.5,-115.0,-105.0,110.0,-130.0,2.5,245.5
401705529,2025-03-15T00:00Z,2025-03-14,2025,2,MIN,ORL,118.0,111.0,False,,ESPN BET,-10.5,-115.0,-105.0,208.5,-115.0,-105.0,-550.0,400.0,-10.5,208.5
401705530,2025-03-15T00:00Z,2025-03-14,2025,2,SA,CHA,134.0,145.0,False,,ESPN BET,-2.5,-110.0,-110.0,232.5,-110.0,-110.0,-135.0,115.0,-4.5,230.5
401705531,2025-03-15T01:30Z,2025-03-14,2025,2,DEN,LAL,131.0,126.0,False,,ESPN BET,-15.5,-105.0,-115.0,229.5,-110.0,-110.0,-1200.0,700.0,-12.5,233.5
401705532,2025-03-15T01:30Z,2025-03-14,2025,2,UTAH,TOR,118.0,126.0,False,,ESPN BET,-1.5,-115.0,-105.0,237.5,-115.0,-105.0,-125.0,105.0,-1.5,227.5
401705533,2025-03-15T02:00Z,2025-03-14,2025,2,PHX,SAC,122.0,106.0,False,,ESPN BET,-1.5,-115.0,-105.0,231.5,-110.0,-110.0,-125.0,105.0,-2.5,233.5
401705534,2025-03-15T22:00Z,2025-03-15,2025,2,BKN,BOS,113.0,115.0,False,,ESPN BET,11.5,-110.0,-110.0,218.5,-115.0,-105.0,425.0,-650.0,11.5,215.5
401705535,2025-03-15T23:00Z,2025-03-15,2025,2,DET,OKC,107.0,113.0,False,,ESPN BET,4.5,-115.0,-105.0,230.5,-110.0,-110.0,150.0,-175.0,6.5,234.5
401705536,2025-03-16T00:00Z,2025-03-15,2025,2,HOU,CHI,117.0,114.0,False,,ESPN BET,-8.5,-105.0,-115.0,229.5,-115.0,-105.0,-360.0,280.0,-9.5,231.5
401705537,2025-03-16T00:00Z,2025-03-15,2025,2,MEM,MIA,125.0,91.0,False,,ESPN BET,-5.5,-115.0,-105.0,224.5,-115.0,-105.0,-210.0,170.0,-6.5,229.5
401705538,2025-03-16T00:00Z,2025-03-15,2025,2,MIL,IND,126.0,119.0,False,,ESPN BET,-3.5,-110.0,-110.0,236.5,-115.0,-105.0,-155.0,135.0,-3.5,237.5
401705539,2025-03-16T00:30Z,2025-03-15,2025,2,SA,NO,119.0,115.0,False,,ESPN BET,-0.5,-110.0,-110.0,235.5,-115.0,-105.0,-115.0,-105.0,2.5,235.5
401705540,2025-03-16T00:30Z,2025-03-15,2025,2,GS,NY,97.0,94.0,False,,ESPN BET,-6.5,-110.0,-110.0,228.5,-110.0,-110.0,-240.0,200.0,-6.5,226.5
401705541,2025-03-16T01:00Z,2025-03-15,2025,2,DEN,WSH,123.0,126.0,False,,ESPN BET,-12.5,-105.0,-115.0,242.5,-105.0,-115.0,-700.0,500.0,-15.5,238.5
401705542,2025-03-16T17:00Z,2025-03-16,2025,2,DAL,PHI,125.0,130.0,False,,ESPN BET,-6.5,-105.0,-115.0,224.5,-115.0,-105.0,-260.0,215.0,-5.5,223.5
401705545,2025-03-16T17:00Z,2025-03-16,2025,2,CLE,ORL,103.0,108.0,False,,ESPN BET,-10.5,-105.0,-115.0,222.5,-110.0,-110.0,-550.0,380.0,-10.5,218.5
401705543,2025-03-16T19:30Z,2025-03-16,2025,2,LAL,PHX,107.0,96.0,False,,ESPN BET,-3.5,100.0,-120.0,226.5,-110.0,-110.0,-145.0,125.0,-3.5,229.5
401705544,2025-03-16T22:00Z,2025-03-16,2025,2,BKN,ATL,122.0,114.0,False,,ESPN BET,6.5,-115.0,-105.0,228.5,-105.0,-115.0,195.0,-230.0,5.5,229.5
401705546,2025-03-16T22:00Z,2025-03-16,2025,2,POR,TOR,105.0,102.0,False,,ESPN BET,-7.5,-110.0,-110.0,226.5,-115.0,-105.0,-280.0,225.0,-6.5,230.5
401705547,2025-03-16T23:00Z,2025-03-16,2025,2,MIN,UTAH,128.0,102.0,False,,ESPN BET,-13.5,-110.0,-110.0,231.5,-110.0,-110.0,-900.0,550.0,-13.5,232.5
401748706,2025-03-16T23:00Z,2025-03-16,2025,2,LAC,CHA,123.0,88.0,False,Rescheduled from Jan 11,ESPN BET,-13.5,-110.0,-110.0,224.5,-110.0,-110.0,-900.0,550.0,-12.5,221.5
401705548,2025-03-17T01:00Z,2025-03-16,2025,2,MIL,OKC,105.0,121.0,False,,ESPN BET,5.5,-110.0,-110.0,233.5,-110.0,-110.0,170.0,-205.0,3.5,232.5
401705550,2025-03-17T23:30Z,2025-03-17,2025,2,NY,MIA,116.0,95.0,False,,ESPN BET,-6.5,-115.0,-105.0,209.5,-105.0,-115.0,-280.0,225.0,-7.5,212.5
401705551,2025-03-18T00:00Z,2025-03-17,2025,2,HOU,PHI,144.0,137.0,False,,ESPN BET,-16.5,-115.0,-105.0,225.5,-115.0,-105.0,-2500.0,1100.0,-15.5,222.5
401705552,2025-03-18T00:00Z,2025-03-17,2025,2,MIN,IND,130.0,132.0,False,,ESPN BET,-10.5,-110.0,-110.0,227.5,-105.0,-115.0,-650.0,425.0,-7.5,229.5
401705553,2025-03-18T00:00Z,2025-03-17,2025,2,NO,DET,81.0,127.0,False,,ESPN BET,6.5,-120.0,100.0,234.5,-110.0,-110.0,200.0,-250.0,6.5,233.5
401705555,2025-03-18T01:00Z,2025-03-17,2025,2,UTAH,CHI,97.0,111.0,False,,ESPN BET,4.5,-105.0,-115.0,241.5,-115.0,-105.0,160.0,-190.0,5.5,238.5
401705556,2025-03-18T02:00Z,2025-03-17,2025,2,GS,DEN,105.0,114.0,False,,ESPN BET,-12.5,100.0,-120.0,232.5,-115.0,-105.0,-550.0,410.0,-5.5,236.5
401705557,2025-03-18T02:00Z,2025-03-17,2025,2,PHX,TOR,129.0,89.0,False,,ESPN BET,-9.5,-105.0,-115.0,224.5,-110.0,-110.0,-380.0,290.0,-8.5,229.5
401705558,2025-03-18T02:00Z,2025-03-17,2025,2,SAC,MEM,132.0,122.0,False,,ESPN BET,-3.5,-105.0,-115.0,235.5,-115.0,-105.0,-155.0,135.0,-2.5,240.5
401705561,2025-03-18T02:00Z,2025-03-17,2025,2,POR,WSH,112.0,97.0,False,,ESPN BET,-5.5,-120.0,100.0,233.5,-105.0,-115.0,-250.0,210.0,-4.5,231.5
401754705,2025-03-18T02:30Z,2025-03-17,2025,2,LAL,SA,125.0,109.0,False,Rescheduled from Jan 11,ESPN BET,-8.5,-110.0,-110.0,231.5,-110.0,-110.0,-400.0,300.0,-8.5,228.5
401705559,2025-03-18T23:00Z,2025-03-18,2025,2,CHA,ATL,102.0,134.0,False,,ESPN BET,7.5,-105.0,-115.0,231.5,-110.0,-110.0,270.0,-340.0,6.5,236.5
401705560,2025-03-18T23:30Z,2025-03-18,2025,2,BOS,BKN,104.0,96.0,False,,ESPN BET,-13.5,-105.0,-115.0,211.5,-110.0,-110.0,-900.0,550.0,-13.5,217.5
401705578,2025-03-19T02:00Z,2025-03-18,2025,2,GS,MIL,104.0,93.0,False,,ESPN BET,1.5,-105.0,-115.0,225.5,-110.0,-110.0,110.0,-130.0,-3.5,233.5
401705563,2025-03-19T02:30Z,2025-03-18,2025,2,LAC,CLE,132.0,119.0,False,,ESPN BET,2.5,-110.0,-110.0,230.5,-105.0,-115.0,115.0,-135.0,3.5,231.5
401705564,2025-03-19T23:00Z,2025-03-19,2025,2,IND,DAL,135.0,131.0,False,,ESPN BET,-10.5,-110.0,-110.0,227.5,-115.0,-105.0,-550.0,380.0,-8.5,234.5
401705565,2025-03-19T23:00Z,2025-03-19,2025,2,ORL,HOU,108.0,116.0,False,,ESPN BET,2.5,-110.0,-110.0,208.5,-110.0,-110.0,110.0,-130.0,2.5,209.5
401705566,2025-03-19T23:30Z,2025-03-19,2025,2,MIA,DET,113.0,116.0,False,,ESPN BET,4.5,-110.0,-110.0,216.5,-110.0,-110.0,145.0,-170.0,5.5,217.5
401705567,2025-03-20T00:00Z,2025-03-19,2025,2,MIN,NO,115.0,119.0,False,,ESPN BET,-13.5,-105.0,-115.0,227.5,-110.0,-110.0,-900.0,550.0,-12.5,226.5
401705568,2025-03-20T00:00Z,2025-03-19,2025,2,OKC,PHI,133.0,100.0,False,,ESPN BET,-12.5,-105.0,-115.0,228.5,-105.0,-115.0,-650.0,425.0,-9.5,228.5
401705569,2025-03-20T00:00Z,2025-03-19,2025,2,SA,NY,120.0,105.0,False,,ESPN BET,8.5,-110.0,-110.0,227.5,-115.0,-105.0,280.0,-360.0,8.5,228.5
401705193,2025-03-20T01:00Z,2025-03-19,2025,2,UTAH,WSH,128.0,112.0,False,,ESPN BET,-2.5,-110.0,-110.0,235.5,100.0,-120.0,-150.0,125.0,-3.5,235.5
401705572,2025-03-20T02:00Z,2025-03-19,2025,2,LAL,DEN,120.0,108.0,False,,ESPN BET,-5.5,-110.0,-110.0,223.5,-110.0,-110.0,-210.0,170.0,-2.5,231.5
401705573,2025-03-20T02:00Z,2025-03-19,2025,2,PHX,CHI,127.0,121.0,False,,ESPN BET,-5.5,-105.0,-115.0,235.5,-110.0,-110.0,-195.0,165.0,-7.5,236.5
401705574,2025-03-20T02:00Z,2025-03-19,2025,2,POR,MEM,115.0,99.0,False,,ESPN BET,4.5,-115.0,-105.0,234.5,-115.0,-105.0,150.0,-180.0,6.5,238.5
401705575,2025-03-20T02:00Z,2025-03-19,2025,2,SAC,CLE,123.0,119.0,False,,ESPN BET,6.5,-105.0,-115.0,228.5,-110.0,-110.0,215.0,-260.0,5.5,235.5
401705576,2025-03-20T23:00Z,2025-03-20,2025,2,CHA,NY,115.0,98.0,False,,ESPN BET,7.5,-110.0,-110.0,221.5,-110.0,-110.0,240.0,-300.0,8.5,225.5
401705577,2025-03-20T23:00Z,2025-03-20,2025,2,IND,BKN,105.0,99.0,False,,ESPN BET,-7.5,-115.0,-105.0,221.5,-115.0,-105.0,-330.0,260.0,-9.5,228.5
401705571,2025-03-21T02:00Z,2025-03-20,2025,2,GS,TOR,117.0,114.0,False,,ESPN BET,-14.5,-110.0,-110.0,224.5,-115.0,-105.0,-1000.0,600.0,-14.5,226.5
401705579,2025-03-21T02:00Z,2025-03-20,2025,2,SAC,CHI,116.0,128.0,False,,ESPN BET,-7.5,-110.0,-110.0,236.5,-110.0,-110.0,-300.0,250.0,-6.5,236.5
401705562,2025-03-21T02:30Z,2025-03-20,2025,2,LAL,MIL,89.0,118.0,False,,ESPN BET,8.5,-105.0,-115.0,216.5,-115.0,-105.0,270.0,-340.0,2.5,225.5
401705580,2025-03-21T23:00Z,2025-03-21,2025,2,WSH,ORL,105.0,120.0,False,,ESPN BET,8.5,-110.0,-110.0,214.5,-115.0,-105.0,280.0,-360.0,7.5,215.5
401705581,2025-03-22T00:00Z,2025-03-21,2025,2,MIA,HOU,98.0,102.0,False,,ESPN BET,4.5,-110.0,-110.0,212.5,-110.0,-110.0,160.0,-190.0,5.5,213.5
401705582,2025-03-22T00:00Z,2025-03-21,2025,2,MIN,NO,134.0,93.0,False,,ESPN BET,-14.5,-115.0,-105.0,223.5,-110.0,-110.0,-1000.0,600.0,-13.5,229.5
401705583,2025-03-22T00:00Z,2025-03-21,2025,2,OKC,CHA,141.0,106.0,False,,ESPN BET,-20.5,-105.0,-115.0,220.5,-105.0,-115.0,-3000.0,1200.0,-19.5,229.5
401705584,2025-03-22T00:00Z,2025-03-21,2025,2,SA,PHI,128.0,120.0,False,,ESPN BET,-5.5,-115.0,-105.0,234.5,-110.0,-110.0,-215.0,180.0,-5.5,239.5
401705585,2025-03-22T00:30Z,2025-03-21,2025,2,DAL,DET,123.0,117.0,False,,ESPN BET,9.5,-110.0,-110.0,232.5,-105.0,-115.0,300.0,-400.0,8.5,235.5
401705586,2025-03-22T01:30Z,2025-03-21,2025,2,UTAH,BOS,99.0,121.0,False,,ESPN BET,15.5,-115.0,-105.0,227.5,-115.0,-105.0,700.0,-1200.0,12.5,228.5
401705587,2025-03-22T02:00Z,2025-03-21,2025,2,PHX,CLE,123.0,112.0,False,,ESPN BET,8.5,-110.0,-110.0,233.5,-110.0,-110.0,290.0,-380.0,7.5,239.5
401705588,2025-03-22T02:00Z,2025-03-21,2025,2,POR,DEN,128.0,109.0,False,,ESPN BET,1.5,-110.0,-110.0,227.5,-110.0,-110.0,110.0,-130.0,-1.5,225.5
401705589,2025-03-22T02:30Z,2025-03-21,2025,2,LAC,MEM,128.0,108.0,False,,ESPN BET,-6.5,-105.0,-115.0,230.5,-105.0,-115.0,-250.0,210.0,-6.5,230.5
401705590,2025-03-22T21:00Z,2025-03-22,2025,2,IND,BKN,108.0,103.0,False,,ESPN BET,-13.5,100.0,-120.0,220.5,-110.0,-110.0,-650.0,475.0,-9.5,220.5
401705591,2025-03-22T23:00Z,2025-03-22,2025,2,ATL,GS,124.0,115.0,False,,ESPN BET,2.5,-105.0,-115.0,233.5,-110.0,-110.0,120.0,-140.0,2.5,229.5
401705592,2025-03-23T00:00Z,2025-03-22,2025,2,NY,WSH,122.0,103.0,False,,ESPN BET,-15.5,-115.0,-105.0,225.5,-110.0,-110.0,-1400.0,750.0,-15.5,220.5
401705593,2025-03-23T02:00Z,2025-03-22,2025,2,SAC,MIL,108.0,114.0,False,,ESPN BET,-1.5,-115.0,-105.0,222.5,-110.0,-110.0,-125.0,105.0,1.5,229.5
401705594,2025-03-23T02:30Z,2025-03-22,2025,2,LAL,CHI,115.0,146.0,False,,ESPN BET,-10.5,-105.0,-115.0,237.5,-115.0,-105.0,-650.0,425.0,-10.5,231.5
401705595,2025-03-23T19:00Z,2025-03-23,2025,2,DET,NO,136.0,130.0,False,,ESPN BET,-11.5,-115.0,-105.0,225.5,-105.0,-115.0,-750.0,475.0,-10.5,231.5
401705596,2025-03-23T19:30Z,2025-03-23,2025,2,UTAH,CLE,91.0,120.0,False,,ESPN BET,16.5,-110.0,-110.0,240.5,-110.0,-110.0,900.0,-1800.0,15.5,235.5
401705597,2025-03-23T22:00Z,2025-03-23,2025,2,ATL,PHI,132.0,119.0,False,,ESPN BET,-10.5,100.0,-120.0,240.5,-110.0,-110.0,-500.0,360.0,-10.5,236.5
401705598,2025-03-23T22:00Z,2025-03-23,2025,2,MIA,CHA,122.0,105.0,False,,ESPN BET,-7.5,-110.0,-110.0,214.5,-115.0,-105.0,-280.0,230.0,-3.5,211.5
401705599,2025-03-23T22:00Z,2025-03-23,2025,2,TOR,SA,89.0,123.0,False,,ESPN BET,-0.5,-110.0,-110.0,232.5,-110.0,-110.0,-110.0,-110.0,-1.5,233.5
401705600,2025-03-23T22:00Z,2025-03-23,2025,2,POR,BOS,116.0,129.0,False,,ESPN BET,6.5,-115.0,-105.0,219.5,-105.0,-115.0,210.0,-250.0,7.5,222.5
401705601,2025-03-23T23:00Z,2025-03-23,2025,2,HOU,DEN,111.0,116.0,False,,ESPN BET,-7.5,-110.0,-110.0,223.5,-105.0,-115.0,-300.0,250.0,-7.5,227.5
401705602,2025-03-24T01:00Z,2025-03-23,2025,2,LAC,OKC,101.0,103.0,False,,ESPN BET,-0.5,-110.0,-110.0,226.5,-115.0,-105.0,-110.0,-110.0,3.5,227.5
401705603,2025-03-24T23:00Z,2025-03-24,2025,2,IND,MIN,119.0,103.0,False,,ESPN BET,2.5,-110.0,-110.0,230.5,-110.0,-110.0,115.0,-135.0,-1.5,231.5
401705604,2025-03-24T23:00Z,2025-03-24,2025,2,ORL,LAL,118.0,106.0,False,,ESPN BET,4.5,-110.0,-110.0,217.5,-105.0,-115.0,140.0,-165.0,4.5,214.5
401705605,2025-03-24T23:00Z,2025-03-24,2025,2,WSH,TOR,104.0,112.0,False,,ESPN BET,-1.5,-115.0,-105.0,227.5,-115.0,-105.0,-130.0,110.0,3.5,233.5
401705606,2025-03-24T23:30Z,2025-03-24,2025,2,BKN,DAL,101.0,120.0,False,,ESPN BET,2.5,-105.0,-115.0,217.5,-115.0,-105.0,125.0,-145.0,1.5,217.5
401705607,2025-03-25T00:00Z,2025-03-24,2025,2,NO,PHI,112.0,99.0,False,,ESPN BET,-3.5,-110.0,-110.0,226.5,-105.0,-115.0,-150.0,125.0,-5.5,231.5
401705608,2025-03-25T01:00Z,2025-03-24,2025,2,DEN,CHI,119.0,129.0,False,,ESPN BET,-2.5,-115.0,-105.0,239.5,-105.0,-115.0,-140.0,115.0,-4.5,237.5
401705609,2025-03-25T02:00Z,2025-03-24,2025,2,PHX,MIL,108.0,106.0,False,,ESPN BET,-2.5,-115.0,-105.0,223.5,-105.0,-115.0,-150.0,130.0,-3.5,226.5
401705610,2025-03-25T02:00Z,2025-03-24,2025,2,SAC,BOS,95.0,113.0,False,,ESPN BET,4.5,-105.0,-115.0,224.5,-110.0,-110.0,160.0,-190.0,3.5,226.5
401705611,2025-03-25T23:00Z,2025-03-25,2025,2,CHA,ORL,104.0,111.0,False,,ESPN BET,4.5,-115.0,-105.0,214.5,-105.0,-115.0,140.0,-165.0,4.5,211.5
401705612,2025-03-25T23:00Z,2025-03-25,2025,2,DET,SA,122.0,96.0,False,,ESPN BET,-9.5,-110.0,-110.0,233.5,-110.0,-110.0,-380.0,290.0,-8.5,232.5
401705613,2025-03-25T23:30Z,2025-03-25,2025,2,MIA,GS,112.0,86.0,False,,ESPN BET,4.5,100.0,-120.0,208.5,-110.0,-110.0,155.0,-185.0,4.5,218.5
401705614,2025-03-25T23:30Z,2025-03-25,2025,2,NY,DAL,128.0,113.0,False,,ESPN BET,-11.5,-115.0,-105.0,226.5,-110.0,-110.0,-700.0,450.0,-7.5,222.5
401705615,2025-03-26T00:00Z,2025-03-25,2025,2,HOU,ATL,121.0,114.0,False,,ESPN BET,-7.5,-105.0,-115.0,235.5,-110.0,-110.0,-280.0,225.0,-7.5,232.5
401705616,2025-03-26T01:00Z,2025-03-25,2025,2,UTAH,MEM,103.0,140.0,False,,ESPN BET,11.5,-110.0,-110.0,240.5,-110.0,-110.0,400.0,-550.0,10.5,242.5
401705617,2025-03-26T02:00Z,2025-03-25,2025,2,POR,CLE,111.0,122.0,False,,ESPN BET,6.5,-115.0,-105.0,229.5,-110.0,-110.0,200.0,-245.0,7.5,230.5
401705618,2025-03-26T02:00Z,2025-03-25,2025,2,SAC,OKC,105.0,121.0,False,,ESPN BET,8.5,-105.0,-115.0,228.5,-110.0,-110.0,270.0,-340.0,8.5,227.5
401705619,2025-03-26T23:00Z,2025-03-26,2025,2,PHI,WSH,114.0,119.0,False,,ESPN BET,-3.5,-105.0,-115.0,228.5,-115.0,-105.0,-150.0,130.0,-3.5,228.5
401705620,2025-03-26T23:30Z,2025-03-26,2025,2,BKN,TOR,86.0,116.0,False,,ESPN BET,-2.5,-110.0,-110.0,215.5,-115.0,-105.0,-135.0,115.0,-1.5,215.5
401705621,2025-03-26T23:30Z,2025-03-26,2025,2,IND,LAL,119.0,120.0,False,,ESPN BET,-0.5,-105.0,-115.0,234.5,-115.0,-105.0,-105.0,-115.0,-1.5,233.5
401705622,2025-03-26T23:30Z,2025-03-26,2025,2,NY,LAC,113.0,126.0,False,,ESPN BET,4.5,-105.0,-115.0,218.5,-115.0,-105.0,145.0,-170.0,1.5,217.5
401705623,2025-03-27T01:00Z,2025-03-26,2025,2,DEN,MIL,127.0,117.0,False,,ESPN BET,-11.5,-110.0,-110.0,230.5,-110.0,-110.0,-650.0,425.0,-2.5,226.5
401705624,2025-03-27T02:00Z,2025-03-26,2025,2,PHX,BOS,102.0,132.0,False,,ESPN BET,4.5,-110.0,-110.0,221.5,-115.0,-105.0,155.0,-185.0,3.5,224.5
401705625,2025-03-27T23:00Z,2025-03-27,2025,2,CLE,SA,124.0,116.0,False,,ESPN BET,-13.5,-115.0,-105.0,236.5,-115.0,-105.0,-1000.0,600.0,-13.5,238.5
401705626,2025-03-27T23:00Z,2025-03-27,2025,2,ORL,DAL,92.0,101.0,False,,ESPN BET,-6.5,-105.0,-115.0,216.5,-110.0,-110.0,-245.0,200.0,-6.5,219.5
401705627,2025-03-27T23:00Z,2025-03-27,2025,2,WSH,IND,109.0,162.0,False,,ESPN BET,12.5,-110.0,-110.0,234.5,-110.0,-110.0,500.0,-800.0,10.5,236.5
401705628,2025-03-27T23:30Z,2025-03-27,2025,2,MIA,ATL,122.0,112.0,False,,ESPN BET,-1.5,-115.0,-105.0,224.5,-110.0,-110.0,-125.0,105.0,-1.5,227.5
401705629,2025-03-28T00:00Z,2025-03-27,2025,2,CHI,LAL,119.0,117.0,False,,ESPN BET,3.5,-110.0,-110.0,236.5,-115.0,-105.0,140.0,-165.0,3.5,239.5
401705630,2025-03-28T00:00Z,2025-03-27,2025,2,OKC,MEM,125.0,104.0,False,,ESPN BET,-10.5,-105.0,-115.0,237.5,-105.0,-115.0,-550.0,380.0,-10.5,239.5
401705631,2025-03-28T01:00Z,2025-03-27,2025,2,UTAH,HOU,110.0,121.0,False,,ESPN BET,13.5,-110.0,-110.0,226.5,-115.0,-105.0,500.0,-800.0,12.5,227.5
401705632,2025-03-28T02:00Z,2025-03-27,2025,2,SAC,POR,128.0,107.0,False,,ESPN BET,-5.5,-110.0,-110.0,227.5,-110.0,-110.0,-215.0,180.0,-5.5,225.5
401705633,2025-03-28T23:00Z,2025-03-28,2025,2,DET,CLE,133.0,122.0,False,,ESPN BET,6.5,-110.0,-110.0,233.5,-110.0,-110.0,205.0,-250.0,8.5,231.5
401705634,2025-03-28T23:30Z,2025-03-28,2025,2,BKN,LAC,100.0,132.0,False,,ESPN BET,12.5,-110.0,-110.0,213.5,-115.0,-105.0,500.0,-800.0,12.5,214.5
401705635,2025-03-28T23:30Z,2025-03-28,2025,2,TOR,CHA,108.0,97.0,False,,ESPN BET,-5.5,-110.0,-110.0,219.5,-115.0,-105.0,-215.0,180.0,-6.5,219.5
401705636,2025-03-29T00:00Z,2025-03-28,2025,2,MIL,NY,107.0,116.0,False,,ESPN BET,-1.5,-110.0,-110.0,218.5,-105.0,-115.0,-115.0,-105.0,1.5,222.5
401705637,2025-03-29T00:00Z,2025-03-28,2025,2,MIN,PHX,124.0,109.0,False,,ESPN BET,-7.5,-115.0,-105.0,223.5,-110.0,-110.0,-320.0,260.0,-6.5,225.5
401705638,2025-03-29T00:00Z,2025-03-28,2025,2,NO,GS,95.0,111.0,False,,ESPN BET,15.5,-105.0,-115.0,226.5,-110.0,-110.0,800.0,-1600.0,11.5,226.5
401705639,2025-03-29T01:00Z,2025-03-28,2025,2,DEN,UTAH,129.0,93.0,False,,ESPN BET,-19.5,-105.0,-115.0,239.5,-110.0,-110.0,-2000.0,1000.0,-16.5,237.5
401705640,2025-03-29T21:00Z,2025-03-29,2025,2,ORL,SAC,121.0,91.0,False,,ESPN BET,-1.5,-110.0,-110.0,212.5,-115.0,-105.0,-125.0,105.0,1.5,218.5
401705641,2025-03-29T23:00Z,2025-03-29,2025,2,WSH,BKN,112.0,115.0,False,,ESPN BET,-2.5,-105.0,-115.0,222.5,-110.0,-110.0,-130.0,110.0,1.5,219.5
401705642,2025-03-29T23:30Z,2025-03-29,2025,2,PHI,MIA,95.0,118.0,False,,ESPN BET,7.5,-105.0,-115.0,214.5,-115.0,-105.0,260.0,-320.0,7.5,221.5
401705643,2025-03-30T00:00Z,2025-03-29,2025,2,CHI,DAL,119.0,120.0,False,,ESPN BET,-2.5,-115.0,-105.0,240.5,-115.0,-105.0,-140.0,120.0,-2.5,238.5
401705644,2025-03-30T00:00Z,2025-03-29,2025,2,MEM,LAL,127.0,134.0,False,,ESPN BET,-1.5,-105.0,-115.0,237.5,-115.0,-105.0,-110.0,-110.0,-1.5,236.5
401705645,2025-03-30T00:00Z,2025-03-29,2025,2,OKC,IND,132.0,111.0,False,,ESPN BET,-8.5,-105.0,-115.0,232.5,-110.0,-110.0,-380.0,290.0,-9.5,238.5
401705646,2025-03-30T00:00Z,2025-03-29,2025,2,SA,BOS,111.0,121.0,False,,ESPN BET,12.5,-110.0,-110.0,230.5,-110.0,-110.0,500.0,-800.0,11.5,227.5
401705647,2025-03-30T19:30Z,2025-03-30,2025,2,CLE,LAC,127.0,122.0,False,,ESPN BET,-6.5,-110.0,-110.0,229.5,-115.0,-105.0,-280.0,230.0,-6.5,231.5
401705648,2025-03-30T22:00Z,2025-03-30,2025,2,NY,POR,110.0,93.0,False,,ESPN BET,-7.5,-105.0,-115.0,220.5,-105.0,-115.0,-280.0,230.0,-9.5,223.5
401705649,2025-03-30T23:00Z,2025-03-30,2025,2,MIL,ATL,124.0,145.0,False,,ESPN BET,-4.5,-110.0,-110.0,235.5,-115.0,-105.0,-170.0,145.0,-3.5,234.5
401705650,2025-03-30T23:00Z,2025-03-30,2025,2,MIN,DET,123.0,104.0,False,,ESPN BET,-8.5,100.0,-120.0,224.5,-110.0,-110.0,-340.0,270.0,-6.5,225.5
401705651,2025-03-30T23:00Z,2025-03-30,2025,2,NO,CHA,98.0,94.0,False,,ESPN BET,-2.5,-110.0,-110.0,213.5,-115.0,-105.0,-135.0,115.0,-2.5,216.5
401705652,2025-03-30T23:00Z,2025-03-30,2025,2,SA,GS,106.0,148.0,False,,ESPN BET,11.5,-115.0,-105.0,231.5,-110.0,-110.0,425.0,-650.0,11.5,232.5
401705653,2025-03-30T23:30Z,2025-03-30,2025,2,PHI,TOR,109.0,127.0,False,,ESPN BET,6.5,-115.0,-105.0,225.5,-105.0,-115.0,200.0,-240.0,1.5,222.5
401705654,2025-03-31T01:00Z,2025-03-30,2025,2,PHX,HOU,109.0,148.0,False,,ESPN BET,2.5,100.0,-120.0,220.5,-110.0,-110.0,125.0,-145.0,1.5,223.5
401705655,2025-03-31T23:00Z,2025-03-31,2025,2,CHA,UTAH,110.0,106.0,False,,ESPN BET,-4.5,-105.0,-115.0,222.5,-110.0,-110.0,-185.0,155.0,1.5,221.5
401705656,2025-03-31T23:00Z,2025-03-31,2025,2,IND,SAC,111.0,109.0,False,,ESPN BET,-3.5,-105.0,-115.0,234.5,-105.0,-115.0,-170.0,140.0,-4.5,235.5
401705657,2025-03-31T23:00Z,2025-03-31,2025,2,ORL,LAC,87.0,96.0,False,,ESPN BET,3.5,-115.0,-105.0,211.5,-110.0,-110.0,130.0,-155.0,1.5,212.5
401705658,2025-03-31T23:00Z,2025-03-31,2025,2,WSH,MIA,94.0,120.0,False,,ESPN BET,9.5,-110.0,-110.0,214.5,-115.0,-105.0,340.0,-450.0,7.5,220.5
401705659,2025-03-31T23:30Z,2025-03-31,2025,2,MEM,BOS,103.0,117.0,False,,ESPN BET,2.5,-105.0,-115.0,235.5,-110.0,-110.0,140.0,-170.0,4.5,235.5
401705660,2025-04-01T00:00Z,2025-03-31,2025,2,OKC,CHI,145.0,117.0,False,,ESPN BET,-15.5,-115.0,-105.0,240.5,-110.0,-110.0,-950.0,625.0,-14.5,238.5
401705661,2025-04-01T00:30Z,2025-03-31,2025,2,DAL,BKN,109.0,113.0,False,,ESPN BET,-9.5,-115.0,-105.0,219.5,-115.0,-105.0,-435.0,325.0,-11.5,220.5
401705662,2025-04-01T02:00Z,2025-03-31,2025,2,LAL,HOU,104.0,98.0,False,,ESPN BET,-4.5,-105.0,-115.0,226.5,-110.0,-110.0,-190.0,160.0,-4.5,226.5
401705663,2025-04-01T23:30Z,2025-04-01,2025,2,ATL,POR,113.0,127.0,False,,ESPN BET,-5.5,-110.0,-110.0,235.5,-110.0,-110.0,-210.0,175.0,-6.5,237.5
401705664,2025-04-01T23:30Z,2025-04-01,2025,2,NY,PHI,105.0,91.0,False,,ESPN BET,-12.5,-120.0,100.0,219.5,-110.0,-110.0,-900.0,600.0,-14.5,222.5
401705667,2025-04-01T23:30Z,2025-04-01,2025,2,MIL,PHX,133.0,123.0,False,,ESPN BET,-6.5,-110.0,-110.0,225.5,-110.0,-110.0,-300.0,245.0,-6.5,221.5
401705554,2025-04-02T00:00Z,2025-04-01,2025,2,SA,ORL,105.0,116.0,False,,ESPN BET,5.5,-110.0,-110.0,216.5,-110.0,-110.0,180.0,-220.0,4.5,218.5
401705665,2025-04-02T00:00Z,2025-04-01,2025,2,CHI,TOR,137.0,118.0,False,,ESPN BET,-4.5,-110.0,-110.0,237.5,-115.0,-105.0,-170.0,145.0,-5.5,237.5
401705666,2025-04-02T00:00Z,2025-04-01,2025,2,MEM,GS,125.0,134.0,False,,ESPN BET,3.5,-110.0,-110.0,238.5,-110.0,-110.0,125.0,-145.0,3.5,237.5
401705668,2025-04-02T02:00Z,2025-04-01,2025,2,DEN,MIN,139.0,140.0,False,,ESPN BET,-1.5,-110.0,-110.0,228.5,-115.0,-105.0,-125.0,105.0,-1.5,230.5
401705669,2025-04-02T23:00Z,2025-04-02,2025,2,CLE,NY,124.0,105.0,False,,ESPN BET,-10.5,-110.0,-110.0,230.5,-110.0,-110.0,-600.0,400.0,-10.5,230.5
401705670,2025-04-02T23:00Z,2025-04-02,2025,2,IND,CHA,119.0,105.0,False,,ESPN BET,-15.5,-110.0,-110.0,223.5,-110.0,-110.0,-1000.0,600.0,-14.5,224.5
401705671,2025-04-02T23:00Z,2025-04-02,2025,2,WSH,SAC,116.0,111.0,False,,ESPN BET,13.5,-115.0,-105.0,231.5,-115.0,-105.0,600.0,-1000.0,12.5,231.5
401705672,2025-04-02T23:30Z,2025-04-02,2025,2,BOS,MIA,103.0,124.0,False,,ESPN BET,-10.5,-115.0,-105.0,211.5,-110.0,-110.0,-500.0,360.0,-10.5,212.5
401705673,2025-04-03T00:00Z,2025-04-02,2025,2,HOU,UTAH,143.0,105.0,False,,ESPN BET,-15.5,-105.0,-115.0,227.5,-110.0,-110.0,-1600.0,800.0,-17.5,227.5
401705675,2025-04-03T00:30Z,2025-04-02,2025,2,DAL,ATL,120.0,118.0,False,,ESPN BET,-3.5,-110.0,-110.0,240.5,-115.0,-105.0,-165.0,140.0,-2.5,237.5
401705676,2025-04-03T01:00Z,2025-04-02,2025,2,DEN,SA,106.0,113.0,False,,ESPN BET,-2.5,-105.0,-115.0,229.5,-105.0,-115.0,-130.0,110.0,-15.5,235.5
401705674,2025-04-03T01:30Z,2025-04-02,2025,2,OKC,DET,119.0,103.0,False,,ESPN BET,-12.5,-115.0,-105.0,233.5,-110.0,-110.0,-800.0,500.0,-12.5,228.5
401705677,2025-04-03T02:30Z,2025-04-02,2025,2,LAC,NO,114.0,98.0,False,,ESPN BET,-18.5,-105.0,-115.0,218.5,-115.0,-105.0,-2000.0,1000.0,-17.5,217.5
401705678,2025-04-03T23:00Z,2025-04-03,2025,2,WSH,ORL,97.0,109.0,False,,ESPN BET,15.5,-110.0,-110.0,212.5,-110.0,-110.0,900.0,-1800.0,13.5,216.5
401705681,2025-04-03T23:00Z,2025-04-03,2025,2,PHI,MIL,113.0,126.0,False,,ESPN BET,11.5,-110.0,-110.0,227.5,-115.0,-105.0,425.0,-650.0,11.5,224.5
401705679,2025-04-03T23:30Z,2025-04-03,2025,2,BKN,MIN,90.0,105.0,False,,ESPN BET,14.5,-115.0,-105.0,217.5,-110.0,-110.0,750.0,-1400.0,13.5,215.5
401705680,2025-04-03T23:30Z,2025-04-03,2025,2,MIA,MEM,108.0,110.0,False,,ESPN BET,5.5,-110.0,-110.0,226.5,-110.0,-110.0,180.0,-215.0,3.5,227.5
401705682,2025-04-03T23:30Z,2025-04-03,2025,2,TOR,POR,103.0,112.0,False,,ESPN BET,5.5,-120.0,100.0,223.5,-105.0,-115.0,175.0,-210.0,1.5,225.5
401705683,2025-04-04T02:00Z,2025-04-03,2025,2,LAL,GS,116.0,123.0,False,,ESPN BET,-0.5,-115.0,-105.0,230.5,-105.0,-115.0,-110.0,-110.0,-1.5,230.5
401705684,2025-04-04T23:00Z,2025-04-04,2025,2,CHA,SAC,102.0,125.0,False,,ESPN BET,11.5,-105.0,-115.0,215.5,-105.0,-115.0,450.0,-700.0,10.5,221.5
401705685,2025-04-04T23:00Z,2025-04-04,2025,2,IND,UTAH,140.0,112.0,False,,ESPN BET,-17.5,-105.0,-115.0,238.5,-115.0,-105.0,-2500.0,1100.0,-15.5,234.5
401705686,2025-04-04T23:30Z,2025-04-04,2025,2,BOS,PHX,123.0,103.0,False,,ESPN BET,-14.5,-115.0,-105.0,226.5,-115.0,-105.0,-1200.0,700.0,-14.5,226.5
401705687,2025-04-04T23:30Z,2025-04-04,2025,2,TOR,DET,105.0,117.0,False,,ESPN BET,10.5,-110.0,-110.0,226.5,-110.0,-110.0,375.0,-525.0,9.5,230.5
401705688,2025-04-05T00:00Z,2025-04-04,2025,2,CHI,POR,118.0,113.0,False,,ESPN BET,-6.5,-105.0,-115.0,232.5,-110.0,-110.0,-250.0,210.0,-3.5,239.5
401705689,2025-04-05T00:00Z,2025-04-04,2025,2,HOU,OKC,125.0,111.0,False,,ESPN BET,5.5,-105.0,-115.0,226.5,-115.0,-105.0,200.0,-240.0,6.5,229.5
401705690,2025-04-05T00:00Z,2025-04-04,2025,2,SA,CLE,113.0,114.0,False,,ESPN BET,12.5,-105.0,-115.0,241.5,-110.0,-110.0,500.0,-800.0,14.5,239.5
401705691,2025-04-05T02:00Z,2025-04-04,2025,2,GS,DEN,118.0,104.0,False,,ESPN BET,-3.5,-110.0,-110.0,237.5,-105.0,-115.0,-155.0,135.0,-1.5,235.5
401705692,2025-04-05T02:30Z,2025-04-04,2025,2,LAL,NO,124.0,108.0,False,,ESPN BET,-15.5,-115.0,-105.0,222.5,-115.0,-105.0,-1800.0,900.0,-13.5,221.5
401705693,2025-04-05T02:30Z,2025-04-04,2025,2,LAC,DAL,114.0,91.0,False,,ESPN BET,-12.5,-105.0,-115.0,225.5,-110.0,-110.0,-800.0,500.0,-5.5,224.5
401705694,2025-04-05T19:00Z,2025-04-05,2025,2,ATL,NY,105.0,121.0,False,,ESPN BET,1.5,-115.0,-105.0,235.5,-110.0,-110.0,105.0,-125.0,3.5,235.5
401705695,2025-04-05T23:00Z,2025-04-05,2025,2,DET,MEM,103.0,109.0,False,,ESPN BET,1.5,-105.0,-115.0,238.5,-115.0,-105.0,-105.0,-115.0,1.5,239.5
401705696,2025-04-05T23:00Z,2025-04-05,2025,2,PHI,MIN,109.0,114.0,False,,ESPN BET,16.5,-110.0,-110.0,224.5,-110.0,-110.0,800.0,-1600.0,14.5,226.5
401705697,2025-04-06T00:00Z,2025-04-05,2025,2,MIA,MIL,115.0,121.0,False,,ESPN BET,-0.5,-115.0,-105.0,209.5,-110.0,-110.0,-115.0,-105.0,1.5,214.5
401705698,2025-04-06T02:30Z,2025-04-05,2025,2,LAC,DAL,135.0,104.0,False,,ESPN BET,-9.5,-105.0,-115.0,221.5,-105.0,-115.0,-400.0,315.0,-8.5,221.5
401705699,2025-04-06T17:00Z,2025-04-06,2025,2,CHA,CHI,117.0,131.0,False,,ESPN BET,7.5,-105.0,-115.0,230.5,-115.0,-105.0,280.0,-360.0,9.5,227.5
401705700,2025-04-06T19:30Z,2025-04-06,2025,2,BKN,TOR,109.0,120.0,False,,ESPN BET,2.5,-115.0,-105.0,217.5,-110.0,-110.0,115.0,-135.0,2.5,214.5
401705701,2025-04-06T19:30Z,2025-04-06,2025,2,OKC,LAL,99.0,126.0,False,,ESPN BET,-9.5,-105.0,-115.0,231.5,-105.0,-115.0,-400.0,300.0,-9.5,233.5
401705702,2025-04-06T22:00Z,2025-04-06,2025,2,ATL,UTAH,147.0,134.0,False,,ESPN BET,-13.5,-105.0,-115.0,245.5,-115.0,-105.0,-1000.0,600.0,-12.5,243.5
401705703,2025-04-06T22:00Z,2025-04-06,2025,2,BOS,WSH,124.0,90.0,False,,ESPN BET,-19.5,-105.0,-115.0,226.5,-120.0,100.0,-3000.0,1200.0,-20.5,225.5
401705704,2025-04-06T22:00Z,2025-04-06,2025,2,CLE,SAC,113.0,120.0,False,,ESPN BET,-9.5,-110.0,-110.0,237.5,-110.0,-110.0,-450.0,340.0,-10.5,236.5
401705705,2025-04-06T22:00Z,2025-04-06,2025,2,POR,SA,120.0,109.0,False,,ESPN BET,-3.5,-105.0,-115.0,225.5,-110.0,-110.0,-150.0,130.0,-2.5,227.5
401705706,2025-04-06T23:00Z,2025-04-06,2025,2,NY,PHX,112.0,98.0,False,,ESPN BET,-9.5,-115.0,-105.0,225.5,-110.0,-110.0,-400.0,300.0,-7.5,227.5
401705708,2025-04-07T00:00Z,2025-04-06,2025,2,DEN,IND,120.0,125.0,False,,ESPN BET,-6.5,-105.0,-115.0,238.5,-110.0,-110.0,-240.0,200.0,-5.5,238.5
401705709,2025-04-07T00:30Z,2025-04-06,2025,2,GS,HOU,96.0,106.0,False,,ESPN BET,-5.5,-115.0,-105.0,225.5,-110.0,-110.0,-220.0,180.0,-4.5,226.5
401754706,2025-04-07T00:30Z,2025-04-06,2025,2,NO,MIL,107.0,111.0,False,Rescheduled from Jan 22,ESPN BET,6.5,-115.0,-105.0,218.5,-110.0,-110.0,190.0,-230.0,11.5,222.5
401705710,2025-04-07T23:00Z,2025-04-07,2025,2,DET,SAC,117.0,127.0,False,,ESPN BET,-4.5,-115.0,-105.0,230.5,-110.0,-110.0,-190.0,160.0,-6.5,231.5
401705711,2025-04-07T23:30Z,2025-04-07,2025,2,MIA,PHI,117.0,105.0,False,,ESPN BET,-11.5,-115.0,-105.0,216.5,-110.0,-110.0,-525.0,400.0,-13.5,213.5
401705712,2025-04-08T23:00Z,2025-04-08,2025,2,CHA,MEM,100.0,124.0,False,,ESPN BET,14.5,-115.0,-105.0,230.5,-105.0,-115.0,700.0,-1200.0,13.5,229.5
401705713,2025-04-08T23:00Z,2025-04-08,2025,2,CLE,CHI,135.0,113.0,False,,ESPN BET,-15.5,-110.0,-110.0,240.5,-105.0,-115.0,-1200.0,700.0,-11.5,238.5
401705714,2025-04-08T23:00Z,2025-04-08,2025,2,IND,WSH,104.0,98.0,False,,ESPN BET,-18.5,-115.0,-105.0,236.5,-105.0,-115.0,-3000.0,1200.0,-18.5,238.5
401705715,2025-04-08T23:00Z,2025-04-08,2025,2,ORL,ATL,119.0,112.0,False,,ESPN BET,-5.5,-105.0,-115.0,226.5,-105.0,-115.0,-200.0,170.0,-4.5,225.5
401705716,2025-04-08T23:30Z,2025-04-08,2025,2,BKN,NO,119.0,114.0,False,,ESPN BET,-1.5,-105.0,-115.0,213.5,-110.0,-110.0,-115.0,-105.0,-1.5,214.5
401705717,2025-04-08T23:30Z,2025-04-08,2025,2,NY,BOS,117.0,119.0,False,,ESPN BET,2.5,-110.0,-110.0,224.5,-110.0,-110.0,115.0,-135.0,3.5,223.5
401705718,2025-04-09T00:00Z,2025-04-08,2025,2,MIL,MIN,110.0,103.0,False,,ESPN BET,6.5,-110.0,-110.0,222.5,-115.0,-105.0,180.0,-220.0,3.5,222.5
401705719,2025-04-09T00:00Z,2025-04-08,2025,2,OKC,LAL,136.0,120.0,False,,ESPN BET,-9.5,-105.0,-115.0,230.5,-115.0,-105.0,-400.0,315.0,-8.5,229.5
401705720,2025-04-09T02:00Z,2025-04-08,2025,2,PHX,GS,95.0,133.0,False,,ESPN BET,9.5,100.0,-120.0,227.5,-110.0,-110.0,350.0,-450.0,6.5,228.5
401705721,2025-04-09T02:30Z,2025-04-08,2025,2,LAC,SA,122.0,117.0,False,,ESPN BET,-12.5,-115.0,-105.0,229.5,-105.0,-115.0,-750.0,475.0,-12.5,227.5
401705722,2025-04-09T23:00Z,2025-04-09,2025,2,ORL,BOS,96.0,76.0,False,,ESPN BET,-7.5,-115.0,-105.0,207.5,-105.0,-115.0,-325.0,260.0,3.5,215.5
401705723,2025-04-09T23:00Z,2025-04-09,2025,2,WSH,PHI,103.0,122.0,False,,ESPN BET,2.5,100.0,-120.0,224.5,-110.0,-110.0,125.0,-145.0,1.5,227.5
401705724,2025-04-09T23:30Z,2025-04-09,2025,2,TOR,CHA,126.0,96.0,False,,ESPN BET,-11.5,-110.0,-110.0,221.5,-110.0,-110.0,-550.0,380.0,-7.5,214.5
401705725,2025-04-09T23:30Z,2025-04-09,2025,2,DAL,LAL,97.0,112.0,False,,ESPN BET,4.5,-105.0,-115.0,227.5,-105.0,-115.0,165.0,-200.0,5.5,228.5
401705726,2025-04-10T00:00Z,2025-04-09,2025,2,CHI,MIA,119.0,111.0,False,,ESPN BET,1.5,100.0,-125.0,227.5,-110.0,-110.0,105.0,-130.0,1.5,223.5
401705728,2025-04-10T01:00Z,2025-04-09,2025,2,UTAH,POR,133.0,126.0,False,,ESPN BET,6.5,-110.0,-110.0,230.5,-110.0,-110.0,205.0,-265.0,5.5,228.5
401705729,2025-04-10T02:00Z,2025-04-09,2025,2,GS,SA,111.0,114.0,False,,ESPN BET,-17.5,-115.0,-105.0,233.5,-110.0,-110.0,-1800.0,900.0,-15.5,234.5
401705730,2025-04-10T02:00Z,2025-04-09,2025,2,PHX,OKC,112.0,125.0,False,,ESPN BET,6.5,-105.0,-115.0,228.5,-110.0,-110.0,220.0,-270.0,12.5,232.5
401705731,2025-04-10T02:00Z,2025-04-09,2025,2,SAC,DEN,116.0,124.0,False,,ESPN BET,4.5,100.0,-120.0,234.5,-110.0,-110.0,160.0,-190.0,1.5,233.5
401705732,2025-04-10T02:30Z,2025-04-09,2025,2,LAC,HOU,134.0,117.0,False,,ESPN BET,-10.5,-110.0,-110.0,220.5,-110.0,-110.0,-600.0,400.0,-4.5,218.5
401705733,2025-04-10T23:00Z,2025-04-10,2025,2,DET,NY,115.0,106.0,False,,ESPN BET,-4.5,-105.0,-115.0,230.5,-110.0,-110.0,-160.0,135.0,-4.5,224.5
401705734,2025-04-10T23:00Z,2025-04-10,2025,2,IND,CLE,114.0,112.0,False,,ESPN BET,-9.5,-115.0,-105.0,234.5,-110.0,-110.0,-450.0,340.0,-9.5,229.5
401705735,2025-04-10T23:30Z,2025-04-10,2025,2,BKN,ATL,109.0,133.0,False,,ESPN BET,13.5,-115.0,-105.0,234.5,-110.0,-110.0,500.0,-800.0,13.5,227.5
401705727,2025-04-11T00:00Z,2025-04-10,2025,2,MIL,NO,136.0,111.0,False,,ESPN BET,-16.5,-110.0,-110.0,223.5,-115.0,-105.0,-1600.0,800.0,-15.5,221.5
401705736,2025-04-11T01:30Z,2025-04-10,2025,2,MEM,MIN,125.0,141.0,False,,ESPN BET,2.5,-115.0,-105.0,230.5,-110.0,-110.0,110.0,-130.0,-1.5,234.5
401705737,2025-04-11T23:00Z,2025-04-11,2025,2,DET,MIL,119.0,125.0,False,,ESPN BET,-4.5,-110.0,-110.0,229.5,-110.0,-110.0,-165.0,140.0,-4.5,227.5
401705738,2025-04-11T23:00Z,2025-04-11,2025,2,IND,ORL,115.0,129.0,False,,ESPN BET,-3.5,-115.0,-105.0,212.5,-115.0,-105.0,-170.0,145.0,-6.5,218.5
401705739,2025-04-11T23:00Z,2025-04-11,2025,2,PHI,ATL,110.0,124.0,False,,ESPN BET,11.5,-110.0,-110.0,239.5,-115.0,-105.0,475.0,-750.0,11.5,238.5
401705740,2025-04-11T23:30Z,2025-04-11,2025,2,BOS,CHA,130.0,94.0,False,,ESPN BET,-21.5,-105.0,-115.0,215.5,-110.0,-110.0,-4000.0,1300.0,-19.5,212.5
401705741,2025-04-11T23:30Z,2025-04-11,2025,2,NY,CLE,102.0,108.0,False,,ESPN BET,-3.5,-110.0,-110.0,222.5,-110.0,-110.0,-155.0,135.0,-8.5,227.5
401705742,2025-04-12T00:00Z,2025-04-11,2025,2,CHI,WSH,119.0,89.0,False,,ESPN BET,-13.5,-115.0,-105.0,237.5,-105.0,-115.0,-900.0,550.0,-15.5,234.5
401705743,2025-04-12T00:00Z,2025-04-11,2025,2,NO,MIA,104.0,153.0,False,,ESPN BET,14.5,-110.0,-110.0,214.5,-115.0,-105.0,600.0,-1000.0,12.5,216.5
401705744,2025-04-12T00:30Z,2025-04-11,2025,2,DAL,TOR,124.0,102.0,False,,ESPN BET,-11.5,-105.0,-115.0,224.5,-115.0,-105.0,-600.0,400.0,-11.5,224.5
401705745,2025-04-12T01:00Z,2025-04-11,2025,2,MIN,BKN,117.0,91.0,False,,ESPN BET,-21.5,-105.0,-115.0,220.5,-110.0,-110.0,-4000.0,1300.0,-17.5,216.5
401705746,2025-04-12T01:00Z,2025-04-11,2025,2,DEN,MEM,117.0,109.0,False,,ESPN BET,-7.5,-105.0,-115.0,245.5,-110.0,-110.0,-290.0,240.0,-7.5,239.5
401705747,2025-04-12T01:30Z,2025-04-11,2025,2,UTAH,OKC,111.0,145.0,False,,ESPN BET,8.5,-105.0,-115.0,234.5,-115.0,-105.0,300.0,-400.0,11.5,231.5
401705748,2025-04-12T02:00Z,2025-04-11,2025,2,PHX,SA,117.0,98.0,False,,ESPN BET,-5.5,-115.0,-105.0,232.5,-105.0,-115.0,-230.0,195.0,-3.5,232.5
401705749,2025-04-12T02:00Z,2025-04-11,2025,2,POR,GS,86.0,103.0,False,,ESPN BET,15.5,-110.0,-110.0,221.5,-115.0,-105.0,750.0,-1400.0,11.5,226.5
401705750,2025-04-12T02:00Z,2025-04-11,2025,2,SAC,LAC,100.0,101.0,False,,ESPN BET,7.5,-115.0,-105.0,224.5,-110.0,-110.0,225.0,-275.0,7.5,227.5
401705751,2025-04-12T02:30Z,2025-04-11,2025,2,LAL,HOU,140.0,109.0,False,,ESPN BET,-13.5,-115.0,-105.0,228.5,-110.0,-110.0,-1200.0,700.0,-9.5,225.5
401705752,2025-04-13T17:00Z,2025-04-13,2025,2,ATL,ORL,117.0,105.0,False,,ESPN BET,3.5,-110.0,-110.0,216.5,-110.0,-110.0,140.0,-170.0,3.5,213.5
401705753,2025-04-13T17:00Z,2025-04-13,2025,2,BOS,CHA,93.0,86.0,False,,ESPN BET,-10.5,-115.0,-105.0,208.5,-115.0,-105.0,-600.0,400.0,-12.5,212.5
401705754,2025-04-13T17:00Z,2025-04-13,2025,2,BKN,NY,105.0,113.0,False,,ESPN BET,5.5,-115.0,-105.0,209.5,-115.0,-105.0,160.0,-190.0,8.5,213.5
401705755,2025-04-13T17:00Z,2025-04-13,2025,2,CLE,IND,118.0,126.0,False,,ESPN BET,6.5,-110.0,-110.0,227.5,-105.0,-115.0,200.0,-240.0,5.5,227.5
401705756,2025-04-13T17:00Z,2025-04-13,2025,2,MIA,WSH,118.0,119.0,False,,ESPN BET,-8.5,-110.0,-110.0,215.5,-115.0,-105.0,-360.0,280.0,-9.5,215.5
401705757,2025-04-13T17:00Z,2025-04-13,2025,2,PHI,CHI,102.0,122.0,False,,ESPN BET,7.5,100.0,-120.0,236.5,-115.0,-105.0,260.0,-320.0,9.5,231.5
401705758,2025-04-13T17:00Z,2025-04-13,2025,2,MIL,DET,140.0,133.0,False,,ESPN BET,9.5,-110.0,-110.0,222.5,-105.0,-115.0,315.0,-400.0,7.5,223.5
401705759,2025-04-13T19:30Z,2025-04-13,2025,2,HOU,DEN,111.0,126.0,False,,ESPN BET,5.5,100.0,-120.0,234.5,-115.0,-105.0,195.0,-240.0,6.5,232.5
401705760,2025-04-13T19:30Z,2025-04-13,2025,2,MEM,DAL,132.0,97.0,False,,ESPN BET,1.5,-110.0,-110.0,228.5,-110.0,-110.0,115.0,-135.0,-5.5,236.5
401705761,2025-04-13T19:30Z,2025-04-13,2025,2,MIN,UTAH,116.0,105.0,False,,ESPN BET,-23.5,-105.0,-115.0,233.5,-110.0,-110.0,-7500.0,2000.0,-21.5,231.5
401705762,2025-04-13T19:30Z,2025-04-13,2025,2,NO,OKC,100.0,115.0,False,,ESPN BET,13.5,-120.0,100.0,230.5,-115.0,-105.0,500.0,-800.0,11.5,231.5
401705763,2025-04-13T19:30Z,2025-04-13,2025,2,SA,TOR,125.0,118.0,False,,ESPN BET,-4.5,-110.0,-110.0,232.5,-110.0,-110.0,-175.0,150.0,-6.5,227.5
401705764,2025-04-13T19:30Z,2025-04-13,2025,2,GS,LAC,119.0,124.0,False,,ESPN BET,-3.5,-110.0,-110.0,218.5,-110.0,-110.0,-170.0,140.0,-4.5,221.5
401705765,2025-04-13T19:30Z,2025-04-13,2025,2,POR,LAL,109.0,81.0,False,,ESPN BET,-5.5,-120.0,100.0,216.5,-115.0,-105.0,-210.0,175.0,-2.5,220.5
401705766,2025-04-13T19:30Z,2025-04-13,2025,2,SAC,PHX,109.0,98.0,False,,ESPN BET,-15.5,100.0,-125.0,222.5,-115.0,-105.0,-1000.0,600.0,-10.5,229.5
401766458,2025-04-15T23:30Z,2025-04-15,2025,5,ORL,ATL,120.0,95.0,False,NBA Play-In - East - 7th Place vs 8th Place,ESPN BET,-6.5,100.0,-120.0,220.5,-105.0,-115.0,-235.0,195.0,-5.5,218.5
401766459,2025-04-16T02:00Z,2025-04-15,2025,5,GS,MEM,121.0,116.0,False,NBA Play-In - West - 7th Place vs 8th Place,ESPN BET,-6.5,-110.0,-110.0,225.5,-120.0,100.0,-275.0,225.0,-6.5,231.5
401766460,2025-04-16T23:30Z,2025-04-16,2025,5,CHI,MIA,90.0,109.0,False,NBA Play-In - East - 9th Place vs 10th Place,ESPN BET,-1.5,-115.0,-105.0,220.5,-105.0,-115.0,-125.0,105.0,-1.5,224.5
401766461,2025-04-17T02:00Z,2025-04-16,2025,5,SAC,DAL,106.0,120.0,False,NBA Play-In - West - 9th Place vs 10th Place,ESPN BET,-5.5,-120.0,100.0,214.5,-110.0,-110.0,-245.0,200.0,-4.5,224.5
401766462,2025-04-18T23:00Z,2025-04-18,2025,5,ATL,MIA,114.0,123.0,False,NBA Play-In - East - 8th Seed Game,ESPN BET,2.5,-115.0,-105.0,221.5,-105.0,-115.0,115.0,-135.0,-1.5,220.5
401766463,2025-04-19T01:30Z,2025-04-18,2025,5,MEM,DAL,120.0,106.0,False,NBA Play-In - West - 8th Seed Game,ESPN BET,-5.5,-120.0,100.0,222.5,-105.0,-115.0,-240.0,200.0,-6.5,222.5
401767817,2025-04-19T17:00Z,2025-04-19,2025,3,IND,MIL,117.0,98.0,False,East 1st Round - Game 1,ESPN BET,-6.5,-102.0,-112.0,227.5,-104.0,-110.0,-230.0,195.0,-3.5,225.5
401767819,2025-04-19T19:30Z,2025-04-19,2025,3,DEN,LAC,112.0,110.0,False,West 1st Round - Game 1,ESPN BET,-3.5,100.0,-115.0,224.5,-107.0,-107.0,-150.0,130.0,-3.5,222.5
401767820,2025-04-19T22:00Z,2025-04-19,2025,3,NY,DET,123.0,112.0,False,East 1st Round - Game 1,ESPN BET,-6.5,-110.0,-104.0,220.5,-107.0,-107.0,-270.0,220.0,-6.5,220.5
401767821,2025-04-20T00:30Z,2025-04-19,2025,3,LAL,MIN,95.0,117.0,False,West 1st Round - Game 1,ESPN BET,-4.5,-107.0,-107.0,215.5,-104.0,-110.0,-200.0,170.0,-4.5,218.5
401767818,2025-04-20T17:00Z,2025-04-20,2025,3,OKC,MEM,131.0,80.0,False,West 1st Round - Game 1,ESPN BET,-13.5,-104.0,-110.0,231.5,-110.0,-104.0,-850.0,615.0,-12.5,226.5
401767822,2025-04-20T19:30Z,2025-04-20,2025,3,BOS,ORL,103.0,86.0,False,East 1st Round - Game 1,ESPN BET,-12.5,-110.0,-104.0,204.5,-107.0,-107.0,-900.0,550.0,-13.5,207.5
401767816,2025-04-20T23:00Z,2025-04-20,2025,3,CLE,MIA,121.0,100.0,False,East 1st Round - Game 1,ESPN BET,-12.5,-107.0,-107.0,216.5,-104.0,-110.0,-800.0,500.0,-11.5,214.5
401767823,2025-04-21T01:30Z,2025-04-20,2025,3,HOU,GS,85.0,95.0,False,West 1st Round - Game 1,ESPN BET,-1.5,-110.0,-104.0,213.5,-104.0,-110.0,-120.0,100.0,1.5,214.5
401768041,2025-04-21T23:30Z,2025-04-21,2025,3,NY,DET,94.0,100.0,False,East 1st Round - Game 2,ESPN BET,-6.5,-110.0,-104.0,221.5,-107.0,-107.0,-270.0,220.0,-4.5,218.5
401768061,2025-04-22T02:00Z,2025-04-21,2025,3,DEN,LAC,102.0,105.0,False,West 1st Round - Game 2,ESPN BET,-0.5,-107.0,-107.0,217.5,-107.0,-107.0,-110.0,-110.0,-1.5,218.5
401768047,2025-04-22T23:00Z,2025-04-22,2025,3,IND,MIL,123.0,115.0,False,East 1st Round - Game 2,ESPN BET,-4.5,-107.0,-107.0,228.5,-112.0,-102.0,-175.0,150.0,-5.5,226.5
401767903,2025-04-22T23:30Z,2025-04-22,2025,3,OKC,MEM,118.0,99.0,False,West 1st Round - Game 2,ESPN BET,-14.5,-102.0,-112.0,229.5,-107.0,-107.0,-1000.0,600.0,-15.5,229.5
401767915,2025-04-23T02:00Z,2025-04-22,2025,3,LAL,MIN,94.0,85.0,False,West 1st Round - Game 2,ESPN BET,-5.5,-117.0,102.0,212.5,-104.0,-110.0,-250.0,210.0,-3.5,215.5
401768029,2025-04-23T23:00Z,2025-04-23,2025,3,BOS,ORL,109.0,100.0,False,East 1st Round - Game 2,ESPN BET,-10.5,-102.0,-112.0,195.5,-112.0,-102.0,-550.0,380.0,-12.5,201.5
401768035,2025-04-23T23:30Z,2025-04-23,2025,3,CLE,MIA,121.0,112.0,False,East 1st Round - Game 2,ESPN BET,-12.5,-102.0,-112.0,213.5,-104.0,-110.0,-750.0,475.0,-12.5,215.5
401767909,2025-04-24T01:30Z,2025-04-23,2025,3,HOU,GS,109.0,94.0,False,West 1st Round - Game 2,ESPN BET,-3.5,-112.0,-102.0,204.5,-110.0,-104.0,-175.0,150.0,-1.5,205.5
401768042,2025-04-24T23:00Z,2025-04-24,2025,3,DET,NY,116.0,118.0,False,East 1st Round - Game 3,ESPN BET,1.5,-107.0,-107.0,215.5,-107.0,-107.0,110.0,-130.0,1.5,215.5
401767904,2025-04-25T01:30Z,2025-04-24,2025,3,MEM,OKC,108.0,114.0,False,West 1st Round - Game 3,ESPN BET,9.5,-102.0,-112.0,229.5,-112.0,-102.0,320.0,-425.0,8.5,226.5
401768062,2025-04-25T02:00Z,2025-04-24,2025,3,LAC,DEN,117.0,83.0,False,West 1st Round - Game 3,ESPN BET,-5.5,-107.0,-107.0,213.5,-110.0,-104.0,-225.0,190.0,-5.5,215.5
401768030,2025-04-25T23:00Z,2025-04-25,2025,3,ORL,BOS,95.0,93.0,False,East 1st Round - Game 3,ESPN BET,4.5,100.0,-115.0,200.5,-107.0,-107.0,185.0,-230.0,4.5,197.5
401768048,2025-04-26T00:00Z,2025-04-25,2025,3,MIL,IND,117.0,101.0,False,East 1st Round - Game 3,ESPN BET,-4.5,-115.0,100.0,228.5,-112.0,-102.0,-200.0,170.0,-1.5,229.5
401768056,2025-04-26T01:53Z,2025-04-25,2025,3,MIN,LAL,116.0,104.0,False,West 1st Round - Game 3,ESPN BET,-4.5,-104.0,-110.0,207.5,-110.0,-104.0,-175.0,150.0,-2.5,206.5
401768036,2025-04-26T17:00Z,2025-04-26,2025,3,MIA,CLE,87.0,124.0,False,East 1st Round - Game 3,ESPN BET,5.5,-112.0,-102.0,211.5,-110.0,-104.0,170.0,-205.0,4.5,214.5
401767905,2025-04-26T19:30Z,2025-04-26,2025,3,MEM,OKC,115.0,117.0,False,West 1st Round - Game 4,ESPN BET,15.5,-112.0,-102.0,223.5,-107.0,-107.0,750.0,-1400.0,13.5,225.5
401768063,2025-04-26T22:00Z,2025-04-26,2025,3,LAC,DEN,99.0,101.0,False,West 1st Round - Game 4,ESPN BET,-6.5,-110.0,-104.0,211.5,-104.0,-110.0,-270.0,220.0,-5.5,214.5
401767910,2025-04-27T00:30Z,2025-04-26,2025,3,GS,HOU,104.0,93.0,False,West 1st Round - Game 3,ESPN BET,-1.5,-110.0,-104.0,204.5,-112.0,-102.0,-130.0,110.0,-3.5,203.5
401768043,2025-04-27T17:00Z,2025-04-27,2025,3,DET,NY,93.0,94.0,False,East 1st Round - Game 4,ESPN BET,-2.5,-110.0,-104.0,216.5,-107.0,-107.0,-140.0,120.0,-1.5,218.5
401768057,2025-04-27T19:50Z,2025-04-27,2025,3,MIN,LAL,116.0,113.0,False,West 1st Round - Game 4,ESPN BET,-2.5,-104.0,-110.0,208.5,-112.0,-102.0,-145.0,120.0,-4.5,209.5
401768031,2025-04-27T23:00Z,2025-04-27,2025,3,ORL,BOS,98.0,107.0,False,East 1st Round - Game 4,ESPN BET,7.5,-102.0,-112.0,198.5,-107.0,-107.0,260.0,-320.0,7.5,197.5
401768049,2025-04-28T01:30Z,2025-04-27,2025,3,MIL,IND,103.0,129.0,False,East 1st Round - Game 4,ESPN BET,-4.5,100.0,-115.0,226.5,-104.0,-110.0,-180.0,150.0,-1.5,227.5
401768037,2025-04-28T23:30Z,2025-04-28,2025,3,MIA,CLE,83.0,138.0,False,East 1st Round - Game 4,ESPN BET,8.5,-110.0,-104.0,211.5,-110.0,-104.0,270.0,-340.0,8.5,210.5
401767911,2025-04-29T02:00Z,2025-04-28,2025,3,GS,HOU,109.0,106.0,False,West 1st Round - Game 4,ESPN BET,-3.5,-110.0,-104.0,203.5,-107.0,-107.0,-165.0,135.0,-3.5,201.5
401768050,2025-04-29T22:00Z,2025-04-29,2025,3,IND,MIL,119.0,118.0,False,East 1st Round - Game 5,ESPN BET,-7.5,-104.0,-110.0,221.5,-107.0,-107.0,-370.0,295.0,-7.5,224.5
401768044,2025-04-29T23:30Z,2025-04-29,2025,3,NY,DET,103.0,106.0,False,East 1st Round - Game 5,ESPN BET,-5.5,-104.0,-110.0,215.5,-107.0,-107.0,-200.0,170.0,-5.5,213.5
401768032,2025-04-30T00:30Z,2025-04-29,2025,3,BOS,ORL,120.0,89.0,False,East 1st Round - Game 5,ESPN BET,-11.5,100.0,-115.0,199.5,-107.0,-107.0,-750.0,475.0,-11.5,199.5
401768064,2025-04-30T02:00Z,2025-04-29,2025,3,DEN,LAC,131.0,115.0,False,West 1st Round - Game 5,ESPN BET,2.5,-112.0,-102.0,209.5,-107.0,-107.0,110.0,-130.0,-3.5,208.5
401767912,2025-04-30T23:30Z,2025-04-30,2025,3,HOU,GS,131.0,116.0,False,West 1st Round - Game 5,ESPN BET,-4.5,-104.0,-110.0,202.5,-115.0,100.0,-185.0,155.0,-2.5,204.5
401768058,2025-05-01T02:00Z,2025-04-30,2025,3,LAL,MIN,96.0,103.0,False,West 1st Round - Game 5,ESPN BET,-5.5,-117.0,102.0,209.5,-120.0,104.0,-250.0,210.0,-7.5,210.5
401768045,2025-05-01T23:30Z,2025-05-01,2025,3,DET,NY,113.0,116.0,False,East 1st Round - Game 6,ESPN BET,-1.5,-104.0,-110.0,213.5,-107.0,-107.0,-115.0,-105.0,-3.5,213.5
401768065,2025-05-02T02:00Z,2025-05-01,2025,3,LAC,DEN,111.0,105.0,False,West 1st Round - Game 6,ESPN BET,-5.5,-117.0,102.0,212.5,-110.0,-104.0,-250.0,210.0,-6.5,214.5
401767913,2025-05-03T01:00Z,2025-05-02,2025,3,GS,HOU,107.0,115.0,False,West 1st Round - Game 6,ESPN BET,-5.5,-107.0,-107.0,208.5,-107.0,-107.0,-240.0,195.0,-4.5,204.5
401768066,2025-05-03T23:30Z,2025-05-03,2025,3,DEN,LAC,120.0,101.0,False,West 1st Round - Game 7,ESPN BET,-1.5,-110.0,-104.0,206.5,-102.0,-112.0,-130.0,110.0,1.5,204.5
401769689,2025-05-04T22:00Z,2025-05-04,2025,3,CLE,IND,112.0,121.0,False,East Semifinals - Game 1,ESPN BET,-8.5,-107.0,-107.0,228.5,-104.0,-110.0,-400.0,300.0,-7.5,226.5
401767914,2025-05-05T00:30Z,2025-05-04,2025,3,HOU,GS,89.0,103.0,False,West 1st Round - Game 7,ESPN BET,-2.5,-104.0,-110.0,205.5,-112.0,-102.0,-135.0,115.0,-2.5,200.5
401769746,2025-05-05T23:00Z,2025-05-05,2025,3,BOS,NY,105.0,108.0,False,East Semifinals - Game 1,ESPN BET,-8.5,-107.0,-107.0,212.5,-107.0,-107.0,-380.0,290.0,-8.5,218.5
401769820,2025-05-06T01:30Z,2025-05-05,2025,3,OKC,DEN,119.0,121.0,False,West Semifinals - Game 1,ESPN BET,-10.5,-107.0,-107.0,229.5,-107.0,-107.0,-475.0,360.0,-8.5,224.5
401769740,2025-05-06T23:00Z,2025-05-06,2025,3,CLE,IND,119.0,120.0,False,East Semifinals - Game 2,ESPN BET,-5.5,-112.0,-102.0,226.5,-112.0,-102.0,-235.0,195.0,-9.5,229.5
401769837,2025-05-07T01:30Z,2025-05-06,2025,3,MIN,GS,88.0,99.0,False,West Semifinals - Game 1,ESPN BET,-5.5,-115.0,100.0,210.5,-104.0,-110.0,-240.0,200.0,-5.5,209.5
401769747,2025-05-07T23:00Z,2025-05-07,2025,3,BOS,NY,90.0,91.0,False,East Semifinals - Game 2,ESPN BET,-10.5,100.0,-115.0,210.5,-112.0,-102.0,-550.0,380.0,-8.5,211.5
401769821,2025-05-08T01:30Z,2025-05-07,2025,3,OKC,DEN,149.0,106.0,False,West Semifinals - Game 2,ESPN BET,-10.5,-102.0,-112.0,230.5,-104.0,-110.0,-450.0,340.0,-8.5,230.5
401769838,2025-05-09T00:30Z,2025-05-08,2025,3,MIN,GS,117.0,93.0,False,West Semifinals - Game 2,ESPN BET,-11.5,-102.0,-112.0,201.5,-107.0,-107.0,-525.0,400.0,-9.5,201.5
401769741,2025-05-09T23:30Z,2025-05-09,2025,3,IND,CLE,104.0,126.0,False,East Semifinals - Game 3,ESPN BET,5.5,-112.0,-102.0,231.5,-110.0,-104.0,180.0,-220.0,3.5,228.5
401769822,2025-05-10T02:25Z,2025-05-09,2025,3,DEN,OKC,113.0,104.0,False,West Semifinals - Game 3,ESPN BET,6.5,-112.0,-102.0,231.5,-104.0,-110.0,205.0,-250.0,4.5,233.5
401769748,2025-05-10T19:30Z,2025-05-10,2025,3,NY,BOS,93.0,115.0,False,East Semifinals - Game 3,ESPN BET,5.5,100.0,-120.0,209.5,-110.0,-110.0,210.0,-260.0,5.5,205.5
401769839,2025-05-11T00:30Z,2025-05-10,2025,3,GS,MIN,97.0,102.0,False,West Semifinals - Game 3,ESPN BET,4.5,100.0,-120.0,201.5,-115.0,-105.0,185.0,-225.0,5.5,200.5
401769823,2025-05-11T19:30Z,2025-05-11,2025,3,DEN,OKC,87.0,92.0,False,West Semifinals - Game 4,ESPN BET,6.5,-110.0,-110.0,227.5,-115.0,-105.0,215.0,-265.0,5.5,226.5
401769742,2025-05-12T00:00Z,2025-05-11,2025,3,IND,CLE,129.0,109.0,False,East Semifinals - Game 4,ESPN BET,5.5,-120.0,100.0,230.5,-110.0,-110.0,185.0,-225.0,4.5,231.5
401769749,2025-05-12T23:30Z,2025-05-12,2025,3,NY,BOS,121.0,113.0,False,East Semifinals - Game 4,ESPN BET,5.5,-115.0,-105.0,209.5,-115.0,-105.0,195.0,-240.0,5.5,208.5
401769840,2025-05-13T02:00Z,2025-05-12,2025,3,GS,MIN,110.0,117.0,False,West Semifinals - Game 4,ESPN BET,4.5,-105.0,-115.0,201.5,-110.0,-110.0,165.0,-200.0,5.5,199.5
401769743,2025-05-13T23:00Z,2025-05-13,2025,3,CLE,IND,105.0,114.0,False,East Semifinals - Game 5,ESPN BET,-8.5,-105.0,-115.0,230.5,-105.0,-115.0,-310.0,250.0,-7.5,229.5
401769990,2025-05-14T01:30Z,2025-05-13,2025,3,OKC,DEN,112.0,105.0,False,West Semifinals - Game 5,ESPN BET,-10.5,-110.0,-110.0,221.5,-110.0,-110.0,-500.0,360.0,-10.5,220.5
401769750,2025-05-14T23:00Z,2025-05-14,2025,3,BOS,NY,127.0,102.0,False,East Semifinals - Game 5,ESPN BET,-5.5,-105.0,-115.0,207.5,-110.0,-110.0,-195.0,165.0,-3.5,208.5
401769987,2025-05-15T01:30Z,2025-05-14,2025,3,MIN,GS,121.0,110.0,False,West Semifinals - Game 5,ESPN BET,-9.5,-115.0,-105.0,203.5,-110.0,-110.0,-425.0,320.0,-10.5,203.5
401769991,2025-05-16T00:30Z,2025-05-15,2025,3,DEN,OKC,119.0,107.0,False,West Semifinals - Game 6,ESPN BET,5.5,-115.0,-105.0,218.5,-110.0,-110.0,170.0,-205.0,4.5,219.5
401769751,2025-05-17T00:00Z,2025-05-16,2025,3,NY,BOS,119.0,81.0,False,East Semifinals - Game 6,ESPN BET,-2.5,-110.0,-110.0,210.5,-115.0,-105.0,-150.0,125.0,-2.5,209.5
401769992,2025-05-18T19:30Z,2025-05-18,2025,3,OKC,DEN,125.0,93.0,False,West Semifinals - Game 7,ESPN BET,-8.5,100.0,-120.0,213.5,-115.0,-105.0,-315.0,250.0,-7.5,211.5
401773148,2025-05-21T00:30Z,2025-05-20,2025,3,OKC,MIN,114.0,88.0,False,West Finals - Game 1,ESPN BET,-7.5,-110.0,-110.0,219.5,-105.0,-115.0,-285.0,235.0,-7.5,213.5
401772989,2025-05-22T00:00Z,2025-05-21,2025,3,NY,IND,135.0,138.0,False,East Finals - Game 1,ESPN BET,-4.5,-110.0,-110.0,221.5,-105.0,-115.0,-185.0,155.0,-3.5,220.5
401773149,2025-05-23T00:30Z,2025-05-22,2025,3,OKC,MIN,118.0,103.0,False,West Finals - Game 2,ESPN BET,-8.5,-105.0,-115.0,217.5,-115.0,-105.0,-340.0,265.0,-7.5,213.5
401772990,2025-05-24T00:00Z,2025-05-23,2025,3,NY,IND,109.0,114.0,False,East Finals - Game 2,ESPN BET,-5.5,-120.0,100.0,223.5,-105.0,-115.0,-245.0,200.0,-6.5,226.5
401773150,2025-05-25T00:30Z,2025-05-24,2025,3,MIN,OKC,143.0,101.0,False,West Finals - Game 3,ESPN BET,2.5,100.0,-120.0,216.5,-115.0,-105.0,125.0,-150.0,4.5,216.5
401772991,2025-05-26T00:00Z,2025-05-25,2025,3,IND,NY,100.0,106.0,False,East Finals - Game 3,ESPN BET,-1.5,-110.0,-110.0,224.5,-105.0,-115.0,-120.0,100.0,-3.5,221.5
401773151,2025-05-27T00:30Z,2025-05-26,2025,3,MIN,OKC,126.0,128.0,False,West Finals - Game 4,ESPN BET,3.5,-120.0,100.0,219.5,-110.0,-110.0,125.0,-150.0,3.5,217.5
401772992,2025-05-28T00:00Z,2025-05-27,2025,3,IND,NY,130.0,121.0,False,East Finals - Game 4,ESPN BET,-3.5,-105.0,-115.0,218.5,-115.0,-105.0,-150.0,130.0,-2.5,222.5
401773152,2025-05-29T00:30Z,2025-05-28,2025,3,OKC,MIN,124.0,94.0,False,West Finals - Game 5,ESPN BET,-8.5,-105.0,-115.0,221.5,-110.0,-110.0,-360.0,280.0,-9.5,219.5
401772993,2025-05-30T00:00Z,2025-05-29,2025,3,NY,IND,111.0,94.0,False,East Finals - Game 5,ESPN BET,-4.5,-110.0,-110.0,222.5,-110.0,-110.0,-190.0,160.0,-5.5,222.5
401772994,2025-06-01T00:00Z,2025-05-31,2025,3,IND,NY,125.0,108.0,False,East Finals - Game 6,ESPN BET,-3.5,-115.0,-105.0,222.5,-110.0,-110.0,-170.0,145.0,-4.5,219.5
401766122,2025-06-06T00:30Z,2025-06-05,2025,3,OKC,IND,110.0,111.0,False,NBA Finals - Game 1,ESPN BET,-10.5,-105.0,-115.0,229.5,-115.0,-105.0,-500.0,375.0,-9.5,230.5
401766123,2025-06-09T00:00Z,2025-06-08,2025,3,OKC,IND,123.0,107.0,False,NBA Finals - Game 2,ESPN BET,-11.5,-110.0,-110.0,227.5,-115.0,-105.0,-550.0,410.0,-10.5,227.5
401766124,2025-06-12T00:30Z,2025-06-11,2025,3,IND,OKC,116.0,107.0,False,NBA Finals - Game 3,ESPN BET,4.5,100.0,-120.0,225.5,-115.0,-105.0,180.0,-215.0,5.5,227.5
401766125,2025-06-14T00:30Z,2025-06-13,2025,3,IND,OKC,104.0,111.0,False,NBA Finals - Game 4,ESPN BET,6.5,100.0,100.0,227.5,-110.0,-110.0,195.0,-240.0,5.5,225.5
401766126,2025-06-17T00:30Z,2025-06-16,2025,3,OKC,IND,120.0,109.0,False,NBA Finals - Game 5,ESPN BET,-8.5,-110.0,-110.0,223.5,-110.0,-110.0,-350.0,275.0,-9.5,224.5
401766127,2025-06-20T00:30Z,2025-06-19,2025,3,IND,OKC,108.0,91.0,False,NBA Finals - Game 6,ESPN BET,5.5,-105.0,-115.0,222.5,-115.0,-105.0,180.0,-220.0,5.5,224.5
401766128,2025-06-23T00:00Z,2025-06-22,2025,3,OKC,IND,103.0,91.0,False,NBA Finals - Game 7,ESPN BET,-6.5,-115.0,-105.0,215.5,-110.0,-110.0,-255.0,210.0,-8.5,214.5
401809243,2025-10-21T23:30Z,2025-10-21,2026,2,OKC,HOU,125.0,124.0,False,,ESPN BET,-6.5,-110.0,-110.0,224.5,-110.0,-110.0,-240.0,200.0,-7.5,226.5
401809244,2025-10-22T02:00Z,2025-10-21,2026,2,LAL,GS,109.0,119.0,False,,ESPN BET,2.5,-110.0,-110.0,227.5,-110.0,-110.0,130.0,-150.0,2.5,224.5
401809234,2025-10-22T23:00Z,2025-10-22,2026,2,NY,CLE,119.0,111.0,False,,ESPN BET,1.5,-110.0,-110.0,228.5,-115.0,-105.0,100.0,-120.0,-3.5,230.5
401809933,2025-10-22T23:00Z,2025-10-22,2026,2,CHA,BKN,136.0,117.0,False,,ESPN BET,-5.5,-110.0,-110.0,228.5,-110.0,-110.0,-210.0,175.0,-4.5,226.5
401809934,2025-10-22T23:00Z,2025-10-22,2026,2,ORL,MIA,125.0,121.0,False,,ESPN BET,-8.5,-110.0,-110.0,215.5,-105.0,-115.0,-340.0,270.0,-8.5,216.5
401809935,2025-10-22T23:30Z,2025-10-22,2026,2,ATL,TOR,118.0,138.0,False,,ESPN BET,-5.5,-110.0,-110.0,237.5,-115.0,-105.0,-215.0,180.0,-5.5,236.5
401809936,2025-10-22T23:30Z,2025-10-22,2026,2,BOS,PHI,116.0,117.0,False,,ESPN BET,-5.5,-110.0,-110.0,229.5,-110.0,-110.0,-190.0,160.0,-2.5,224.5
401809937,2025-10-23T00:00Z,2025-10-22,2026,2,CHI,DET,115.0,111.0,False,,ESPN BET,3.5,-115.0,-105.0,236.5,-110.0,-110.0,150.0,-175.0,2.5,234.5
401809938,2025-10-23T00:00Z,2025-10-22,2026,2,MEM,NO,128.0,122.0,False,,ESPN BET,-3.5,-110.0,-110.0,236.5,-115.0,-105.0,-175.0,150.0,-3.5,236.5
401809939,2025-10-23T00:00Z,2025-10-22,2026,2,MIL,WSH,133.0,120.0,False,,ESPN BET,-8.5,-120.0,100.0,228.5,-110.0,-110.0,-380.0,290.0,-8.5,228.5
401809940,2025-10-23T01:00Z,2025-10-22,2026,2,UTAH,LAC,129.0,108.0,False,,ESPN BET,10.5,-115.0,-105.0,225.5,-110.0,-110.0,290.0,-380.0,8.5,226.5
401809235,2025-10-23T01:47Z,2025-10-22,2026,2,DAL,SA,92.0,125.0,False,,ESPN BET,-3.5,-115.0,-105.0,223.5,-110.0,-110.0,-170.0,145.0,-2.5,226.5
401809941,2025-10-23T02:00Z,2025-10-22,2026,2,PHX,SAC,120.0,116.0,False,,ESPN BET,-3.5,-115.0,-105.0,228.5,-110.0,-110.0,-170.0,145.0,-1.5,228.5
401809942,2025-10-23T02:00Z,2025-10-22,2026,2,POR,MIN,114.0,118.0,False,,ESPN BET,4.5,-110.0,-110.0,222.5,-110.0,-110.0,160.0,-190.0,3.5,220.5
401809236,2025-10-23T23:30Z,2025-10-23,2026,2,IND,OKC,135.0,141.0,False,,ESPN BET,7.5,-110.0,-110.0,230.5,-110.0,-110.0,240.0,-290.0,7.5,228.5
401809237,2025-10-24T02:17Z,2025-10-23,2026,2,GS,DEN,137.0,131.0,False,,ESPN BET,-1.5,-105.0,-115.0,232.5,-110.0,-110.0,-115.0,-105.0,1.5,234.5
401809946,2025-10-24T22:30Z,2025-10-24,2026,2,TOR,MIL,116.0,122.0,False,,ESPN BET,-2.5,-105.0,-115.0,235.5,-115.0,-105.0,-130.0,110.0,-1.5,229.5
401809943,2025-10-24T23:00Z,2025-10-24,2026,2,ORL,ATL,107.0,111.0,False,,ESPN BET,-5.5,-120.0,100.0,235.5,-110.0,-110.0,-215.0,180.0,-5.5,228.5
401809944,2025-10-24T23:30Z,2025-10-24,2026,2,BKN,CLE,124.0,131.0,False,,ESPN BET,11.5,-105.0,-115.0,230.5,-105.0,-115.0,475.0,-750.0,13.5,227.5
401809945,2025-10-24T23:30Z,2025-10-24,2026,2,NY,BOS,105.0,95.0,False,,ESPN BET,-4.5,-105.0,-115.0,231.5,-105.0,-115.0,-170.0,145.0,-6.5,226.5
401809947,2025-10-25T00:00Z,2025-10-24,2026,2,HOU,DET,111.0,115.0,False,,ESPN BET,-6.5,-110.0,-110.0,226.5,-105.0,-115.0,-270.0,220.0,-5.5,226.5
401809948,2025-10-25T00:00Z,2025-10-24,2026,2,MEM,MIA,114.0,146.0,False,,ESPN BET,-3.5,-110.0,-110.0,232.5,-105.0,-115.0,-150.0,130.0,-4.5,232.5
401809949,2025-10-25T00:00Z,2025-10-24,2026,2,NO,SA,116.0,120.0,False,,ESPN BET,3.5,100.0,-120.0,233.5,-105.0,-115.0,140.0,-165.0,3.5,231.5
401809950,2025-10-25T00:30Z,2025-10-24,2026,2,DAL,WSH,107.0,117.0,False,,ESPN BET,-9.5,-110.0,-110.0,228.5,-105.0,-115.0,-425.0,320.0,-12.5,227.5
401809951,2025-10-25T02:00Z,2025-10-24,2026,2,LAL,MIN,128.0,110.0,False,,ESPN BET,1.5,-110.0,-110.0,225.5,-110.0,-110.0,105.0,-125.0,1.5,236.5
401809952,2025-10-25T02:00Z,2025-10-24,2026,2,POR,GS,139.0,119.0,False,,ESPN BET,2.5,-105.0,-115.0,228.5,-110.0,-110.0,130.0,-150.0,1.5,226.5
401809953,2025-10-25T02:00Z,2025-10-24,2026,2,SAC,UTAH,105.0,104.0,False,,ESPN BET,-6.5,100.0,-120.0,235.5,-105.0,-115.0,-225.0,190.0,-3.5,232.5
401809954,2025-10-25T02:30Z,2025-10-24,2026,2,LAC,PHX,129.0,102.0,False,,ESPN BET,-10.5,-105.0,-115.0,223.5,-110.0,-110.0,-450.0,340.0,-9.5,228.5
401809955,2025-10-25T23:00Z,2025-10-25,2026,2,ORL,CHI,98.0,110.0,False,,ESPN BET,-6.5,100.0,-120.0,233.5,-105.0,-115.0,-240.0,200.0,-5.5,231.5
401809956,2025-10-25T23:30Z,2025-10-25,2026,2,ATL,OKC,100.0,117.0,False,,ESPN BET,8.5,-110.0,-110.0,236.5,-110.0,-110.0,260.0,-320.0,6.5,235.5
401809957,2025-10-25T23:30Z,2025-10-25,2026,2,PHI,CHA,125.0,121.0,False,,ESPN BET,-4.5,-115.0,-105.0,237.5,-105.0,-115.0,-190.0,160.0,-6.5,232.5
401809958,2025-10-26T00:00Z,2025-10-25,2026,2,MEM,IND,128.0,103.0,False,,ESPN BET,-1.5,-115.0,-105.0,240.5,-110.0,-110.0,-135.0,115.0,2.5,238.5
401809959,2025-10-26T01:00Z,2025-10-25,2026,2,DEN,PHX,133.0,111.0,False,,ESPN BET,-12.5,-115.0,-105.0,233.5,-110.0,-110.0,-900.0,550.0,-11.5,234.5
401809960,2025-10-26T18:00Z,2025-10-26,2026,2,SA,BKN,118.0,107.0,False,,ESPN BET,-10.5,-115.0,-105.0,227.5,-110.0,-110.0,-550.0,380.0,-11.5,227.5
401809961,2025-10-26T19:30Z,2025-10-26,2026,2,DET,BOS,119.0,113.0,False,,ESPN BET,-2.5,-105.0,-115.0,227.5,-105.0,-115.0,-135.0,115.0,-3.5,227.5
401809962,2025-10-26T22:00Z,2025-10-26,2026,2,CLE,MIL,118.0,113.0,False,,ESPN BET,-6.5,-110.0,-110.0,233.5,-115.0,-105.0,-240.0,200.0,-6.5,236.5
401809963,2025-10-26T22:00Z,2025-10-26,2026,2,MIA,NY,115.0,107.0,False,,ESPN BET,2.5,-105.0,-115.0,230.5,-115.0,-105.0,125.0,-145.0,2.5,227.5
401809964,2025-10-26T22:00Z,2025-10-26,2026,2,WSH,CHA,113.0,139.0,False,,ESPN BET,-1.5,-110.0,-110.0,240.5,-105.0,-115.0,-125.0,105.0,-1.5,235.5
401809965,2025-10-26T23:00Z,2025-10-26,2026,2,MIN,IND,114.0,110.0,False,,ESPN BET,-11.5,-115.0,-105.0,228.5,-110.0,-110.0,-550.0,380.0,-10.5,229.5
401809966,2025-10-26T23:30Z,2025-10-26,2026,2,DAL,TOR,139.0,129.0,False,,ESPN BET,1.5,-115.0,-105.0,232.5,-105.0,-115.0,-105.0,-115.0,-1.5,231.5
401809967,2025-10-27T01:00Z,2025-10-26,2026,2,LAC,POR,114.0,107.0,False,,ESPN BET,-8.5,-105.0,-115.0,225.5,-105.0,-115.0,-320.0,260.0,-7.5,224.5
401809968,2025-10-27T01:00Z,2025-10-26,2026,2,SAC,LAL,120.0,127.0,False,,ESPN BET,-2.5,-115.0,-105.0,225.5,-110.0,-110.0,-140.0,120.0,2.5,231.5
401809245,2025-10-27T23:00Z,2025-10-27,2026,2,DET,CLE,95.0,116.0,False,,ESPN BET,1.5,-105.0,-115.0,231.5,-110.0,-110.0,110.0,-130.0,1.5,228.5
401809969,2025-10-27T23:00Z,2025-10-27,2026,2,PHI,ORL,136.0,124.0,False,,ESPN BET,6.5,-110.0,-110.0,227.5,-115.0,-105.0,200.0,-240.0,3.5,225.5
401809970,2025-10-28T00:00Z,2025-10-27,2026,2,CHI,ATL,128.0,123.0,False,,ESPN BET,2.5,-110.0,-110.0,243.5,-120.0,100.0,115.0,-135.0,1.5,241.5
401809971,2025-10-28T00:00Z,2025-10-27,2026,2,HOU,BKN,137.0,109.0,False,,ESPN BET,-15.5,-115.0,-105.0,224.5,-115.0,-105.0,-1600.0,800.0,-15.5,225.5
401809972,2025-10-28T00:00Z,2025-10-27,2026,2,NO,BOS,90.0,122.0,False,,ESPN BET,4.5,-110.0,-110.0,231.5,-110.0,-110.0,155.0,-185.0,-3.5,234.5
401809973,2025-10-28T00:00Z,2025-10-27,2026,2,SA,TOR,121.0,103.0,False,,ESPN BET,-4.5,-110.0,-110.0,233.5,-110.0,-110.0,-185.0,155.0,-4.5,232.5
401809974,2025-10-28T00:30Z,2025-10-27,2026,2,DAL,OKC,94.0,101.0,False,,ESPN BET,9.5,-115.0,-105.0,226.5,-105.0,-115.0,300.0,-400.0,7.5,225.5
401809975,2025-10-28T01:00Z,2025-10-27,2026,2,UTAH,PHX,138.0,134.0,False,,ESPN BET,-1.5,-115.0,-105.0,230.5,-105.0,-115.0,-125.0,105.0,1.5,234.5
401809246,2025-10-28T01:30Z,2025-10-27,2026,2,MIN,DEN,114.0,127.0,False,,ESPN BET,6.5,-110.0,-110.0,229.5,-115.0,-105.0,195.0,-230.0,-1.5,230.5
401809976,2025-10-28T02:00Z,2025-10-27,2026,2,GS,MEM,131.0,118.0,False,,ESPN BET,-8.5,-110.0,-110.0,240.5,-105.0,-115.0,-340.0,270.0,-9.5,238.5
401809977,2025-10-28T02:30Z,2025-10-27,2026,2,LAL,POR,108.0,122.0,False,,ESPN BET,3.5,-110.0,-110.0,227.5,-110.0,-110.0,125.0,-145.0,1.5,225.5
401809978,2025-10-28T23:00Z,2025-10-28,2026,2,WSH,PHI,134.0,139.0,False,,ESPN BET,4.5,-115.0,-105.0,239.5,-110.0,-110.0,165.0,-195.0,4.5,237.5
401809979,2025-10-28T23:30Z,2025-10-28,2026,2,MIA,CHA,144.0,117.0,False,,ESPN BET,-4.5,-105.0,-115.0,240.5,-105.0,-115.0,-175.0,150.0,-5.5,240.5
401809980,2025-10-29T00:00Z,2025-10-28,2026,2,MIL,NY,121.0,111.0,False,,ESPN BET,2.5,-110.0,-110.0,230.5,-110.0,-110.0,115.0,-135.0,1.5,230.5
401809981,2025-10-29T00:00Z,2025-10-28,2026,2,OKC,SAC,107.0,101.0,False,,ESPN BET,-8.5,-115.0,-105.0,226.5,-120.0,100.0,-425.0,320.0,-10.5,228.5
401809982,2025-10-29T03:00Z,2025-10-28,2026,2,GS,LAC,98.0,79.0,False,,ESPN BET,1.5,-115.0,-105.0,224.5,-110.0,-110.0,-105.0,-115.0,-1.5,225.5
401809986,2025-10-29T22:30Z,2025-10-29,2026,2,TOR,HOU,121.0,139.0,False,,ESPN BET,5.5,-105.0,100.0,233.5,-110.0,-110.0,180.0,-215.0,4.5,231.5
401809983,2025-10-29T23:00Z,2025-10-29,2026,2,BOS,CLE,125.0,105.0,False,,ESPN BET,3.5,-110.0,-110.0,233.5,-110.0,-110.0,140.0,-165.0,3.5,231.5
401809984,2025-10-29T23:00Z,2025-10-29,2026,2,DET,ORL,135.0,116.0,False,,ESPN BET,1.5,100.0,-120.0,226.5,-115.0,-105.0,110.0,-130.0,-1.5,226.5
401809985,2025-10-29T23:30Z,2025-10-29,2026,2,BKN,ATL,112.0,117.0,False,,ESPN BET,8.5,-110.0,-110.0,239.5,-105.0,-115.0,260.0,-320.0,7.5,238.5
401809987,2025-10-30T00:00Z,2025-10-29,2026,2,CHI,SAC,126.0,113.0,False,,ESPN BET,-4.5,-110.0,-110.0,238.5,-105.0,-115.0,-175.0,150.0,-4.5,237.5
401809988,2025-10-30T00:30Z,2025-10-29,2026,2,DAL,IND,107.0,105.0,False,,ESPN BET,-5.5,-115.0,-105.0,229.5,-110.0,-110.0,-225.0,190.0,-7.5,227.5
401809989,2025-10-30T01:00Z,2025-10-29,2026,2,DEN,NO,122.0,88.0,False,,ESPN BET,-11.5,-115.0,-105.0,237.5,-110.0,-110.0,-650.0,425.0,-11.5,237.5
401809990,2025-10-30T01:00Z,2025-10-29,2026,2,UTAH,POR,134.0,136.0,False,,ESPN BET,3.5,-115.0,-105.0,235.5,-110.0,-110.0,130.0,-150.0,2.5,232.5
401809991,2025-10-30T01:30Z,2025-10-29,2026,2,MIN,LAL,115.0,116.0,False,,ESPN BET,-7.5,-110.0,-110.0,224.5,-110.0,-110.0,-290.0,240.0,-5.5,224.5
401809992,2025-10-30T02:00Z,2025-10-29,2026,2,PHX,MEM,113.0,114.0,False,,ESPN BET,2.5,-115.0,-105.0,242.5,-110.0,-110.0,110.0,-130.0,1.5,237.5
401809993,2025-10-30T23:00Z,2025-10-30,2026,2,CHA,ORL,107.0,123.0,False,,ESPN BET,3.5,-110.0,-115.0,238.5,-110.0,-110.0,140.0,-165.0,3.5,238.5
401809994,2025-10-31T00:00Z,2025-10-30,2026,2,MIL,GS,120.0,110.0,False,,ESPN BET,7.5,-110.0,-110.0,228.5,-105.0,-115.0,240.0,-290.0,1.5,231.5
401809995,2025-10-31T00:00Z,2025-10-30,2026,2,OKC,WSH,127.0,108.0,False,,ESPN BET,-15.5,-115.0,-105.0,231.5,-110.0,-110.0,-1400.0,750.0,-16.5,228.5
401809996,2025-10-31T00:30Z,2025-10-30,2026,2,SA,MIA,107.0,101.0,False,,ESPN BET,-5.5,-115.0,-105.0,228.5,-105.0,-115.0,-225.0,190.0,-5.5,231.5
401809502,2025-10-31T23:00Z,2025-10-31,2026,2,IND,ATL,108.0,128.0,False,NBA Cup - Group Play,ESPN BET,2.5,-110.0,-110.0,232.5,-110.0,-110.0,115.0,-135.0,2.5,230.5
401809503,2025-10-31T23:00Z,2025-10-31,2026,2,PHI,BOS,108.0,109.0,False,NBA Cup - Group Play,ESPN BET,1.5,-115.0,-105.0,233.5,-105.0,-115.0,105.0,-125.0,-3.5,233.5
401809504,2025-10-31T23:30Z,2025-10-31,2026,2,CLE,TOR,101.0,112.0,False,NBA Cup - Group Play,ESPN BET,-4.5,-110.0,-110.0,237.5,-110.0,-110.0,-190.0,160.0,-7.5,235.5
401809505,2025-11-01T00:00Z,2025-10-31,2026,2,CHI,NY,135.0,125.0,False,NBA Cup - Group Play,ESPN BET,5.5,-115.0,-105.0,233.5,-105.0,-115.0,165.0,-195.0,2.5,235.5
401809506,2025-11-01T01:30Z,2025-10-31,2026,2,MEM,LAL,112.0,117.0,False,NBA Cup - Group Play,ESPN BET,1.5,-105.0,-115.0,238.5,-115.0,-105.0,110.0,-135.0,-4.5,234.5
401809507,2025-11-01T02:00Z,2025-10-31,2026,2,PHX,UTAH,118.0,96.0,False,NBA Cup - Group Play,ESPN BET,-3.5,-105.0,-115.0,236.5,-115.0,-105.0,-150.0,130.0,-3.5,234.5
401809508,2025-11-01T02:00Z,2025-10-31,2026,2,POR,DEN,109.0,107.0,False,NBA Cup - Group Play,ESPN BET,5.5,-110.0,-110.0,240.5,-105.0,-115.0,195.0,-230.0,5.5,236.5
401809509,2025-11-01T02:30Z,2025-10-31,2026,2,LAC,NO,126.0,124.0,False,NBA Cup - Group Play,ESPN BET,-10.5,-115.0,-105.0,223.5,-105.0,-115.0,-650.0,425.0,-10.5,227.5
401809997,2025-11-01T21:00Z,2025-11-01,2026,2,MIL,SAC,133.0,135.0,False,,ESPN BET,-6.5,-105.0,-115.0,232.5,-115.0,-105.0,-240.0,200.0,-6.5,233.5
401809998,2025-11-01T22:00Z,2025-11-01,2026,2,CHA,MIN,105.0,122.0,False,,ESPN BET,4.5,-115.0,-105.0,235.5,-110.0,-110.0,160.0,-190.0,5.5,229.5
401809999,2025-11-01T23:00Z,2025-11-01,2026,2,IND,GS,114.0,109.0,False,,ESPN BET,10.5,-110.0,-110.0,230.5,-110.0,-110.0,380.0,-550.0,9.5,231.5
401810000,2025-11-01T23:00Z,2025-11-01,2026,2,WSH,ORL,94.0,125.0,False,,ESPN BET,9.5,-115.0,-105.0,233.5,-110.0,-110.0,290.0,-380.0,8.5,236.5
401810001,2025-11-02T00:00Z,2025-11-01,2026,2,BOS,HOU,101.0,128.0,False,,ESPN BET,4.5,-105.0,-115.0,226.5,-105.0,-115.0,165.0,-195.0,5.5,227.5
401810002,2025-11-02T02:00Z,2025-11-01,2026,2,DET,DAL,122.0,110.0,True,NBA Mexico City Game 2025,ESPN BET,-7.5,-105.0,-115.0,227.5,-110.0,-110.0,-275.0,225.0,-7.5,225.5
401810003,2025-11-02T20:30Z,2025-11-02,2026,2,OKC,NO,137.0,106.0,False,,ESPN BET,-13.5,-110.0,-110.0,228.5,-110.0,-110.0,-800.0,500.0,-12.5,229.5
401810004,2025-11-02T23:00Z,2025-11-02,2026,2,BKN,PHI,105.0,129.0,False,,ESPN BET,4.5,-105.0,-115.0,232.5,-105.0,-115.0,165.0,-195.0,5.5,233.5
401810005,2025-11-02T23:00Z,2025-11-02,2026,2,CHA,UTAH,126.0,103.0,False,,ESPN BET,1.5,-110.0,-110.0,232.5,-115.0,-105.0,110.0,-130.0,-3.5,238.5
401810006,2025-11-02T23:00Z,2025-11-02,2026,2,CLE,ATL,117.0,109.0,False,,ESPN BET,-6.5,-110.0,-110.0,230.5,-105.0,-115.0,-240.0,200.0,-5.5,230.5
401810007,2025-11-02T23:00Z,2025-11-02,2026,2,TOR,MEM,117.0,104.0,False,,ESPN BET,-4.5,-115.0,-105.0,238.5,-115.0,-105.0,-190.0,160.0,-5.5,240.5
401810008,2025-11-03T00:00Z,2025-11-02,2026,2,NY,CHI,128.0,116.0,False,,ESPN BET,-8.5,-105.0,-115.0,235.5,-110.0,-110.0,-290.0,240.0,-7.5,235.5
401810009,2025-11-03T01:00Z,2025-11-02,2026,2,PHX,SA,130.0,118.0,False,,ESPN BET,5.5,-115.0,-105.0,227.5,-115.0,-105.0,195.0,-230.0,6.5,228.5
401810010,2025-11-03T02:30Z,2025-11-02,2026,2,LAL,MIA,130.0,120.0,False,,ESPN BET,-4.5,-115.0,-105.0,232.5,-110.0,-110.0,-195.0,165.0,-5.5,236.5
401810011,2025-11-04T00:00Z,2025-11-03,2026,2,BKN,MIN,109.0,125.0,False,,ESPN BET,9.5,-105.0,-115.0,225.5,-110.0,-110.0,340.0,-450.0,8.5,228.5
401810012,2025-11-04T00:00Z,2025-11-03,2026,2,IND,MIL,115.0,117.0,False,,ESPN BET,6.5,-115.0,-105.0,235.5,-110.0,-110.0,210.0,-250.0,6.5,235.5
401810013,2025-11-04T00:30Z,2025-11-03,2026,2,BOS,UTAH,103.0,105.0,False,,ESPN BET,-10.5,-110.0,-110.0,233.5,-105.0,-115.0,-550.0,380.0,-10.5,232.5
401810014,2025-11-04T00:30Z,2025-11-03,2026,2,NY,WSH,119.0,102.0,False,,ESPN BET,-13.5,-105.0,-115.0,234.5,-110.0,-110.0,-800.0,500.0,-11.5,234.5
401810015,2025-11-04T01:00Z,2025-11-03,2026,2,HOU,DAL,110.0,102.0,False,,ESPN BET,-12.5,-105.0,-115.0,226.5,-105.0,-115.0,-800.0,500.0,-12.5,225.5
401810016,2025-11-04T01:00Z,2025-11-03,2026,2,MEM,DET,106.0,114.0,False,,ESPN BET,4.5,100.0,-120.0,235.5,-115.0,-105.0,155.0,-185.0,3.5,236.5
401810017,2025-11-04T02:00Z,2025-11-03,2026,2,DEN,SAC,130.0,124.0,False,,ESPN BET,-11.5,-115.0,-105.0,237.5,-105.0,-115.0,-700.0,450.0,-12.5,236.5
401810018,2025-11-04T03:00Z,2025-11-03,2026,2,POR,LAL,115.0,123.0,False,,ESPN BET,-10.5,-105.0,-115.0,227.5,-115.0,-105.0,-400.0,300.0,-3.5,234.5
401810019,2025-11-04T03:30Z,2025-11-03,2026,2,LAC,MIA,119.0,120.0,False,,ESPN BET,-7.5,-110.0,-110.0,227.5,-105.0,-115.0,-280.0,230.0,-8.5,230.5
401810020,2025-11-05T00:30Z,2025-11-04,2026,2,TOR,MIL,128.0,100.0,False,,ESPN BET,-2.5,-105.0,-115.0,237.5,-105.0,-115.0,-130.0,110.0,-3.5,236.5
401810021,2025-11-05T01:00Z,2025-11-04,2026,2,ATL,ORL,127.0,112.0,False,,ESPN BET,3.5,-110.0,-110.0,228.5,-115.0,-105.0,140.0,-165.0,2.5,228.5
401810022,2025-11-05T01:00Z,2025-11-04,2026,2,CHI,PHI,113.0,111.0,False,,ESPN BET,-2.5,-105.0,-115.0,240.5,-105.0,-115.0,-130.0,110.0,-1.5,238.5
401810023,2025-11-05T01:00Z,2025-11-04,2026,2,NO,CHA,116.0,112.0,False,,ESPN BET,-3.5,-110.0,-110.0,229.5,-110.0,-110.0,-155.0,135.0,-1.5,233.5
401810024,2025-11-05T03:00Z,2025-11-04,2026,2,GS,PHX,118.0,107.0,False,,ESPN BET,-10.5,-105.0,-115.0,235.5,-110.0,-110.0,-500.0,360.0,-11.5,231.5
401810025,2025-11-05T04:00Z,2025-11-04,2026,2,LAC,OKC,107.0,126.0,False,,ESPN BET,8.5,-110.0,-110.0,219.5,-105.0,-115.0,270.0,-340.0,4.5,222.5
401810026,2025-11-06T00:00Z,2025-11-05,2026,2,CLE,PHI,132.0,121.0,False,,ESPN BET,-12.5,-105.0,-115.0,235.5,-105.0,-115.0,-550.0,380.0,-10.5,233.5
401810027,2025-11-06T00:00Z,2025-11-05,2026,2,DET,UTAH,114.0,103.0,False,,ESPN BET,-9.5,-115.0,-105.0,233.5,-105.0,-115.0,-425.0,320.0,-10.5,231.5
401810028,2025-11-06T00:00Z,2025-11-05,2026,2,IND,BKN,103.0,112.0,False,,ESPN BET,-6.5,-105.0,-115.0,232.5,-115.0,-105.0,-250.0,210.0,-7.5,232.5
401810029,2025-11-06T00:30Z,2025-11-05,2026,2,BOS,WSH,136.0,107.0,False,,ESPN BET,-13.5,-105.0,-115.0,232.5,-105.0,-115.0,-900.0,550.0,-10.5,229.5
401810030,2025-11-06T00:30Z,2025-11-05,2026,2,NY,MIN,137.0,114.0,False,,ESPN BET,-3.5,-110.0,-110.0,228.5,-110.0,-110.0,-150.0,130.0,-5.5,230.5
401810031,2025-11-06T01:00Z,2025-11-05,2026,2,MEM,HOU,109.0,124.0,False,,ESPN BET,6.5,-105.0,-115.0,232.5,-110.0,-110.0,240.0,-290.0,6.5,233.5
401810032,2025-11-06T01:30Z,2025-11-05,2026,2,DAL,NO,99.0,101.0,False,,ESPN BET,-8.5,-105.0,-115.0,225.5,-110.0,-110.0,-300.0,250.0,-6.5,225.5
401810033,2025-11-06T02:00Z,2025-11-05,2026,2,DEN,MIA,122.0,112.0,False,,ESPN BET,-9.5,-105.0,-115.0,242.5,-105.0,-115.0,-380.0,290.0,-8.5,240.5
401810034,2025-11-06T03:00Z,2025-11-05,2026,2,LAL,SA,118.0,116.0,False,,ESPN BET,1.5,-110.0,-110.0,228.5,-105.0,-115.0,105.0,-125.0,-2.5,230.5
401810035,2025-11-06T03:00Z,2025-11-05,2026,2,POR,OKC,121.0,119.0,False,,ESPN BET,3.5,-110.0,-110.0,231.5,-105.0,-115.0,140.0,-165.0,5.5,228.5
401810036,2025-11-06T03:00Z,2025-11-05,2026,2,SAC,GS,121.0,116.0,False,,ESPN BET,-3.5,100.0,-120.0,225.5,-115.0,-105.0,-140.0,120.0,-2.5,227.5
401810037,2025-11-07T02:00Z,2025-11-06,2026,2,PHX,LAC,115.0,102.0,False,,ESPN BET,-2.5,-115.0,-105.0,224.5,-115.0,-105.0,-145.0,125.0,-2.5,223.5
401809510,2025-11-08T00:00Z,2025-11-07,2026,2,ORL,BOS,123.0,110.0,False,NBA Cup - Group Play,ESPN BET,-3.5,-115.0,-105.0,226.5,-115.0,-105.0,-165.0,140.0,-4.5,225.5
401809511,2025-11-08T00:00Z,2025-11-07,2026,2,WSH,CLE,115.0,148.0,False,NBA Cup - Group Play,ESPN BET,13.5,-105.0,-115.0,241.5,-110.0,-110.0,500.0,-800.0,11.5,234.5
401809512,2025-11-08T00:30Z,2025-11-07,2026,2,ATL,TOR,97.0,109.0,False,NBA Cup - Group Play,ESPN BET,-2.5,-105.0,-115.0,234.5,-105.0,-115.0,-125.0,105.0,2.5,234.5
401809773,2025-11-08T00:30Z,2025-11-07,2026,2,BKN,DET,107.0,125.0,False,NBA Cup - Group Play,ESPN BET,10.5,-110.0,-110.0,227.5,-110.0,-110.0,300.0,-400.0,8.5,227.5
401809774,2025-11-08T00:30Z,2025-11-07,2026,2,SA,HOU,121.0,110.0,False,NBA Cup - Group Play,ESPN BET,4.5,-125.0,100.0,224.5,-105.0,-115.0,145.0,-170.0,2.5,226.5
401809775,2025-11-08T01:00Z,2025-11-07,2026,2,MIA,CHA,126.0,108.0,False,NBA Cup - Group Play,ESPN BET,-7.5,-115.0,-105.0,236.5,-105.0,-115.0,-250.0,210.0,-6.5,238.5
401809776,2025-11-08T01:00Z,2025-11-07,2026,2,MEM,DAL,118.0,104.0,False,NBA Cup - Group Play,ESPN BET,-4.5,-110.0,-110.0,232.5,-110.0,-110.0,-175.0,150.0,-3.5,228.5
401809777,2025-11-08T01:00Z,2025-11-07,2026,2,MIL,CHI,126.0,110.0,False,NBA Cup - Group Play,ESPN BET,-4.5,-110.0,-115.0,239.5,-115.0,-105.0,-170.0,145.0,-5.5,241.5
401809778,2025-11-08T01:00Z,2025-11-07,2026,2,MIN,UTAH,137.0,97.0,False,NBA Cup - Group Play,ESPN BET,-12.5,-110.0,-110.0,233.5,-110.0,-110.0,-750.0,475.0,-14.5,229.5
401809779,2025-11-08T03:00Z,2025-11-07,2026,2,DEN,GS,129.0,104.0,False,NBA Cup - Group Play,ESPN BET,-9.5,-110.0,-110.0,230.5,-115.0,-105.0,-450.0,340.0,-5.5,236.5
401809780,2025-11-08T03:00Z,2025-11-07,2026,2,SAC,OKC,101.0,132.0,False,NBA Cup - Group Play,ESPN BET,11.5,-105.0,-115.0,234.5,-110.0,-110.0,450.0,-700.0,8.5,226.5
401810038,2025-11-09T00:00Z,2025-11-08,2026,2,WSH,DAL,105.0,111.0,False,,ESPN BET,4.5,-110.0,-110.0,233.5,-110.0,-110.0,155.0,-185.0,3.5,228.5
401810039,2025-11-09T00:30Z,2025-11-08,2026,2,PHI,TOR,130.0,120.0,False,,ESPN BET,-5.5,-105.0,-115.0,236.5,-110.0,-110.0,-195.0,165.0,-4.5,236.5
401810040,2025-11-09T01:00Z,2025-11-08,2026,2,ATL,LAL,122.0,102.0,False,,ESPN BET,5.5,-110.0,-110.0,228.5,-110.0,-110.0,190.0,-225.0,3.5,231.5
401810041,2025-11-09T01:00Z,2025-11-08,2026,2,CLE,CHI,128.0,122.0,False,,ESPN BET,-8.5,-115.0,-105.0,239.5,-105.0,-115.0,-380.0,290.0,-8.5,240.5
401810042,2025-11-09T01:00Z,2025-11-08,2026,2,MIA,POR,136.0,131.0,False,,ESPN BET,3.5,-110.0,-110.0,241.5,-115.0,-105.0,140.0,-165.0,2.5,240.5
401810043,2025-11-09T01:00Z,2025-11-08,2026,2,SA,NO,126.0,119.0,False,,ESPN BET,-11.5,-110.0,-110.0,222.5,-115.0,-105.0,-650.0,425.0,-12.5,226.5
401810044,2025-11-09T02:00Z,2025-11-08,2026,2,DEN,IND,117.0,100.0,False,,ESPN BET,-9.5,-110.0,-110.0,233.5,-115.0,-105.0,-450.0,340.0,-11.5,232.5
401810045,2025-11-09T03:30Z,2025-11-08,2026,2,LAC,PHX,103.0,114.0,False,,ESPN BET,-4.5,-110.0,-110.0,226.5,-110.0,-110.0,-190.0,160.0,-4.5,225.5
401810046,2025-11-09T20:30Z,2025-11-09,2026,2,MIL,HOU,115.0,122.0,False,,ESPN BET,3.5,-105.0,-115.0,232.5,-110.0,-110.0,150.0,-175.0,3.5,231.5
401810047,2025-11-09T23:00Z,2025-11-09,2026,2,NY,BKN,134.0,98.0,False,,ESPN BET,-15.5,-110.0,-110.0,226.5,-115.0,-105.0,-1400.0,750.0,-16.5,230.5
401810048,2025-11-09T23:00Z,2025-11-09,2026,2,ORL,BOS,107.0,111.0,False,,ESPN BET,-3.5,-110.0,-110.0,227.5,-105.0,-115.0,-155.0,135.0,-4.5,227.5
401810049,2025-11-09T23:00Z,2025-11-09,2026,2,MEM,OKC,100.0,114.0,False,,ESPN BET,10.5,-110.0,-110.0,231.5,-105.0,-115.0,360.0,-500.0,10.5,234.5
401810050,2025-11-10T00:30Z,2025-11-09,2026,2,PHI,DET,108.0,111.0,False,,ESPN BET,4.5,-105.0,-115.0,233.5,-110.0,-110.0,165.0,-195.0,2.5,232.5
401810051,2025-11-10T01:30Z,2025-11-09,2026,2,GS,IND,114.0,83.0,False,,ESPN BET,-13.5,-105.0,-115.0,221.5,-105.0,-115.0,-650.0,425.0,-13.5,227.5
401810052,2025-11-10T02:00Z,2025-11-09,2026,2,SAC,MIN,117.0,144.0,False,,ESPN BET,4.5,-110.0,-110.0,237.5,-115.0,-105.0,165.0,-195.0,5.5,235.5
401810053,2025-11-11T00:00Z,2025-11-10,2026,2,CHA,LAL,111.0,121.0,False,,ESPN BET,8.5,-110.0,-110.0,230.5,-110.0,-110.0,270.0,-340.0,7.5,232.5
401810054,2025-11-11T00:00Z,2025-11-10,2026,2,DET,WSH,137.0,135.0,False,,ESPN BET,-10.5,-115.0,-105.0,236.5,-115.0,-105.0,-600.0,400.0,-12.5,234.5
401810055,2025-11-11T00:00Z,2025-11-10,2026,2,ORL,POR,115.0,112.0,False,,ESPN BET,-2.5,-105.0,-115.0,234.5,-115.0,-105.0,-125.0,105.0,-2.5,236.5
401810056,2025-11-11T00:30Z,2025-11-10,2026,2,MIA,CLE,140.0,138.0,False,,ESPN BET,7.5,-110.0,-110.0,248.5,-105.0,-115.0,250.0,-300.0,6.5,244.5
401810057,2025-11-11T01:00Z,2025-11-10,2026,2,CHI,SA,117.0,121.0,False,,ESPN BET,5.5,-115.0,-105.0,235.5,-105.0,-115.0,170.0,-200.0,3.5,234.5
401810058,2025-11-11T01:30Z,2025-11-10,2026,2,DAL,MIL,114.0,116.0,False,,ESPN BET,3.5,-110.0,-110.0,228.5,-110.0,-110.0,140.0,-165.0,2.5,231.5
401810059,2025-11-11T02:00Z,2025-11-10,2026,2,PHX,NO,121.0,98.0,False,,ESPN BET,-7.5,-115.0,-105.0,226.5,-110.0,-110.0,-360.0,280.0,-6.5,229.5
401810060,2025-11-11T02:00Z,2025-11-10,2026,2,UTAH,MIN,113.0,120.0,False,,ESPN BET,7.5,-110.0,-110.0,235.5,-110.0,-110.0,240.0,-290.0,7.5,234.5
401810061,2025-11-11T03:30Z,2025-11-10,2026,2,LAC,ATL,102.0,105.0,False,,ESPN BET,-4.5,-110.0,-110.0,221.5,-105.0,-115.0,-185.0,155.0,-4.5,222.5
401810062,2025-11-12T00:30Z,2025-11-11,2026,2,BKN,TOR,109.0,119.0,False,,ESPN BET,9.5,-105.0,-115.0,230.5,-115.0,-105.0,360.0,-500.0,9.5,233.5
401810063,2025-11-12T00:30Z,2025-11-11,2026,2,NY,MEM,133.0,120.0,False,,ESPN BET,-10.5,-105.0,-115.0,233.5,-110.0,-110.0,-500.0,360.0,-10.5,232.5
401810064,2025-11-12T01:00Z,2025-11-11,2026,2,PHI,BOS,102.0,100.0,False,,ESPN BET,1.5,-105.0,-115.0,230.5,-105.0,-115.0,110.0,-130.0,-1.5,232.5
401810065,2025-11-12T01:00Z,2025-11-11,2026,2,OKC,GS,126.0,102.0,False,,ESPN BET,-7.5,-115.0,-105.0,227.5,-110.0,-110.0,-340.0,270.0,-7.5,226.5
401810066,2025-11-12T02:00Z,2025-11-11,2026,2,UTAH,IND,152.0,128.0,False,,ESPN BET,2.5,-110.0,-110.0,233.5,-105.0,-115.0,120.0,-140.0,1.5,229.5
401810067,2025-11-12T04:00Z,2025-11-11,2026,2,SAC,DEN,108.0,122.0,False,,ESPN BET,8.5,-110.0,-110.0,244.5,-105.0,-115.0,290.0,-380.0,7.5,240.5
401810068,2025-11-13T00:00Z,2025-11-12,2026,2,CHA,MIL,111.0,100.0,False,,ESPN BET,2.5,-110.0,-110.0,228.5,-105.0,-115.0,125.0,-145.0,5.5,232.5
401810069,2025-11-13T00:00Z,2025-11-12,2026,2,DET,CHI,124.0,113.0,False,,ESPN BET,3.5,-110.0,-110.0,229.5,-115.0,-105.0,130.0,-150.0,-5.5,235.5
401810070,2025-11-13T00:00Z,2025-11-12,2026,2,NY,ORL,107.0,124.0,False,,ESPN BET,-3.5,-120.0,100.0,227.5,-105.0,-115.0,-185.0,155.0,-3.5,227.5
401810071,2025-11-13T00:30Z,2025-11-12,2026,2,BOS,MEM,131.0,95.0,False,,ESPN BET,-8.5,-105.0,-115.0,228.5,-105.0,-115.0,-290.0,240.0,-6.5,230.5
401810072,2025-11-13T00:30Z,2025-11-12,2026,2,MIA,CLE,116.0,130.0,False,,ESPN BET,-4.5,-115.0,-105.0,239.5,-110.0,-110.0,-190.0,160.0,-6.5,238.5
401810073,2025-11-13T01:00Z,2025-11-12,2026,2,HOU,WSH,135.0,112.0,False,,ESPN BET,-17.5,-105.0,-115.0,238.5,-105.0,-115.0,-2000.0,1000.0,-16.5,233.5
401810074,2025-11-13T01:00Z,2025-11-12,2026,2,NO,POR,117.0,125.0,False,,ESPN BET,8.5,-110.0,-110.0,232.5,-105.0,-115.0,280.0,-360.0,7.5,231.5
401810075,2025-11-13T01:00Z,2025-11-12,2026,2,SA,GS,120.0,125.0,False,,ESPN BET,-3.5,-110.0,-110.0,232.5,-115.0,-105.0,-165.0,140.0,-4.5,228.5
401810076,2025-11-13T01:30Z,2025-11-12,2026,2,DAL,PHX,114.0,123.0,False,,ESPN BET,1.5,-105.0,-115.0,227.5,-110.0,-110.0,110.0,-130.0,-1.5,227.5
401810077,2025-11-13T02:47Z,2025-11-12,2026,2,OKC,LAL,121.0,92.0,False,,ESPN BET,-8.5,-110.0,-110.0,229.5,-110.0,-110.0,-320.0,260.0,-7.5,228.5
401810078,2025-11-13T03:00Z,2025-11-12,2026,2,SAC,ATL,100.0,133.0,False,,ESPN BET,4.5,-120.0,100.0,229.5,-105.0,-115.0,150.0,-175.0,3.5,233.5
401810079,2025-11-13T03:30Z,2025-11-12,2026,2,LAC,DEN,116.0,130.0,False,,ESPN BET,4.5,-110.0,-110.0,223.5,-115.0,-105.0,165.0,-195.0,2.5,225.5
401810080,2025-11-14T00:00Z,2025-11-13,2026,2,CLE,TOR,113.0,126.0,False,,ESPN BET,-7.5,-105.0,-115.0,237.5,-115.0,-105.0,-250.0,210.0,-7.5,239.5
401810081,2025-11-14T02:00Z,2025-11-13,2026,2,PHX,IND,133.0,98.0,False,,ESPN BET,-3.5,-105.0,-115.0,233.5,-105.0,-115.0,-170.0,145.0,-5.5,229.5
401810082,2025-11-14T02:00Z,2025-11-13,2026,2,UTAH,ATL,122.0,132.0,False,,ESPN BET,1.5,-105.0,-115.0,234.5,-110.0,-110.0,110.0,-130.0,1.5,233.5
401809781,2025-11-15T00:00Z,2025-11-14,2026,2,NY,MIA,140.0,132.0,False,NBA Cup - Group Play,ESPN BET,-6.5,-110.0,-110.0,240.5,-110.0,-110.0,-240.0,200.0,-4.5,235.5
401809782,2025-11-15T00:00Z,2025-11-14,2026,2,ORL,BKN,105.0,98.0,False,NBA Cup - Group Play,ESPN BET,-14.5,-105.0,-115.0,224.5,-110.0,-110.0,-1000.0,600.0,-14.5,227.5
401809783,2025-11-15T00:30Z,2025-11-14,2026,2,DET,PHI,114.0,105.0,False,NBA Cup - Group Play,ESPN BET,-1.5,100.0,-125.0,229.5,-105.0,-115.0,-120.0,100.0,-6.5,232.5
401809784,2025-11-15T01:00Z,2025-11-14,2026,2,HOU,POR,140.0,116.0,False,NBA Cup - Group Play,ESPN BET,-7.5,-110.0,-110.0,236.5,-110.0,-110.0,-300.0,250.0,-8.5,235.5
401809785,2025-11-15T01:00Z,2025-11-14,2026,2,MIL,CHA,147.0,134.0,False,NBA Cup - Group Play,ESPN BET,-9.5,-110.0,-110.0,238.5,-105.0,-115.0,-400.0,300.0,-10.5,238.5
401809786,2025-11-15T01:00Z,2025-11-14,2026,2,MIN,SAC,124.0,110.0,False,NBA Cup - Group Play,ESPN BET,-11.5,-115.0,-105.0,240.5,-105.0,-115.0,-700.0,450.0,-12.5,240.5
401809787,2025-11-15T01:00Z,2025-11-14,2026,2,NO,LAL,104.0,118.0,False,NBA Cup - Group Play,ESPN BET,9.5,-105.0,-115.0,227.5,-110.0,-110.0,360.0,-500.0,10.5,229.5
401809788,2025-11-15T01:30Z,2025-11-14,2026,2,DAL,LAC,127.0,133.0,False,NBA Cup - Group Play,ESPN BET,3.5,-110.0,-110.0,220.5,-115.0,-105.0,145.0,-170.0,4.5,218.5
401809789,2025-11-15T02:30Z,2025-11-14,2026,2,SA,GS,108.0,109.0,False,NBA Cup - Group Play,ESPN BET,-2.5,-115.0,-105.0,233.5,-110.0,-110.0,-140.0,120.0,-2.5,234.5
401810083,2025-11-15T22:00Z,2025-11-15,2026,2,CLE,MEM,108.0,100.0,False,,ESPN BET,-10.5,-110.0,-110.0,241.5,-105.0,-115.0,-550.0,380.0,-10.5,237.5
401810084,2025-11-16T00:00Z,2025-11-15,2026,2,CHA,OKC,96.0,109.0,False,,ESPN BET,17.5,-110.0,-110.0,224.5,-105.0,-115.0,1100.0,-2500.0,16.5,229.5
401810085,2025-11-16T00:00Z,2025-11-15,2026,2,IND,TOR,111.0,129.0,False,,ESPN BET,6.5,-110.0,-110.0,235.5,-110.0,-110.0,200.0,-240.0,5.5,230.5
401810086,2025-11-16T01:00Z,2025-11-15,2026,2,MIL,LAL,95.0,119.0,False,,ESPN BET,-1.5,-115.0,-105.0,229.5,-105.0,-115.0,-125.0,105.0,-1.5,232.5
401810087,2025-11-16T01:00Z,2025-11-15,2026,2,MIN,DEN,112.0,123.0,False,,ESPN BET,1.5,-120.0,100.0,237.5,-105.0,-115.0,100.0,-120.0,-1.5,233.5
401810088,2025-11-16T20:30Z,2025-11-16,2026,2,BOS,LAC,121.0,118.0,False,,ESPN BET,-5.5,-110.0,-110.0,218.5,-115.0,-105.0,-215.0,180.0,-4.5,220.5
401810089,2025-11-16T21:00Z,2025-11-16,2026,2,SA,SAC,123.0,110.0,False,,ESPN BET,-6.5,-110.0,-110.0,243.5,-105.0,-115.0,-240.0,200.0,-6.5,237.5
401810090,2025-11-16T23:00Z,2025-11-16,2026,2,WSH,BKN,106.0,129.0,False,,ESPN BET,-2.5,-110.0,-110.0,231.5,-110.0,-110.0,-135.0,115.0,-3.5,232.5
401810091,2025-11-17T00:00Z,2025-11-16,2026,2,HOU,ORL,117.0,113.0,False,,ESPN BET,-7.5,-115.0,-105.0,223.5,-115.0,-105.0,-300.0,250.0,-8.5,229.5
401810092,2025-11-17T00:00Z,2025-11-16,2026,2,NO,GS,106.0,124.0,False,,ESPN BET,11.5,-115.0,-105.0,226.5,-105.0,-115.0,380.0,-550.0,10.5,228.5
401810093,2025-11-17T00:30Z,2025-11-16,2026,2,DAL,POR,138.0,133.0,False,,ESPN BET,2.5,-105.0,-115.0,236.5,-105.0,-115.0,130.0,-150.0,4.5,229.5
401810094,2025-11-17T01:00Z,2025-11-16,2026,2,PHX,ATL,122.0,124.0,False,,ESPN BET,-1.5,-110.0,-110.0,226.5,-105.0,-115.0,-120.0,100.0,1.5,231.5
401810095,2025-11-17T01:00Z,2025-11-16,2026,2,UTAH,CHI,150.0,147.0,False,,ESPN BET,4.5,-110.0,-110.0,245.5,-105.0,-115.0,165.0,-195.0,4.5,241.5
401810096,2025-11-18T00:00Z,2025-11-17,2026,2,CLE,MIL,118.0,106.0,False,,ESPN BET,-5.5,-115.0,-105.0,235.5,-110.0,-110.0,-240.0,200.0,-6.5,236.5
401810097,2025-11-18T00:00Z,2025-11-17,2026,2,DET,IND,127.0,112.0,False,,ESPN BET,-8.5,-105.0,-115.0,230.5,-115.0,-105.0,-340.0,270.0,-8.5,227.5
401810098,2025-11-18T00:00Z,2025-11-17,2026,2,PHI,LAC,110.0,108.0,False,,ESPN BET,-5.5,-110.0,-110.0,222.5,-105.0,-115.0,-200.0,170.0,-4.5,221.5
401810099,2025-11-18T00:30Z,2025-11-17,2026,2,MIA,NY,115.0,113.0,False,,ESPN BET,-1.5,100.0,-120.0,244.5,-115.0,-105.0,-110.0,-110.0,-1.5,241.5
401810100,2025-11-18T00:30Z,2025-11-17,2026,2,TOR,CHA,110.0,108.0,False,,ESPN BET,-7.5,-110.0,-110.0,240.5,-110.0,-110.0,-320.0,260.0,-7.5,239.5
401810101,2025-11-18T01:00Z,2025-11-17,2026,2,MIN,DAL,120.0,96.0,False,,ESPN BET,-13.5,-115.0,-105.0,232.5,-110.0,-110.0,-900.0,550.0,-12.5,227.5
401810102,2025-11-18T01:00Z,2025-11-17,2026,2,NO,OKC,109.0,126.0,False,,ESPN BET,18.5,-105.0,-115.0,223.5,-110.0,-110.0,1300.0,-4000.0,17.5,225.5
401810103,2025-11-18T02:00Z,2025-11-17,2026,2,DEN,CHI,127.0,130.0,False,,ESPN BET,-12.5,-110.0,-110.0,241.5,-110.0,-110.0,-750.0,475.0,-10.5,242.5
401810104,2025-11-19T00:00Z,2025-11-18,2026,2,ORL,GS,121.0,113.0,False,,ESPN BET,2.5,-115.0,-105.0,223.5,-115.0,-105.0,115.0,-135.0,2.5,224.5
401810105,2025-11-19T00:30Z,2025-11-18,2026,2,BKN,BOS,99.0,113.0,False,,ESPN BET,11.5,-110.0,-110.0,222.5,-115.0,-105.0,425.0,-650.0,10.5,225.5
401810106,2025-11-19T00:30Z,2025-11-18,2026,2,ATL,DET,112.0,120.0,False,,ESPN BET,1.5,-120.0,100.0,226.5,-110.0,-110.0,100.0,-120.0,-1.5,229.5
401810107,2025-11-19T01:00Z,2025-11-18,2026,2,SA,MEM,111.0,101.0,False,,ESPN BET,-6.5,-105.0,-115.0,234.5,-105.0,-115.0,-240.0,200.0,-5.5,234.5
401810108,2025-11-19T03:30Z,2025-11-18,2026,2,LAL,UTAH,140.0,126.0,False,,ESPN BET,-13.5,-105.0,-115.0,240.5,-105.0,-115.0,-800.0,500.0,-12.5,235.5
401810109,2025-11-19T04:00Z,2025-11-18,2026,2,POR,PHX,110.0,127.0,False,,ESPN BET,-2.5,-110.0,-110.0,235.5,-110.0,-110.0,-125.0,105.0,-4.5,236.5
401810110,2025-11-20T00:00Z,2025-11-19,2026,2,CLE,HOU,104.0,114.0,False,,ESPN BET,1.5,-110.0,-110.0,232.5,-110.0,-110.0,105.0,-125.0,-1.5,231.5
401810111,2025-11-20T00:00Z,2025-11-19,2026,2,IND,CHA,127.0,118.0,False,,ESPN BET,1.5,-110.0,-110.0,237.5,-115.0,-105.0,110.0,-130.0,-1.5,235.5
401810113,2025-11-20T00:00Z,2025-11-19,2026,2,PHI,TOR,112.0,121.0,False,,ESPN BET,2.5,-105.0,-115.0,233.5,-110.0,-110.0,125.0,-145.0,-1.5,236.5
401810112,2025-11-20T00:30Z,2025-11-19,2026,2,MIA,GS,110.0,96.0,False,,ESPN BET,-10.5,-105.0,-115.0,234.5,-110.0,-110.0,-450.0,340.0,-6.5,230.5
401810114,2025-11-20T01:00Z,2025-11-19,2026,2,MIN,WSH,120.0,109.0,False,,ESPN BET,-16.5,-110.0,-110.0,240.5,-105.0,-115.0,-2000.0,1000.0,-15.5,236.5
401810115,2025-11-20T01:00Z,2025-11-19,2026,2,NO,DEN,118.0,125.0,False,,ESPN BET,10.5,-110.0,-110.0,234.5,-105.0,-115.0,400.0,-600.0,13.5,232.5
401810116,2025-11-20T01:00Z,2025-11-19,2026,2,OKC,SAC,113.0,99.0,False,,ESPN BET,-18.5,-115.0,-105.0,231.5,-110.0,-110.0,-4000.0,1300.0,-18.5,230.5
401810117,2025-11-20T02:30Z,2025-11-19,2026,2,DAL,NY,111.0,113.0,False,,ESPN BET,8.5,-110.0,-110.0,233.5,-115.0,-105.0,290.0,-380.0,4.5,226.5
401810118,2025-11-20T03:00Z,2025-11-19,2026,2,POR,CHI,121.0,122.0,False,,ESPN BET,3.5,-110.0,-110.0,244.5,-115.0,-105.0,140.0,-165.0,2.5,243.5
401810119,2025-11-21T00:00Z,2025-11-20,2026,2,ORL,LAC,129.0,101.0,False,,ESPN BET,-6.5,-110.0,-110.0,218.5,-110.0,-110.0,-240.0,200.0,-5.5,219.5
401810120,2025-11-21T01:00Z,2025-11-20,2026,2,MEM,SAC,137.0,96.0,False,,ESPN BET,-3.5,-105.0,-115.0,234.5,-105.0,-115.0,-145.0,125.0,-2.5,234.5
401810121,2025-11-21T01:00Z,2025-11-20,2026,2,MIL,PHI,114.0,123.0,False,,ESPN BET,1.5,-110.0,-110.0,223.5,-110.0,-110.0,110.0,-130.0,1.5,229.5
401810122,2025-11-21T01:00Z,2025-11-20,2026,2,SA,ATL,135.0,126.0,False,,ESPN BET,1.5,-125.0,100.0,233.5,-105.0,-115.0,-110.0,-110.0,-1.5,230.5
401809790,2025-11-22T00:00Z,2025-11-21,2026,2,CLE,IND,120.0,109.0,False,NBA Cup - Group Play,ESPN BET,-13.5,-115.0,-105.0,242.5,-110.0,-110.0,-900.0,550.0,-14.5,237.5
401809791,2025-11-22T00:30Z,2025-11-21,2026,2,BOS,BKN,105.0,113.0,False,NBA Cup - Group Play,ESPN BET,-13.5,-105.0,-115.0,222.5,-105.0,-115.0,-750.0,475.0,-15.5,222.5
401809792,2025-11-22T00:30Z,2025-11-21,2026,2,TOR,WSH,140.0,110.0,False,NBA Cup - Group Play,ESPN BET,-14.5,-105.0,-115.0,239.5,-105.0,-115.0,-1000.0,600.0,-13.5,239.5
401809793,2025-11-22T01:00Z,2025-11-21,2026,2,CHI,MIA,107.0,143.0,False,NBA Cup - Group Play,ESPN BET,-2.5,-105.0,-115.0,250.5,-110.0,-110.0,-135.0,115.0,-2.5,248.5
401809794,2025-11-22T01:30Z,2025-11-21,2026,2,DAL,NO,118.0,115.0,False,NBA Cup - Group Play,ESPN BET,-3.5,-115.0,-105.0,233.5,-105.0,-115.0,-150.0,130.0,-3.5,229.5
401809795,2025-11-22T02:00Z,2025-11-21,2026,2,PHX,MIN,114.0,113.0,False,NBA Cup - Group Play,ESPN BET,4.5,-110.0,-110.0,230.5,-105.0,-115.0,165.0,-195.0,3.5,233.5
401809796,2025-11-22T02:30Z,2025-11-21,2026,2,HOU,DEN,109.0,112.0,False,NBA Cup - Group Play,ESPN BET,-3.5,-105.0,-115.0,234.5,-105.0,-115.0,-145.0,125.0,-1.5,234.5
401809797,2025-11-22T03:00Z,2025-11-21,2026,2,UTAH,OKC,112.0,144.0,False,NBA Cup - Group Play,ESPN BET,16.5,-105.0,-115.0,234.5,-105.0,-115.0,1000.0,-2000.0,16.5,234.5
401809798,2025-11-22T03:00Z,2025-11-21,2026,2,GS,POR,123.0,127.0,False,NBA Cup - Group Play,ESPN BET,-9.5,-115.0,-105.0,236.5,-115.0,-105.0,-425.0,320.0,-6.5,237.5
401810123,2025-11-22T18:00Z,2025-11-22,2026,2,CHA,LAC,116.0,131.0,False,,ESPN BET,-1.5,-105.0,-115.0,227.5,-115.0,-105.0,-120.0,100.0,1.5,228.5
401810124,2025-11-22T22:00Z,2025-11-22,2026,2,ORL,NY,133.0,121.0,False,,ESPN BET,-1.5,-110.0,-110.0,230.5,-105.0,-115.0,-120.0,100.0,1.5,229.5
401810125,2025-11-23T00:00Z,2025-11-22,2026,2,NO,ATL,98.0,115.0,False,,ESPN BET,9.5,-105.0,-115.0,232.5,-115.0,-105.0,360.0,-500.0,7.5,231.5
401810126,2025-11-23T01:00Z,2025-11-22,2026,2,CHI,WSH,121.0,120.0,False,,ESPN BET,-12.5,-110.0,-110.0,245.5,-115.0,-105.0,-650.0,425.0,-11.5,244.5
401810127,2025-11-23T01:00Z,2025-11-22,2026,2,MIL,DET,116.0,129.0,False,,ESPN BET,7.5,-105.0,-115.0,225.5,-115.0,-105.0,270.0,-340.0,8.5,224.5
401810128,2025-11-23T01:30Z,2025-11-22,2026,2,DAL,MEM,96.0,102.0,False,,ESPN BET,-1.5,100.0,-125.0,229.5,-115.0,-105.0,-105.0,-115.0,-2.5,226.5
401810129,2025-11-23T03:00Z,2025-11-22,2026,2,DEN,SAC,123.0,128.0,False,,ESPN BET,-11.5,-105.0,-115.0,240.5,-105.0,-115.0,-650.0,425.0,-12.5,236.5
401810130,2025-11-23T18:00Z,2025-11-23,2026,2,PHI,MIA,117.0,127.0,False,,ESPN BET,-1.5,-105.0,-115.0,241.5,-105.0,-115.0,-120.0,100.0,-1.5,237.5
401810131,2025-11-23T23:00Z,2025-11-23,2026,2,ATL,CHA,113.0,110.0,False,,ESPN BET,-8.5,-105.0,-115.0,228.5,-105.0,-115.0,-290.0,240.0,-7.5,234.5
401810132,2025-11-23T23:00Z,2025-11-23,2026,2,BOS,ORL,138.0,129.0,False,,ESPN BET,-4.5,-110.0,-110.0,223.5,-115.0,-105.0,-185.0,155.0,-3.5,221.5
401810133,2025-11-23T23:00Z,2025-11-23,2026,2,CLE,LAC,120.0,105.0,False,,ESPN BET,-7.5,-110.0,-110.0,229.5,-110.0,-110.0,-290.0,240.0,-7.5,229.5
401810134,2025-11-23T23:00Z,2025-11-23,2026,2,TOR,BKN,119.0,109.0,False,,ESPN BET,-11.5,-110.0,-110.0,229.5,-110.0,-110.0,-700.0,450.0,-13.5,230.5
401810135,2025-11-24T00:00Z,2025-11-23,2026,2,OKC,POR,122.0,95.0,False,,ESPN BET,-16.5,-105.0,-115.0,233.5,-105.0,-115.0,-1600.0,800.0,-15.5,234.5
401810136,2025-11-24T01:00Z,2025-11-23,2026,2,PHX,SA,111.0,102.0,False,,ESPN BET,-1.5,-110.0,-110.0,234.5,-115.0,-105.0,-120.0,100.0,-3.5,233.5
401810137,2025-11-24T01:00Z,2025-11-23,2026,2,UTAH,LAL,106.0,108.0,False,,ESPN BET,9.5,-110.0,-110.0,245.5,-110.0,-110.0,320.0,-425.0,8.5,244.5
401810138,2025-11-25T00:00Z,2025-11-24,2026,2,IND,DET,117.0,122.0,False,,ESPN BET,9.5,-130.0,-110.0,235.5,-105.0,-115.0,320.0,-425.0,9.5,234.5
401810139,2025-11-25T00:00Z,2025-11-24,2026,2,TOR,CLE,110.0,99.0,False,,Draft Kings,-1.5,-105.0,-108.0,234.5,-105.0,-108.0,-122.0,-105.0,2.5,234.5
401810140,2025-11-25T00:30Z,2025-11-24,2026,2,BKN,NY,100.0,113.0,False,,Draft Kings,12.5,-105.0,-108.0,227.5,-115.0,-105.0,,,12.5,228.5
401810141,2025-11-25T00:30Z,2025-11-24,2026,2,MIA,DAL,106.0,102.0,False,,Draft Kings,-7.5,-112.0,-112.0,240.5,-108.0,-115.0,-270.0,220.0,-8.5,241.5
401810142,2025-11-25T01:00Z,2025-11-24,2026,2,MEM,DEN,115.0,125.0,False,,Draft Kings,8.5,-118.0,-102.0,235.5,-112.0,-108.0,220.0,-270.0,6.5,233.5
401810143,2025-11-25T01:00Z,2025-11-24,2026,2,MIL,POR,103.0,115.0,False,,Draft Kings,-1.5,-102.0,-110.0,,,,-115.0,-105.0,-1.5,
401810144,2025-11-25T01:00Z,2025-11-24,2026,2,NO,CHI,143.0,130.0,False,,Draft Kings,4.5,-110.0,-108.0,245.5,-110.0,-112.0,,,4.5,245.5
401810145,2025-11-25T02:30Z,2025-11-24,2026,2,PHX,HOU,92.0,114.0,False,,Draft Kings,6.5,-110.0,-110.0,224.5,-112.0,-108.0,190.0,-230.0,5.5,224.5
401810146,2025-11-25T03:00Z,2025-11-24,2026,2,GS,UTAH,134.0,117.0,False,,Draft Kings,,,,238.5,-112.0,-108.0,,,,239.5
401810147,2025-11-25T03:00Z,2025-11-24,2026,2,SAC,MIN,117.0,112.0,False,,Draft Kings,9.5,-102.0,-102.0,236.5,-115.0,-105.0,,,9.5,238.5
401809799,2025-11-26T00:00Z,2025-11-25,2026,2,WSH,ATL,132.0,113.0,False,NBA Cup - Group Play,Draft Kings,10.5,-102.0,-118.0,240.5,-108.0,-112.0,,,10.5,236.5
401809800,2025-11-26T01:00Z,2025-11-25,2026,2,PHI,ORL,103.0,144.0,False,NBA Cup - Group Play,Draft Kings,4.5,-105.0,-115.0,229.5,-110.0,-110.0,160.0,-192.0,2.5,229.5
401809801,2025-11-26T04:00Z,2025-11-25,2026,2,LAL,LAC,135.0,118.0,False,NBA Cup - Group Play,Draft Kings,-6.5,-105.0,-115.0,227.5,-115.0,-105.0,-258.0,210.0,-5.5,227.5
401809802,2025-11-26T22:00Z,2025-11-26,2026,2,BOS,DET,117.0,114.0,False,NBA Cup - Group Play,Draft Kings,1.5,-105.0,-115.0,234.5,-105.0,-115.0,105.0,-125.0,3.5,228.5
401809803,2025-11-27T00:00Z,2025-11-26,2026,2,CHA,NY,101.0,129.0,False,NBA Cup - Group Play,Draft Kings,6.5,-108.0,-112.0,242.5,-110.0,-110.0,215.0,-265.0,7.5,236.5
401809804,2025-11-27T00:30Z,2025-11-26,2026,2,MIA,MIL,106.0,103.0,False,NBA Cup - Group Play,Draft Kings,-10.5,-108.0,-112.0,236.5,-112.0,-108.0,-440.0,340.0,-6.5,232.5
401809805,2025-11-27T00:30Z,2025-11-26,2026,2,TOR,IND,97.0,95.0,False,NBA Cup - Group Play,Draft Kings,-9.5,-112.0,-108.0,233.5,-115.0,-105.0,-440.0,340.0,-9.5,235.5
401809806,2025-11-27T00:30Z,2025-11-26,2026,2,OKC,MIN,113.0,105.0,False,NBA Cup - Group Play,Draft Kings,-10.5,-115.0,-105.0,226.5,-105.0,-115.0,-470.0,360.0,-8.5,229.5
401809807,2025-11-27T01:00Z,2025-11-26,2026,2,NO,MEM,128.0,133.0,False,NBA Cup - Group Play,Draft Kings,3.5,-105.0,-115.0,236.5,-108.0,-112.0,140.0,-166.0,2.5,233.5
401809808,2025-11-27T03:00Z,2025-11-26,2026,2,GS,HOU,100.0,104.0,False,NBA Cup - Group Play,Draft Kings,-3.5,-105.0,-115.0,224.5,-112.0,-108.0,-162.0,136.0,1.5,224.5
401809809,2025-11-27T03:00Z,2025-11-26,2026,2,POR,SA,102.0,115.0,False,NBA Cup - Group Play,Draft Kings,-1.5,-105.0,-115.0,240.5,-108.0,-112.0,,,-2.5,237.5
401809810,2025-11-27T03:00Z,2025-11-26,2026,2,SAC,PHX,100.0,112.0,False,NBA Cup - Group Play,Draft Kings,4.5,-108.0,-112.0,233.5,-115.0,-105.0,154.0,-185.0,3.5,234.5
401809811,2025-11-29T00:30Z,2025-11-28,2026,2,ATL,CLE,130.0,123.0,False,NBA Cup - Group Play,Draft Kings,6.5,-105.0,-115.0,236.5,-108.0,-112.0,210.0,-258.0,4.5,238.5
401809812,2025-11-29T00:30Z,2025-11-28,2026,2,BKN,PHI,103.0,115.0,False,NBA Cup - Group Play,Draft Kings,7.5,-105.0,-115.0,222.5,-105.0,-115.0,235.0,-290.0,5.5,228.5
401809813,2025-11-29T00:30Z,2025-11-28,2026,2,CHA,CHI,123.0,116.0,False,NBA Cup - Group Play,Draft Kings,2.5,-110.0,-110.0,248.5,-112.0,-108.0,120.0,-142.0,3.5,246.5
401809814,2025-11-29T00:30Z,2025-11-28,2026,2,DET,ORL,109.0,112.0,False,NBA Cup - Group Play,Draft Kings,-3.5,-110.0,-110.0,230.5,-112.0,-108.0,-162.0,136.0,-5.5,232.5
401809815,2025-11-29T00:30Z,2025-11-28,2026,2,IND,WSH,119.0,86.0,False,NBA Cup - Group Play,Draft Kings,-6.5,-110.0,-110.0,240.5,-108.0,-112.0,-258.0,210.0,-6.5,237.5
401809816,2025-11-29T00:30Z,2025-11-28,2026,2,NY,MIL,118.0,109.0,False,NBA Cup - Group Play,Draft Kings,-7.5,-115.0,-105.0,232.5,-112.0,-108.0,-278.0,225.0,-6.5,234.5
401809817,2025-11-29T02:30Z,2025-11-28,2026,2,OKC,PHX,123.0,119.0,False,NBA Cup - Group Play,Draft Kings,-14.5,-115.0,-105.0,223.5,-105.0,-115.0,-1050.0,675.0,-14.5,227.5
401809818,2025-11-29T02:30Z,2025-11-28,2026,2,DEN,SA,136.0,139.0,False,NBA Cup - Group Play,Draft Kings,-7.5,-105.0,-115.0,238.5,-110.0,-110.0,-305.0,245.0,-10.5,236.5
401809819,2025-11-29T02:30Z,2025-11-28,2026,2,UTAH,SAC,128.0,119.0,False,NBA Cup - Group Play,Draft Kings,-2.5,-110.0,-110.0,242.5,-110.0,-110.0,-142.0,120.0,1.5,240.5
401809820,2025-11-29T03:00Z,2025-11-28,2026,2,LAL,DAL,129.0,119.0,False,NBA Cup - Group Play,Draft Kings,-10.5,-102.0,-118.0,232.5,-110.0,-110.0,-455.0,350.0,-10.5,232.5
401809821,2025-11-29T03:00Z,2025-11-28,2026,2,LAC,MEM,107.0,112.0,False,NBA Cup - Group Play,Draft Kings,-6.5,-108.0,-112.0,224.5,-105.0,-115.0,-265.0,215.0,-7.5,227.5
401810148,2025-11-29T22:00Z,2025-11-29,2026,2,MIN,BOS,119.0,115.0,False,,Draft Kings,-5.5,-118.0,-102.0,229.5,-108.0,-112.0,-238.0,195.0,-7.5,228.5
401810149,2025-11-29T23:00Z,2025-11-29,2026,2,CHA,TOR,118.0,111.0,False,,Draft Kings,6.5,-105.0,-115.0,234.5,-110.0,-110.0,230.0,-285.0,7.5,231.5
401810150,2025-11-30T00:30Z,2025-11-29,2026,2,IND,CHI,103.0,101.0,False,,Draft Kings,2.5,-110.0,-110.0,239.5,-115.0,-105.0,120.0,-142.0,4.5,243.5
401810151,2025-11-30T01:00Z,2025-11-29,2026,2,MIA,DET,135.0,138.0,False,,Draft Kings,-3.5,-112.0,-108.0,239.5,-110.0,-110.0,-166.0,140.0,-1.5,236.5
401810152,2025-11-30T01:00Z,2025-11-29,2026,2,MIL,BKN,116.0,99.0,False,,Draft Kings,-11.5,-108.0,-112.0,218.5,-112.0,-108.0,-575.0,425.0,-11.5,224.5
401810153,2025-11-30T01:30Z,2025-11-29,2026,2,GS,NO,104.0,96.0,False,,Draft Kings,-9.5,-112.0,-108.0,228.5,-105.0,-115.0,-425.0,330.0,-7.5,223.5
401810154,2025-11-30T02:00Z,2025-11-29,2026,2,PHX,DEN,112.0,130.0,False,,Draft Kings,3.5,-105.0,-115.0,233.5,-110.0,-110.0,142.0,-170.0,5.5,233.5
401810155,2025-11-30T03:00Z,2025-11-29,2026,2,LAC,DAL,110.0,114.0,False,,Draft Kings,-9.5,100.0,-120.0,224.5,-115.0,-105.0,-380.0,300.0,-6.5,218.5
401810156,2025-11-30T20:00Z,2025-11-30,2026,2,UTAH,HOU,101.0,129.0,False,,Draft Kings,11.5,-112.0,-108.0,233.5,-108.0,-112.0,425.0,-575.0,11.5,234.5
401810157,2025-11-30T23:00Z,2025-11-30,2026,2,CLE,BOS,115.0,117.0,False,,Draft Kings,-7.5,-108.0,-112.0,234.5,-112.0,-108.0,-285.0,230.0,-7.5,230.5
401810158,2025-11-30T23:00Z,2025-11-30,2026,2,NY,TOR,116.0,94.0,False,,Draft Kings,-8.5,-112.0,-108.0,229.5,-108.0,-112.0,-345.0,275.0,-6.5,236.5
401810159,2025-11-30T23:00Z,2025-11-30,2026,2,PHI,ATL,134.0,142.0,False,,Draft Kings,-2.5,-110.0,-110.0,232.5,-110.0,-110.0,-142.0,120.0,-1.5,234.5
401810160,2025-11-30T23:00Z,2025-11-30,2026,2,POR,OKC,115.0,123.0,False,,Draft Kings,11.5,-110.0,-110.0,234.5,-110.0,-110.0,490.0,-675.0,12.5,230.5
401810161,2025-12-01T00:00Z,2025-11-30,2026,2,MIN,SA,125.0,112.0,False,,Draft Kings,-4.5,-110.0,-110.0,233.5,-112.0,-108.0,-185.0,154.0,-3.5,231.5
401810162,2025-12-01T02:00Z,2025-11-30,2026,2,SAC,MEM,107.0,115.0,False,,Draft Kings,3.5,-118.0,-102.0,233.5,-108.0,-112.0,124.0,-148.0,2.5,231.5
401810163,2025-12-01T02:30Z,2025-11-30,2026,2,LAL,NO,133.0,121.0,False,,Draft Kings,-15.5,-115.0,-105.0,228.5,-115.0,-105.0,-1450.0,850.0,-14.5,234.5
401810164,2025-12-02T00:00Z,2025-12-01,2026,2,DET,ATL,99.0,98.0,False,,Draft Kings,-9.5,-105.0,-115.0,232.5,-105.0,-115.0,-410.0,320.0,-7.5,232.5
401810165,2025-12-02T00:00Z,2025-12-01,2026,2,IND,CLE,119.0,135.0,False,,Draft Kings,4.5,-110.0,-110.0,230.5,-115.0,-105.0,160.0,-192.0,5.5,233.5
401810166,2025-12-02T00:00Z,2025-12-01,2026,2,WSH,MIL,129.0,126.0,False,,Draft Kings,10.5,-110.0,-110.0,232.5,-112.0,-108.0,330.0,-425.0,9.5,237.5
401810167,2025-12-02T00:30Z,2025-12-01,2026,2,BKN,CHA,116.0,103.0,False,,Draft Kings,4.5,-108.0,-112.0,227.5,-115.0,-105.0,154.0,-185.0,4.5,226.5
401810168,2025-12-02T00:30Z,2025-12-01,2026,2,MIA,LAC,140.0,123.0,False,,Draft Kings,-6.5,-102.0,-118.0,235.5,-108.0,-112.0,-245.0,200.0,-5.5,235.5
401810169,2025-12-02T00:30Z,2025-12-01,2026,2,ORL,CHI,125.0,120.0,False,,Draft Kings,-9.5,-110.0,-110.0,239.5,-110.0,-110.0,-380.0,300.0,-7.5,239.5
401810170,2025-12-02T02:00Z,2025-12-01,2026,2,DEN,DAL,121.0,131.0,False,,Draft Kings,-11.5,-105.0,-115.0,235.5,-115.0,-105.0,-550.0,410.0,-10.5,234.5
401810171,2025-12-02T02:00Z,2025-12-01,2026,2,UTAH,HOU,133.0,125.0,False,,Draft Kings,11.5,-115.0,-105.0,235.5,-105.0,-115.0,400.0,-535.0,12.5,231.5
401810172,2025-12-02T03:00Z,2025-12-01,2026,2,LAL,PHX,108.0,125.0,False,,Draft Kings,-5.5,-108.0,-112.0,231.5,-110.0,-110.0,-225.0,185.0,-6.5,234.5
401810173,2025-12-03T00:00Z,2025-12-02,2026,2,PHI,WSH,121.0,102.0,False,,Draft Kings,-13.5,-105.0,-115.0,234.5,-112.0,-108.0,-800.0,550.0,-13.5,237.5
401810174,2025-12-03T00:30Z,2025-12-02,2026,2,TOR,POR,121.0,118.0,False,,Draft Kings,-4.5,-115.0,-105.0,230.5,-112.0,-108.0,-198.0,164.0,-5.5,232.5
401810175,2025-12-03T01:00Z,2025-12-02,2026,2,BOS,NY,123.0,117.0,False,,Draft Kings,1.5,-115.0,-105.0,230.5,-108.0,-112.0,-105.0,-115.0,1.5,229.5
401810176,2025-12-03T01:00Z,2025-12-02,2026,2,NO,MIN,142.0,149.0,False,,Draft Kings,12.5,-112.0,-108.0,229.5,-110.0,-110.0,490.0,-675.0,8.5,231.5
401810177,2025-12-03T01:00Z,2025-12-02,2026,2,SA,MEM,126.0,119.0,False,,Draft Kings,-5.5,-102.0,-118.0,232.5,-108.0,-112.0,-205.0,170.0,-5.5,230.5
401810178,2025-12-03T04:00Z,2025-12-02,2026,2,GS,OKC,112.0,124.0,False,,Draft Kings,11.5,-110.0,-110.0,223.5,-110.0,-110.0,410.0,-550.0,11.5,223.5
401810179,2025-12-04T00:00Z,2025-12-03,2026,2,CLE,POR,110.0,122.0,False,,Draft Kings,-10.5,-102.0,-118.0,244.5,-105.0,-115.0,-485.0,370.0,-9.5,237.5
401810180,2025-12-04T00:00Z,2025-12-03,2026,2,IND,DEN,120.0,135.0,False,,Draft Kings,8.5,-115.0,-105.0,238.5,-105.0,-115.0,250.0,-310.0,7.5,235.5
401810181,2025-12-04T00:00Z,2025-12-03,2026,2,ORL,SA,112.0,114.0,False,,Draft Kings,-8.5,-110.0,-110.0,235.5,-110.0,-110.0,-360.0,285.0,-6.5,233.5
401810182,2025-12-04T00:30Z,2025-12-03,2026,2,ATL,LAC,92.0,115.0,False,,Draft Kings,-1.5,-110.0,-110.0,226.5,-105.0,-115.0,-125.0,105.0,-4.5,229.5
401810183,2025-12-04T00:30Z,2025-12-03,2026,2,NY,CHA,119.0,104.0,False,,Draft Kings,-9.5,-102.0,-118.0,235.5,-112.0,-108.0,-395.0,310.0,-10.5,236.5
401810184,2025-12-04T01:00Z,2025-12-03,2026,2,CHI,BKN,103.0,113.0,False,,Draft Kings,-7.5,-112.0,-108.0,231.5,-108.0,-112.0,-325.0,260.0,-8.5,232.5
401810185,2025-12-04T01:00Z,2025-12-03,2026,2,HOU,SAC,121.0,95.0,False,,Draft Kings,-15.5,-110.0,-110.0,231.5,-105.0,-115.0,-1350.0,800.0,-15.5,230.5
401810186,2025-12-04T01:00Z,2025-12-03,2026,2,MIL,DET,113.0,109.0,False,,Draft Kings,4.5,-108.0,-112.0,228.5,-108.0,-112.0,160.0,-192.0,3.5,232.5
401810187,2025-12-04T01:30Z,2025-12-03,2026,2,DAL,MIA,118.0,108.0,False,,Draft Kings,4.5,-108.0,-112.0,238.5,-108.0,-112.0,154.0,-185.0,3.5,239.5
401810188,2025-12-05T00:00Z,2025-12-04,2026,2,PHI,GS,99.0,98.0,False,,Draft Kings,-4.5,-105.0,-115.0,224.5,-105.0,-115.0,-175.0,145.0,-3.5,221.5
401810189,2025-12-05T00:00Z,2025-12-04,2026,2,WSH,BOS,101.0,146.0,False,,Draft Kings,10.5,-105.0,-115.0,231.5,-110.0,-110.0,370.0,-485.0,8.5,228.5
401810190,2025-12-05T00:30Z,2025-12-04,2026,2,BKN,UTAH,110.0,123.0,False,,Draft Kings,5.5,-112.0,-108.0,231.5,-110.0,-110.0,170.0,-205.0,3.5,231.5
401810191,2025-12-05T00:30Z,2025-12-04,2026,2,TOR,LAL,120.0,123.0,False,,Draft Kings,-2.5,-112.0,-108.0,228.5,-112.0,-108.0,-135.0,114.0,1.5,230.5
401810192,2025-12-05T01:00Z,2025-12-04,2026,2,NO,MIN,116.0,125.0,False,,Draft Kings,11.5,-108.0,-112.0,232.5,-115.0,-105.0,425.0,-575.0,11.5,233.5
401810193,2025-12-06T00:00Z,2025-12-05,2026,2,BOS,LAL,126.0,105.0,False,,Draft Kings,-8.5,-112.0,-108.0,227.5,-108.0,-112.0,-340.0,270.0,-7.5,224.5
401810194,2025-12-06T00:00Z,2025-12-05,2026,2,ORL,MIA,106.0,105.0,False,,Draft Kings,-6.5,-110.0,-110.0,241.5,-110.0,-110.0,-225.0,185.0,-5.5,240.5
401810195,2025-12-06T00:30Z,2025-12-05,2026,2,ATL,DEN,133.0,134.0,False,,Draft Kings,3.5,-110.0,-110.0,238.5,-112.0,-108.0,136.0,-162.0,8.5,237.5
401810196,2025-12-06T00:30Z,2025-12-05,2026,2,CLE,SA,130.0,117.0,False,,Draft Kings,-5.5,-105.0,-115.0,239.5,-112.0,-108.0,-192.0,160.0,-5.5,238.5
401810197,2025-12-06T00:30Z,2025-12-05,2026,2,DET,POR,122.0,116.0,False,,Draft Kings,-8.5,-105.0,-115.0,235.5,-112.0,-108.0,-340.0,270.0,-6.5,237.5
401810198,2025-12-06T00:30Z,2025-12-05,2026,2,NY,UTAH,146.0,112.0,False,,Draft Kings,-16.5,-105.0,-115.0,243.5,-108.0,-112.0,-1350.0,800.0,-15.5,240.5
401810199,2025-12-06T00:30Z,2025-12-05,2026,2,TOR,CHA,86.0,111.0,False,,Draft Kings,-6.5,-110.0,-110.0,230.5,-110.0,-110.0,-270.0,220.0,-8.5,231.5
401810200,2025-12-06T01:00Z,2025-12-05,2026,2,CHI,IND,105.0,120.0,False,,Draft Kings,-4.5,-115.0,-105.0,234.5,-112.0,-108.0,-192.0,160.0,-5.5,238.5
401810201,2025-12-06T01:00Z,2025-12-05,2026,2,HOU,PHX,117.0,98.0,False,,Draft Kings,-8.5,-110.0,-110.0,219.5,-108.0,-112.0,-380.0,300.0,-11.5,223.5
401810202,2025-12-06T01:00Z,2025-12-05,2026,2,MEM,LAC,107.0,98.0,False,,Draft Kings,2.5,-115.0,-105.0,222.5,-115.0,-105.0,114.0,-135.0,1.5,224.5
401810203,2025-12-06T01:00Z,2025-12-05,2026,2,MIL,PHI,101.0,116.0,False,,Draft Kings,1.5,-115.0,-105.0,221.5,-112.0,-108.0,-105.0,-115.0,1.5,225.5
401810204,2025-12-06T02:30Z,2025-12-05,2026,2,OKC,DAL,132.0,111.0,False,,Draft Kings,-15.5,-112.0,-108.0,229.5,-108.0,-112.0,-1200.0,750.0,-14.5,228.5
401810205,2025-12-06T22:00Z,2025-12-06,2026,2,BKN,NO,119.0,101.0,False,,Draft Kings,-3.5,-115.0,-105.0,227.5,-108.0,-112.0,-166.0,140.0,-1.5,226.5
401810206,2025-12-07T00:00Z,2025-12-06,2026,2,WSH,ATL,116.0,131.0,False,,Draft Kings,9.5,-110.0,-110.0,237.5,-110.0,-110.0,330.0,-425.0,8.5,237.5
401810207,2025-12-07T00:30Z,2025-12-06,2026,2,CLE,GS,94.0,99.0,False,,Draft Kings,-8.5,-120.0,100.0,230.5,-108.0,-112.0,-375.0,295.0,-8.5,226.5
401810208,2025-12-07T00:30Z,2025-12-06,2026,2,DET,MIL,124.0,112.0,False,,Draft Kings,-12.5,-112.0,-108.0,223.5,-105.0,-115.0,-675.0,490.0,-11.5,224.5
401810209,2025-12-07T01:00Z,2025-12-06,2026,2,MIA,SAC,111.0,127.0,False,,Draft Kings,-8.5,-110.0,-110.0,241.5,-112.0,-108.0,-360.0,285.0,-7.5,239.5
401810210,2025-12-07T01:00Z,2025-12-06,2026,2,MIN,LAC,109.0,106.0,False,,Draft Kings,-8.5,-112.0,-108.0,227.5,-115.0,-105.0,-375.0,295.0,-9.5,225.5
401810211,2025-12-07T01:30Z,2025-12-06,2026,2,DAL,HOU,122.0,109.0,False,,Draft Kings,6.5,-105.0,-115.0,221.5,-110.0,-110.0,210.0,-258.0,10.5,221.5
401810212,2025-12-07T17:00Z,2025-12-07,2026,2,NY,ORL,106.0,100.0,False,,Draft Kings,-1.5,100.0,-120.0,229.5,-112.0,-108.0,-122.0,102.0,-3.5,232.5
401810213,2025-12-07T20:30Z,2025-12-07,2026,2,TOR,BOS,113.0,121.0,False,,Draft Kings,3.5,-112.0,-108.0,224.5,-108.0,-112.0,130.0,-155.0,2.5,227.5
401810214,2025-12-07T23:00Z,2025-12-07,2026,2,CHA,DEN,106.0,115.0,False,,Draft Kings,10.5,-115.0,-105.0,235.5,-112.0,-108.0,360.0,-470.0,10.5,234.5
401810215,2025-12-07T23:00Z,2025-12-07,2026,2,MEM,POR,119.0,96.0,False,,Draft Kings,-1.5,-115.0,-105.0,232.5,-110.0,-110.0,-125.0,105.0,-1.5,234.5
401810216,2025-12-08T00:00Z,2025-12-07,2026,2,CHI,GS,91.0,123.0,False,,Draft Kings,1.5,-118.0,-102.0,229.5,-110.0,-110.0,-105.0,-115.0,1.5,227.5
401810217,2025-12-08T00:30Z,2025-12-07,2026,2,PHI,LAL,108.0,112.0,False,,Draft Kings,2.5,-105.0,-115.0,233.5,-110.0,-110.0,120.0,-142.0,3.5,235.5
401810218,2025-12-08T01:00Z,2025-12-07,2026,2,UTAH,OKC,101.0,131.0,False,,Draft Kings,11.5,-102.0,-118.0,233.5,-112.0,-108.0,440.0,-600.0,11.5,236.5
401810219,2025-12-09T00:00Z,2025-12-08,2026,2,IND,SAC,116.0,105.0,False,,Draft Kings,-3.5,-115.0,-105.0,231.5,-115.0,-105.0,-162.0,136.0,-3.5,234.5
401810220,2025-12-09T00:30Z,2025-12-08,2026,2,MIN,PHX,105.0,108.0,False,,Draft Kings,-8.5,-105.0,-115.0,225.5,-110.0,-110.0,-375.0,295.0,-9.5,228.5
401810221,2025-12-09T01:00Z,2025-12-08,2026,2,NO,SA,132.0,135.0,False,,Draft Kings,8.5,-105.0,-115.0,238.5,-105.0,-115.0,300.0,-380.0,9.5,237.5
401809833,2025-12-09T23:00Z,2025-12-09,2026,2,ORL,MIA,117.0,108.0,False,NBA Cup - Quarterfinals,Draft Kings,-1.5,-110.0,-110.0,234.5,-112.0,-108.0,-118.0,-102.0,-5.5,238.5
401809834,2025-12-10T01:30Z,2025-12-09,2026,2,TOR,NY,101.0,117.0,False,NBA Cup - Quarterfinals,Draft Kings,6.5,-105.0,-115.0,226.5,-108.0,-112.0,210.0,-258.0,2.5,235.5
401809835,2025-12-11T00:30Z,2025-12-10,2026,2,OKC,PHX,138.0,89.0,False,NBA Cup - Quarterfinals,Draft Kings,-15.5,-108.0,-112.0,221.5,-108.0,-112.0,-1100.0,700.0,-14.5,226.5
401809836,2025-12-11T03:00Z,2025-12-10,2026,2,LAL,SA,119.0,132.0,False,NBA Cup - Quarterfinals,Draft Kings,-7.5,-102.0,-118.0,243.5,-105.0,-115.0,-285.0,230.0,-4.5,236.5
401836746,2025-12-12T01:00Z,2025-12-11,2026,2,HOU,LAC,115.0,113.0,False,,Draft Kings,-8.5,-112.0,-108.0,221.5,-112.0,-108.0,-380.0,300.0,-8.5,221.5
401836747,2025-12-12T01:00Z,2025-12-11,2026,2,MIL,BOS,116.0,101.0,False,,Draft Kings,9.5,-108.0,-112.0,222.5,-112.0,-108.0,320.0,-410.0,7.5,227.5
401836748,2025-12-12T01:00Z,2025-12-11,2026,2,NO,POR,143.0,120.0,False,,Draft Kings,4.5,-118.0,-102.0,242.5,-108.0,-112.0,142.0,-170.0,5.5,237.5
401836749,2025-12-12T03:00Z,2025-12-11,2026,2,SAC,DEN,105.0,136.0,False,,Draft Kings,10.5,-112.0,-108.0,239.5,-110.0,-110.0,370.0,-485.0,9.5,239.5
401836750,2025-12-13T00:00Z,2025-12-12,2026,2,CHA,CHI,126.0,129.0,False,,Draft Kings,2.5,-105.0,-115.0,229.5,-110.0,-110.0,120.0,-142.0,1.5,236.5
401836751,2025-12-13T00:00Z,2025-12-12,2026,2,DET,ATL,142.0,115.0,False,,Draft Kings,-6.5,-115.0,-105.0,233.5,-108.0,-112.0,-285.0,230.0,-6.5,233.5
401836752,2025-12-13T00:00Z,2025-12-12,2026,2,PHI,IND,115.0,105.0,False,,Draft Kings,-5.5,-110.0,-110.0,221.5,-108.0,-112.0,-230.0,190.0,-6.5,227.5
401836753,2025-12-13T00:00Z,2025-12-12,2026,2,WSH,CLE,126.0,130.0,False,,Draft Kings,16.5,-112.0,-108.0,245.5,-115.0,-105.0,850.0,-1450.0,14.5,236.5
401836754,2025-12-13T01:00Z,2025-12-12,2026,2,MEM,UTAH,126.0,130.0,False,,Draft Kings,-7.5,-105.0,-115.0,243.5,-108.0,-112.0,-278.0,225.0,-6.5,234.5
401836795,2025-12-13T01:30Z,2025-12-12,2026,2,DAL,BKN,119.0,111.0,False,,Draft Kings,-7.5,-105.0,-115.0,218.5,-112.0,-108.0,-290.0,235.0,-7.5,225.5
401836796,2025-12-13T03:00Z,2025-12-12,2026,2,GS,MIN,120.0,127.0,False,,Draft Kings,-4.5,-115.0,-105.0,228.5,-112.0,-108.0,-192.0,160.0,2.5,222.5
401809837,2025-12-13T22:30Z,2025-12-13,2026,2,ORL,NY,120.0,132.0,True,NBA Cup - Semifinals,Draft Kings,3.5,-105.0,-115.0,225.5,-105.0,-115.0,150.0,-180.0,3.5,224.5
401809838,2025-12-14T02:00Z,2025-12-13,2026,2,OKC,SA,109.0,111.0,True,NBA Cup - Semifinals,Draft Kings,-10.5,-115.0,-105.0,233.5,-110.0,-110.0,-575.0,425.0,-10.5,226.5
401836797,2025-12-14T20:00Z,2025-12-14,2026,2,IND,WSH,89.0,108.0,False,,Draft Kings,-10.5,-105.0,-115.0,233.5,-112.0,-108.0,-425.0,330.0,-9.5,234.5
401836799,2025-12-14T20:30Z,2025-12-14,2026,2,CLE,CHA,111.0,119.0,False,,Draft Kings,-11.5,-118.0,-102.0,232.5,-112.0,-108.0,-625.0,455.0,-11.5,235.5
401836798,2025-12-14T23:00Z,2025-12-14,2026,2,ATL,PHI,120.0,117.0,False,,Draft Kings,-4.5,-105.0,-115.0,226.5,-105.0,-115.0,-175.0,145.0,-2.5,232.5
401836800,2025-12-14T23:00Z,2025-12-14,2026,2,BKN,MIL,127.0,82.0,False,,Draft Kings,1.5,-108.0,-112.0,215.5,-115.0,-105.0,102.0,-122.0,1.5,218.5
401836801,2025-12-15T00:00Z,2025-12-14,2026,2,MIN,SAC,117.0,103.0,False,,Draft Kings,-9.5,-110.0,-110.0,235.5,-112.0,-108.0,-410.0,320.0,-11.5,229.5
401836804,2025-12-15T00:00Z,2025-12-14,2026,2,CHI,NO,104.0,114.0,False,,Draft Kings,-4.5,-110.0,-110.0,248.5,-110.0,-110.0,-192.0,160.0,-5.5,240.5
401839699,2025-12-15T01:00Z,2025-12-14,2026,2,PHX,LAL,114.0,116.0,False,,Draft Kings,-1.5,-108.0,-112.0,232.5,-105.0,-115.0,-115.0,-105.0,2.5,228.5
401836802,2025-12-15T02:00Z,2025-12-14,2026,2,POR,GS,136.0,131.0,False,,Draft Kings,5.5,-115.0,-105.0,237.5,-105.0,-115.0,170.0,-205.0,4.5,235.5
401836803,2025-12-16T00:00Z,2025-12-15,2026,2,BOS,DET,105.0,112.0,False,,Draft Kings,-1.5,-108.0,-112.0,231.5,-112.0,-108.0,-118.0,-102.0,-1.5,230.5
401839023,2025-12-16T00:30Z,2025-12-15,2026,2,MIA,TOR,96.0,106.0,False,,Draft Kings,-4.5,-115.0,-105.0,233.5,-115.0,-105.0,-185.0,154.0,-5.5,237.5
401836805,2025-12-16T02:00Z,2025-12-15,2026,2,UTAH,DAL,140.0,133.0,False,,Draft Kings,1.5,-115.0,-105.0,240.5,-115.0,-105.0,-105.0,-115.0,2.5,236.5
401836806,2025-12-16T02:30Z,2025-12-15,2026,2,DEN,HOU,128.0,125.0,False,,Draft Kings,1.5,-112.0,-108.0,236.5,-112.0,-108.0,-105.0,-115.0,-1.5,233.5
401836807,2025-12-16T03:30Z,2025-12-15,2026,2,LAC,MEM,103.0,121.0,False,,Draft Kings,-5.5,-110.0,-110.0,229.5,-105.0,-115.0,-218.0,180.0,-4.5,228.5
401809839,2025-12-17T01:30Z,2025-12-16,2026,2,NY,SA,124.0,113.0,True,NBA Cup Championship,Draft Kings,-2.5,-105.0,-115.0,233.5,-110.0,-110.0,-135.0,114.0,-2.5,228.5
401810222,2025-12-18T01:00Z,2025-12-17,2026,2,CHI,CLE,127.0,111.0,False,,Draft Kings,5.5,-108.0,-112.0,242.5,-112.0,-108.0,180.0,-218.0,4.5,240.5
401810223,2025-12-18T01:00Z,2025-12-17,2026,2,MIN,MEM,110.0,116.0,False,,Draft Kings,-6.5,-112.0,-108.0,226.5,-115.0,-105.0,-265.0,215.0,-7.5,236.5
401810226,2025-12-19T00:00Z,2025-12-18,2026,2,CHA,ATL,133.0,126.0,False,,Draft Kings,4.5,-110.0,-110.0,240.5,-110.0,-110.0,154.0,-185.0,4.5,231.5
401810227,2025-12-19T00:00Z,2025-12-18,2026,2,IND,NY,113.0,114.0,False,,Draft Kings,3.5,-108.0,-112.0,226.5,-110.0,-110.0,136.0,-162.0,5.5,223.5
401810228,2025-12-19T00:30Z,2025-12-18,2026,2,BKN,MIA,95.0,106.0,False,,Draft Kings,8.5,-118.0,-102.0,228.5,-110.0,-110.0,230.0,-285.0,6.5,227.5
401810224,2025-12-19T01:00Z,2025-12-18,2026,2,OKC,LAC,122.0,101.0,False,,Draft Kings,-16.5,-115.0,-105.0,222.5,-115.0,-105.0,-1600.0,900.0,-14.5,224.5
401810225,2025-12-19T01:00Z,2025-12-18,2026,2,SA,WSH,119.0,94.0,False,,Draft Kings,-15.5,-112.0,-108.0,240.5,-115.0,-105.0,-1200.0,750.0,-15.5,240.5
401810229,2025-12-19T01:00Z,2025-12-18,2026,2,MIL,TOR,105.0,111.0,False,,Draft Kings,4.5,-102.0,-118.0,218.5,-110.0,-110.0,160.0,-192.0,4.5,220.5
401810230,2025-12-19T01:00Z,2025-12-18,2026,2,NO,HOU,133.0,128.0,False,,Draft Kings,9.5,-115.0,-105.0,236.5,-108.0,-112.0,320.0,-410.0,9.5,234.5
401810231,2025-12-19T01:30Z,2025-12-18,2026,2,DAL,DET,116.0,114.0,False,,Draft Kings,5.5,-105.0,-115.0,230.5,-110.0,-110.0,180.0,-218.0,5.5,230.5
401810232,2025-12-19T02:00Z,2025-12-18,2026,2,DEN,ORL,126.0,115.0,False,,Draft Kings,-6.5,-108.0,-112.0,237.5,-110.0,-110.0,-270.0,220.0,-7.5,233.5
401810233,2025-12-19T02:00Z,2025-12-18,2026,2,PHX,GS,99.0,98.0,False,,Draft Kings,1.5,-108.0,-112.0,229.5,-108.0,-112.0,110.0,-130.0,1.5,228.5
401810234,2025-12-19T02:00Z,2025-12-18,2026,2,UTAH,LAL,135.0,143.0,False,,Draft Kings,9.5,-120.0,100.0,242.5,-110.0,-110.0,310.0,-395.0,6.5,241.5
401810235,2025-12-19T03:00Z,2025-12-18,2026,2,POR,SAC,134.0,133.0,False,,Draft Kings,-8.5,-115.0,-105.0,238.5,-115.0,-105.0,-340.0,270.0,-7.5,235.5
401810236,2025-12-20T00:00Z,2025-12-19,2026,2,BOS,MIA,129.0,116.0,False,,Draft Kings,-7.5,-110.0,-110.0,233.5,-108.0,-112.0,-305.0,245.0,-5.5,233.5
401810237,2025-12-20T00:00Z,2025-12-19,2026,2,NY,PHI,107.0,116.0,False,,Draft Kings,-6.5,-108.0,-112.0,230.5,-108.0,-112.0,-245.0,200.0,-6.5,228.5
401810238,2025-12-20T00:30Z,2025-12-19,2026,2,ATL,SA,98.0,126.0,False,,Draft Kings,3.5,-112.0,-108.0,238.5,-108.0,-112.0,142.0,-170.0,2.5,242.5
401810239,2025-12-20T00:30Z,2025-12-19,2026,2,CLE,CHI,125.0,136.0,False,,Draft Kings,-4.5,-105.0,-115.0,238.5,-105.0,-115.0,-180.0,150.0,-6.5,239.5
401810240,2025-12-20T02:30Z,2025-12-19,2026,2,MIN,OKC,112.0,107.0,False,,Draft Kings,5.5,-102.0,-118.0,232.5,-112.0,-108.0,210.0,-258.0,7.5,226.5
401810241,2025-12-20T22:00Z,2025-12-20,2026,2,DEN,HOU,101.0,115.0,False,,Draft Kings,1.5,-110.0,-110.0,235.5,-112.0,-108.0,102.0,-122.0,-1.5,235.5
401810242,2025-12-21T00:00Z,2025-12-20,2026,2,PHI,DAL,121.0,114.0,False,,Draft Kings,-1.5,-108.0,-112.0,226.5,-110.0,-110.0,-120.0,100.0,-2.5,227.5
401810243,2025-12-21T00:00Z,2025-12-20,2026,2,TOR,BOS,96.0,112.0,False,,Draft Kings,-1.5,-112.0,-108.0,221.5,-110.0,-110.0,-122.0,102.0,2.5,225.5
401810244,2025-12-21T00:00Z,2025-12-20,2026,2,NO,IND,128.0,109.0,False,,Draft Kings,-2.5,-105.0,-115.0,235.5,-112.0,-108.0,-130.0,110.0,-2.5,232.5
401810245,2025-12-21T00:30Z,2025-12-20,2026,2,DET,CHA,112.0,86.0,False,,Draft Kings,-10.5,-108.0,-112.0,234.5,-112.0,-108.0,-500.0,380.0,-9.5,233.5
401810246,2025-12-21T01:00Z,2025-12-20,2026,2,MEM,WSH,122.0,130.0,False,,Draft Kings,-12.5,-105.0,-115.0,233.5,-108.0,-112.0,-600.0,440.0,-10.5,236.5
401810247,2025-12-21T01:30Z,2025-12-20,2026,2,GS,PHX,119.0,116.0,False,,Draft Kings,-6.5,-102.0,-118.0,226.5,-110.0,-110.0,-230.0,190.0,-4.5,228.5
401810248,2025-12-21T02:30Z,2025-12-20,2026,2,UTAH,ORL,127.0,128.0,False,,Draft Kings,7.5,-110.0,-110.0,240.5,-108.0,-112.0,245.0,-305.0,7.5,241.5
401810249,2025-12-21T03:00Z,2025-12-20,2026,2,SAC,POR,93.0,98.0,False,,Draft Kings,4.5,-115.0,-105.0,235.5,-112.0,-108.0,145.0,-175.0,4.5,239.5
401810250,2025-12-21T03:30Z,2025-12-20,2026,2,LAC,LAL,103.0,88.0,False,,Draft Kings,1.5,-105.0,-115.0,229.5,-110.0,-110.0,110.0,-130.0,3.5,229.5
401810251,2025-12-21T20:30Z,2025-12-21,2026,2,ATL,CHI,150.0,152.0,False,,Draft Kings,-4.5,-102.0,-118.0,248.5,-105.0,-115.0,-175.0,145.0,-4.5,245.5
401810252,2025-12-21T23:00Z,2025-12-21,2026,2,BKN,TOR,96.0,81.0,False,,Draft Kings,3.5,-115.0,-105.0,216.5,-108.0,-112.0,130.0,-155.0,4.5,220.5
401810253,2025-12-21T23:00Z,2025-12-21,2026,2,NY,MIA,132.0,125.0,False,,Draft Kings,-7.5,-102.0,-118.0,236.5,-108.0,-112.0,-290.0,235.0,-8.5,236.5
401810254,2025-12-22T00:00Z,2025-12-21,2026,2,WSH,SA,113.0,124.0,False,,Draft Kings,15.5,-108.0,-112.0,237.5,-112.0,-108.0,800.0,-1350.0,15.5,238.5
401810255,2025-12-22T00:00Z,2025-12-21,2026,2,MIN,MIL,103.0,100.0,False,,Draft Kings,-12.5,-102.0,-118.0,226.5,-112.0,-108.0,-625.0,455.0,-11.5,222.5
401810256,2025-12-22T03:00Z,2025-12-21,2026,2,SAC,HOU,125.0,124.0,False,,Draft Kings,12.5,-115.0,-105.0,222.5,-112.0,-108.0,455.0,-625.0,12.5,230.5
401810257,2025-12-23T00:00Z,2025-12-22,2026,2,CLE,CHA,139.0,132.0,False,,Draft Kings,-9.5,-115.0,-105.0,239.5,-112.0,-108.0,-375.0,295.0,-9.5,236.5
401810258,2025-12-23T00:30Z,2025-12-22,2026,2,BOS,IND,103.0,95.0,False,,Draft Kings,-11.5,-112.0,-108.0,225.5,-108.0,-112.0,-600.0,440.0,-9.5,226.5
401810259,2025-12-23T01:00Z,2025-12-22,2026,2,NO,DAL,119.0,113.0,False,,Draft Kings,1.5,-115.0,-105.0,241.5,-105.0,-115.0,-108.0,-112.0,-1.5,236.5
401810260,2025-12-23T02:00Z,2025-12-22,2026,2,DEN,UTAH,135.0,112.0,False,,Draft Kings,-12.5,-108.0,-112.0,251.5,-115.0,-105.0,-675.0,490.0,-15.5,245.5
401810261,2025-12-23T02:30Z,2025-12-22,2026,2,OKC,MEM,119.0,103.0,False,,Draft Kings,-15.5,-108.0,-112.0,234.5,-108.0,-112.0,-1200.0,750.0,-16.5,226.5
401810262,2025-12-23T03:00Z,2025-12-22,2026,2,GS,ORL,120.0,97.0,False,,Draft Kings,-6.5,-108.0,-112.0,228.5,-110.0,-110.0,-230.0,190.0,-4.5,228.5
401810263,2025-12-23T03:00Z,2025-12-22,2026,2,POR,DET,102.0,110.0,False,,Draft Kings,6.5,-115.0,-105.0,234.5,-112.0,-108.0,200.0,-245.0,5.5,235.5
401810264,2025-12-24T00:00Z,2025-12-23,2026,2,CHA,WSH,126.0,109.0,False,,Draft Kings,-6.5,-115.0,-105.0,239.5,-108.0,-112.0,-250.0,205.0,-6.5,234.5
401810265,2025-12-24T00:00Z,2025-12-23,2026,2,PHI,BKN,106.0,114.0,False,,Draft Kings,-9.5,-112.0,-108.0,219.5,-112.0,-108.0,-395.0,310.0,-10.5,221.5
401810266,2025-12-24T00:30Z,2025-12-23,2026,2,ATL,CHI,123.0,126.0,False,,Draft Kings,-3.5,-110.0,-110.0,254.5,-115.0,-105.0,-148.0,124.0,-4.5,254.5
401810267,2025-12-24T00:30Z,2025-12-23,2026,2,CLE,NO,141.0,118.0,False,,Draft Kings,-9.5,-112.0,-108.0,248.5,-108.0,-112.0,-425.0,330.0,-9.5,236.5
401810268,2025-12-24T00:30Z,2025-12-23,2026,2,IND,MIL,94.0,111.0,False,,Draft Kings,1.5,-115.0,-105.0,216.5,-115.0,-105.0,-108.0,-112.0,-1.5,197.5
401810269,2025-12-24T00:30Z,2025-12-23,2026,2,MIA,TOR,91.0,112.0,False,,Draft Kings,-5.5,-108.0,-112.0,227.5,-110.0,-110.0,-218.0,180.0,-4.5,228.5
401810270,2025-12-24T01:00Z,2025-12-23,2026,2,DAL,DEN,131.0,130.0,False,,Draft Kings,6.5,-115.0,-105.0,236.5,-110.0,-110.0,200.0,-245.0,6.5,237.5
401810271,2025-12-24T01:00Z,2025-12-23,2026,2,MIN,NY,115.0,104.0,False,,Draft Kings,-7.5,-105.0,-115.0,230.5,-105.0,-115.0,-278.0,225.0,-6.5,224.5
401810272,2025-12-24T01:30Z,2025-12-23,2026,2,SA,OKC,130.0,110.0,False,,Draft Kings,6.5,-112.0,-108.0,236.5,-108.0,-112.0,190.0,-230.0,6.5,234.5
401810273,2025-12-24T02:00Z,2025-12-23,2026,2,PHX,LAL,132.0,108.0,False,,Draft Kings,-3.5,-102.0,-118.0,226.5,-108.0,-112.0,-148.0,124.0,-4.5,224.5
401810274,2025-12-24T02:00Z,2025-12-23,2026,2,UTAH,MEM,128.0,137.0,False,,Draft Kings,4.5,-115.0,-105.0,242.5,-108.0,-112.0,145.0,-175.0,2.5,244.5
401810275,2025-12-24T03:00Z,2025-12-23,2026,2,POR,ORL,106.0,110.0,False,,Draft Kings,1.5,-110.0,-110.0,230.5,-115.0,-105.0,102.0,-122.0,1.5,234.5
401810276,2025-12-24T03:00Z,2025-12-23,2026,2,SAC,DET,127.0,136.0,False,,Draft Kings,9.5,-108.0,-112.0,225.5,-115.0,-105.0,330.0,-425.0,8.5,229.5
401810277,2025-12-24T03:30Z,2025-12-23,2026,2,LAC,HOU,128.0,108.0,False,,Draft Kings,7.5,-115.0,-105.0,219.5,-112.0,-108.0,235.0,-290.0,6.5,221.5
401809238,2025-12-25T17:00Z,2025-12-25,2026,2,NY,CLE,126.0,124.0,False,,Draft Kings,-4.5,-102.0,-118.0,241.5,-112.0,-108.0,-180.0,150.0,-5.5,235.5
401809239,2025-12-25T19:30Z,2025-12-25,2026,2,OKC,SA,102.0,117.0,False,,Draft Kings,-10.5,-102.0,-118.0,234.5,-110.0,-110.0,-355.0,280.0,-10.5,232.5
401809240,2025-12-25T22:17Z,2025-12-25,2026,2,GS,DAL,126.0,116.0,False,,Draft Kings,-8.5,-115.0,-105.0,231.5,-105.0,-115.0,-310.0,250.0,-7.5,227.5
401809241,2025-12-26T01:00Z,2025-12-25,2026,2,LAL,HOU,96.0,119.0,False,,Draft Kings,1.5,-105.0,-115.0,231.5,-112.0,-108.0,105.0,-125.0,1.5,231.5
401809242,2025-12-26T03:30Z,2025-12-25,2026,2,DEN,MIN,142.0,138.0,False,,Draft Kings,1.5,-115.0,-105.0,238.5,-115.0,-105.0,-105.0,-115.0,-4.5,237.5
401810278,2025-12-27T00:00Z,2025-12-26,2026,2,ATL,MIA,111.0,126.0,False,,Draft Kings,-2.5,-120.0,100.0,250.5,-108.0,-112.0,-148.0,124.0,-4.5,242.5
401810279,2025-12-27T00:00Z,2025-12-26,2026,2,ORL,CHA,105.0,120.0,False,,Draft Kings,-5.5,-112.0,-108.0,227.5,-112.0,-108.0,-230.0,190.0,-5.5,231.5
401810280,2025-12-27T00:00Z,2025-12-26,2026,2,WSH,TOR,138.0,117.0,False,,Draft Kings,8.5,-112.0,-108.0,225.5,-112.0,-108.0,260.0,-325.0,8.5,228.5
401810281,2025-12-27T00:00Z,2025-12-26,2026,2,IND,BOS,122.0,140.0,False,,Draft Kings,8.5,-108.0,-112.0,222.5,-110.0,-110.0,270.0,-340.0,6.5,220.5
401810282,2025-12-27T00:30Z,2025-12-26,2026,2,CHI,PHI,109.0,102.0,False,,Draft Kings,1.5,-108.0,-112.0,241.5,-108.0,-112.0,105.0,-125.0,-1.5,240.5
401810283,2025-12-27T01:00Z,2025-12-26,2026,2,MEM,MIL,125.0,104.0,False,,Draft Kings,-5.5,-102.0,-118.0,228.5,-105.0,-115.0,-185.0,154.0,-4.5,227.5
401810284,2025-12-27T01:00Z,2025-12-26,2026,2,NO,PHX,108.0,115.0,False,,Draft Kings,5.5,-112.0,-108.0,241.5,-105.0,-115.0,164.0,-198.0,3.5,238.5
401810285,2025-12-27T02:30Z,2025-12-26,2026,2,UTAH,DET,131.0,129.0,False,,Draft Kings,9.5,-115.0,-105.0,245.5,-108.0,-112.0,320.0,-410.0,10.5,243.5
401810286,2025-12-27T03:00Z,2025-12-26,2026,2,POR,LAC,103.0,119.0,False,,Draft Kings,2.5,-110.0,-110.0,227.5,-105.0,-115.0,110.0,-130.0,1.5,226.5
401810287,2025-12-27T22:00Z,2025-12-27,2026,2,SAC,DAL,113.0,107.0,False,,Draft Kings,2.5,-105.0,-115.0,233.5,-110.0,-110.0,120.0,-142.0,2.5,228.5
401810288,2025-12-28T00:00Z,2025-12-27,2026,2,ORL,DEN,127.0,126.0,False,,Draft Kings,3.5,-112.0,-108.0,235.5,-108.0,-112.0,142.0,-170.0,4.5,237.5
401810289,2025-12-28T00:00Z,2025-12-27,2026,2,NO,PHX,114.0,123.0,False,,Draft Kings,4.5,-112.0,-108.0,241.5,-108.0,-112.0,154.0,-185.0,5.5,238.5
401810290,2025-12-28T01:00Z,2025-12-27,2026,2,ATL,NY,125.0,128.0,False,,Draft Kings,5.5,-102.0,-118.0,244.5,-115.0,-105.0,185.0,-225.0,4.5,244.5
401810291,2025-12-28T01:00Z,2025-12-27,2026,2,MIA,IND,142.0,116.0,False,,Draft Kings,-6.5,-112.0,-108.0,233.5,-108.0,-112.0,-270.0,220.0,-8.5,230.5
401810292,2025-12-28T01:00Z,2025-12-27,2026,2,CHI,MIL,103.0,112.0,False,,Draft Kings,-2.5,-105.0,-115.0,233.5,-115.0,-105.0,-125.0,105.0,-6.5,235.5
401810293,2025-12-28T01:00Z,2025-12-27,2026,2,HOU,CLE,117.0,100.0,False,,Draft Kings,-2.5,-110.0,-110.0,231.5,-115.0,-105.0,-135.0,114.0,-5.5,235.5
401810294,2025-12-28T01:00Z,2025-12-27,2026,2,MIN,BKN,107.0,123.0,False,,Draft Kings,-12.5,-105.0,-115.0,224.5,-105.0,-115.0,-650.0,470.0,-9.5,224.5
401810295,2025-12-28T01:00Z,2025-12-27,2026,2,SA,UTAH,114.0,127.0,False,,Draft Kings,-14.5,-105.0,-115.0,244.5,-105.0,-115.0,-800.0,550.0,-16.5,245.5
401810296,2025-12-28T20:30Z,2025-12-28,2026,2,TOR,GS,141.0,127.0,False,,Draft Kings,4.5,-105.0,-115.0,227.5,-112.0,-108.0,150.0,-180.0,3.5,226.5
401810297,2025-12-28T20:30Z,2025-12-28,2026,2,OKC,PHI,129.0,104.0,False,,Draft Kings,-14.5,-115.0,-105.0,226.5,-110.0,-110.0,-800.0,550.0,-14.5,227.5
401810298,2025-12-28T23:00Z,2025-12-28,2026,2,WSH,MEM,116.0,112.0,False,,Draft Kings,8.5,-118.0,-102.0,241.5,-110.0,-110.0,235.0,-290.0,6.5,238.5
401810299,2025-12-28T23:00Z,2025-12-28,2026,2,POR,BOS,114.0,108.0,False,,Draft Kings,6.5,-108.0,-112.0,231.5,-112.0,-108.0,210.0,-258.0,5.5,231.5
401810300,2025-12-29T02:00Z,2025-12-28,2026,2,LAC,DET,112.0,99.0,False,,Draft Kings,3.5,-108.0,-112.0,224.5,-110.0,-110.0,130.0,-155.0,3.5,200.5
401810301,2025-12-29T02:30Z,2025-12-28,2026,2,LAL,SAC,125.0,101.0,False,,Draft Kings,-12.5,-110.0,-110.0,231.5,-115.0,-105.0,-500.0,380.0,-11.5,233.5
401810302,2025-12-30T00:00Z,2025-12-29,2026,2,CHA,MIL,113.0,123.0,False,,Draft Kings,2.5,-102.0,-118.0,227.5,-110.0,-110.0,124.0,-148.0,3.5,227.5
401810303,2025-12-30T00:00Z,2025-12-29,2026,2,WSH,PHX,101.0,115.0,False,,Draft Kings,10.5,-118.0,-102.0,233.5,-108.0,-112.0,330.0,-425.0,10.5,234.5
401810304,2025-12-30T00:30Z,2025-12-29,2026,2,BKN,GS,107.0,120.0,False,,Draft Kings,6.5,-118.0,-102.0,226.5,-115.0,-105.0,180.0,-218.0,4.5,228.5
401810305,2025-12-30T00:30Z,2025-12-29,2026,2,MIA,DEN,147.0,123.0,False,,Draft Kings,1.5,-105.0,-115.0,244.5,100.0,-120.0,105.0,-125.0,4.5,244.5
401810306,2025-12-30T00:30Z,2025-12-29,2026,2,TOR,ORL,107.0,106.0,False,,Draft Kings,1.5,-115.0,-105.0,220.5,-110.0,-110.0,102.0,-122.0,1.5,223.5
401810307,2025-12-30T01:00Z,2025-12-29,2026,2,CHI,MIN,101.0,136.0,False,,Draft Kings,6.5,-112.0,-108.0,243.5,-110.0,-110.0,180.0,-218.0,4.5,237.5
401810308,2025-12-30T01:00Z,2025-12-29,2026,2,HOU,IND,126.0,119.0,False,,Draft Kings,-12.5,-108.0,-112.0,223.5,-105.0,-115.0,-625.0,455.0,-14.5,222.5
401810309,2025-12-30T01:00Z,2025-12-29,2026,2,NO,NY,125.0,130.0,False,,Draft Kings,8.5,-118.0,-102.0,247.5,-110.0,-110.0,275.0,-345.0,8.5,239.5
401810310,2025-12-30T01:00Z,2025-12-29,2026,2,OKC,ATL,140.0,129.0,False,,Draft Kings,-17.5,-105.0,-115.0,232.5,-112.0,-108.0,-1100.0,700.0,-16.5,237.5
401810311,2025-12-30T01:00Z,2025-12-29,2026,2,SA,CLE,101.0,113.0,False,,Draft Kings,-3.5,-110.0,-110.0,243.5,-112.0,-108.0,-162.0,136.0,-5.5,242.5
401810312,2025-12-30T03:30Z,2025-12-29,2026,2,POR,DAL,125.0,122.0,False,,Draft Kings,-2.5,-115.0,-105.0,232.5,-110.0,-110.0,-135.0,114.0,-1.5,235.5
401810313,2025-12-31T01:00Z,2025-12-30,2026,2,MEM,PHI,136.0,139.0,False,,Draft Kings,1.5,-108.0,-112.0,235.5,-110.0,-110.0,102.0,-122.0,-1.5,233.5
401810314,2025-12-31T02:00Z,2025-12-30,2026,2,UTAH,BOS,119.0,129.0,False,,Draft Kings,8.5,-105.0,-115.0,243.5,-110.0,-110.0,240.0,-298.0,7.5,239.5
401810315,2025-12-31T03:30Z,2025-12-30,2026,2,LAL,DET,106.0,128.0,False,,Draft Kings,2.5,-110.0,-110.0,233.5,-105.0,-115.0,124.0,-148.0,2.5,231.5
401810316,2025-12-31T04:00Z,2025-12-30,2026,2,LAC,SAC,131.0,90.0,False,,Draft Kings,-9.5,-105.0,-115.0,218.5,-112.0,-108.0,-375.0,295.0,-8.5,223.5
401810317,2025-12-31T18:00Z,2025-12-31,2026,2,CHA,GS,125.0,132.0,False,,Draft Kings,7.5,-112.0,-108.0,234.5,-115.0,-105.0,230.0,-285.0,6.5,232.5
401810318,2025-12-31T20:00Z,2025-12-31,2026,2,ATL,MIN,126.0,102.0,False,,Draft Kings,5.5,-105.0,-115.0,240.5,-108.0,-112.0,170.0,-205.0,3.5,242.5
401810319,2025-12-31T20:00Z,2025-12-31,2026,2,IND,ORL,110.0,112.0,False,,Draft Kings,4.5,-110.0,-110.0,229.5,-115.0,-105.0,160.0,-192.0,3.5,225.5
401810320,2025-12-31T20:30Z,2025-12-31,2026,2,CLE,PHX,129.0,113.0,False,,Draft Kings,-6.5,-112.0,-108.0,232.5,-112.0,-108.0,-258.0,210.0,-5.5,235.5
401810321,2026-01-01T00:00Z,2025-12-31,2026,2,CHI,NO,134.0,118.0,False,,Draft Kings,-1.5,-115.0,-105.0,248.5,-110.0,-110.0,-122.0,102.0,1.5,244.5
401810322,2026-01-01T00:00Z,2025-12-31,2026,2,SA,NY,134.0,132.0,False,,Draft Kings,-3.5,-110.0,-110.0,235.5,-112.0,-108.0,-162.0,136.0,-2.5,236.5
401810323,2026-01-01T00:30Z,2025-12-31,2026,2,TOR,DEN,103.0,106.0,False,,Draft Kings,-7.5,-102.0,-118.0,229.5,-112.0,-108.0,-270.0,220.0,-6.5,224.5
401810324,2026-01-01T01:00Z,2025-12-31,2026,2,MIL,WSH,113.0,114.0,False,,Draft Kings,-10.5,-108.0,-112.0,234.5,-108.0,-112.0,-500.0,380.0,-11.5,232.5
401810325,2026-01-01T01:00Z,2025-12-31,2026,2,OKC,POR,124.0,95.0,False,,Draft Kings,-15.5,-112.0,-108.0,232.5,-108.0,-112.0,-1000.0,650.0,-15.5,233.5
401810326,2026-01-01T23:00Z,2026-01-01,2026,2,BKN,HOU,96.0,120.0,False,,Draft Kings,13.5,-118.0,-102.0,217.5,-105.0,-115.0,440.0,-600.0,11.5,222.5
401810327,2026-01-02T00:00Z,2026-01-01,2026,2,DET,MIA,112.0,118.0,False,,Draft Kings,-4.5,-108.0,-112.0,235.5,-108.0,-112.0,-185.0,154.0,-4.5,239.5
401810328,2026-01-02T01:30Z,2026-01-01,2026,2,DAL,PHI,108.0,123.0,False,,Draft Kings,2.5,-110.0,-110.0,231.5,-115.0,-105.0,114.0,-135.0,1.5,230.5
401810329,2026-01-02T03:00Z,2026-01-01,2026,2,SAC,BOS,106.0,120.0,False,,Draft Kings,10.5,-112.0,-108.0,229.5,-108.0,-112.0,340.0,-440.0,9.5,228.5
401810330,2026-01-02T03:30Z,2026-01-01,2026,2,LAC,UTAH,118.0,101.0,False,,Draft Kings,-13.5,-118.0,-102.0,230.5,-105.0,-115.0,-850.0,575.0,-9.5,236.5
401810331,2026-01-03T00:00Z,2026-01-02,2026,2,IND,SA,113.0,123.0,False,,Draft Kings,4.5,-102.0,-118.0,239.5,-105.0,-115.0,170.0,-205.0,5.5,238.5
401810332,2026-01-03T00:00Z,2026-01-02,2026,2,WSH,BKN,119.0,99.0,False,,Draft Kings,-2.5,-115.0,-105.0,224.5,-110.0,-110.0,-148.0,124.0,1.5,227.5
401810333,2026-01-03T00:30Z,2026-01-02,2026,2,CLE,DEN,113.0,108.0,False,,Draft Kings,-13.5,-110.0,-110.0,240.5,-112.0,-108.0,-850.0,575.0,-11.5,236.5
401810334,2026-01-03T00:30Z,2026-01-02,2026,2,NY,ATL,99.0,111.0,False,,Draft Kings,-4.5,-105.0,-115.0,239.5,-115.0,-105.0,-185.0,154.0,-6.5,245.5
401810335,2026-01-03T01:00Z,2026-01-02,2026,2,CHI,ORL,121.0,114.0,False,,Draft Kings,5.5,-115.0,-105.0,233.5,-108.0,-112.0,164.0,-198.0,4.5,237.5
401810336,2026-01-03T01:00Z,2026-01-02,2026,2,MIL,CHA,122.0,121.0,False,,Draft Kings,-5.5,-118.0,-102.0,233.5,-115.0,-105.0,-230.0,190.0,-5.5,231.5
401810337,2026-01-03T01:00Z,2026-01-02,2026,2,NO,POR,109.0,122.0,False,,Draft Kings,3.5,-110.0,-110.0,240.5,-108.0,-112.0,136.0,-162.0,1.5,241.5
401810338,2026-01-03T02:00Z,2026-01-02,2026,2,PHX,SAC,129.0,102.0,False,,Draft Kings,-13.5,-110.0,-110.0,223.5,-112.0,-108.0,-750.0,525.0,-11.5,228.5
401810339,2026-01-03T03:00Z,2026-01-02,2026,2,GS,OKC,94.0,131.0,False,,Draft Kings,13.5,-108.0,-112.0,226.5,-110.0,-110.0,500.0,-700.0,7.5,230.5
401810340,2026-01-03T03:30Z,2026-01-02,2026,2,LAL,MEM,128.0,121.0,False,,Draft Kings,-5.5,-102.0,-118.0,241.5,-110.0,-110.0,-205.0,170.0,-4.5,239.5
401810341,2026-01-03T22:00Z,2026-01-03,2026,2,MIA,MIN,115.0,125.0,False,,Draft Kings,2.5,-105.0,-115.0,235.5,-108.0,-112.0,120.0,-142.0,3.5,237.5
401810342,2026-01-04T00:30Z,2026-01-03,2026,2,NY,PHI,119.0,130.0,False,,Draft Kings,-3.5,-115.0,-105.0,233.5,-112.0,-108.0,-175.0,145.0,-4.5,233.5
401810343,2026-01-04T00:30Z,2026-01-03,2026,2,TOR,ATL,134.0,117.0,False,,Draft Kings,-5.5,-105.0,-115.0,232.5,-112.0,-108.0,-205.0,170.0,-2.5,232.5
401810344,2026-01-04T01:00Z,2026-01-03,2026,2,CHI,CHA,99.0,112.0,False,,Draft Kings,-2.5,-105.0,-115.0,241.5,-105.0,-115.0,-135.0,114.0,-1.5,237.5
401810345,2026-01-04T01:00Z,2026-01-03,2026,2,SA,POR,110.0,115.0,False,,Draft Kings,-8.5,-102.0,-118.0,234.5,-115.0,-105.0,-325.0,260.0,-7.5,241.5
401810346,2026-01-04T01:30Z,2026-01-03,2026,2,DAL,HOU,110.0,104.0,False,,Draft Kings,7.5,-102.0,-118.0,228.5,-105.0,-115.0,260.0,-325.0,7.5,225.5
401810347,2026-01-04T03:00Z,2026-01-03,2026,2,GS,UTAH,123.0,114.0,False,,Draft Kings,-12.5,-112.0,-108.0,248.5,-110.0,-110.0,-600.0,440.0,-12.5,238.5
401810348,2026-01-04T03:30Z,2026-01-03,2026,2,LAC,BOS,115.0,146.0,False,,Draft Kings,-1.5,-115.0,-105.0,219.5,-112.0,-108.0,-135.0,114.0,1.5,221.5
401810349,2026-01-04T19:00Z,2026-01-04,2026,2,CLE,DET,110.0,114.0,False,,Draft Kings,-3.5,-105.0,-115.0,239.5,-110.0,-110.0,-155.0,130.0,-4.5,235.5
401810350,2026-01-04T20:00Z,2026-01-04,2026,2,ORL,IND,135.0,127.0,False,,Draft Kings,-6.5,-110.0,-110.0,228.5,-108.0,-112.0,-245.0,200.0,-7.5,225.5
401810351,2026-01-04T20:30Z,2026-01-04,2026,2,BKN,DEN,127.0,115.0,False,,Draft Kings,2.5,-112.0,-108.0,224.5,-110.0,-110.0,120.0,-142.0,2.5,219.5
401810352,2026-01-04T23:00Z,2026-01-04,2026,2,MIA,NO,125.0,106.0,False,,Draft Kings,-7.5,-115.0,-105.0,247.5,-108.0,-112.0,-298.0,240.0,-6.5,240.5
401810353,2026-01-04T23:00Z,2026-01-04,2026,2,WSH,MIN,115.0,141.0,False,,Draft Kings,10.5,-102.0,-118.0,240.5,-105.0,-115.0,330.0,-425.0,10.5,234.5
401810354,2026-01-05T01:00Z,2026-01-04,2026,2,PHX,OKC,108.0,105.0,False,,Draft Kings,10.5,-115.0,-105.0,229.5,-110.0,-110.0,310.0,-395.0,8.5,226.5
401810355,2026-01-05T02:00Z,2026-01-04,2026,2,SAC,MIL,98.0,115.0,False,,Draft Kings,6.5,-110.0,-110.0,227.5,-108.0,-112.0,195.0,-238.0,6.5,228.5
401810356,2026-01-05T02:30Z,2026-01-04,2026,2,LAL,MEM,120.0,114.0,False,,Draft Kings,-5.5,-112.0,-108.0,238.5,-112.0,-108.0,-218.0,180.0,-5.5,240.5
401810357,2026-01-06T00:00Z,2026-01-05,2026,2,DET,NY,121.0,90.0,False,,Draft Kings,1.5,-112.0,-108.0,233.5,-105.0,-115.0,105.0,-125.0,2.5,235.5
401810358,2026-01-06T00:30Z,2026-01-05,2026,2,BOS,CHI,115.0,101.0,False,,Draft Kings,-10.5,-105.0,-115.0,236.5,-108.0,-112.0,-455.0,350.0,-10.5,236.5
401810359,2026-01-06T00:30Z,2026-01-05,2026,2,TOR,ATL,118.0,100.0,False,,Draft Kings,-2.5,-108.0,-112.0,237.5,-105.0,-115.0,-135.0,114.0,-3.5,235.5
401810360,2026-01-06T01:00Z,2026-01-05,2026,2,HOU,PHX,100.0,97.0,False,,Draft Kings,-8.5,-102.0,-118.0,222.5,-110.0,-110.0,-305.0,245.0,-7.5,222.5
401810361,2026-01-06T01:00Z,2026-01-05,2026,2,OKC,CHA,97.0,124.0,False,,Draft Kings,-15.5,-105.0,-115.0,235.5,-110.0,-110.0,-1050.0,675.0,-16.5,232.5
401810362,2026-01-06T01:30Z,2026-01-05,2026,2,PHI,DEN,124.0,125.0,False,,Draft Kings,-14.5,-115.0,-105.0,228.5,-108.0,-112.0,-850.0,575.0,-10.5,227.5
401810363,2026-01-06T03:00Z,2026-01-05,2026,2,LAC,GS,103.0,102.0,False,,Draft Kings,3.5,-105.0,-115.0,222.5,-110.0,-110.0,136.0,-162.0,-1.5,224.5
401810364,2026-01-06T03:00Z,2026-01-05,2026,2,POR,UTAH,137.0,117.0,False,,Draft Kings,-5.5,-118.0,-102.0,242.5,-105.0,-115.0,-230.0,190.0,-5.5,243.5
401810365,2026-01-07T00:00Z,2026-01-06,2026,2,IND,CLE,116.0,120.0,False,,Draft Kings,6.5,-108.0,-112.0,237.5,-105.0,-115.0,200.0,-245.0,4.5,232.5
401810366,2026-01-07T00:00Z,2026-01-06,2026,2,WSH,ORL,120.0,112.0,False,,Draft Kings,7.5,-110.0,-110.0,235.5,-108.0,-112.0,235.0,-290.0,7.5,234.5
401810367,2026-01-07T01:00Z,2026-01-06,2026,2,MEM,SA,106.0,105.0,False,,Draft Kings,5.5,-102.0,-118.0,237.5,-110.0,-110.0,200.0,-245.0,5.5,237.5
401810368,2026-01-07T01:00Z,2026-01-06,2026,2,MIN,MIA,122.0,94.0,False,,Draft Kings,-5.5,-110.0,-110.0,238.5,-108.0,-112.0,-205.0,170.0,-5.5,236.5
401810369,2026-01-07T01:00Z,2026-01-06,2026,2,NO,LAL,103.0,111.0,False,,Draft Kings,5.5,-110.0,-110.0,245.5,-108.0,-112.0,185.0,-225.0,5.5,237.5
401810370,2026-01-07T04:00Z,2026-01-06,2026,2,SAC,DAL,98.0,100.0,False,,Draft Kings,4.5,-105.0,-115.0,233.5,-110.0,-110.0,160.0,-192.0,4.5,230.5
401810371,2026-01-08T00:00Z,2026-01-07,2026,2,CHA,TOR,96.0,97.0,False,,Draft Kings,2.5,-115.0,-105.0,229.5,-110.0,-110.0,114.0,-135.0,2.5,231.5
401810372,2026-01-08T00:00Z,2026-01-07,2026,2,DET,CHI,108.0,93.0,False,,Draft Kings,-7.5,-120.0,100.0,227.5,-108.0,-112.0,-325.0,260.0,-10.5,233.5
401810373,2026-01-08T00:00Z,2026-01-07,2026,2,PHI,WSH,131.0,110.0,False,,Draft Kings,-16.5,-110.0,-110.0,233.5,-112.0,-108.0,-850.0,575.0,-11.5,234.5
401810375,2026-01-08T00:00Z,2026-01-07,2026,2,BOS,DEN,110.0,114.0,False,,Draft Kings,-10.5,-105.0,-115.0,230.5,-115.0,-105.0,-375.0,295.0,-9.5,229.5
401810374,2026-01-08T00:30Z,2026-01-07,2026,2,ATL,NO,117.0,100.0,False,,Draft Kings,-10.5,-115.0,-105.0,246.5,-108.0,-112.0,-440.0,340.0,-9.5,241.5
401810376,2026-01-08T00:30Z,2026-01-07,2026,2,BKN,ORL,103.0,104.0,False,,Draft Kings,2.5,-118.0,-102.0,220.5,-112.0,-108.0,105.0,-125.0,2.5,223.5
401810377,2026-01-08T00:30Z,2026-01-07,2026,2,NY,LAC,123.0,111.0,False,,Draft Kings,-4.5,-118.0,-102.0,223.5,-105.0,-115.0,-205.0,170.0,-5.5,225.5
401810379,2026-01-08T01:00Z,2026-01-07,2026,2,MEM,PHX,98.0,117.0,False,,Draft Kings,5.5,-110.0,-110.0,231.5,-110.0,-110.0,170.0,-205.0,3.5,227.5
401810380,2026-01-08T01:00Z,2026-01-07,2026,2,OKC,UTAH,129.0,125.0,False,,Draft Kings,-19.5,-110.0,-110.0,242.5,-115.0,-105.0,-1100.0,700.0,-17.5,237.5
401810378,2026-01-08T02:30Z,2026-01-07,2026,2,SA,LAL,107.0,91.0,False,,Draft Kings,-8.5,-115.0,-105.0,233.5,-110.0,-110.0,-310.0,250.0,-5.5,234.5
401810381,2026-01-08T03:00Z,2026-01-07,2026,2,GS,MIL,120.0,113.0,False,,Draft Kings,-6.5,-108.0,-112.0,228.5,-112.0,-108.0,-258.0,210.0,-6.5,227.5
401810382,2026-01-08T03:00Z,2026-01-07,2026,2,POR,HOU,103.0,102.0,False,,Draft Kings,7.5,-110.0,-110.0,222.5,-112.0,-108.0,220.0,-270.0,5.5,225.5
401810383,2026-01-09T00:00Z,2026-01-08,2026,2,CHA,IND,112.0,114.0,False,,Draft Kings,-4.5,-112.0,-108.0,232.5,-108.0,-112.0,-185.0,154.0,-3.5,234.5
401810385,2026-01-09T01:00Z,2026-01-08,2026,2,MIN,CLE,131.0,122.0,False,,Draft Kings,-3.5,-105.0,-115.0,239.5,-110.0,-110.0,-148.0,124.0,-3.5,238.5
401810386,2026-01-09T02:00Z,2026-01-08,2026,2,UTAH,DAL,116.0,114.0,False,,Draft Kings,5.5,-118.0,-102.0,243.5,-110.0,-110.0,160.0,-192.0,5.5,241.5
401810387,2026-01-10T00:00Z,2026-01-09,2026,2,BOS,TOR,125.0,117.0,False,,Draft Kings,-9.5,-112.0,-108.0,223.5,-115.0,-105.0,-360.0,285.0,-7.5,223.5
401810388,2026-01-10T00:00Z,2026-01-09,2026,2,ORL,PHI,91.0,103.0,False,,Draft Kings,3.5,-115.0,-105.0,226.5,-115.0,-105.0,130.0,-155.0,1.5,227.5
401810389,2026-01-10T00:00Z,2026-01-09,2026,2,WSH,NO,107.0,128.0,False,,Draft Kings,3.5,-115.0,-105.0,242.5,-112.0,-108.0,124.0,-148.0,2.5,239.5
401810390,2026-01-10T00:30Z,2026-01-09,2026,2,BKN,LAC,105.0,121.0,False,,Draft Kings,5.5,-105.0,-115.0,214.5,-112.0,-108.0,180.0,-218.0,3.5,213.5
401810391,2026-01-10T01:00Z,2026-01-09,2026,2,MEM,OKC,116.0,117.0,False,,Draft Kings,5.5,-105.0,-115.0,229.5,-108.0,-112.0,180.0,-218.0,4.5,231.5
401810392,2026-01-10T02:00Z,2026-01-09,2026,2,DEN,ATL,87.0,110.0,False,,Draft Kings,3.5,-115.0,-105.0,229.5,-108.0,-112.0,124.0,-148.0,-1.5,238.5
401810393,2026-01-10T02:00Z,2026-01-09,2026,2,PHX,NY,112.0,107.0,False,,Draft Kings,1.5,-115.0,-105.0,229.5,-108.0,-112.0,-102.0,-118.0,2.5,233.5
401810394,2026-01-10T03:00Z,2026-01-09,2026,2,GS,SAC,137.0,103.0,False,,Draft Kings,-15.5,-102.0,-118.0,231.5,-110.0,-110.0,-800.0,550.0,-12.5,229.5
401810395,2026-01-10T03:00Z,2026-01-09,2026,2,POR,HOU,111.0,105.0,False,,Draft Kings,6.5,-105.0,-115.0,222.5,-108.0,-112.0,210.0,-258.0,5.5,220.5
401810396,2026-01-10T03:30Z,2026-01-09,2026,2,LAL,MIL,101.0,105.0,False,,Draft Kings,-3.5,-105.0,-115.0,228.5,-110.0,-110.0,-155.0,130.0,-2.5,231.5
401810397,2026-01-10T18:00Z,2026-01-10,2026,2,CLE,MIN,146.0,134.0,False,,Draft Kings,-2.5,-112.0,-108.0,240.5,-108.0,-112.0,-142.0,120.0,-3.5,238.5
401810398,2026-01-11T00:00Z,2026-01-10,2026,2,IND,MIA,123.0,99.0,False,,Draft Kings,6.5,-112.0,-108.0,235.5,-112.0,-108.0,200.0,-245.0,7.5,236.5
401810399,2026-01-11T00:30Z,2026-01-10,2026,2,DET,LAC,92.0,98.0,False,,Draft Kings,-1.5,-105.0,-115.0,213.5,-115.0,-105.0,-115.0,-105.0,-5.5,220.5
401810400,2026-01-11T01:00Z,2026-01-10,2026,2,BOS,SA,95.0,100.0,False,,Draft Kings,1.5,-115.0,-105.0,231.5,-110.0,-110.0,-108.0,-112.0,-1.5,228.5
401810401,2026-01-11T01:00Z,2026-01-10,2026,2,CHI,DAL,125.0,107.0,False,,Draft Kings,-4.5,-105.0,-115.0,233.5,-115.0,-105.0,-175.0,145.0,-2.5,231.5
401810402,2026-01-11T02:30Z,2026-01-10,2026,2,UTAH,CHA,95.0,150.0,False,,Draft Kings,6.5,-118.0,-102.0,241.5,-110.0,-110.0,170.0,-205.0,4.5,238.5
401810403,2026-01-11T20:00Z,2026-01-11,2026,2,ORL,NO,128.0,118.0,False,,Draft Kings,-7.5,-108.0,-112.0,236.5,-108.0,-112.0,-258.0,210.0,-6.5,234.5
401810404,2026-01-11T20:30Z,2026-01-11,2026,2,MEM,BKN,103.0,98.0,False,,Draft Kings,-7.5,-115.0,-105.0,220.5,-112.0,-108.0,-265.0,215.0,-6.5,222.5
401810405,2026-01-11T23:00Z,2026-01-11,2026,2,TOR,PHI,116.0,115.0,False,,Draft Kings,1.5,-108.0,-112.0,219.5,-112.0,-108.0,105.0,-125.0,4.5,231.5
401810406,2026-01-11T23:00Z,2026-01-11,2026,2,POR,NY,114.0,123.0,False,,Draft Kings,5.5,-108.0,-112.0,230.5,-105.0,-115.0,180.0,-218.0,4.5,231.5
401810407,2026-01-12T00:00Z,2026-01-11,2026,2,MIN,SA,104.0,103.0,False,,Draft Kings,-2.5,-108.0,-112.0,233.5,-105.0,-115.0,-142.0,120.0,-2.5,234.5
401810408,2026-01-12T00:00Z,2026-01-11,2026,2,OKC,MIA,124.0,112.0,False,,Draft Kings,-14.5,-118.0,-102.0,234.5,-108.0,-112.0,-800.0,550.0,-14.5,233.5
401810409,2026-01-12T01:00Z,2026-01-11,2026,2,DEN,MIL,108.0,104.0,False,,Draft Kings,6.5,-115.0,-105.0,219.5,-105.0,-115.0,180.0,-218.0,1.5,223.5
401810410,2026-01-12T01:00Z,2026-01-11,2026,2,PHX,WSH,112.0,93.0,False,,Draft Kings,-15.5,-102.0,-118.0,230.5,-105.0,-115.0,-900.0,600.0,-13.5,229.5
401810411,2026-01-12T01:30Z,2026-01-11,2026,2,GS,ATL,111.0,124.0,False,,Draft Kings,-7.5,-105.0,-115.0,237.5,-105.0,-115.0,-278.0,225.0,-6.5,235.5
401810412,2026-01-12T02:00Z,2026-01-11,2026,2,SAC,HOU,111.0,98.0,False,,Draft Kings,14.5,-110.0,-110.0,223.5,-110.0,-110.0,525.0,-750.0,12.5,223.5
401810413,2026-01-13T00:00Z,2026-01-12,2026,2,CLE,UTAH,112.0,123.0,False,,Draft Kings,-13.5,-105.0,-115.0,249.5,-110.0,-110.0,-575.0,425.0,-12.5,248.5
401810414,2026-01-13T00:30Z,2026-01-12,2026,2,IND,BOS,98.0,96.0,False,,Draft Kings,5.5,-112.0,-108.0,227.5,-110.0,-110.0,170.0,-205.0,6.5,224.5
401810415,2026-01-13T00:30Z,2026-01-12,2026,2,TOR,PHI,102.0,115.0,False,,Draft Kings,3.5,-110.0,-110.0,221.5,-105.0,-115.0,136.0,-162.0,2.5,222.5
401810416,2026-01-13T01:30Z,2026-01-12,2026,2,DAL,BKN,113.0,105.0,False,,Draft Kings,-3.5,-105.0,-115.0,218.5,-115.0,-105.0,-155.0,130.0,-4.5,222.5
401810417,2026-01-13T03:00Z,2026-01-12,2026,2,SAC,LAL,124.0,112.0,False,,Draft Kings,9.5,-112.0,-108.0,231.5,-105.0,-115.0,285.0,-360.0,9.5,228.5
401810418,2026-01-13T03:30Z,2026-01-12,2026,2,LAC,CHA,117.0,109.0,False,,Draft Kings,-4.5,-118.0,-102.0,222.5,-105.0,-115.0,-192.0,160.0,-5.5,224.5
401810419,2026-01-14T00:30Z,2026-01-13,2026,2,MIA,PHX,127.0,121.0,False,,Draft Kings,-1.5,-115.0,-105.0,232.5,-112.0,-108.0,-122.0,102.0,1.5,230.5
401810420,2026-01-14T01:00Z,2026-01-13,2026,2,HOU,CHI,119.0,113.0,False,,Draft Kings,-12.5,-108.0,-112.0,224.5,-108.0,-112.0,-550.0,410.0,-11.5,225.5
401810421,2026-01-14T01:00Z,2026-01-13,2026,2,MIL,MIN,106.0,139.0,False,,Draft Kings,-1.5,-115.0,-105.0,229.5,-110.0,-110.0,-130.0,110.0,-2.5,228.5
401810422,2026-01-14T01:00Z,2026-01-13,2026,2,NO,DEN,116.0,122.0,False,,Draft Kings,2.5,-112.0,-108.0,234.5,-110.0,-110.0,114.0,-135.0,3.5,234.5
401810423,2026-01-14T01:00Z,2026-01-13,2026,2,OKC,SA,119.0,98.0,False,,Draft Kings,-8.5,-108.0,-112.0,230.5,-110.0,-110.0,-310.0,250.0,-6.5,229.5
401810424,2026-01-14T03:30Z,2026-01-13,2026,2,LAL,ATL,141.0,116.0,False,,Draft Kings,-1.5,-112.0,-108.0,233.5,-115.0,-105.0,-125.0,105.0,-1.5,234.5
401810425,2026-01-14T04:00Z,2026-01-13,2026,2,GS,POR,119.0,97.0,False,,Draft Kings,-10.5,-115.0,-105.0,225.5,-105.0,-115.0,-470.0,360.0,-10.5,226.5
401810426,2026-01-15T00:00Z,2026-01-14,2026,2,IND,TOR,101.0,115.0,False,,Draft Kings,-1.5,-108.0,-112.0,220.5,-112.0,-108.0,-118.0,-102.0,2.5,224.5
401810427,2026-01-15T00:00Z,2026-01-14,2026,2,PHI,CLE,107.0,133.0,False,,Draft Kings,1.5,-120.0,100.0,236.5,-110.0,-110.0,-110.0,-110.0,-1.5,238.5
401810428,2026-01-15T01:00Z,2026-01-14,2026,2,CHI,UTAH,128.0,126.0,False,,Draft Kings,-5.5,-118.0,-102.0,240.5,-115.0,-105.0,-225.0,185.0,-2.5,245.5
401810429,2026-01-15T01:00Z,2026-01-14,2026,2,NO,BKN,116.0,113.0,False,,Draft Kings,-1.5,105.0,-125.0,232.5,-110.0,-110.0,-112.0,-108.0,1.5,229.5
401810430,2026-01-15T02:30Z,2026-01-14,2026,2,DAL,DEN,109.0,118.0,False,,Draft Kings,-1.5,-105.0,-115.0,224.5,-108.0,-112.0,-115.0,-105.0,1.5,224.5
401810431,2026-01-15T03:00Z,2026-01-14,2026,2,SAC,NY,112.0,101.0,False,,Draft Kings,10.5,-102.0,-118.0,229.5,-110.0,-110.0,350.0,-455.0,10.5,232.5
401810432,2026-01-15T03:30Z,2026-01-14,2026,2,LAC,WSH,119.0,105.0,False,,Draft Kings,-11.5,-115.0,-105.0,227.5,-110.0,-110.0,-500.0,380.0,-13.5,225.5
401810433,2026-01-15T19:00Z,2026-01-15,2026,2,ORL,MEM,118.0,111.0,True,NBA Berlin Game 2026,Draft Kings,-5.5,-108.0,-112.0,227.5,-108.0,-112.0,-230.0,190.0,-4.5,230.5
401810434,2026-01-16T00:00Z,2026-01-15,2026,2,DET,PHX,108.0,105.0,False,,Draft Kings,-7.5,-108.0,-112.0,219.5,-105.0,-115.0,-265.0,215.0,-6.5,221.5
401810435,2026-01-16T00:30Z,2026-01-15,2026,2,MIA,BOS,114.0,119.0,False,,Draft Kings,2.5,-108.0,-112.0,235.5,-108.0,-112.0,124.0,-148.0,1.5,232.5
401810436,2026-01-16T00:30Z,2026-01-15,2026,2,HOU,OKC,91.0,111.0,False,,Draft Kings,4.5,-112.0,-108.0,221.5,-112.0,-108.0,145.0,-175.0,4.5,221.5
401810437,2026-01-16T01:00Z,2026-01-15,2026,2,SA,MIL,119.0,101.0,False,,Draft Kings,-7.5,-105.0,-115.0,225.5,-112.0,-108.0,-238.0,195.0,-7.5,227.5
401810438,2026-01-16T01:30Z,2026-01-15,2026,2,DAL,UTAH,144.0,122.0,False,,Draft Kings,-2.5,-108.0,-112.0,238.5,-110.0,-110.0,-135.0,114.0,1.5,235.5
401810439,2026-01-16T03:00Z,2026-01-15,2026,2,GS,NY,126.0,113.0,False,,Draft Kings,-7.5,-108.0,-112.0,228.5,-110.0,-110.0,-265.0,215.0,-3.5,231.5
401810440,2026-01-16T03:00Z,2026-01-15,2026,2,POR,ATL,117.0,101.0,False,,Draft Kings,3.5,-105.0,-115.0,229.5,-108.0,-112.0,142.0,-170.0,4.5,229.5
401810441,2026-01-16T03:30Z,2026-01-15,2026,2,LAL,CHA,117.0,135.0,False,,Draft Kings,-3.5,-102.0,-118.0,233.5,-112.0,-108.0,-162.0,136.0,-4.5,233.5
401810443,2026-01-17T00:00Z,2026-01-16,2026,2,IND,NO,127.0,119.0,False,,Draft Kings,-4.5,-115.0,-105.0,241.5,-112.0,-108.0,-192.0,160.0,-1.5,235.5
401810444,2026-01-17T00:00Z,2026-01-16,2026,2,PHI,CLE,115.0,117.0,False,,Draft Kings,-2.5,-105.0,-115.0,233.5,-110.0,-110.0,-135.0,114.0,-1.5,235.5
401810442,2026-01-17T00:30Z,2026-01-16,2026,2,BKN,CHI,112.0,109.0,False,,Draft Kings,-1.5,-105.0,-115.0,224.5,-112.0,-108.0,-115.0,-105.0,1.5,225.5
401810445,2026-01-17T00:30Z,2026-01-16,2026,2,TOR,LAC,117.0,121.0,False,,Draft Kings,-2.5,-108.0,-112.0,213.5,-110.0,-110.0,-135.0,114.0,1.5,216.5
401810446,2026-01-17T02:30Z,2026-01-16,2026,2,HOU,MIN,110.0,105.0,False,,Draft Kings,-3.5,-120.0,100.0,221.5,-110.0,-110.0,-162.0,136.0,-3.5,223.5
401810447,2026-01-17T03:00Z,2026-01-16,2026,2,SAC,WSH,128.0,115.0,False,,Draft Kings,-7.5,-108.0,-112.0,234.5,-115.0,-105.0,-265.0,215.0,-7.5,231.5
401810448,2026-01-17T22:00Z,2026-01-17,2026,2,DAL,UTAH,138.0,120.0,False,,Draft Kings,-3.5,-102.0,-118.0,240.5,-112.0,-108.0,-155.0,130.0,-3.5,242.5
401810449,2026-01-18T00:30Z,2026-01-17,2026,2,ATL,BOS,106.0,132.0,False,,Draft Kings,3.5,-110.0,-110.0,230.5,-112.0,-108.0,136.0,-162.0,4.5,229.5
401810450,2026-01-18T00:30Z,2026-01-17,2026,2,DET,IND,121.0,78.0,False,,Draft Kings,-15.5,-112.0,-108.0,225.5,-108.0,-112.0,-950.0,625.0,-12.5,225.5
401810451,2026-01-18T00:30Z,2026-01-17,2026,2,NY,PHX,99.0,106.0,False,,Draft Kings,-1.5,-108.0,-112.0,224.5,-110.0,-110.0,-115.0,-105.0,-3.5,223.5
401810452,2026-01-18T01:00Z,2026-01-17,2026,2,MIA,OKC,122.0,120.0,False,,Draft Kings,11.5,-112.0,-108.0,235.5,-105.0,-115.0,390.0,-520.0,9.5,234.5
401810453,2026-01-18T01:00Z,2026-01-17,2026,2,SA,MIN,126.0,123.0,False,,Draft Kings,-4.5,-115.0,-105.0,234.5,-110.0,-110.0,-198.0,164.0,-6.5,229.5
401810454,2026-01-18T01:30Z,2026-01-17,2026,2,GS,CHA,136.0,116.0,False,,Draft Kings,-7.5,-115.0,-105.0,236.5,-108.0,-112.0,-298.0,240.0,-6.5,234.5
401810455,2026-01-18T02:00Z,2026-01-17,2026,2,DEN,WSH,121.0,115.0,False,,Draft Kings,-10.5,-108.0,-112.0,227.5,-108.0,-112.0,-485.0,370.0,-12.5,231.5
401810456,2026-01-18T03:00Z,2026-01-17,2026,2,POR,LAL,132.0,116.0,False,,Draft Kings,-3.5,-108.0,-112.0,223.5,-105.0,-115.0,-155.0,130.0,-2.5,224.5
401810457,2026-01-18T17:00Z,2026-01-18,2026,2,MEM,ORL,126.0,109.0,True,NBA London Game 2026,Draft Kings,2.5,-105.0,-115.0,229.5,-112.0,-108.0,120.0,-142.0,5.5,227.5
401810458,2026-01-19T00:00Z,2026-01-18,2026,2,CHI,BKN,124.0,102.0,False,,Draft Kings,-7.5,-102.0,-118.0,223.5,-110.0,-110.0,-258.0,210.0,-5.5,222.5
401810459,2026-01-19T00:00Z,2026-01-18,2026,2,HOU,NO,119.0,110.0,False,,Draft Kings,-13.5,-115.0,-105.0,232.5,-112.0,-108.0,-850.0,575.0,-12.5,229.5
401810460,2026-01-19T01:00Z,2026-01-18,2026,2,DEN,CHA,87.0,110.0,False,,Draft Kings,2.5,-108.0,-112.0,225.5,-115.0,-105.0,114.0,-135.0,-3.5,230.5
401810461,2026-01-19T02:00Z,2026-01-18,2026,2,SAC,POR,110.0,117.0,False,,Draft Kings,1.5,-112.0,-108.0,230.5,-105.0,-115.0,-102.0,-118.0,-1.5,228.5
401810462,2026-01-19T02:30Z,2026-01-18,2026,2,LAL,TOR,110.0,93.0,False,,Draft Kings,-2.5,-112.0,-108.0,226.5,-110.0,-110.0,-135.0,114.0,-1.5,226.5
401809247,2026-01-19T18:00Z,2026-01-19,2026,2,ATL,MIL,110.0,112.0,False,,Draft Kings,-1.5,-105.0,-115.0,232.5,-110.0,-110.0,-120.0,100.0,-1.5,231.5
401809248,2026-01-19T19:30Z,2026-01-19,2026,2,CLE,OKC,104.0,136.0,False,,Draft Kings,6.5,-118.0,-102.0,229.5,-115.0,-105.0,185.0,-225.0,6.5,233.5
401810463,2026-01-19T20:00Z,2026-01-19,2026,2,WSH,LAC,106.0,110.0,False,,Draft Kings,6.5,-110.0,-110.0,227.5,-105.0,-115.0,210.0,-258.0,7.5,223.5
401809249,2026-01-19T22:00Z,2026-01-19,2026,2,NY,DAL,97.0,114.0,False,,Draft Kings,-12.5,-115.0,-105.0,231.5,-115.0,-105.0,-550.0,410.0,-9.5,229.5
401810466,2026-01-19T22:00Z,2026-01-19,2026,2,SA,UTAH,123.0,110.0,False,,Draft Kings,-16.5,-115.0,-105.0,237.5,-108.0,-112.0,-1000.0,650.0,-16.5,240.5
401810464,2026-01-20T00:00Z,2026-01-19,2026,2,PHI,IND,113.0,104.0,False,,Draft Kings,-6.5,-115.0,-105.0,230.5,-110.0,-110.0,-258.0,210.0,-8.5,228.5
401810465,2026-01-20T00:30Z,2026-01-19,2026,2,BKN,PHX,117.0,126.0,False,,Draft Kings,9.5,-115.0,-105.0,214.5,-110.0,-110.0,310.0,-395.0,7.5,218.5
401809250,2026-01-20T01:00Z,2026-01-19,2026,2,DET,BOS,104.0,103.0,False,,Draft Kings,-2.5,-110.0,-110.0,223.5,-108.0,-112.0,-135.0,114.0,-3.5,224.5
401810467,2026-01-20T03:00Z,2026-01-19,2026,2,GS,MIA,135.0,112.0,False,,Draft Kings,-5.5,-105.0,-115.0,239.5,-110.0,-110.0,-205.0,170.0,-6.5,236.5
401810468,2026-01-21T00:00Z,2026-01-20,2026,2,PHI,PHX,110.0,116.0,False,,Draft Kings,2.5,-112.0,-108.0,222.5,-115.0,-105.0,120.0,-142.0,-1.5,224.5
401810469,2026-01-21T01:00Z,2026-01-20,2026,2,CHI,LAC,138.0,110.0,False,,Draft Kings,-2.5,-110.0,-110.0,224.5,-110.0,-110.0,-142.0,120.0,-1.5,227.5
401810470,2026-01-21T01:00Z,2026-01-20,2026,2,HOU,SA,111.0,106.0,False,,Draft Kings,-4.5,-112.0,-108.0,220.5,-112.0,-108.0,-175.0,145.0,-3.5,224.5
401810471,2026-01-21T02:00Z,2026-01-20,2026,2,UTAH,MIN,127.0,122.0,False,,Draft Kings,12.5,-105.0,-115.0,238.5,-112.0,-108.0,470.0,-650.0,10.5,244.5
401810472,2026-01-21T03:00Z,2026-01-20,2026,2,DEN,LAL,107.0,115.0,False,,Draft Kings,3.5,-112.0,-108.0,228.5,-108.0,-112.0,140.0,-166.0,1.5,226.5
401810473,2026-01-21T03:00Z,2026-01-20,2026,2,GS,TOR,127.0,145.0,False,,Draft Kings,-4.5,-108.0,-112.0,224.5,-112.0,-108.0,-180.0,150.0,-6.5,228.5
401810474,2026-01-21T03:00Z,2026-01-20,2026,2,SAC,MIA,117.0,130.0,False,,Draft Kings,4.5,-112.0,-108.0,238.5,-110.0,-110.0,150.0,-180.0,2.5,236.5
401810475,2026-01-22T00:00Z,2026-01-21,2026,2,CHA,CLE,87.0,94.0,False,,Draft Kings,3.5,-115.0,-105.0,238.5,-105.0,-115.0,130.0,-155.0,2.5,236.5
401810476,2026-01-22T00:30Z,2026-01-21,2026,2,BOS,IND,119.0,104.0,False,,Draft Kings,-10.5,-110.0,-110.0,225.5,-110.0,-110.0,-470.0,360.0,-10.5,227.5
401810477,2026-01-22T00:30Z,2026-01-21,2026,2,NY,BKN,120.0,66.0,False,,Draft Kings,-12.5,-112.0,-108.0,219.5,-110.0,-110.0,-625.0,455.0,-11.5,225.5
401810478,2026-01-22T01:00Z,2026-01-21,2026,2,MEM,ATL,122.0,124.0,False,,Draft Kings,-1.5,-102.0,-118.0,239.5,-108.0,-112.0,-120.0,100.0,-2.5,236.5
401810479,2026-01-22T01:00Z,2026-01-21,2026,2,NO,DET,104.0,112.0,False,,Draft Kings,7.5,-112.0,-108.0,233.5,-108.0,-112.0,220.0,-270.0,8.5,232.5
401810480,2026-01-22T02:30Z,2026-01-21,2026,2,MIL,OKC,102.0,122.0,False,,Draft Kings,12.5,-118.0,-102.0,225.5,-110.0,-110.0,410.0,-550.0,9.5,226.5
401810481,2026-01-22T03:00Z,2026-01-21,2026,2,SAC,TOR,109.0,122.0,False,,Draft Kings,5.5,-118.0,-102.0,226.5,-110.0,-110.0,170.0,-205.0,4.5,223.5
401810482,2026-01-23T00:00Z,2026-01-22,2026,2,ORL,CHA,97.0,124.0,False,,Draft Kings,-3.5,-112.0,-108.0,224.5,-108.0,-112.0,-166.0,140.0,-6.5,230.5
401810483,2026-01-23T00:00Z,2026-01-22,2026,2,PHI,HOU,128.0,122.0,False,,Draft Kings,1.5,-105.0,-115.0,221.5,-108.0,-112.0,114.0,-135.0,2.5,221.5
401810484,2026-01-23T00:00Z,2026-01-22,2026,2,WSH,DEN,97.0,107.0,False,,Draft Kings,6.5,-112.0,-108.0,227.5,-110.0,-110.0,205.0,-250.0,6.5,230.5
401810485,2026-01-23T00:30Z,2026-01-22,2026,2,DAL,GS,123.0,115.0,False,,Draft Kings,6.5,-112.0,-108.0,234.5,-108.0,-112.0,205.0,-250.0,2.5,230.5
401810486,2026-01-23T01:00Z,2026-01-22,2026,2,MIN,CHI,115.0,120.0,False,,Draft Kings,-9.5,-105.0,-115.0,239.5,-108.0,-112.0,-375.0,295.0,-9.5,238.5
401810487,2026-01-23T02:00Z,2026-01-22,2026,2,UTAH,SA,109.0,126.0,False,,Draft Kings,12.5,-112.0,-108.0,238.5,-115.0,-105.0,425.0,-575.0,13.5,238.5
401810488,2026-01-23T03:00Z,2026-01-22,2026,2,LAC,LAL,112.0,104.0,False,,Draft Kings,-2.5,-112.0,-108.0,224.5,-110.0,-110.0,-142.0,120.0,1.5,223.5
401810489,2026-01-23T03:00Z,2026-01-22,2026,2,POR,MIA,127.0,110.0,False,,Draft Kings,-3.5,-105.0,-115.0,234.5,-112.0,-108.0,-155.0,130.0,-2.5,240.5
401810490,2026-01-24T00:00Z,2026-01-23,2026,2,DET,HOU,104.0,111.0,False,,Draft Kings,-4.5,-110.0,-110.0,217.5,-108.0,-112.0,-175.0,145.0,-3.5,217.5
401810491,2026-01-24T00:30Z,2026-01-23,2026,2,ATL,PHX,110.0,103.0,False,,Draft Kings,3.5,-115.0,-105.0,233.5,-108.0,-112.0,124.0,-148.0,3.5,230.5
401810492,2026-01-24T00:30Z,2026-01-23,2026,2,BKN,BOS,126.0,130.0,False,,Draft Kings,8.5,-118.0,-102.0,215.5,-105.0,-115.0,280.0,-355.0,8.5,216.5
401810493,2026-01-24T00:30Z,2026-01-23,2026,2,CLE,SAC,123.0,118.0,False,,Draft Kings,-13.5,-105.0,-115.0,233.5,-108.0,-112.0,-575.0,425.0,-12.5,235.5
401810494,2026-01-24T01:00Z,2026-01-23,2026,2,MEM,NO,127.0,133.0,False,,Draft Kings,-4.5,-118.0,-102.0,240.5,-105.0,-115.0,-198.0,164.0,-4.5,237.5
401810496,2026-01-24T01:00Z,2026-01-23,2026,2,OKC,IND,114.0,117.0,False,,Draft Kings,-15.5,-110.0,-110.0,226.5,-110.0,-110.0,-900.0,600.0,-16.5,226.5
401810495,2026-01-24T02:30Z,2026-01-23,2026,2,MIL,DEN,100.0,102.0,False,,Draft Kings,-8.5,-115.0,-105.0,213.5,-110.0,-110.0,-325.0,260.0,-4.5,222.5
401810497,2026-01-24T03:00Z,2026-01-23,2026,2,POR,TOR,98.0,110.0,False,,Draft Kings,3.5,-105.0,-115.0,225.5,-110.0,-110.0,142.0,-170.0,2.5,227.5
401810500,2026-01-24T17:00Z,2026-01-24,2026,2,CHA,WSH,119.0,115.0,False,,Draft Kings,-11.5,-112.0,-108.0,231.5,-115.0,-105.0,-520.0,390.0,-10.5,231.5
401810498,2026-01-24T20:00Z,2026-01-24,2026,2,PHI,NY,109.0,112.0,False,,Draft Kings,1.5,-118.0,-102.0,227.5,-115.0,-105.0,-105.0,-115.0,1.5,229.5
401810501,2026-01-25T00:00Z,2026-01-24,2026,2,ORL,CLE,105.0,119.0,False,,Draft Kings,-1.5,-110.0,-110.0,225.5,-115.0,-105.0,-122.0,102.0,1.5,228.5
401810502,2026-01-25T01:00Z,2026-01-24,2026,2,CHI,BOS,114.0,111.0,False,,Draft Kings,3.5,-115.0,-105.0,232.5,-105.0,-115.0,130.0,-155.0,3.5,233.5
401810503,2026-01-25T01:30Z,2026-01-24,2026,2,DAL,LAL,110.0,116.0,False,,Draft Kings,4.5,-118.0,-102.0,233.5,-110.0,-110.0,145.0,-175.0,3.5,233.5
401810504,2026-01-25T02:30Z,2026-01-24,2026,2,UTAH,MIA,116.0,147.0,False,,Draft Kings,6.5,-110.0,-110.0,244.5,-110.0,-110.0,210.0,-258.0,7.5,245.5
401810505,2026-01-25T20:00Z,2026-01-25,2026,2,DET,SAC,139.0,116.0,False,,Draft Kings,-12.5,-115.0,-105.0,226.5,-112.0,-108.0,-650.0,470.0,-14.5,226.5
401857824,2026-01-25T22:30Z,2026-01-25,2026,2,MIN,GS,85.0,111.0,False,Makeup from Jan 24,Draft Kings,-5.5,-105.0,-115.0,237.5,-112.0,-108.0,-198.0,164.0,-6.5,236.5
401810508,2026-01-26T00:00Z,2026-01-25,2026,2,OKC,TOR,101.0,103.0,False,,Draft Kings,-11.5,-105.0,-115.0,225.5,-110.0,-110.0,-520.0,390.0,-12.5,225.5
401810509,2026-01-26T00:00Z,2026-01-25,2026,2,SA,NO,95.0,104.0,False,,Draft Kings,-11.5,-110.0,-110.0,239.5,-112.0,-108.0,-535.0,400.0,-12.5,237.5
401810510,2026-01-26T01:00Z,2026-01-25,2026,2,PHX,MIA,102.0,111.0,False,,Draft Kings,-4.5,-108.0,-112.0,225.5,-115.0,-105.0,-180.0,150.0,-3.5,230.5
401810511,2026-01-26T02:00Z,2026-01-25,2026,2,LAC,BKN,126.0,89.0,False,,Draft Kings,-10.5,-112.0,-108.0,211.5,-105.0,-115.0,-470.0,360.0,-9.5,212.5
401810514,2026-01-26T18:30Z,2026-01-26,2026,2,ATL,IND,132.0,116.0,False,,Draft Kings,-5.5,-108.0,-112.0,234.5,-105.0,-115.0,-225.0,185.0,-4.5,232.5
401810512,2026-01-26T20:00Z,2026-01-26,2026,2,CHA,PHI,130.0,93.0,False,,Draft Kings,-1.5,-112.0,-108.0,229.5,-105.0,-115.0,-122.0,102.0,-2.5,226.5
401810513,2026-01-27T00:00Z,2026-01-26,2026,2,CLE,ORL,114.0,98.0,False,,Draft Kings,-4.5,-118.0,-102.0,221.5,-110.0,-110.0,-205.0,170.0,-4.5,226.5
401810515,2026-01-27T01:00Z,2026-01-26,2026,2,BOS,POR,102.0,94.0,False,,Draft Kings,-8.5,-110.0,-110.0,223.5,-105.0,-115.0,-345.0,275.0,-7.5,224.5
401810516,2026-01-27T01:00Z,2026-01-26,2026,2,CHI,LAL,118.0,129.0,False,,Draft Kings,1.5,-108.0,-112.0,235.5,-108.0,-112.0,100.0,-120.0,1.5,236.5
401810517,2026-01-27T01:00Z,2026-01-26,2026,2,HOU,MEM,108.0,99.0,False,,Draft Kings,-11.5,-102.0,-118.0,225.5,-112.0,-108.0,-520.0,390.0,-10.5,222.5
401810518,2026-01-27T02:30Z,2026-01-26,2026,2,MIN,GS,108.0,83.0,False,,Draft Kings,-8.5,-105.0,-115.0,226.5,-110.0,-110.0,-298.0,240.0,-7.5,232.5
401810519,2026-01-28T00:00Z,2026-01-27,2026,2,WSH,POR,115.0,111.0,False,,Draft Kings,7.5,-118.0,-102.0,232.5,-112.0,-108.0,210.0,-258.0,7.5,233.5
401810520,2026-01-28T00:30Z,2026-01-27,2026,2,NY,SAC,103.0,87.0,False,,Draft Kings,-14.5,-112.0,-108.0,225.5,-110.0,-110.0,-800.0,550.0,-13.5,230.5
401810521,2026-01-28T01:00Z,2026-01-27,2026,2,PHI,MIL,139.0,122.0,False,,Draft Kings,-10.5,100.0,-120.0,219.5,-112.0,-108.0,-380.0,300.0,-9.5,221.5
401810522,2026-01-28T01:00Z,2026-01-27,2026,2,OKC,NO,104.0,95.0,False,,Draft Kings,-14.5,-108.0,-112.0,233.5,-108.0,-112.0,-850.0,575.0,-14.5,234.5
401810523,2026-01-28T02:00Z,2026-01-27,2026,2,DEN,DET,107.0,109.0,False,,Draft Kings,7.5,-115.0,-105.0,216.5,-105.0,-115.0,225.0,-278.0,5.5,218.5
401810524,2026-01-28T02:00Z,2026-01-27,2026,2,PHX,BKN,106.0,102.0,False,,Draft Kings,-7.5,-115.0,-105.0,210.5,-110.0,-110.0,-305.0,245.0,-8.5,213.5
401810525,2026-01-28T03:00Z,2026-01-27,2026,2,UTAH,LAC,103.0,115.0,False,,Draft Kings,8.5,-105.0,-115.0,234.5,-110.0,-110.0,270.0,-340.0,10.5,231.5
401810526,2026-01-29T00:00Z,2026-01-28,2026,2,CLE,LAL,129.0,99.0,False,,Draft Kings,-3.5,-112.0,-108.0,233.5,-110.0,-110.0,-162.0,136.0,-2.5,234.5
401810527,2026-01-29T00:00Z,2026-01-28,2026,2,IND,CHI,113.0,110.0,False,,Draft Kings,1.5,-105.0,-115.0,235.5,-112.0,-108.0,105.0,-125.0,1.5,235.5
401810528,2026-01-29T00:30Z,2026-01-28,2026,2,BOS,ATL,106.0,117.0,False,,Draft Kings,-5.5,-110.0,-110.0,232.5,-108.0,-112.0,-205.0,170.0,-7.5,231.5
401810529,2026-01-29T00:30Z,2026-01-28,2026,2,MIA,ORL,124.0,133.0,False,,Draft Kings,-3.5,-108.0,-112.0,232.5,-112.0,-108.0,-148.0,124.0,-2.5,228.5
401810530,2026-01-29T00:30Z,2026-01-28,2026,2,TOR,NY,92.0,119.0,False,,Draft Kings,-1.5,-115.0,-105.0,220.5,-112.0,-108.0,-122.0,102.0,-1.5,224.5
401810531,2026-01-29T01:00Z,2026-01-28,2026,2,MEM,CHA,97.0,112.0,False,,Draft Kings,2.5,-112.0,-108.0,231.5,-108.0,-112.0,114.0,-135.0,1.5,230.5
401810532,2026-01-29T01:30Z,2026-01-28,2026,2,DAL,MIN,105.0,118.0,False,,Draft Kings,8.5,-105.0,-115.0,228.5,-115.0,-105.0,260.0,-325.0,6.5,231.5
401810533,2026-01-29T02:00Z,2026-01-28,2026,2,UTAH,GS,124.0,140.0,False,,Draft Kings,8.5,-108.0,-112.0,242.5,-105.0,-115.0,240.0,-298.0,8.5,240.5
401810534,2026-01-29T02:42Z,2026-01-28,2026,2,HOU,SA,99.0,111.0,False,,Draft Kings,-2.5,-112.0,-108.0,220.5,-108.0,-112.0,-142.0,120.0,-2.5,219.5
401810535,2026-01-30T00:00Z,2026-01-29,2026,2,PHI,SAC,113.0,111.0,False,,Draft Kings,-9.5,-115.0,-105.0,229.5,-108.0,-112.0,-410.0,320.0,-11.5,227.5
401810536,2026-01-30T00:00Z,2026-01-29,2026,2,WSH,MIL,109.0,99.0,False,,Draft Kings,1.5,-102.0,-118.0,223.5,-110.0,-110.0,105.0,-125.0,2.5,223.5
401810537,2026-01-30T01:00Z,2026-01-29,2026,2,ATL,HOU,86.0,104.0,False,,Draft Kings,6.5,-108.0,-112.0,224.5,-115.0,-105.0,220.0,-270.0,4.5,226.5
401850920,2026-01-30T01:00Z,2026-01-29,2026,2,CHI,MIA,113.0,116.0,False,Makeup from Jan 8,Draft Kings,2.5,-115.0,-105.0,237.5,-112.0,-108.0,110.0,-130.0,-1.5,242.5
401810538,2026-01-30T01:30Z,2026-01-29,2026,2,DAL,CHA,121.0,123.0,False,,Draft Kings,3.5,-115.0,-105.0,225.5,-112.0,-108.0,130.0,-155.0,3.5,228.5
401810539,2026-01-30T02:00Z,2026-01-29,2026,2,DEN,BKN,107.0,103.0,False,,Draft Kings,-6.5,-105.0,-115.0,209.5,-105.0,-115.0,-245.0,200.0,-7.5,211.5
401810540,2026-01-30T02:00Z,2026-01-29,2026,2,PHX,DET,114.0,96.0,False,,Draft Kings,3.5,-115.0,-105.0,214.5,-108.0,-112.0,130.0,-155.0,5.5,215.5
401810541,2026-01-30T02:30Z,2026-01-29,2026,2,MIN,OKC,123.0,111.0,False,,Draft Kings,5.5,-110.0,-110.0,227.5,-115.0,-105.0,170.0,-205.0,5.5,226.5
401810543,2026-01-31T00:00Z,2026-01-30,2026,2,WSH,LAL,111.0,142.0,False,,Draft Kings,10.5,-105.0,-115.0,229.5,-112.0,-108.0,360.0,-470.0,8.5,229.5
401810542,2026-01-31T00:30Z,2026-01-30,2026,2,ORL,TOR,130.0,120.0,False,,Draft Kings,-2.5,-110.0,-110.0,221.5,-115.0,-105.0,-142.0,120.0,-1.5,221.5
401810544,2026-01-31T00:30Z,2026-01-30,2026,2,BOS,SAC,112.0,93.0,False,,Draft Kings,-11.5,-115.0,-105.0,216.5,-105.0,-115.0,-520.0,390.0,-10.5,221.5
401810545,2026-01-31T00:30Z,2026-01-30,2026,2,NY,POR,127.0,97.0,False,,Draft Kings,-6.5,-115.0,-105.0,223.5,-115.0,-105.0,-250.0,205.0,-7.5,227.5
401810546,2026-01-31T00:30Z,2026-01-30,2026,2,NO,MEM,114.0,106.0,False,,Draft Kings,-3.5,-112.0,-108.0,230.5,-115.0,-105.0,-155.0,130.0,-2.5,235.5
401810548,2026-01-31T02:00Z,2026-01-30,2026,2,PHX,CLE,126.0,113.0,False,,Draft Kings,1.5,-105.0,-115.0,221.5,-115.0,-105.0,102.0,-122.0,4.5,224.5
401810550,2026-01-31T02:00Z,2026-01-30,2026,2,DEN,LAC,122.0,109.0,False,,Draft Kings,2.5,-110.0,-110.0,218.5,-115.0,-105.0,120.0,-142.0,5.5,210.5
401810549,2026-01-31T02:30Z,2026-01-30,2026,2,UTAH,BKN,99.0,109.0,False,,Draft Kings,-3.5,-115.0,-105.0,226.5,-105.0,-115.0,-162.0,136.0,-2.5,228.5
401810551,2026-01-31T03:00Z,2026-01-30,2026,2,GS,DET,124.0,131.0,False,,Draft Kings,-2.5,-105.0,-115.0,226.5,-110.0,-110.0,-130.0,110.0,1.5,226.5
401810552,2026-01-31T17:00Z,2026-01-31,2026,2,CHA,SA,111.0,106.0,False,,Draft Kings,3.5,-105.0,-115.0,227.5,-115.0,-105.0,140.0,-166.0,3.5,226.5
401810553,2026-02-01T00:00Z,2026-01-31,2026,2,IND,ATL,129.0,124.0,False,,Draft Kings,1.5,-112.0,-108.0,234.5,-115.0,-105.0,102.0,-122.0,1.5,233.5
401810554,2026-02-01T00:30Z,2026-01-31,2026,2,PHI,NO,124.0,114.0,False,,Draft Kings,-6.5,-105.0,-115.0,234.5,-110.0,-110.0,-225.0,185.0,-8.5,232.5
401810547,2026-02-01T01:00Z,2026-01-31,2026,2,MIA,CHI,118.0,125.0,False,,Draft Kings,-5.5,-115.0,-105.0,231.5,-112.0,-108.0,-205.0,170.0,-4.5,237.5
401810555,2026-02-01T01:00Z,2026-01-31,2026,2,MEM,MIN,114.0,131.0,False,,Draft Kings,11.5,-115.0,-105.0,229.5,-110.0,-110.0,370.0,-485.0,7.5,230.5
401810556,2026-02-01T01:30Z,2026-01-31,2026,2,HOU,DAL,111.0,107.0,False,,Draft Kings,-10.5,-110.0,-110.0,222.5,-112.0,-108.0,-425.0,330.0,-10.5,221.5
401810557,2026-02-01T20:30Z,2026-02-01,2026,2,BOS,MIL,107.0,79.0,False,,Draft Kings,-12.5,-115.0,-105.0,217.5,-110.0,-110.0,-625.0,455.0,-13.5,217.5
401810559,2026-02-01T23:00Z,2026-02-01,2026,2,DET,BKN,130.0,77.0,False,,Draft Kings,-13.5,-110.0,-110.0,214.5,-110.0,-110.0,-700.0,500.0,-13.5,213.5
401810560,2026-02-01T23:00Z,2026-02-01,2026,2,MIA,CHI,134.0,91.0,False,,Draft Kings,-5.5,-110.0,-110.0,233.5,-110.0,-110.0,-218.0,180.0,-3.5,235.5
401810561,2026-02-01T23:00Z,2026-02-01,2026,2,TOR,UTAH,107.0,100.0,False,,Draft Kings,-10.5,-102.0,-118.0,234.5,-108.0,-112.0,-395.0,310.0,-11.5,233.5
401810562,2026-02-01T23:00Z,2026-02-01,2026,2,WSH,SAC,116.0,112.0,False,,Draft Kings,1.5,-112.0,-108.0,226.5,-112.0,-108.0,-102.0,-118.0,2.5,230.5
401810563,2026-02-02T00:00Z,2026-02-01,2026,2,NY,LAL,112.0,100.0,False,,Draft Kings,-5.5,-118.0,-102.0,227.5,-110.0,-110.0,-225.0,185.0,-4.5,229.5
401810564,2026-02-02T01:00Z,2026-02-01,2026,2,PHX,LAC,93.0,117.0,False,,Draft Kings,-2.5,-115.0,-105.0,209.5,-115.0,-105.0,-148.0,124.0,-1.5,214.5
401810558,2026-02-02T02:00Z,2026-02-01,2026,2,SA,ORL,112.0,103.0,False,,Draft Kings,-4.5,-112.0,-108.0,222.5,-112.0,-108.0,-198.0,164.0,-6.5,225.5
401810565,2026-02-02T02:00Z,2026-02-01,2026,2,POR,CLE,111.0,130.0,False,,Draft Kings,3.5,-102.0,-118.0,228.5,-108.0,-112.0,150.0,-180.0,1.5,229.5
401810566,2026-02-02T02:30Z,2026-02-01,2026,2,DEN,OKC,111.0,121.0,False,,Draft Kings,7.5,-122.0,102.0,225.5,-112.0,-108.0,190.0,-230.0,4.5,228.5
401810567,2026-02-02T20:00Z,2026-02-02,2026,2,CHA,NO,102.0,95.0,False,,Draft Kings,-6.5,-118.0,-102.0,230.5,-115.0,-105.0,-278.0,225.0,-6.5,235.5
401810568,2026-02-03T00:00Z,2026-02-02,2026,2,IND,HOU,114.0,118.0,False,,Draft Kings,6.5,-115.0,-105.0,218.5,-105.0,-115.0,205.0,-250.0,5.5,218.5
401810569,2026-02-03T00:30Z,2026-02-02,2026,2,MEM,MIN,137.0,128.0,False,,Draft Kings,7.5,-112.0,-108.0,232.5,-105.0,-115.0,245.0,-305.0,7.5,226.5
401810570,2026-02-03T03:00Z,2026-02-02,2026,2,LAC,PHI,113.0,128.0,False,,Draft Kings,1.5,-118.0,-102.0,220.5,-105.0,-115.0,-105.0,-115.0,-2.5,221.5
401810571,2026-02-04T00:00Z,2026-02-03,2026,2,DET,DEN,124.0,121.0,False,,Draft Kings,-5.5,-102.0,-118.0,229.5,-110.0,-110.0,-192.0,160.0,-6.5,224.5
401810572,2026-02-04T00:00Z,2026-02-03,2026,2,IND,UTAH,122.0,131.0,False,,Draft Kings,2.5,-102.0,-118.0,232.5,-112.0,-108.0,120.0,-142.0,-4.5,236.5
401810573,2026-02-04T00:00Z,2026-02-03,2026,2,WSH,NY,101.0,132.0,False,,Draft Kings,12.5,-105.0,-115.0,227.5,-112.0,-108.0,455.0,-625.0,13.5,226.5
401810574,2026-02-04T00:30Z,2026-02-03,2026,2,BKN,LAL,109.0,125.0,False,,Draft Kings,7.5,-102.0,-118.0,223.5,-108.0,-112.0,270.0,-340.0,8.5,222.5
401810575,2026-02-04T00:30Z,2026-02-03,2026,2,MIA,ATL,115.0,127.0,False,,Draft Kings,-1.5,-105.0,-115.0,235.5,-115.0,-105.0,-118.0,-102.0,-5.5,237.5
401810576,2026-02-04T01:00Z,2026-02-03,2026,2,DAL,BOS,100.0,110.0,False,,Draft Kings,7.5,-118.0,-102.0,223.5,-105.0,-115.0,215.0,-265.0,7.5,223.5
401810577,2026-02-04T01:00Z,2026-02-03,2026,2,MIL,CHI,131.0,115.0,False,,Draft Kings,1.5,-112.0,-108.0,222.5,-110.0,-110.0,-102.0,-118.0,2.5,227.5
401810578,2026-02-04T01:00Z,2026-02-03,2026,2,OKC,ORL,128.0,92.0,False,,Draft Kings,-11.5,-115.0,-105.0,222.5,-110.0,-110.0,-520.0,390.0,-7.5,219.5
401810579,2026-02-04T03:00Z,2026-02-03,2026,2,GS,PHI,94.0,113.0,False,,Draft Kings,-4.5,-112.0,-108.0,222.5,-115.0,-105.0,-175.0,145.0,-1.5,217.5
401810580,2026-02-04T04:00Z,2026-02-03,2026,2,POR,PHX,125.0,130.0,False,,Draft Kings,2.5,-105.0,-115.0,218.5,-112.0,-108.0,124.0,-148.0,2.5,222.5
401810581,2026-02-05T00:00Z,2026-02-04,2026,2,NY,DEN,134.0,127.0,False,,Draft Kings,-4.5,-118.0,-102.0,228.5,-105.0,-115.0,-192.0,160.0,-4.5,226.5
401810582,2026-02-05T00:30Z,2026-02-04,2026,2,TOR,MIN,126.0,128.0,False,,Draft Kings,2.5,-112.0,-108.0,228.5,-110.0,-110.0,120.0,-142.0,-1.5,225.5
401810583,2026-02-05T01:00Z,2026-02-04,2026,2,HOU,BOS,93.0,114.0,False,,Draft Kings,-8.5,-102.0,-118.0,210.5,-110.0,-110.0,-305.0,245.0,-5.5,216.5
401810584,2026-02-05T01:00Z,2026-02-04,2026,2,MIL,NO,141.0,137.0,False,,Draft Kings,4.5,-105.0,-115.0,223.5,-112.0,-108.0,150.0,-180.0,4.5,222.5
401810585,2026-02-05T02:30Z,2026-02-04,2026,2,SA,OKC,116.0,106.0,False,,Draft Kings,-9.5,-115.0,-105.0,221.5,-108.0,-112.0,-410.0,320.0,2.5,226.5
401810586,2026-02-05T03:00Z,2026-02-04,2026,2,SAC,MEM,125.0,129.0,False,,Draft Kings,-2.5,-115.0,-105.0,236.5,-108.0,-112.0,-148.0,124.0,-2.5,230.5
401810587,2026-02-05T03:30Z,2026-02-04,2026,2,LAC,CLE,91.0,124.0,False,,Draft Kings,2.5,-105.0,-115.0,221.5,-105.0,-115.0,124.0,-148.0,1.5,221.5
401810588,2026-02-06T00:00Z,2026-02-05,2026,2,DET,WSH,117.0,126.0,False,,Draft Kings,-16.5,-115.0,-105.0,227.5,-110.0,-110.0,-1200.0,750.0,-14.5,224.5
401810589,2026-02-06T00:00Z,2026-02-05,2026,2,ORL,BKN,118.0,98.0,False,,Draft Kings,-9.5,-105.0,-115.0,214.5,-115.0,-105.0,-395.0,310.0,-11.5,214.5
401810590,2026-02-06T00:30Z,2026-02-05,2026,2,ATL,UTAH,121.0,119.0,False,,Draft Kings,-8.5,-112.0,-108.0,245.5,-110.0,-110.0,-310.0,250.0,-9.5,238.5
401810591,2026-02-06T00:30Z,2026-02-05,2026,2,TOR,CHI,123.0,107.0,False,,Draft Kings,-7.5,-105.0,-115.0,227.5,-105.0,-115.0,-310.0,250.0,-9.5,227.5
401810592,2026-02-06T01:00Z,2026-02-05,2026,2,HOU,CHA,99.0,109.0,False,,Draft Kings,-4.5,-110.0,-110.0,218.5,-108.0,-112.0,-185.0,154.0,-4.5,219.5
401810593,2026-02-06T01:30Z,2026-02-05,2026,2,DAL,SA,123.0,135.0,False,,Draft Kings,7.5,-102.0,-118.0,230.5,-105.0,-115.0,250.0,-310.0,5.5,225.5
401810594,2026-02-06T03:00Z,2026-02-05,2026,2,PHX,GS,97.0,101.0,False,,Draft Kings,-5.5,-112.0,-108.0,212.5,-112.0,-108.0,-218.0,180.0,-6.5,221.5
401810595,2026-02-06T03:00Z,2026-02-05,2026,2,LAL,PHI,119.0,115.0,False,,Draft Kings,-2.5,-108.0,-112.0,236.5,-110.0,-110.0,-135.0,114.0,-3.5,231.5
401810596,2026-02-07T00:30Z,2026-02-06,2026,2,BOS,MIA,98.0,96.0,False,,Draft Kings,-5.5,-112.0,-108.0,227.5,-112.0,-108.0,-225.0,185.0,-7.5,229.5
401810597,2026-02-07T00:30Z,2026-02-06,2026,2,DET,NY,118.0,80.0,False,,Draft Kings,-5.5,-112.0,-108.0,219.5,-105.0,-115.0,-218.0,180.0,-1.5,224.5
401810598,2026-02-07T01:00Z,2026-02-06,2026,2,MIL,IND,105.0,99.0,False,,Draft Kings,1.5,-108.0,-112.0,223.5,-112.0,-108.0,102.0,-122.0,-1.5,223.5
401810599,2026-02-07T01:00Z,2026-02-06,2026,2,MIN,NO,115.0,119.0,False,,Draft Kings,-8.5,-110.0,-110.0,237.5,-110.0,-110.0,-345.0,275.0,-11.5,235.5
401810600,2026-02-07T03:00Z,2026-02-06,2026,2,POR,MEM,135.0,115.0,False,,Draft Kings,-8.5,-115.0,-105.0,235.5,-105.0,-115.0,-290.0,235.0,-6.5,234.5
401810601,2026-02-07T03:00Z,2026-02-06,2026,2,SAC,LAC,111.0,114.0,False,,Draft Kings,3.5,-112.0,-108.0,221.5,-115.0,-105.0,140.0,-166.0,3.5,222.5
401810602,2026-02-07T20:00Z,2026-02-07,2026,2,BKN,WSH,127.0,113.0,False,,Draft Kings,-8.5,100.0,-120.0,216.5,-112.0,-108.0,-298.0,240.0,-4.5,220.5
401810603,2026-02-07T20:30Z,2026-02-07,2026,2,OKC,HOU,106.0,112.0,False,,Draft Kings,-3.5,-112.0,-108.0,213.5,-112.0,-108.0,-162.0,136.0,-4.5,215.5
401810604,2026-02-07T23:00Z,2026-02-07,2026,2,SA,DAL,138.0,125.0,False,,Draft Kings,-11.5,-108.0,-112.0,234.5,-108.0,-112.0,-455.0,350.0,-11.5,230.5
401810605,2026-02-08T00:00Z,2026-02-07,2026,2,ORL,UTAH,120.0,117.0,False,,Draft Kings,-7.5,-105.0,-115.0,234.5,-110.0,-110.0,-278.0,225.0,-9.5,235.5
401810606,2026-02-08T00:30Z,2026-02-07,2026,2,ATL,CHA,119.0,126.0,False,,Draft Kings,1.5,-108.0,-112.0,232.5,-112.0,-108.0,105.0,-125.0,2.5,230.5
401810607,2026-02-08T01:00Z,2026-02-07,2026,2,CHI,DEN,120.0,136.0,False,,Draft Kings,9.5,-115.0,-105.0,235.5,-105.0,-115.0,275.0,-345.0,4.5,229.5
401810608,2026-02-08T01:30Z,2026-02-07,2026,2,LAL,GS,105.0,99.0,False,,Draft Kings,-1.5,-118.0,-102.0,220.5,-110.0,-110.0,-130.0,110.0,-2.5,225.5
401810609,2026-02-08T02:00Z,2026-02-07,2026,2,PHX,PHI,103.0,109.0,False,,Draft Kings,-2.5,-102.0,-118.0,224.5,-110.0,-110.0,-135.0,114.0,-1.5,221.5
401810610,2026-02-08T03:00Z,2026-02-07,2026,2,POR,MEM,122.0,115.0,False,,Draft Kings,-9.5,-105.0,-115.0,228.5,-112.0,-108.0,-340.0,270.0,-9.5,237.5
401810611,2026-02-08T03:00Z,2026-02-07,2026,2,SAC,CLE,126.0,132.0,False,,Draft Kings,12.5,-105.0,-115.0,229.5,-108.0,-112.0,455.0,-625.0,11.5,231.5
401810612,2026-02-08T17:30Z,2026-02-08,2026,2,BOS,NY,89.0,111.0,False,,Draft Kings,-3.5,-102.0,-118.0,215.5,-110.0,-110.0,-155.0,130.0,-3.5,214.5
401810613,2026-02-08T19:00Z,2026-02-08,2026,2,WSH,MIA,101.0,132.0,False,,Draft Kings,13.5,-118.0,-102.0,235.5,-110.0,-110.0,455.0,-625.0,10.5,235.5
401810614,2026-02-08T20:00Z,2026-02-08,2026,2,TOR,IND,122.0,104.0,False,,Draft Kings,-7.5,-110.0,-110.0,226.5,-110.0,-110.0,-345.0,275.0,-8.5,224.5
401810615,2026-02-08T20:00Z,2026-02-08,2026,2,MIN,LAC,96.0,115.0,False,,Draft Kings,-8.5,-118.0,-102.0,222.5,-108.0,-112.0,-360.0,285.0,7.5,226.5
401810616,2026-02-10T00:00Z,2026-02-09,2026,2,CHA,DET,104.0,110.0,False,,Draft Kings,2.5,-115.0,-105.0,222.5,-110.0,-110.0,114.0,-135.0,2.5,225.5
401810617,2026-02-10T00:30Z,2026-02-09,2026,2,BKN,CHI,123.0,115.0,False,,Draft Kings,3.5,-112.0,-108.0,218.5,-110.0,-110.0,130.0,-155.0,2.5,224.5
401810618,2026-02-10T00:30Z,2026-02-09,2026,2,MIA,UTAH,111.0,115.0,False,,Draft Kings,-5.5,-115.0,-105.0,234.5,-105.0,-115.0,-250.0,205.0,-9.5,243.5
401810619,2026-02-10T00:30Z,2026-02-09,2026,2,ORL,MIL,118.0,99.0,False,,Draft Kings,-9.5,-112.0,-108.0,220.5,-108.0,-112.0,-395.0,310.0,-8.5,218.5
401810620,2026-02-10T01:00Z,2026-02-09,2026,2,MIN,ATL,138.0,116.0,False,,Draft Kings,-8.5,-118.0,-102.0,239.5,-105.0,-115.0,-325.0,260.0,-6.5,235.5
401810621,2026-02-10T01:00Z,2026-02-09,2026,2,NO,SAC,120.0,94.0,False,,Draft Kings,-9.5,-108.0,-112.0,229.5,-105.0,-115.0,-395.0,310.0,-5.5,233.5
401810622,2026-02-10T02:00Z,2026-02-09,2026,2,DEN,CLE,117.0,119.0,False,,Draft Kings,-2.5,-110.0,-110.0,242.5,-110.0,-110.0,-135.0,114.0,1.5,233.5
401810623,2026-02-10T03:00Z,2026-02-09,2026,2,GS,MEM,114.0,113.0,False,,Draft Kings,-9.5,-105.0,-115.0,218.5,-112.0,-108.0,-395.0,310.0,-6.5,224.5
401810624,2026-02-10T03:00Z,2026-02-09,2026,2,LAL,OKC,110.0,119.0,False,,Draft Kings,7.5,-118.0,-102.0,222.5,-115.0,-105.0,195.0,-238.0,5.5,220.5
401810625,2026-02-10T03:00Z,2026-02-09,2026,2,POR,PHI,135.0,118.0,False,,Draft Kings,-3.5,-105.0,-115.0,231.5,-115.0,-105.0,-162.0,136.0,2.5,230.5
401810626,2026-02-11T00:30Z,2026-02-10,2026,2,NY,IND,134.0,137.0,False,,Draft Kings,-11.5,-105.0,-115.0,227.5,-105.0,-115.0,-550.0,410.0,-11.5,224.5
401810627,2026-02-11T01:00Z,2026-02-10,2026,2,HOU,LAC,102.0,95.0,False,,Draft Kings,-9.5,-102.0,-118.0,213.5,-108.0,-112.0,-310.0,250.0,-7.5,210.5
401810628,2026-02-11T02:00Z,2026-02-10,2026,2,PHX,DAL,120.0,111.0,False,,Draft Kings,-8.5,-105.0,-115.0,229.5,-115.0,-105.0,-340.0,270.0,-7.5,227.5
401810629,2026-02-11T03:30Z,2026-02-10,2026,2,LAL,SA,108.0,136.0,False,,Draft Kings,13.5,-105.0,-115.0,226.5,-108.0,-112.0,500.0,-700.0,7.5,227.5
401810630,2026-02-12T00:00Z,2026-02-11,2026,2,CHA,ATL,110.0,107.0,False,,Draft Kings,-2.5,-105.0,-115.0,235.5,-110.0,-110.0,-130.0,110.0,-5.5,231.5
401810631,2026-02-12T00:00Z,2026-02-11,2026,2,CLE,WSH,138.0,113.0,False,,Draft Kings,-17.5,-112.0,-108.0,238.5,-115.0,-105.0,-1200.0,750.0,-17.5,235.5
401810632,2026-02-12T00:00Z,2026-02-11,2026,2,ORL,MIL,108.0,116.0,False,,Draft Kings,-11.5,-102.0,-118.0,219.5,-115.0,-105.0,-485.0,370.0,-10.5,220.5
401810633,2026-02-12T00:30Z,2026-02-11,2026,2,BOS,CHI,124.0,105.0,False,,Draft Kings,-13.5,-115.0,-105.0,227.5,-108.0,-112.0,-700.0,500.0,-12.5,226.5
401810634,2026-02-12T00:30Z,2026-02-11,2026,2,BKN,IND,110.0,115.0,False,,Draft Kings,-6.5,-112.0,-108.0,215.5,-105.0,-115.0,-225.0,185.0,-3.5,213.5
401810635,2026-02-12T00:30Z,2026-02-11,2026,2,PHI,NY,89.0,138.0,False,,Draft Kings,2.5,-115.0,-105.0,224.5,-115.0,-105.0,114.0,-135.0,2.5,223.5
401810636,2026-02-12T00:30Z,2026-02-11,2026,2,TOR,DET,95.0,113.0,False,,Draft Kings,-1.5,-102.0,-118.0,223.5,-110.0,-110.0,-115.0,-105.0,1.5,223.5
401810637,2026-02-12T01:00Z,2026-02-11,2026,2,HOU,LAC,102.0,105.0,False,,Draft Kings,-8.5,-118.0,-102.0,212.5,-110.0,-110.0,-325.0,260.0,-8.5,210.5
401810638,2026-02-12T01:00Z,2026-02-11,2026,2,MIN,POR,133.0,109.0,False,,Draft Kings,-7.5,-108.0,-112.0,237.5,-115.0,-105.0,-290.0,235.0,-7.5,235.5
401810639,2026-02-12T01:00Z,2026-02-11,2026,2,NO,MIA,111.0,123.0,False,,Draft Kings,-1.5,-110.0,-110.0,233.5,-108.0,-112.0,-125.0,105.0,-1.5,232.5
401810640,2026-02-12T02:00Z,2026-02-11,2026,2,PHX,OKC,109.0,136.0,False,,Draft Kings,7.5,-102.0,-118.0,211.5,-110.0,-110.0,225.0,-278.0,6.5,217.5
401810641,2026-02-12T02:00Z,2026-02-11,2026,2,UTAH,SAC,121.0,93.0,False,,Draft Kings,-5.5,-112.0,-108.0,229.5,-105.0,-115.0,-205.0,170.0,-6.5,234.5
401810642,2026-02-12T02:00Z,2026-02-11,2026,2,DEN,MEM,122.0,116.0,False,,Draft Kings,-14.5,-105.0,-115.0,239.5,-112.0,-108.0,-675.0,490.0,-13.5,236.5
401810643,2026-02-12T03:00Z,2026-02-11,2026,2,GS,SA,113.0,126.0,False,,Draft Kings,7.5,-115.0,-105.0,220.5,-108.0,-112.0,195.0,-238.0,5.5,216.5
401810644,2026-02-13T00:30Z,2026-02-12,2026,2,OKC,MIL,93.0,110.0,False,,Draft Kings,-13.5,-108.0,-112.0,214.5,-110.0,-110.0,-625.0,455.0,-13.5,216.5
401810645,2026-02-13T02:00Z,2026-02-12,2026,2,UTAH,POR,119.0,135.0,False,,Draft Kings,6.5,-118.0,-102.0,236.5,-110.0,-110.0,190.0,-230.0,7.5,237.5
401810646,2026-02-13T03:00Z,2026-02-12,2026,2,LAL,DAL,124.0,104.0,False,,Draft Kings,-6.5,-105.0,-115.0,237.5,-108.0,-112.0,-258.0,210.0,6.5,234.5
401810647,2026-02-20T00:00Z,2026-02-19,2026,2,CHA,HOU,101.0,105.0,False,,Draft Kings,4.5,-105.0,-115.0,218.5,-108.0,-112.0,160.0,-192.0,2.5,215.5
401810648,2026-02-20T00:00Z,2026-02-19,2026,2,CLE,BKN,112.0,84.0,False,,Draft Kings,-15.5,-115.0,-105.0,229.5,-112.0,-108.0,-1050.0,675.0,-13.5,225.5
401810649,2026-02-20T00:00Z,2026-02-19,2026,2,PHI,ATL,107.0,117.0,False,,Draft Kings,-1.5,-102.0,-118.0,241.5,-110.0,-110.0,-115.0,-105.0,-4.5,235.5
401810650,2026-02-20T00:00Z,2026-02-19,2026,2,WSH,IND,112.0,105.0,False,,Draft Kings,2.5,-118.0,-102.0,233.5,-105.0,-115.0,110.0,-130.0,1.5,233.5
401810651,2026-02-20T00:30Z,2026-02-19,2026,2,NY,DET,111.0,126.0,False,,Draft Kings,-3.5,-115.0,-105.0,218.5,-112.0,-108.0,-162.0,136.0,-2.5,222.5
401810652,2026-02-20T01:00Z,2026-02-19,2026,2,CHI,TOR,101.0,110.0,False,,Draft Kings,6.5,-118.0,-102.0,234.5,-115.0,-105.0,185.0,-225.0,4.5,230.5
401810653,2026-02-20T01:30Z,2026-02-19,2026,2,SA,PHX,121.0,94.0,False,,Draft Kings,-7.5,-120.0,100.0,229.5,-110.0,-110.0,-285.0,230.0,-6.5,225.5
401810654,2026-02-20T03:00Z,2026-02-19,2026,2,GS,BOS,110.0,121.0,False,,Draft Kings,5.5,-108.0,-112.0,211.5,-108.0,-112.0,180.0,-218.0,3.5,223.5
401810655,2026-02-20T03:00Z,2026-02-19,2026,2,SAC,ORL,94.0,131.0,False,,Draft Kings,8.5,-118.0,-102.0,226.5,-110.0,-110.0,275.0,-345.0,10.5,223.5
401810656,2026-02-20T03:30Z,2026-02-19,2026,2,LAC,DEN,115.0,114.0,False,,Draft Kings,4.5,-108.0,-112.0,226.5,-110.0,-110.0,154.0,-185.0,3.5,224.5
401810657,2026-02-21T00:00Z,2026-02-20,2026,2,CHA,CLE,113.0,118.0,False,,Draft Kings,5.5,-108.0,-112.0,229.5,-105.0,-115.0,180.0,-218.0,4.5,235.5
401810658,2026-02-21T00:00Z,2026-02-20,2026,2,WSH,IND,131.0,118.0,False,,Draft Kings,-1.5,-108.0,-112.0,230.5,-108.0,-112.0,-122.0,102.0,2.5,232.5
401810659,2026-02-21T00:00Z,2026-02-20,2026,2,MEM,UTAH,123.0,114.0,False,,Draft Kings,-2.5,-105.0,-115.0,237.5,-110.0,-110.0,-135.0,114.0,-4.5,242.5
401810660,2026-02-21T00:30Z,2026-02-20,2026,2,ATL,MIA,97.0,128.0,False,,Draft Kings,3.5,-115.0,-105.0,243.5,-115.0,-105.0,124.0,-148.0,2.5,242.5
401810661,2026-02-21T00:30Z,2026-02-20,2026,2,MIN,DAL,122.0,111.0,False,,Draft Kings,-13.5,-115.0,-105.0,239.5,-110.0,-110.0,-700.0,500.0,-11.5,235.5
401810662,2026-02-21T01:00Z,2026-02-20,2026,2,NO,MIL,118.0,139.0,False,,Draft Kings,-4.5,-112.0,-108.0,224.5,-105.0,-115.0,-180.0,150.0,-3.5,225.5
401810663,2026-02-21T01:00Z,2026-02-20,2026,2,OKC,BKN,105.0,86.0,False,,Draft Kings,-16.5,-115.0,-105.0,215.5,-108.0,-112.0,-1200.0,750.0,-16.5,211.5
401810665,2026-02-21T03:00Z,2026-02-20,2026,2,POR,DEN,103.0,157.0,False,,Draft Kings,1.5,-112.0,-108.0,241.5,-110.0,-110.0,102.0,-122.0,4.5,237.5
401810664,2026-02-21T03:15Z,2026-02-20,2026,2,LAL,LAC,125.0,122.0,False,,Draft Kings,-7.5,-105.0,-115.0,228.5,-105.0,-115.0,-258.0,210.0,-6.5,224.5
401810666,2026-02-21T22:00Z,2026-02-21,2026,2,PHX,ORL,113.0,110.0,False,,Draft Kings,-3.5,-102.0,-118.0,218.5,-108.0,-112.0,-162.0,136.0,-2.5,220.5
401810667,2026-02-22T00:00Z,2026-02-21,2026,2,NO,PHI,126.0,111.0,False,,Draft Kings,3.5,-105.0,-115.0,235.5,-108.0,-112.0,142.0,-170.0,4.5,229.5
401810668,2026-02-22T01:00Z,2026-02-21,2026,2,MIA,MEM,136.0,120.0,False,,Draft Kings,-11.5,-112.0,-108.0,238.5,-108.0,-112.0,-550.0,410.0,-8.5,238.5
401810669,2026-02-22T01:00Z,2026-02-21,2026,2,CHI,DET,110.0,126.0,False,,Draft Kings,10.5,-105.0,-115.0,234.5,-115.0,-105.0,410.0,-550.0,10.5,229.5
401810670,2026-02-22T01:00Z,2026-02-21,2026,2,SA,SAC,139.0,122.0,False,,Draft Kings,-18.5,-108.0,-112.0,230.5,-110.0,-110.0,-1650.0,950.0,-17.5,226.5
401810671,2026-02-22T01:30Z,2026-02-21,2026,2,NY,HOU,108.0,106.0,False,,Draft Kings,-3.5,-112.0,-108.0,220.5,-110.0,-110.0,-162.0,136.0,-2.5,212.5
401810672,2026-02-22T18:00Z,2026-02-22,2026,2,OKC,CLE,121.0,113.0,False,,Draft Kings,4.5,-118.0,-102.0,228.5,-108.0,-112.0,145.0,-175.0,1.5,223.5
401810673,2026-02-22T20:30Z,2026-02-22,2026,2,ATL,BKN,115.0,104.0,False,,Draft Kings,-9.5,-105.0,-115.0,227.5,-112.0,-108.0,-410.0,320.0,-8.5,230.5
401810674,2026-02-22T20:30Z,2026-02-22,2026,2,MIL,TOR,94.0,122.0,False,,Draft Kings,4.5,-115.0,-105.0,219.5,-105.0,-115.0,136.0,-162.0,3.5,221.5
401810675,2026-02-22T20:30Z,2026-02-22,2026,2,GS,DEN,128.0,117.0,False,,Draft Kings,6.5,-118.0,-102.0,228.5,-108.0,-112.0,195.0,-238.0,5.5,230.5
401810676,2026-02-22T22:00Z,2026-02-22,2026,2,IND,DAL,130.0,134.0,False,,Draft Kings,1.5,-115.0,-105.0,237.5,-110.0,-110.0,-102.0,-118.0,2.5,232.5
401810677,2026-02-22T23:00Z,2026-02-22,2026,2,WSH,CHA,112.0,129.0,False,,Draft Kings,10.5,-110.0,-110.0,223.5,-115.0,-105.0,400.0,-535.0,10.5,228.5
401810678,2026-02-22T23:30Z,2026-02-22,2026,2,LAL,BOS,89.0,111.0,False,,Draft Kings,1.5,-118.0,-102.0,230.5,-105.0,-115.0,-105.0,-115.0,1.5,228.5
401810679,2026-02-23T00:00Z,2026-02-22,2026,2,MIN,PHI,108.0,135.0,False,,Draft Kings,-9.5,-105.0,-115.0,239.5,-108.0,-112.0,-360.0,285.0,-8.5,236.5
401810680,2026-02-23T01:00Z,2026-02-22,2026,2,CHI,NY,99.0,105.0,False,,Draft Kings,9.5,-115.0,-105.0,234.5,-108.0,-112.0,300.0,-380.0,10.5,232.5
401810681,2026-02-23T01:00Z,2026-02-22,2026,2,PHX,POR,77.0,92.0,False,,Draft Kings,3.5,-105.0,-115.0,224.5,-112.0,-108.0,136.0,-162.0,3.5,223.5
401810682,2026-02-23T02:00Z,2026-02-22,2026,2,LAC,ORL,109.0,111.0,False,,Draft Kings,-4.5,-108.0,-112.0,215.5,-108.0,-112.0,-180.0,150.0,-4.5,215.5
401810683,2026-02-24T00:00Z,2026-02-23,2026,2,DET,SA,103.0,114.0,False,,Draft Kings,-1.5,-110.0,-110.0,232.5,-112.0,-108.0,-122.0,102.0,-2.5,227.5
401810684,2026-02-24T01:00Z,2026-02-23,2026,2,MEM,SAC,114.0,123.0,False,,Draft Kings,-2.5,-110.0,-110.0,233.5,-115.0,-105.0,-142.0,120.0,-4.5,232.5
401810685,2026-02-24T02:30Z,2026-02-23,2026,2,HOU,UTAH,125.0,105.0,False,,Draft Kings,-13.5,-108.0,-112.0,228.5,-108.0,-112.0,-850.0,575.0,-15.5,223.5
401810686,2026-02-25T00:00Z,2026-02-24,2026,2,IND,PHI,114.0,135.0,False,,Draft Kings,10.5,-105.0,-115.0,234.5,-110.0,-110.0,400.0,-535.0,6.5,234.5
401810687,2026-02-25T00:30Z,2026-02-24,2026,2,ATL,WSH,119.0,98.0,False,,Draft Kings,-12.5,100.0,-120.0,236.5,-110.0,-110.0,-650.0,470.0,-12.5,237.5
401810688,2026-02-25T00:30Z,2026-02-24,2026,2,BKN,DAL,114.0,123.0,False,,Draft Kings,1.5,-110.0,-110.0,226.5,-110.0,-110.0,100.0,-120.0,1.5,224.5
401810689,2026-02-25T00:30Z,2026-02-24,2026,2,TOR,OKC,107.0,116.0,False,,Draft Kings,-1.5,100.0,-120.0,216.5,-115.0,-105.0,-112.0,-108.0,1.5,218.5
401810690,2026-02-25T00:30Z,2026-02-24,2026,2,CLE,NY,109.0,94.0,False,,Draft Kings,-4.5,-102.0,-118.0,231.5,-110.0,-110.0,-170.0,142.0,-3.5,228.5
401810691,2026-02-25T01:00Z,2026-02-24,2026,2,CHI,CHA,99.0,131.0,False,,Draft Kings,8.5,-122.0,102.0,232.5,-108.0,-112.0,250.0,-310.0,7.5,231.5
401810692,2026-02-25T01:00Z,2026-02-24,2026,2,MIL,MIA,128.0,117.0,False,,Draft Kings,6.5,-112.0,-108.0,229.5,-108.0,-112.0,180.0,-218.0,5.5,227.5
401810693,2026-02-25T01:00Z,2026-02-24,2026,2,NO,GS,113.0,109.0,False,,Draft Kings,1.5,-110.0,-110.0,229.5,-108.0,-112.0,102.0,-122.0,1.5,225.5
401810694,2026-02-25T02:00Z,2026-02-24,2026,2,PHX,BOS,81.0,97.0,False,,Draft Kings,5.5,-112.0,-108.0,207.5,-108.0,-112.0,180.0,-218.0,6.5,211.5
401810696,2026-02-25T03:00Z,2026-02-24,2026,2,POR,MIN,121.0,124.0,False,,Draft Kings,6.5,-115.0,-105.0,234.5,-110.0,-110.0,195.0,-238.0,5.5,237.5
401810695,2026-02-25T03:30Z,2026-02-24,2026,2,LAL,ORL,109.0,110.0,False,,Draft Kings,-6.5,-110.0,-110.0,228.5,-110.0,-110.0,-245.0,200.0,-6.5,226.5
401810697,2026-02-26T00:30Z,2026-02-25,2026,2,DET,OKC,124.0,116.0,False,,Draft Kings,-10.5,-110.0,-110.0,220.5,-115.0,-105.0,-440.0,340.0,-5.5,217.5
401810698,2026-02-26T00:30Z,2026-02-25,2026,2,TOR,SA,107.0,110.0,False,,Draft Kings,5.5,-108.0,-112.0,230.5,-110.0,-110.0,180.0,-218.0,6.5,228.5
401810699,2026-02-26T00:30Z,2026-02-25,2026,2,MEM,GS,112.0,133.0,False,,Draft Kings,3.5,-105.0,-115.0,227.5,-105.0,-115.0,150.0,-180.0,2.5,226.5
401810700,2026-02-26T01:00Z,2026-02-25,2026,2,HOU,SAC,128.0,97.0,False,,Draft Kings,-13.5,-115.0,-105.0,222.5,-110.0,-110.0,-850.0,575.0,-15.5,221.5
401810701,2026-02-26T01:00Z,2026-02-25,2026,2,MIL,CLE,118.0,116.0,False,,Draft Kings,3.5,-118.0,-102.0,220.5,-110.0,-110.0,130.0,-155.0,8.5,227.5
401810702,2026-02-26T03:00Z,2026-02-25,2026,2,DEN,BOS,103.0,84.0,False,,Draft Kings,-3.5,-110.0,-110.0,228.5,-108.0,-112.0,-155.0,130.0,-3.5,228.5
401810703,2026-02-27T00:00Z,2026-02-26,2026,2,IND,CHA,109.0,133.0,False,,Draft Kings,12.5,-108.0,-112.0,229.5,-108.0,-112.0,490.0,-675.0,12.5,230.5
401810704,2026-02-27T00:00Z,2026-02-26,2026,2,PHI,MIA,124.0,117.0,False,,Draft Kings,-2.5,-105.0,-115.0,240.5,-110.0,-110.0,-135.0,114.0,-2.5,237.5
401810705,2026-02-27T00:30Z,2026-02-26,2026,2,ATL,WSH,126.0,96.0,False,,Draft Kings,-10.5,-105.0,-115.0,236.5,-105.0,-115.0,-520.0,390.0,-12.5,233.5
401810706,2026-02-27T00:30Z,2026-02-26,2026,2,BKN,SA,110.0,126.0,False,,Draft Kings,10.5,-105.0,-115.0,223.5,-110.0,-110.0,425.0,-575.0,13.5,224.5
401810707,2026-02-27T00:30Z,2026-02-26,2026,2,ORL,HOU,108.0,113.0,False,,Draft Kings,2.5,-115.0,-105.0,214.5,-105.0,-115.0,120.0,-142.0,1.5,215.5
401810708,2026-02-27T01:00Z,2026-02-26,2026,2,CHI,POR,112.0,121.0,False,,Draft Kings,3.5,-105.0,-115.0,235.5,-105.0,-115.0,142.0,-170.0,3.5,235.5
401810709,2026-02-27T01:30Z,2026-02-26,2026,2,DAL,SAC,121.0,130.0,False,,Draft Kings,-7.5,-115.0,-105.0,236.5,-115.0,-105.0,-310.0,250.0,-6.5,232.5
401810710,2026-02-27T02:00Z,2026-02-26,2026,2,PHX,LAL,113.0,110.0,False,,Draft Kings,5.5,-108.0,-112.0,223.5,-105.0,-115.0,180.0,-218.0,4.5,217.5
401810711,2026-02-27T02:00Z,2026-02-26,2026,2,UTAH,NO,118.0,129.0,False,,Draft Kings,6.5,-115.0,-105.0,245.5,-115.0,-105.0,195.0,-238.0,3.5,240.5
401810712,2026-02-27T03:00Z,2026-02-26,2026,2,LAC,MIN,88.0,94.0,False,,Draft Kings,8.5,-108.0,-112.0,220.5,-108.0,-112.0,275.0,-345.0,3.5,225.5
401810713,2026-02-28T00:00Z,2026-02-27,2026,2,DET,CLE,122.0,119.0,False,,Draft Kings,-8.5,-115.0,-105.0,227.5,-110.0,-110.0,-340.0,270.0,-7.5,224.5
401810714,2026-02-28T00:30Z,2026-02-27,2026,2,BOS,BKN,148.0,111.0,False,,Draft Kings,-16.5,-115.0,-105.0,208.5,-110.0,-110.0,-1350.0,800.0,-16.5,209.5
401810715,2026-02-28T01:00Z,2026-02-27,2026,2,MIL,NY,98.0,127.0,False,,Draft Kings,8.5,-112.0,-108.0,219.5,-105.0,-115.0,240.0,-298.0,8.5,221.5
401810716,2026-02-28T01:30Z,2026-02-27,2026,2,DAL,MEM,105.0,124.0,False,,Draft Kings,-4.5,-115.0,-105.0,241.5,-108.0,-112.0,-198.0,164.0,-5.5,235.5
401810717,2026-02-28T02:47Z,2026-02-27,2026,2,OKC,DEN,127.0,121.0,False,,Draft Kings,-6.5,-112.0,-108.0,234.5,-115.0,-105.0,-250.0,205.0,-8.5,230.5
401810718,2026-02-28T18:00Z,2026-02-28,2026,2,CHA,POR,109.0,93.0,False,,Draft Kings,-6.5,-110.0,-110.0,228.5,-110.0,-110.0,-270.0,220.0,-7.5,229.5
401810719,2026-02-28T20:30Z,2026-02-28,2026,2,MIA,HOU,115.0,105.0,False,,Draft Kings,2.5,-110.0,-110.0,226.5,-110.0,-110.0,120.0,-142.0,4.5,224.5
401810720,2026-03-01T00:00Z,2026-02-28,2026,2,WSH,TOR,125.0,134.0,False,,Draft Kings,13.5,-105.0,-115.0,229.5,-108.0,-112.0,600.0,-900.0,14.5,227.5
401810721,2026-03-01T01:30Z,2026-02-28,2026,2,GS,LAL,101.0,129.0,False,,Draft Kings,3.5,-108.0,-112.0,225.5,-110.0,-110.0,140.0,-166.0,2.5,224.5
401810722,2026-03-01T02:30Z,2026-02-28,2026,2,UTAH,NO,105.0,115.0,False,,Draft Kings,5.5,-115.0,-105.0,244.5,-112.0,-108.0,180.0,-218.0,6.5,243.5
401810723,2026-03-01T18:00Z,2026-03-01,2026,2,NY,SA,114.0,89.0,False,,Draft Kings,1.5,-115.0,-105.0,227.5,-110.0,-110.0,-102.0,-118.0,1.5,228.5
401810724,2026-03-01T20:30Z,2026-03-01,2026,2,BKN,CLE,102.0,106.0,False,,Draft Kings,12.5,-115.0,-105.0,224.5,-108.0,-112.0,440.0,-600.0,11.5,223.5
401810725,2026-03-01T20:30Z,2026-03-01,2026,2,CHI,MIL,120.0,97.0,False,,Draft Kings,2.5,-112.0,-108.0,231.5,-108.0,-112.0,114.0,-135.0,3.5,227.5
401810726,2026-03-01T20:30Z,2026-03-01,2026,2,DEN,MIN,108.0,117.0,False,,Draft Kings,-2.5,-115.0,-105.0,240.5,-110.0,-110.0,-142.0,120.0,-1.5,238.5
401810727,2026-03-01T22:00Z,2026-03-01,2026,2,IND,MEM,106.0,125.0,False,,Draft Kings,-1.5,102.0,-122.0,236.5,-112.0,-108.0,-108.0,-112.0,-1.5,237.5
401810728,2026-03-01T23:00Z,2026-03-01,2026,2,ATL,POR,135.0,101.0,False,,Draft Kings,-6.5,-110.0,-110.0,235.5,-112.0,-108.0,-230.0,190.0,-6.5,238.5
401810730,2026-03-01T23:00Z,2026-03-01,2026,2,ORL,DET,92.0,106.0,False,,Draft Kings,5.5,-115.0,-105.0,224.5,-112.0,-108.0,170.0,-205.0,6.5,220.5
401810729,2026-03-02T01:00Z,2026-03-01,2026,2,BOS,PHI,114.0,98.0,False,,Draft Kings,-8.5,-115.0,-105.0,219.5,-115.0,-105.0,-345.0,275.0,-8.5,223.5
401810731,2026-03-02T01:00Z,2026-03-01,2026,2,DAL,OKC,87.0,100.0,False,,Draft Kings,16.5,-115.0,-105.0,236.5,-108.0,-112.0,750.0,-1200.0,15.5,231.5
401810732,2026-03-02T02:00Z,2026-03-01,2026,2,LAC,NO,137.0,117.0,False,,Draft Kings,-8.5,-112.0,-108.0,222.5,-110.0,-110.0,-340.0,270.0,-6.5,226.5
401810733,2026-03-02T02:30Z,2026-03-01,2026,2,LAL,SAC,128.0,104.0,False,,Draft Kings,-12.5,-120.0,100.0,235.5,-110.0,-110.0,-750.0,525.0,-13.5,231.5
401810734,2026-03-03T00:00Z,2026-03-02,2026,2,WSH,HOU,118.0,123.0,False,,Draft Kings,14.5,-110.0,-110.0,224.5,-115.0,-105.0,650.0,-1000.0,16.5,221.5
401810735,2026-03-03T00:30Z,2026-03-02,2026,2,MIL,BOS,81.0,108.0,False,,Draft Kings,2.5,-115.0,-105.0,216.5,-105.0,-115.0,114.0,-135.0,7.5,215.5
401810736,2026-03-03T02:00Z,2026-03-02,2026,2,UTAH,DEN,125.0,128.0,False,,Draft Kings,11.5,-110.0,-110.0,242.5,-110.0,-110.0,425.0,-575.0,11.5,241.5
401810737,2026-03-03T03:00Z,2026-03-02,2026,2,GS,LAC,101.0,114.0,False,,Draft Kings,1.5,-120.0,100.0,216.5,-108.0,-112.0,-108.0,-112.0,1.5,219.5
401810738,2026-03-04T00:00Z,2026-03-03,2026,2,CHA,DAL,117.0,90.0,False,,Draft Kings,-13.5,-110.0,-110.0,226.5,-110.0,-110.0,-675.0,490.0,-11.5,229.5
401810739,2026-03-04T00:00Z,2026-03-03,2026,2,CLE,DET,113.0,109.0,False,,Draft Kings,2.5,-108.0,-112.0,227.5,-120.0,100.0,120.0,-142.0,1.5,227.5
401810740,2026-03-04T00:00Z,2026-03-03,2026,2,ORL,WSH,126.0,109.0,False,,Draft Kings,-15.5,-115.0,-105.0,228.5,-105.0,-115.0,-1350.0,800.0,-15.5,227.5
401810741,2026-03-04T00:30Z,2026-03-03,2026,2,MIA,BKN,124.0,98.0,False,,Draft Kings,-12.5,-115.0,-105.0,225.5,-115.0,-105.0,-675.0,490.0,-13.5,226.5
401810742,2026-03-04T00:30Z,2026-03-03,2026,2,TOR,NY,95.0,111.0,False,,Draft Kings,2.5,-105.0,-115.0,221.5,-115.0,-105.0,124.0,-148.0,1.5,223.5
401810743,2026-03-04T01:00Z,2026-03-03,2026,2,PHI,SA,91.0,131.0,False,,Draft Kings,7.5,-105.0,-115.0,231.5,-110.0,-110.0,245.0,-305.0,5.5,231.5
401810744,2026-03-04T01:00Z,2026-03-03,2026,2,CHI,OKC,108.0,116.0,False,,Draft Kings,9.5,-115.0,-105.0,231.5,-110.0,-110.0,300.0,-380.0,11.5,228.5
401810745,2026-03-04T01:00Z,2026-03-03,2026,2,MIN,MEM,117.0,110.0,False,,Draft Kings,-14.5,-108.0,-112.0,235.5,-110.0,-110.0,-800.0,550.0,-14.5,239.5
401810746,2026-03-04T03:30Z,2026-03-03,2026,2,LAL,NO,110.0,101.0,False,,Draft Kings,-7.5,-115.0,-105.0,242.5,-110.0,-110.0,-325.0,260.0,-10.5,236.5
401810747,2026-03-04T04:00Z,2026-03-03,2026,2,SAC,PHX,103.0,114.0,False,,Draft Kings,9.5,-115.0,-105.0,224.5,-102.0,-118.0,285.0,-360.0,10.5,227.5
401810748,2026-03-05T00:00Z,2026-03-04,2026,2,NY,OKC,100.0,103.0,False,,Draft Kings,4.5,-115.0,-105.0,221.5,-115.0,-105.0,150.0,-180.0,3.5,222.5
401810749,2026-03-05T00:30Z,2026-03-04,2026,2,BOS,CHA,89.0,118.0,False,,Draft Kings,-6.5,-115.0,-105.0,214.5,-115.0,-105.0,-250.0,205.0,-5.5,216.5
401810750,2026-03-05T00:30Z,2026-03-04,2026,2,PHI,UTAH,106.0,102.0,False,,Draft Kings,-7.5,-102.0,-118.0,238.5,-105.0,-115.0,-325.0,260.0,-9.5,241.5
401810751,2026-03-05T01:00Z,2026-03-04,2026,2,MEM,POR,114.0,122.0,False,,Draft Kings,9.5,-108.0,-112.0,231.5,-108.0,-112.0,310.0,-395.0,7.5,236.5
401810752,2026-03-05T02:30Z,2026-03-04,2026,2,MIL,ATL,113.0,131.0,False,,Draft Kings,-1.5,-102.0,-118.0,232.5,-110.0,-110.0,-115.0,-105.0,-1.5,230.5
401810753,2026-03-05T03:30Z,2026-03-04,2026,2,LAC,IND,130.0,107.0,False,,Draft Kings,-11.5,-110.0,-110.0,230.5,-108.0,-112.0,-650.0,470.0,-12.5,224.5
401810754,2026-03-06T00:00Z,2026-03-05,2026,2,ORL,DAL,115.0,114.0,False,,Draft Kings,-7.5,-120.0,100.0,230.5,-108.0,-112.0,-325.0,260.0,-8.5,227.5
401810755,2026-03-06T00:00Z,2026-03-05,2026,2,WSH,UTAH,112.0,122.0,False,,Draft Kings,-3.5,-115.0,-105.0,240.5,-110.0,-110.0,-166.0,140.0,-2.5,242.5
401810756,2026-03-06T00:30Z,2026-03-05,2026,2,MIA,BKN,126.0,110.0,False,,Draft Kings,-12.5,-112.0,-108.0,225.5,-110.0,-110.0,-800.0,550.0,-13.5,225.5
401810757,2026-03-06T00:30Z,2026-03-05,2026,2,HOU,GS,113.0,115.0,False,,Draft Kings,-9.5,-112.0,-108.0,214.5,-110.0,-110.0,-395.0,310.0,-8.5,214.5
401810758,2026-03-06T01:00Z,2026-03-05,2026,2,MIN,TOR,115.0,107.0,False,,Draft Kings,-4.5,-118.0,-102.0,226.5,-108.0,-112.0,-218.0,180.0,-6.5,228.5
401810759,2026-03-06T01:00Z,2026-03-05,2026,2,SA,DET,121.0,106.0,False,,Draft Kings,-2.5,-115.0,-105.0,227.5,-110.0,-110.0,-148.0,124.0,-2.5,227.5
401810760,2026-03-06T02:00Z,2026-03-05,2026,2,PHX,CHI,103.0,105.0,False,,Draft Kings,-10.5,-118.0,-102.0,224.5,-115.0,-105.0,-600.0,440.0,-10.5,225.5
401810761,2026-03-06T03:00Z,2026-03-05,2026,2,DEN,LAL,120.0,113.0,False,,Draft Kings,-3.5,-115.0,-105.0,240.5,-108.0,-112.0,-170.0,142.0,-4.5,238.5
401810762,2026-03-06T03:00Z,2026-03-05,2026,2,SAC,NO,123.0,133.0,False,,Draft Kings,6.5,-105.0,-115.0,236.5,-105.0,-115.0,215.0,-265.0,4.5,231.5
401810763,2026-03-07T00:00Z,2026-03-06,2026,2,BOS,DAL,120.0,100.0,False,,Draft Kings,-15.5,-108.0,-112.0,226.5,-112.0,-108.0,-1200.0,750.0,-15.5,225.5
401810764,2026-03-07T00:00Z,2026-03-06,2026,2,CHA,MIA,120.0,128.0,False,,Draft Kings,-7.5,-108.0,-112.0,229.5,-112.0,-108.0,-298.0,240.0,-6.5,230.5
401810765,2026-03-07T01:00Z,2026-03-06,2026,2,HOU,POR,106.0,99.0,False,,Draft Kings,-6.5,-108.0,-112.0,220.5,-112.0,-108.0,-265.0,215.0,-7.5,223.5
401810766,2026-03-07T02:00Z,2026-03-06,2026,2,DEN,NY,103.0,142.0,False,,Draft Kings,-1.5,-102.0,-118.0,229.5,-110.0,-110.0,-115.0,-105.0,1.5,232.5
401810767,2026-03-07T02:00Z,2026-03-06,2026,2,PHX,NO,118.0,116.0,False,,Draft Kings,-3.5,-115.0,-105.0,228.5,-108.0,-112.0,-175.0,145.0,-5.5,225.5
401810768,2026-03-07T02:30Z,2026-03-06,2026,2,SA,LAC,116.0,112.0,False,,Draft Kings,-7.5,-105.0,-115.0,221.5,-108.0,-112.0,-278.0,225.0,-8.5,223.5
401810769,2026-03-07T03:30Z,2026-03-06,2026,2,LAL,IND,128.0,117.0,False,,Draft Kings,-9.5,-102.0,-118.0,235.5,-108.0,-112.0,-410.0,320.0,-10.5,235.5
401810770,2026-03-07T20:00Z,2026-03-07,2026,2,MIN,ORL,92.0,119.0,False,,Draft Kings,-6.5,-115.0,-105.0,224.5,-110.0,-110.0,-265.0,215.0,-7.5,226.5
401810771,2026-03-07T23:00Z,2026-03-07,2026,2,DET,BKN,105.0,107.0,False,,Draft Kings,-13.5,-110.0,-110.0,214.5,-110.0,-110.0,-800.0,550.0,-13.5,214.5
401810772,2026-03-07T23:00Z,2026-03-07,2026,2,ATL,PHI,125.0,116.0,False,,Draft Kings,-6.5,-112.0,-108.0,234.5,-105.0,-115.0,-278.0,225.0,-4.5,232.5
401810773,2026-03-08T01:00Z,2026-03-07,2026,2,MEM,LAC,120.0,123.0,False,,Draft Kings,7.5,-108.0,-112.0,229.5,-108.0,-112.0,245.0,-305.0,6.5,227.5
401810774,2026-03-08T01:00Z,2026-03-07,2026,2,MIL,UTAH,113.0,99.0,False,,Draft Kings,-9.5,-105.0,-115.0,230.5,-112.0,-108.0,-440.0,340.0,-9.5,234.5
401810775,2026-03-08T01:30Z,2026-03-07,2026,2,OKC,GS,104.0,97.0,False,,Draft Kings,-11.5,-115.0,-105.0,219.5,-112.0,-108.0,-625.0,455.0,-15.5,219.5
401810776,2026-03-08T17:00Z,2026-03-08,2026,2,CLE,BOS,98.0,109.0,False,,Draft Kings,-1.5,-108.0,-112.0,224.5,-105.0,-115.0,-120.0,100.0,1.5,225.5
401810777,2026-03-08T19:30Z,2026-03-08,2026,2,LAL,NY,110.0,97.0,False,,Draft Kings,5.5,-112.0,-108.0,226.5,-108.0,-112.0,164.0,-198.0,3.5,228.5
401810778,2026-03-08T22:00Z,2026-03-08,2026,2,MIA,DET,121.0,110.0,False,,Draft Kings,1.5,-118.0,-102.0,230.5,-115.0,-105.0,-105.0,-115.0,1.5,228.5
401810779,2026-03-08T22:00Z,2026-03-08,2026,2,TOR,DAL,122.0,92.0,False,,Draft Kings,-9.5,-118.0,-102.0,233.5,-110.0,-110.0,-395.0,310.0,-9.5,227.5
401810780,2026-03-08T23:00Z,2026-03-08,2026,2,NO,WSH,138.0,118.0,False,,Draft Kings,-11.5,-112.0,-108.0,244.5,-110.0,-110.0,-535.0,400.0,-8.5,239.5
401810781,2026-03-09T00:00Z,2026-03-08,2026,2,MIL,ORL,91.0,130.0,False,,Draft Kings,6.5,-115.0,-105.0,216.5,-112.0,-108.0,185.0,-225.0,1.5,221.5
401810782,2026-03-09T00:00Z,2026-03-08,2026,2,SA,HOU,145.0,120.0,False,,Draft Kings,-5.5,-118.0,-102.0,223.5,-105.0,-115.0,-230.0,190.0,-4.5,223.5
401810784,2026-03-09T01:00Z,2026-03-08,2026,2,POR,IND,131.0,111.0,False,,Draft Kings,-9.5,-102.0,-118.0,238.5,-105.0,-115.0,-410.0,320.0,-7.5,236.5
401810785,2026-03-09T01:00Z,2026-03-08,2026,2,SAC,CHI,126.0,110.0,False,,Draft Kings,4.5,-110.0,-110.0,236.5,-108.0,-112.0,170.0,-205.0,3.5,235.5
401810783,2026-03-09T02:00Z,2026-03-08,2026,2,PHX,CHA,111.0,99.0,False,,Draft Kings,4.5,-105.0,-115.0,218.5,-110.0,-110.0,170.0,-205.0,3.5,219.5
401810786,2026-03-09T23:00Z,2026-03-09,2026,2,CLE,PHI,115.0,101.0,False,,Draft Kings,-14.5,-105.0,-115.0,226.5,-110.0,-110.0,-850.0,575.0,-10.5,225.5
401810787,2026-03-09T23:30Z,2026-03-09,2026,2,BKN,MEM,126.0,115.0,False,,Draft Kings,-1.5,-110.0,-110.0,220.5,-105.0,-115.0,-122.0,102.0,1.5,223.5
401810788,2026-03-09T23:30Z,2026-03-09,2026,2,OKC,DEN,129.0,126.0,False,,Draft Kings,-3.5,-112.0,-108.0,237.5,-110.0,-110.0,-155.0,130.0,-7.5,231.5
401810789,2026-03-10T01:00Z,2026-03-09,2026,2,UTAH,GS,119.0,116.0,False,,Draft Kings,6.5,-110.0,-110.0,224.5,-110.0,-110.0,215.0,-265.0,5.5,228.5
401810790,2026-03-10T02:00Z,2026-03-09,2026,2,LAC,NY,126.0,118.0,False,,Draft Kings,1.5,-108.0,-112.0,220.5,-112.0,-108.0,110.0,-130.0,1.5,220.5
401810791,2026-03-10T23:00Z,2026-03-10,2026,2,PHI,MEM,139.0,129.0,False,,Draft Kings,-4.5,-110.0,-110.0,229.5,-108.0,-112.0,-192.0,160.0,-5.5,229.5
401810792,2026-03-10T23:30Z,2026-03-10,2026,2,BKN,DET,100.0,138.0,False,,Draft Kings,15.5,-118.0,-102.0,216.5,-105.0,-115.0,700.0,-1100.0,14.5,216.5
401810793,2026-03-10T23:30Z,2026-03-10,2026,2,MIA,WSH,150.0,129.0,False,,Draft Kings,-15.5,-115.0,-105.0,235.5,-115.0,-105.0,-1200.0,750.0,-15.5,241.5
401810794,2026-03-10T23:30Z,2026-03-10,2026,2,ATL,DAL,124.0,112.0,False,,Draft Kings,-9.5,-115.0,-105.0,240.5,-112.0,-108.0,-425.0,330.0,-8.5,238.5
401810795,2026-03-11T00:00Z,2026-03-10,2026,2,HOU,TOR,113.0,99.0,False,,Draft Kings,-4.5,-108.0,-112.0,220.5,-105.0,-115.0,-192.0,160.0,-5.5,218.5
401810796,2026-03-11T00:00Z,2026-03-10,2026,2,MIL,PHX,114.0,129.0,False,,Draft Kings,2.5,-120.0,100.0,219.5,-105.0,-115.0,110.0,-130.0,2.5,218.5
401810797,2026-03-11T00:00Z,2026-03-10,2026,2,SA,BOS,125.0,116.0,False,,Draft Kings,-3.5,-115.0,-105.0,221.5,-105.0,-115.0,-162.0,136.0,-2.5,223.5
401810798,2026-03-11T02:00Z,2026-03-10,2026,2,GS,CHI,124.0,130.0,False,,Draft Kings,-6.5,-105.0,-115.0,227.5,-108.0,-112.0,-238.0,195.0,-5.5,229.5
401810799,2026-03-11T02:00Z,2026-03-10,2026,2,POR,CHA,101.0,103.0,False,,Draft Kings,3.5,-118.0,-102.0,227.5,-112.0,-108.0,130.0,-155.0,3.5,229.5
401810800,2026-03-11T02:00Z,2026-03-10,2026,2,SAC,IND,114.0,109.0,False,,Draft Kings,-3.5,-105.0,-115.0,236.5,-112.0,-108.0,-162.0,136.0,-3.5,234.5
401810801,2026-03-11T03:00Z,2026-03-10,2026,2,LAL,MIN,120.0,106.0,False,,Draft Kings,2.5,-105.0,-115.0,229.5,-110.0,-110.0,120.0,-142.0,1.5,232.5
401810802,2026-03-11T23:30Z,2026-03-11,2026,2,ORL,CLE,128.0,122.0,False,,Draft Kings,3.5,-115.0,-105.0,226.5,-112.0,-108.0,130.0,-155.0,2.5,225.5
401810803,2026-03-12T00:00Z,2026-03-11,2026,2,NO,TOR,122.0,111.0,False,,Draft Kings,2.5,-110.0,-110.0,235.5,-112.0,-108.0,120.0,-142.0,1.5,232.5
401810804,2026-03-12T01:00Z,2026-03-11,2026,2,UTAH,NY,117.0,134.0,False,,Draft Kings,13.5,-105.0,-115.0,231.5,-110.0,-110.0,650.0,-1000.0,12.5,230.5
401810805,2026-03-12T02:00Z,2026-03-11,2026,2,DEN,HOU,129.0,93.0,False,,Draft Kings,-6.5,-115.0,-105.0,232.5,-108.0,-112.0,-265.0,215.0,-5.5,227.5
401810806,2026-03-12T02:00Z,2026-03-11,2026,2,SAC,CHA,109.0,117.0,False,,Draft Kings,14.5,-105.0,-115.0,224.5,-108.0,-112.0,650.0,-1000.0,12.5,227.5
401810807,2026-03-12T02:30Z,2026-03-11,2026,2,LAC,MIN,153.0,128.0,False,,Draft Kings,-1.5,-105.0,-115.0,226.5,-112.0,-108.0,-115.0,-105.0,-1.5,225.5
401810808,2026-03-12T23:00Z,2026-03-12,2026,2,DET,PHI,131.0,109.0,False,,Draft Kings,-14.5,-108.0,-112.0,224.5,-105.0,-115.0,-1050.0,675.0,-14.5,219.5
401810809,2026-03-12T23:00Z,2026-03-12,2026,2,IND,PHX,108.0,123.0,False,,Draft Kings,9.5,-118.0,-102.0,222.5,-115.0,-105.0,320.0,-410.0,8.5,225.5
401810810,2026-03-12T23:00Z,2026-03-12,2026,2,ORL,WSH,136.0,131.0,False,,Draft Kings,-14.5,100.0,-120.0,236.5,-108.0,-112.0,-950.0,625.0,-14.5,229.5
401810811,2026-03-12T23:30Z,2026-03-12,2026,2,ATL,BKN,108.0,97.0,False,,Draft Kings,-15.5,-110.0,-110.0,226.5,-110.0,-110.0,-1200.0,750.0,-13.5,226.5
401810812,2026-03-12T23:30Z,2026-03-12,2026,2,MIA,MIL,112.0,105.0,False,,Draft Kings,-5.5,-108.0,-112.0,233.5,-110.0,-110.0,-218.0,180.0,-5.5,228.5
401810966,2026-03-13T00:00Z,2026-03-12,2026,2,MEM,DAL,112.0,120.0,False,,Draft Kings,5.5,-112.0,-108.0,239.5,-105.0,-115.0,180.0,-218.0,4.5,235.5
401810813,2026-03-13T01:00Z,2026-03-12,2026,2,SA,DEN,131.0,136.0,False,,Draft Kings,-3.5,-108.0,-112.0,241.5,-110.0,-110.0,-155.0,130.0,-4.5,234.5
401810814,2026-03-13T01:30Z,2026-03-12,2026,2,OKC,BOS,104.0,102.0,False,,Draft Kings,-8.5,-110.0,-110.0,216.5,-112.0,-108.0,-345.0,275.0,-6.5,216.5
401810815,2026-03-13T02:30Z,2026-03-12,2026,2,LAL,CHI,142.0,130.0,False,,Draft Kings,-10.5,-115.0,-105.0,240.5,-110.0,-110.0,-575.0,425.0,-10.5,232.5
401810816,2026-03-13T23:30Z,2026-03-13,2026,2,DET,MEM,126.0,110.0,False,,Draft Kings,-16.5,-110.0,-110.0,233.5,-108.0,-112.0,-1600.0,900.0,-15.5,230.5
401810817,2026-03-13T23:30Z,2026-03-13,2026,2,IND,NY,92.0,101.0,False,,Draft Kings,12.5,-110.0,-110.0,228.5,-108.0,-112.0,490.0,-675.0,12.5,227.5
401810818,2026-03-13T23:30Z,2026-03-13,2026,2,TOR,PHX,122.0,115.0,False,,Draft Kings,-5.5,-112.0,-108.0,221.5,-105.0,-115.0,-205.0,170.0,-3.5,218.5
401810820,2026-03-13T23:30Z,2026-03-13,2026,2,DAL,CLE,105.0,138.0,False,,Draft Kings,13.5,-118.0,-102.0,236.5,-112.0,-108.0,500.0,-700.0,12.5,231.5
401810819,2026-03-14T00:00Z,2026-03-13,2026,2,HOU,NO,107.0,105.0,False,,Draft Kings,-5.5,-112.0,-108.0,230.5,-112.0,-108.0,-225.0,185.0,-6.5,225.5
401810821,2026-03-14T02:00Z,2026-03-13,2026,2,GS,MIN,117.0,127.0,False,,Draft Kings,4.5,-105.0,-115.0,224.5,-105.0,-115.0,170.0,-205.0,6.5,228.5
401810822,2026-03-14T02:00Z,2026-03-13,2026,2,POR,UTAH,124.0,114.0,False,,Draft Kings,-15.5,-115.0,-105.0,235.5,-108.0,-112.0,-1200.0,750.0,-12.5,235.5
401810823,2026-03-14T02:30Z,2026-03-13,2026,2,LAC,CHI,119.0,108.0,False,,Draft Kings,-13.5,-110.0,-110.0,235.5,-108.0,-112.0,-850.0,575.0,-11.5,234.5
401810824,2026-03-14T17:00Z,2026-03-14,2026,2,PHI,BKN,104.0,97.0,False,,Draft Kings,-8.5,-110.0,-110.0,217.5,-112.0,-108.0,-380.0,300.0,-9.5,215.5
401810825,2026-03-14T19:00Z,2026-03-14,2026,2,ATL,MIL,122.0,99.0,False,,Draft Kings,-11.5,-105.0,-115.0,228.5,-110.0,-110.0,-500.0,380.0,-7.5,231.5
401810828,2026-03-14T19:30Z,2026-03-14,2026,2,SA,CHA,115.0,102.0,False,,Draft Kings,-6.5,-102.0,-118.0,232.5,-110.0,-110.0,-245.0,200.0,-5.5,228.5
401810826,2026-03-14T22:00Z,2026-03-14,2026,2,BOS,WSH,111.0,100.0,False,,Draft Kings,-20.5,-110.0,-110.0,232.5,-115.0,-105.0,-2400.0,1200.0,-19.5,227.5
401810827,2026-03-15T00:00Z,2026-03-14,2026,2,MIA,ORL,117.0,121.0,False,,Draft Kings,-4.5,-112.0,-108.0,236.5,-108.0,-112.0,-185.0,154.0,-2.5,235.5
401810829,2026-03-15T00:30Z,2026-03-14,2026,2,LAL,DEN,127.0,125.0,False,,Draft Kings,1.5,-105.0,-115.0,244.5,-115.0,-105.0,102.0,-122.0,1.5,240.5
401810830,2026-03-15T02:30Z,2026-03-14,2026,2,LAC,SAC,109.0,118.0,False,,Draft Kings,-13.5,-115.0,-105.0,231.5,-110.0,-110.0,-950.0,625.0,-13.5,230.5
401810831,2026-03-15T17:00Z,2026-03-15,2026,2,OKC,MIN,116.0,103.0,False,,Draft Kings,-8.5,-118.0,-102.0,227.5,-115.0,-105.0,-380.0,300.0,-8.5,225.5
401810832,2026-03-15T19:30Z,2026-03-15,2026,2,CLE,DAL,120.0,130.0,False,,Draft Kings,-14.5,-112.0,-108.0,233.5,-115.0,-105.0,-1200.0,750.0,-16.5,239.5
401810833,2026-03-15T19:30Z,2026-03-15,2026,2,TOR,DET,119.0,108.0,False,,Draft Kings,3.5,-118.0,-102.0,224.5,-110.0,-110.0,130.0,-155.0,4.5,220.5
401810834,2026-03-15T19:30Z,2026-03-15,2026,2,MIL,IND,134.0,123.0,False,,Draft Kings,-7.5,-115.0,-105.0,227.5,-110.0,-110.0,-298.0,240.0,-6.5,228.5
401810835,2026-03-15T22:00Z,2026-03-15,2026,2,PHI,POR,109.0,103.0,False,,Draft Kings,8.5,-115.0,-105.0,228.5,-110.0,-110.0,270.0,-340.0,6.5,229.5
401810836,2026-03-16T00:00Z,2026-03-15,2026,2,NY,GS,110.0,107.0,False,,Draft Kings,-14.5,-115.0,-105.0,218.5,-112.0,-108.0,-950.0,625.0,-13.5,216.5
401810837,2026-03-16T02:00Z,2026-03-15,2026,2,SAC,UTAH,116.0,111.0,False,,Draft Kings,-3.5,-110.0,-110.0,230.5,-112.0,-108.0,-162.0,136.0,-2.5,232.5
401810838,2026-03-16T23:00Z,2026-03-16,2026,2,ATL,ORL,124.0,112.0,False,,Draft Kings,-3.5,-108.0,-112.0,232.5,-105.0,-115.0,-155.0,130.0,-1.5,231.5
401810839,2026-03-16T23:00Z,2026-03-16,2026,2,WSH,GS,117.0,125.0,False,,Draft Kings,7.5,-110.0,-110.0,234.5,-110.0,-110.0,250.0,-310.0,6.5,230.5
401810840,2026-03-16T23:30Z,2026-03-16,2026,2,BKN,POR,95.0,114.0,False,,Draft Kings,10.5,-105.0,-115.0,221.5,-108.0,-112.0,390.0,-520.0,10.5,222.5
401810841,2026-03-16T23:30Z,2026-03-16,2026,2,BOS,PHX,120.0,112.0,False,,Draft Kings,-8.5,-115.0,-105.0,216.5,-110.0,-110.0,-375.0,295.0,-9.5,214.5
401810842,2026-03-17T00:00Z,2026-03-16,2026,2,CHI,MEM,132.0,107.0,False,,Draft Kings,-7.5,-105.0,-115.0,243.5,-112.0,-108.0,-278.0,225.0,-4.5,239.5
401810843,2026-03-17T00:00Z,2026-03-16,2026,2,NO,DAL,129.0,111.0,False,,Draft Kings,-8.5,-115.0,-105.0,240.5,-110.0,-110.0,-340.0,270.0,-7.5,235.5
401810844,2026-03-17T01:30Z,2026-03-16,2026,2,HOU,LAL,92.0,100.0,False,,Draft Kings,1.5,-118.0,-102.0,223.5,-108.0,-112.0,-102.0,-118.0,-1.5,223.5
401810845,2026-03-17T02:00Z,2026-03-16,2026,2,LAC,SA,115.0,119.0,False,,Draft Kings,8.5,-120.0,100.0,234.5,-110.0,-110.0,270.0,-340.0,6.5,223.5
401810846,2026-03-17T23:00Z,2026-03-17,2026,2,CHA,MIA,136.0,106.0,False,,Draft Kings,-5.5,-105.0,-115.0,236.5,-115.0,-105.0,-205.0,170.0,-3.5,233.5
401810847,2026-03-17T23:00Z,2026-03-17,2026,2,ORL,OKC,108.0,113.0,False,,Draft Kings,9.5,-102.0,-118.0,224.5,-110.0,-110.0,350.0,-455.0,9.5,222.5
401810848,2026-03-17T23:00Z,2026-03-17,2026,2,WSH,DET,117.0,130.0,False,,Draft Kings,19.5,-112.0,-108.0,233.5,-105.0,-115.0,1100.0,-2100.0,17.5,233.5
401810849,2026-03-17T23:30Z,2026-03-17,2026,2,NY,IND,136.0,110.0,False,,Draft Kings,-13.5,-112.0,-108.0,222.5,-112.0,-108.0,-800.0,550.0,-15.5,224.5
401810850,2026-03-18T00:00Z,2026-03-17,2026,2,MIL,CLE,116.0,123.0,False,,Draft Kings,12.5,-110.0,-110.0,226.5,-110.0,-110.0,455.0,-625.0,9.5,227.5
401810851,2026-03-18T00:00Z,2026-03-17,2026,2,MIN,PHX,116.0,104.0,False,,Draft Kings,-3.5,-110.0,-110.0,221.5,-108.0,-112.0,-170.0,142.0,-4.5,221.5
401810852,2026-03-18T02:00Z,2026-03-17,2026,2,DEN,PHI,124.0,96.0,False,,Draft Kings,-15.5,-105.0,-115.0,235.5,-115.0,-105.0,-1200.0,750.0,-15.5,232.5
401810853,2026-03-18T02:00Z,2026-03-17,2026,2,SAC,SA,104.0,132.0,False,,Draft Kings,13.5,-115.0,-105.0,233.5,-108.0,-112.0,575.0,-850.0,14.5,232.5
401810854,2026-03-18T23:00Z,2026-03-18,2026,2,BOS,GS,120.0,99.0,False,,Draft Kings,-11.5,-112.0,-108.0,216.5,-110.0,-110.0,-625.0,455.0,-12.5,214.5
401810855,2026-03-18T23:30Z,2026-03-18,2026,2,BKN,OKC,92.0,121.0,False,,Draft Kings,19.5,-115.0,-105.0,216.5,-112.0,-108.0,1200.0,-2400.0,19.5,215.5
401810856,2026-03-18T23:30Z,2026-03-18,2026,2,IND,POR,119.0,127.0,False,,Draft Kings,11.5,-108.0,-112.0,233.5,-108.0,-112.0,490.0,-675.0,10.5,235.5
401810857,2026-03-19T00:00Z,2026-03-18,2026,2,CHI,TOR,109.0,139.0,False,,Draft Kings,7.5,-112.0,-108.0,237.5,-110.0,-110.0,235.0,-290.0,7.5,234.5
401810859,2026-03-19T00:00Z,2026-03-18,2026,2,MIN,UTAH,147.0,111.0,False,,Draft Kings,-12.5,-115.0,-105.0,231.5,-110.0,-110.0,-800.0,550.0,-12.5,234.5
401810860,2026-03-19T00:00Z,2026-03-18,2026,2,NO,LAC,124.0,109.0,False,,Draft Kings,2.5,-115.0,-105.0,236.5,-115.0,-105.0,110.0,-130.0,-1.5,228.5
401810861,2026-03-19T00:30Z,2026-03-18,2026,2,DAL,ATL,120.0,135.0,False,,Draft Kings,8.5,-118.0,-102.0,239.5,-105.0,-115.0,260.0,-325.0,9.5,239.5
401858693,2026-03-19T00:30Z,2026-03-18,2026,2,MEM,DEN,125.0,118.0,False,Makeup from Jan 25,Draft Kings,12.5,-112.0,-108.0,246.5,-112.0,-108.0,525.0,-750.0,13.5,240.5
401810862,2026-03-19T01:30Z,2026-03-18,2026,2,HOU,LAL,116.0,124.0,False,,Draft Kings,-1.5,-118.0,-102.0,223.5,-108.0,-112.0,-130.0,110.0,-1.5,222.5
401810863,2026-03-19T23:00Z,2026-03-19,2026,2,CHA,ORL,130.0,111.0,False,,Draft Kings,-5.5,-115.0,-105.0,225.5,-112.0,-108.0,-225.0,185.0,-4.5,226.5
401810864,2026-03-19T23:00Z,2026-03-19,2026,2,WSH,DET,95.0,117.0,False,,Draft Kings,14.5,-112.0,-108.0,231.5,-115.0,-105.0,750.0,-1200.0,16.5,230.5
401810865,2026-03-20T00:00Z,2026-03-19,2026,2,MIA,LAL,126.0,134.0,False,,Draft Kings,-3.5,-105.0,-115.0,242.5,-110.0,-110.0,-148.0,124.0,-2.5,240.5
401810866,2026-03-20T00:00Z,2026-03-19,2026,2,CHI,CLE,110.0,115.0,False,,Draft Kings,9.5,-110.0,-110.0,236.5,-110.0,-110.0,370.0,-485.0,13.5,238.5
401810867,2026-03-20T00:00Z,2026-03-19,2026,2,NO,LAC,105.0,99.0,False,,Draft Kings,-4.5,-108.0,-112.0,228.5,-112.0,-108.0,-166.0,140.0,-1.5,233.5
401810868,2026-03-20T00:00Z,2026-03-19,2026,2,SA,PHX,101.0,100.0,False,,Draft Kings,-9.5,-110.0,-110.0,228.5,-105.0,-115.0,-470.0,360.0,-9.5,225.5
401810869,2026-03-20T01:00Z,2026-03-19,2026,2,UTAH,MIL,128.0,96.0,False,,Draft Kings,5.5,-102.0,-118.0,227.5,-110.0,-110.0,205.0,-250.0,4.5,229.5
401810870,2026-03-20T02:00Z,2026-03-19,2026,2,SAC,PHI,118.0,139.0,False,,Draft Kings,2.5,-108.0,-112.0,228.5,-112.0,-108.0,124.0,-148.0,3.5,231.5
401810871,2026-03-20T23:30Z,2026-03-20,2026,2,BKN,NY,92.0,93.0,False,,Draft Kings,18.5,-108.0,-112.0,214.5,-112.0,-108.0,1100.0,-2100.0,18.5,215.5
401810872,2026-03-20T23:30Z,2026-03-20,2026,2,DET,GS,115.0,101.0,False,,Draft Kings,-6.5,-108.0,-112.0,219.5,-105.0,-115.0,-238.0,195.0,-6.5,217.5
401810873,2026-03-21T00:00Z,2026-03-20,2026,2,HOU,ATL,117.0,95.0,False,,Draft Kings,-2.5,-115.0,-105.0,227.5,-105.0,-115.0,-148.0,124.0,-3.5,225.5
401810874,2026-03-21T00:00Z,2026-03-20,2026,2,MEM,BOS,112.0,117.0,False,,Draft Kings,15.5,-110.0,-110.0,230.5,-110.0,-110.0,800.0,-1350.0,14.5,228.5
401810875,2026-03-21T00:00Z,2026-03-20,2026,2,MIN,POR,104.0,108.0,False,,Draft Kings,-1.5,-105.0,-115.0,231.5,-108.0,-112.0,-115.0,-105.0,-2.5,229.5
401810876,2026-03-21T01:00Z,2026-03-20,2026,2,DEN,TOR,121.0,115.0,False,,Draft Kings,-6.5,-112.0,-108.0,239.5,-105.0,-115.0,-270.0,220.0,-6.5,234.5
401810877,2026-03-21T21:00Z,2026-03-21,2026,2,WSH,OKC,111.0,132.0,False,,Draft Kings,21.5,-110.0,-110.0,230.5,-115.0,-105.0,1300.0,-2800.0,21.5,228.5
401810878,2026-03-21T23:00Z,2026-03-21,2026,2,CHA,MEM,124.0,101.0,False,,Draft Kings,-18.5,-115.0,-105.0,233.5,-105.0,-115.0,-1650.0,950.0,-15.5,234.5
401810879,2026-03-21T23:00Z,2026-03-21,2026,2,ORL,LAL,104.0,105.0,False,,Draft Kings,2.5,-102.0,-118.0,234.5,-108.0,-112.0,130.0,-155.0,2.5,231.5
401810880,2026-03-21T23:00Z,2026-03-21,2026,2,NO,CLE,106.0,111.0,False,,Draft Kings,4.5,-108.0,-112.0,237.5,-112.0,-108.0,170.0,-205.0,5.5,233.5
401810881,2026-03-22T00:00Z,2026-03-21,2026,2,ATL,GS,126.0,110.0,False,,Draft Kings,-7.5,-110.0,-110.0,228.5,-105.0,-115.0,-310.0,250.0,-8.5,228.5
401810882,2026-03-22T00:00Z,2026-03-21,2026,2,HOU,MIA,123.0,122.0,False,,Draft Kings,-2.5,-112.0,-108.0,228.5,-110.0,-110.0,-142.0,120.0,-2.5,228.5
401810883,2026-03-22T00:00Z,2026-03-21,2026,2,SA,IND,134.0,119.0,False,,Draft Kings,-16.5,-110.0,-110.0,235.5,-112.0,-108.0,-1600.0,900.0,-17.5,231.5
401810884,2026-03-22T00:30Z,2026-03-21,2026,2,DAL,LAC,131.0,138.0,False,,Draft Kings,7.5,-120.0,100.0,233.5,-105.0,-115.0,220.0,-270.0,7.5,232.5
401810885,2026-03-22T01:30Z,2026-03-21,2026,2,UTAH,PHI,116.0,126.0,False,,Draft Kings,5.5,-108.0,-112.0,228.5,-108.0,-112.0,185.0,-225.0,6.5,233.5
401810886,2026-03-22T02:00Z,2026-03-21,2026,2,PHX,MIL,105.0,108.0,False,,Draft Kings,-11.5,-105.0,-115.0,218.5,-105.0,-115.0,-600.0,440.0,-10.5,219.5
401810887,2026-03-22T21:00Z,2026-03-22,2026,2,DEN,POR,128.0,112.0,False,,Draft Kings,-8.5,100.0,-120.0,237.5,-115.0,-105.0,-340.0,270.0,-8.5,240.5
401810888,2026-03-22T22:00Z,2026-03-22,2026,2,SAC,BKN,126.0,122.0,False,,Draft Kings,-6.5,-118.0,-102.0,218.5,-115.0,-105.0,-250.0,205.0,-4.5,218.5
401810889,2026-03-22T23:30Z,2026-03-22,2026,2,NY,WSH,145.0,113.0,False,,Draft Kings,-22.5,-108.0,-112.0,229.5,-105.0,-115.0,-3600.0,1500.0,-18.5,227.5
401810890,2026-03-23T00:00Z,2026-03-22,2026,2,BOS,MIN,92.0,102.0,False,,Draft Kings,-10.5,-110.0,-110.0,222.5,-105.0,-115.0,-440.0,340.0,-9.5,219.5
401810891,2026-03-23T01:00Z,2026-03-22,2026,2,PHX,TOR,120.0,98.0,False,,Draft Kings,4.5,-110.0,-110.0,219.5,-108.0,-112.0,150.0,-180.0,1.5,220.5
401810893,2026-03-23T23:00Z,2026-03-23,2026,2,DET,LAL,113.0,110.0,False,,Draft Kings,1.5,-108.0,-112.0,224.5,-115.0,-105.0,105.0,-125.0,1.5,228.5
401810894,2026-03-23T23:00Z,2026-03-23,2026,2,ORL,IND,126.0,128.0,False,,Draft Kings,-10.5,-110.0,-110.0,233.5,-108.0,-112.0,-535.0,400.0,-12.5,232.5
401810895,2026-03-23T23:00Z,2026-03-23,2026,2,PHI,OKC,103.0,123.0,False,,Draft Kings,16.5,-118.0,-102.0,226.5,-112.0,-108.0,750.0,-1200.0,13.5,222.5
401810896,2026-03-23T23:00Z,2026-03-23,2026,2,MIA,SA,111.0,136.0,False,,Draft Kings,3.5,-118.0,-102.0,244.5,-108.0,-112.0,130.0,-155.0,5.5,240.5
401810892,2026-03-23T23:30Z,2026-03-23,2026,2,ATL,MEM,146.0,107.0,False,,Draft Kings,-13.5,-110.0,-110.0,238.5,-112.0,-108.0,-900.0,600.0,-12.5,240.5
401810897,2026-03-24T00:00Z,2026-03-23,2026,2,CHI,HOU,132.0,124.0,False,,Draft Kings,8.5,-102.0,-118.0,233.5,-110.0,-110.0,295.0,-375.0,8.5,227.5
401810898,2026-03-24T01:00Z,2026-03-23,2026,2,UTAH,TOR,127.0,143.0,False,,Draft Kings,8.5,-112.0,-108.0,230.5,-112.0,-108.0,310.0,-395.0,12.5,231.5
401810899,2026-03-24T01:30Z,2026-03-23,2026,2,DAL,GS,131.0,137.0,False,,Draft Kings,3.5,-120.0,100.0,230.5,-105.0,-115.0,114.0,-135.0,2.5,229.5
401810900,2026-03-24T02:00Z,2026-03-23,2026,2,POR,BKN,134.0,99.0,False,,Draft Kings,-15.5,-112.0,-108.0,218.5,-108.0,-112.0,-1100.0,700.0,-13.5,220.5
401810901,2026-03-24T02:30Z,2026-03-23,2026,2,LAC,MIL,129.0,96.0,False,,Draft Kings,-13.5,-118.0,-102.0,221.5,-115.0,-105.0,-900.0,600.0,-11.5,225.5
401810902,2026-03-24T23:00Z,2026-03-24,2026,2,CHA,SAC,134.0,90.0,False,,Draft Kings,-18.5,-105.0,-115.0,233.5,-108.0,-112.0,-1800.0,1000.0,-16.5,226.5
401810903,2026-03-24T23:30Z,2026-03-24,2026,2,NY,NO,121.0,116.0,False,,Draft Kings,-8.5,-105.0,-115.0,229.5,-105.0,-115.0,-355.0,280.0,-9.5,231.5
401810904,2026-03-25T00:00Z,2026-03-24,2026,2,CLE,ORL,136.0,131.0,False,,Draft Kings,-10.5,-112.0,-108.0,230.5,-110.0,-110.0,-455.0,350.0,-10.5,228.5
401810905,2026-03-25T03:00Z,2026-03-24,2026,2,PHX,DEN,123.0,125.0,False,,Draft Kings,5.5,-105.0,-115.0,233.5,-110.0,-110.0,185.0,-225.0,5.5,233.5
401810906,2026-03-25T23:00Z,2026-03-25,2026,2,DET,ATL,129.0,130.0,False,,Draft Kings,-2.5,-112.0,-108.0,229.5,-108.0,-112.0,-148.0,124.0,-2.5,226.5
401810907,2026-03-25T23:00Z,2026-03-25,2026,2,IND,LAL,130.0,137.0,False,,Draft Kings,8.5,-108.0,-112.0,241.5,-105.0,-115.0,330.0,-425.0,12.5,237.5
401810908,2026-03-25T23:00Z,2026-03-25,2026,2,PHI,CHI,157.0,137.0,False,,Draft Kings,-6.5,-105.0,-115.0,241.5,-112.0,-108.0,-245.0,200.0,-6.5,237.5
401810909,2026-03-25T23:30Z,2026-03-25,2026,2,BOS,OKC,119.0,109.0,False,,Draft Kings,2.5,-115.0,-105.0,222.5,-110.0,-110.0,110.0,-130.0,3.5,217.5
401810910,2026-03-25T23:30Z,2026-03-25,2026,2,CLE,MIA,103.0,120.0,False,,Draft Kings,-2.5,-115.0,-105.0,243.5,-105.0,-115.0,-148.0,124.0,-3.5,242.5
401810911,2026-03-26T00:00Z,2026-03-25,2026,2,MEM,SA,98.0,123.0,False,,Draft Kings,16.5,-102.0,-118.0,234.5,-110.0,-110.0,1000.0,-1800.0,15.5,235.5
401810912,2026-03-26T01:00Z,2026-03-25,2026,2,UTAH,WSH,110.0,133.0,False,,Draft Kings,-3.5,-105.0,-115.0,239.5,-110.0,-110.0,-155.0,130.0,-4.5,240.5
401810913,2026-03-26T01:42Z,2026-03-25,2026,2,MIN,HOU,110.0,108.0,False,,Draft Kings,1.5,-105.0,-115.0,223.5,-105.0,-115.0,110.0,-130.0,1.5,222.5
401810914,2026-03-26T02:00Z,2026-03-25,2026,2,DEN,DAL,142.0,135.0,False,,Draft Kings,-10.5,-112.0,-108.0,246.5,-108.0,-112.0,-650.0,470.0,-13.5,244.5
401810915,2026-03-26T02:00Z,2026-03-25,2026,2,GS,BKN,109.0,106.0,False,,Draft Kings,-12.5,-108.0,-112.0,217.5,-110.0,-110.0,-625.0,455.0,-10.5,218.5
401810916,2026-03-26T02:00Z,2026-03-25,2026,2,POR,MIL,130.0,99.0,False,,Draft Kings,-15.5,-110.0,-110.0,226.5,-110.0,-110.0,-1050.0,675.0,-12.5,225.5
401810917,2026-03-26T02:30Z,2026-03-25,2026,2,LAC,TOR,119.0,94.0,False,,Draft Kings,-3.5,-118.0,-102.0,226.5,-110.0,-110.0,-180.0,150.0,-3.5,224.5
401810918,2026-03-26T23:00Z,2026-03-26,2026,2,CHA,NY,114.0,103.0,False,,Draft Kings,-2.5,-105.0,-115.0,224.5,-105.0,-115.0,-130.0,110.0,1.5,223.5
401810919,2026-03-26T23:00Z,2026-03-26,2026,2,DET,NO,129.0,108.0,False,,Draft Kings,-4.5,-115.0,-105.0,225.5,-115.0,-105.0,-225.0,185.0,-5.5,225.5
401810920,2026-03-26T23:00Z,2026-03-26,2026,2,ORL,SAC,121.0,117.0,False,,Draft Kings,-15.5,-112.0,-108.0,230.5,-115.0,-105.0,-1350.0,800.0,-15.5,228.5
401810921,2026-03-27T23:00Z,2026-03-27,2026,2,IND,LAC,113.0,114.0,False,,Draft Kings,8.5,-102.0,-118.0,235.5,-115.0,-105.0,300.0,-380.0,9.5,235.5
401810922,2026-03-27T23:30Z,2026-03-27,2026,2,BOS,ATL,109.0,102.0,False,,Draft Kings,-4.5,-115.0,-105.0,223.5,-112.0,-108.0,-218.0,180.0,-7.5,224.5
401810923,2026-03-27T23:30Z,2026-03-27,2026,2,CLE,MIA,149.0,128.0,False,,Draft Kings,-5.5,-110.0,-110.0,240.5,-112.0,-108.0,-218.0,180.0,-4.5,241.5
401810924,2026-03-28T00:00Z,2026-03-27,2026,2,MEM,HOU,109.0,119.0,False,,Draft Kings,13.5,-102.0,-118.0,227.5,-115.0,-105.0,625.0,-950.0,12.5,226.5
401810925,2026-03-28T00:00Z,2026-03-27,2026,2,OKC,CHI,131.0,113.0,False,,Draft Kings,-18.5,-115.0,-105.0,241.5,-112.0,-108.0,-2100.0,1100.0,-19.5,236.5
401810926,2026-03-28T00:30Z,2026-03-27,2026,2,TOR,NO,119.0,106.0,False,,Draft Kings,-8.5,-110.0,-110.0,229.5,-108.0,-112.0,-325.0,260.0,-7.5,228.5
401810927,2026-03-28T01:00Z,2026-03-27,2026,2,DEN,UTAH,135.0,129.0,False,,Draft Kings,-19.5,-115.0,-105.0,247.5,-112.0,-108.0,-2100.0,1100.0,-18.5,248.5
401810928,2026-03-28T02:00Z,2026-03-27,2026,2,GS,WSH,131.0,126.0,False,,Draft Kings,-12.5,-105.0,-115.0,230.5,-110.0,-110.0,-750.0,525.0,-13.5,234.5
401810929,2026-03-28T02:00Z,2026-03-27,2026,2,POR,DAL,93.0,100.0,False,,Draft Kings,-10.5,-112.0,-108.0,240.5,-112.0,-108.0,-500.0,380.0,-9.5,235.5
401810930,2026-03-28T02:30Z,2026-03-27,2026,2,LAL,BKN,116.0,99.0,False,,Draft Kings,-18.5,-105.0,-115.0,224.5,-115.0,-105.0,-2100.0,1100.0,-17.5,220.5
401810931,2026-03-28T19:00Z,2026-03-28,2026,2,MIL,SA,95.0,127.0,False,,Draft Kings,17.5,-112.0,-108.0,227.5,-105.0,-115.0,1000.0,-1800.0,18.5,226.5
401810935,2026-03-28T21:30Z,2026-03-28,2026,2,MIN,DET,87.0,109.0,False,,Draft Kings,2.5,-118.0,-102.0,221.5,-115.0,-105.0,110.0,-130.0,-2.5,224.5
401810932,2026-03-28T22:00Z,2026-03-28,2026,2,CHA,PHI,114.0,118.0,False,,Draft Kings,-6.5,-110.0,-110.0,231.5,-115.0,-105.0,-250.0,205.0,-5.5,229.5
401810933,2026-03-28T23:30Z,2026-03-28,2026,2,ATL,SAC,123.0,113.0,False,,Draft Kings,-13.5,-108.0,-112.0,234.5,-110.0,-110.0,-800.0,550.0,-15.5,237.5
401810934,2026-03-29T00:00Z,2026-03-28,2026,2,MEM,CHI,125.0,124.0,False,,Draft Kings,5.5,-115.0,-105.0,247.5,-115.0,-105.0,170.0,-205.0,3.5,243.5
401810936,2026-03-29T02:00Z,2026-03-28,2026,2,PHX,UTAH,134.0,109.0,False,,Draft Kings,-17.5,-108.0,-112.0,232.5,-108.0,-112.0,-1650.0,950.0,-16.5,230.5
401810937,2026-03-29T19:30Z,2026-03-29,2026,2,MIL,LAC,113.0,127.0,False,,Draft Kings,17.5,-112.0,-108.0,219.5,-115.0,-105.0,800.0,-1350.0,13.5,222.5
401810938,2026-03-29T21:00Z,2026-03-29,2026,2,IND,MIA,135.0,118.0,False,,Draft Kings,8.5,-110.0,-110.0,245.5,-110.0,-110.0,280.0,-355.0,9.5,242.5
401810939,2026-03-29T22:00Z,2026-03-29,2026,2,BKN,SAC,116.0,99.0,False,,Draft Kings,-1.5,-112.0,-108.0,216.5,-112.0,-108.0,-120.0,100.0,-1.5,221.5
401810940,2026-03-29T22:00Z,2026-03-29,2026,2,CHA,BOS,99.0,114.0,False,,Draft Kings,-2.5,-108.0,-112.0,216.5,-110.0,-110.0,-135.0,114.0,-2.5,215.5
401810941,2026-03-29T22:00Z,2026-03-29,2026,2,TOR,ORL,139.0,87.0,False,,Draft Kings,-1.5,-110.0,-110.0,226.5,-110.0,-110.0,-122.0,102.0,-2.5,225.5
401810942,2026-03-29T22:00Z,2026-03-29,2026,2,POR,WSH,123.0,88.0,False,,Draft Kings,-16.5,-112.0,-108.0,235.5,-112.0,-108.0,-1650.0,950.0,-15.5,235.5
401810943,2026-03-29T23:00Z,2026-03-29,2026,2,NO,HOU,102.0,134.0,False,,Draft Kings,5.5,-108.0,-112.0,226.5,-108.0,-112.0,205.0,-250.0,6.5,224.5
401810944,2026-03-29T23:30Z,2026-03-29,2026,2,OKC,NY,111.0,100.0,False,,Draft Kings,-7.5,-115.0,-105.0,223.5,-110.0,-110.0,-360.0,285.0,-9.5,224.5
401810945,2026-03-30T02:00Z,2026-03-29,2026,2,DEN,GS,116.0,93.0,False,,Draft Kings,-11.5,-115.0,-105.0,238.5,-108.0,-112.0,-625.0,455.0,-11.5,237.5
401810946,2026-03-30T23:00Z,2026-03-30,2026,2,MIA,PHI,119.0,109.0,False,,Draft Kings,2.5,-110.0,-110.0,242.5,-112.0,-108.0,120.0,-142.0,1.5,245.5
401810947,2026-03-30T23:30Z,2026-03-30,2026,2,ATL,BOS,112.0,102.0,False,,Draft Kings,-2.5,-110.0,-110.0,225.5,-105.0,-115.0,-142.0,120.0,-1.5,222.5
401810948,2026-03-31T00:00Z,2026-03-30,2026,2,MEM,PHX,105.0,131.0,False,,Draft Kings,12.5,-115.0,-105.0,228.5,-108.0,-112.0,500.0,-700.0,12.5,230.5
401810949,2026-03-31T00:00Z,2026-03-30,2026,2,SA,CHI,129.0,114.0,False,,Draft Kings,-17.5,-115.0,-105.0,246.5,-115.0,-105.0,-2100.0,1100.0,-17.5,243.5
401810950,2026-03-31T00:30Z,2026-03-30,2026,2,DAL,MIN,94.0,124.0,False,,Draft Kings,8.5,-108.0,-112.0,236.5,-110.0,-110.0,280.0,-355.0,6.5,235.5
401810951,2026-03-31T01:00Z,2026-03-30,2026,2,UTAH,CLE,113.0,122.0,False,,Draft Kings,16.5,-110.0,-110.0,242.5,-112.0,-108.0,900.0,-1600.0,17.5,243.5
401810952,2026-03-31T01:30Z,2026-03-30,2026,2,OKC,DET,114.0,110.0,False,,Draft Kings,-11.5,-118.0,-102.0,217.5,-110.0,-110.0,-650.0,470.0,-13.5,219.5
401810953,2026-03-31T02:00Z,2026-03-30,2026,2,LAL,WSH,120.0,101.0,False,,Draft Kings,-15.5,-112.0,-108.0,237.5,-105.0,-115.0,-1450.0,850.0,-16.5,236.5
401810954,2026-03-31T23:00Z,2026-03-31,2026,2,ORL,PHX,115.0,111.0,False,,Draft Kings,-2.5,-105.0,-115.0,225.5,-110.0,-110.0,-130.0,110.0,-2.5,222.5
401810955,2026-03-31T23:30Z,2026-03-31,2026,2,BKN,CHA,86.0,117.0,False,,Draft Kings,18.5,-115.0,-105.0,219.5,-110.0,-110.0,1100.0,-2100.0,15.5,217.5
401810956,2026-04-01T00:00Z,2026-03-31,2026,2,DET,TOR,127.0,116.0,False,,Draft Kings,-3.5,-110.0,-110.0,219.5,-115.0,-105.0,-155.0,130.0,-2.5,220.5
401810957,2026-04-01T00:00Z,2026-03-31,2026,2,HOU,NY,111.0,94.0,False,,Draft Kings,1.5,-115.0,-105.0,218.5,-110.0,-110.0,-105.0,-115.0,1.5,219.5
401858694,2026-04-01T00:00Z,2026-03-31,2026,2,MIL,DAL,123.0,99.0,False,Makeup from Jan 25,Draft Kings,2.5,-108.0,-112.0,231.5,-112.0,-108.0,120.0,-142.0,1.5,227.5
401810958,2026-04-01T02:30Z,2026-03-31,2026,2,LAL,CLE,127.0,113.0,False,,Draft Kings,-2.5,-105.0,-115.0,236.5,-105.0,-115.0,-130.0,110.0,-1.5,236.5
401810959,2026-04-01T03:00Z,2026-03-31,2026,2,LAC,POR,104.0,114.0,False,,Draft Kings,-4.5,-115.0,-105.0,225.5,-108.0,-112.0,-198.0,164.0,-5.5,227.5
401810960,2026-04-01T23:00Z,2026-04-01,2026,2,WSH,PHI,131.0,153.0,False,,Draft Kings,14.5,-115.0,-105.0,239.5,-105.0,-115.0,750.0,-1200.0,15.5,237.5
401810962,2026-04-01T23:00Z,2026-04-01,2026,2,ORL,ATL,101.0,130.0,False,,Draft Kings,2.5,-110.0,-110.0,235.5,-108.0,-112.0,120.0,-142.0,4.5,233.5
401810961,2026-04-01T23:30Z,2026-04-01,2026,2,MIA,BOS,129.0,147.0,False,,Draft Kings,4.5,-108.0,-112.0,229.5,-110.0,-110.0,164.0,-198.0,4.5,228.5
401810858,2026-04-02T00:00Z,2026-04-01,2026,2,MEM,NY,119.0,130.0,False,,Draft Kings,13.5,-108.0,-112.0,224.5,-115.0,-105.0,600.0,-900.0,14.5,228.5
401810963,2026-04-02T00:00Z,2026-04-01,2026,2,TOR,SAC,115.0,123.0,False,,Draft Kings,-12.5,-115.0,-105.0,227.5,-115.0,-105.0,-750.0,525.0,-13.5,225.5
401810964,2026-04-02T00:00Z,2026-04-01,2026,2,CHI,IND,126.0,145.0,False,,Draft Kings,-3.5,-115.0,-105.0,246.5,-115.0,-105.0,-170.0,142.0,-4.5,242.5
401810965,2026-04-02T00:00Z,2026-04-01,2026,2,HOU,MIL,119.0,113.0,False,,Draft Kings,-19.5,-105.0,-115.0,216.5,-112.0,-108.0,-2400.0,1200.0,-17.5,216.5
401810967,2026-04-02T01:00Z,2026-04-01,2026,2,UTAH,DEN,117.0,130.0,False,,Draft Kings,17.5,-115.0,-105.0,249.5,-110.0,-110.0,1000.0,-1800.0,17.5,248.5
401810968,2026-04-02T02:00Z,2026-04-01,2026,2,GS,SA,113.0,127.0,False,,Draft Kings,14.5,-108.0,-112.0,228.5,-105.0,-115.0,700.0,-1100.0,11.5,227.5
401810969,2026-04-02T23:00Z,2026-04-02,2026,2,CHA,PHX,127.0,107.0,False,,Draft Kings,-5.5,-112.0,-108.0,227.5,-110.0,-110.0,-230.0,190.0,-5.5,220.5
401810970,2026-04-02T23:00Z,2026-04-02,2026,2,DET,MIN,113.0,108.0,False,,Draft Kings,-5.5,-110.0,-110.0,220.5,-112.0,-108.0,-205.0,170.0,-2.5,223.5
401810971,2026-04-03T01:30Z,2026-04-02,2026,2,OKC,LAL,139.0,96.0,False,,Draft Kings,-9.5,-108.0,-112.0,233.5,-112.0,-108.0,-380.0,300.0,-7.5,228.5
401810972,2026-04-03T02:00Z,2026-04-02,2026,2,GS,CLE,111.0,118.0,False,,Draft Kings,10.5,-112.0,-108.0,230.5,-105.0,-115.0,370.0,-485.0,10.5,226.5
401810973,2026-04-03T02:00Z,2026-04-02,2026,2,POR,NO,118.0,106.0,False,,Draft Kings,-5.5,-118.0,-102.0,235.5,-105.0,-115.0,-245.0,200.0,-6.5,231.5
401810974,2026-04-03T02:30Z,2026-04-02,2026,2,LAC,SA,99.0,118.0,False,,Draft Kings,-2.5,-110.0,-110.0,231.5,-115.0,-105.0,-142.0,120.0,4.5,231.5
401810975,2026-04-03T23:00Z,2026-04-03,2026,2,CHA,IND,129.0,108.0,False,,Draft Kings,-15.5,-110.0,-110.0,234.5,-108.0,-112.0,-1600.0,900.0,-15.5,233.5
401810976,2026-04-03T23:00Z,2026-04-03,2026,2,PHI,MIN,115.0,103.0,False,,Draft Kings,-3.5,-115.0,-105.0,233.5,-115.0,-105.0,-170.0,142.0,-2.5,233.5
401810977,2026-04-03T23:30Z,2026-04-03,2026,2,BKN,ATL,107.0,141.0,False,,Draft Kings,16.5,-105.0,-115.0,225.5,-105.0,-115.0,1000.0,-1800.0,15.5,225.5
401810978,2026-04-03T23:30Z,2026-04-03,2026,2,NY,CHI,136.0,96.0,False,,Draft Kings,-13.5,-108.0,-112.0,236.5,-110.0,-110.0,-1200.0,750.0,-15.5,237.5
401810979,2026-04-04T00:00Z,2026-04-03,2026,2,HOU,UTAH,140.0,106.0,False,,Draft Kings,-18.5,-112.0,-108.0,231.5,-115.0,-105.0,-2100.0,1100.0,-17.5,231.5
401810980,2026-04-04T00:00Z,2026-04-03,2026,2,MEM,TOR,96.0,128.0,False,,Draft Kings,14.5,-105.0,-115.0,233.5,-110.0,-110.0,700.0,-1100.0,13.5,231.5
401810981,2026-04-04T00:00Z,2026-04-03,2026,2,MIL,BOS,101.0,133.0,False,,Draft Kings,17.5,-105.0,-115.0,217.5,-110.0,-110.0,1200.0,-2400.0,17.5,218.5
401810982,2026-04-04T00:30Z,2026-04-03,2026,2,DAL,ORL,127.0,138.0,False,,Draft Kings,6.5,-108.0,-112.0,239.5,-110.0,-110.0,220.0,-270.0,7.5,234.5
401810983,2026-04-04T02:00Z,2026-04-03,2026,2,SAC,NO,117.0,113.0,False,,Draft Kings,6.5,-105.0,-115.0,232.5,-110.0,-110.0,200.0,-245.0,5.5,234.5
401810984,2026-04-04T19:00Z,2026-04-04,2026,2,MIA,WSH,152.0,136.0,False,,Draft Kings,-18.5,-108.0,-112.0,245.5,-115.0,-105.0,-2400.0,1200.0,-17.5,247.5
401810985,2026-04-04T19:00Z,2026-04-04,2026,2,DEN,SA,136.0,134.0,False,,Draft Kings,1.5,-108.0,-112.0,244.5,-105.0,-115.0,105.0,-125.0,2.5,243.5
401810986,2026-04-04T23:00Z,2026-04-04,2026,2,PHI,DET,93.0,116.0,False,,Draft Kings,3.5,-108.0,-112.0,225.5,-115.0,-105.0,142.0,-170.0,-1.5,226.5
401810987,2026-04-05T19:30Z,2026-04-05,2026,2,BOS,TOR,115.0,101.0,False,,Draft Kings,-9.5,-102.0,-118.0,221.5,-110.0,-110.0,-425.0,330.0,-9.5,220.5
401810988,2026-04-05T19:30Z,2026-04-05,2026,2,BKN,WSH,121.0,115.0,False,,Draft Kings,-3.5,-108.0,-112.0,230.5,-112.0,-108.0,-162.0,136.0,-4.5,230.5
401810989,2026-04-05T19:30Z,2026-04-05,2026,2,CHI,PHX,110.0,120.0,False,,Draft Kings,11.5,-112.0,-108.0,243.5,-108.0,-112.0,455.0,-625.0,10.5,234.5
401810990,2026-04-05T19:30Z,2026-04-05,2026,2,MIL,MEM,131.0,115.0,False,,Draft Kings,-7.5,-108.0,-112.0,230.5,-108.0,-112.0,-278.0,225.0,-5.5,226.5
401810991,2026-04-05T22:00Z,2026-04-05,2026,2,CLE,IND,117.0,108.0,False,,Draft Kings,-16.5,-112.0,-108.0,240.5,-105.0,-115.0,-1800.0,1000.0,-17.5,237.5
401810992,2026-04-05T23:00Z,2026-04-05,2026,2,MIN,CHA,108.0,122.0,False,,Draft Kings,4.5,-105.0,-115.0,226.5,-105.0,-115.0,154.0,-185.0,-1.5,229.5
401810993,2026-04-05T23:00Z,2026-04-05,2026,2,NO,ORL,108.0,112.0,False,,Draft Kings,6.5,-110.0,-110.0,236.5,-105.0,-115.0,205.0,-250.0,3.5,234.5
401810994,2026-04-05T23:00Z,2026-04-05,2026,2,OKC,UTAH,146.0,111.0,False,,Draft Kings,-24.5,-115.0,-105.0,239.5,-110.0,-110.0,-9000.0,2500.0,-21.5,239.5
401810995,2026-04-05T23:30Z,2026-04-05,2026,2,DAL,LAL,134.0,128.0,False,,Draft Kings,1.5,-102.0,-118.0,234.5,-110.0,-110.0,105.0,-125.0,6.5,235.5
401810996,2026-04-06T01:00Z,2026-04-05,2026,2,SAC,LAC,109.0,138.0,False,,Draft Kings,13.5,-112.0,-108.0,228.5,-108.0,-112.0,600.0,-900.0,11.5,231.5
401810997,2026-04-06T02:00Z,2026-04-05,2026,2,GS,HOU,116.0,117.0,False,,Draft Kings,3.5,-108.0,-112.0,227.5,-112.0,-108.0,150.0,-180.0,3.5,223.5
401810998,2026-04-06T23:00Z,2026-04-06,2026,2,ATL,NY,105.0,108.0,False,,Draft Kings,-1.5,-110.0,-110.0,226.5,-105.0,-115.0,-122.0,102.0,-1.5,230.5
401810999,2026-04-06T23:00Z,2026-04-06,2026,2,ORL,DET,123.0,107.0,False,,Draft Kings,1.5,-115.0,-105.0,222.5,-110.0,-110.0,-102.0,-118.0,2.5,226.5
401811000,2026-04-07T00:00Z,2026-04-06,2026,2,MEM,CLE,126.0,142.0,False,,Draft Kings,13.5,-112.0,-108.0,231.5,-110.0,-110.0,700.0,-1100.0,14.5,238.5
401811001,2026-04-07T00:00Z,2026-04-06,2026,2,SA,PHI,115.0,102.0,False,,Draft Kings,-8.5,-112.0,-108.0,237.5,-105.0,-115.0,-375.0,295.0,-8.5,234.5
401811002,2026-04-07T01:00Z,2026-04-06,2026,2,DEN,POR,137.0,132.0,False,,Draft Kings,-6.5,-115.0,-105.0,235.5,-110.0,-110.0,-290.0,235.0,-9.5,239.5
401811003,2026-04-07T23:00Z,2026-04-07,2026,2,WSH,CHI,98.0,129.0,False,,Draft Kings,5.5,-105.0,-115.0,249.5,-110.0,-110.0,185.0,-225.0,5.5,248.5
401811007,2026-04-07T23:00Z,2026-04-07,2026,2,IND,MIN,104.0,124.0,False,,Draft Kings,12.5,-105.0,-115.0,234.5,-115.0,-105.0,525.0,-750.0,12.5,229.5
401811005,2026-04-07T23:30Z,2026-04-07,2026,2,BKN,MIL,96.0,90.0,False,,Draft Kings,1.5,-110.0,-110.0,218.5,-105.0,-115.0,100.0,-120.0,2.5,219.5
401811006,2026-04-07T23:30Z,2026-04-07,2026,2,TOR,MIA,121.0,95.0,False,,Draft Kings,-2.5,-112.0,-108.0,240.5,-115.0,-105.0,-142.0,120.0,1.5,238.5
401811004,2026-04-08T00:00Z,2026-04-07,2026,2,BOS,CHA,113.0,102.0,False,,Draft Kings,-4.5,-105.0,-115.0,221.5,-105.0,-115.0,-198.0,164.0,-6.5,219.5
401811008,2026-04-08T00:00Z,2026-04-07,2026,2,NO,UTAH,156.0,137.0,False,,Draft Kings,-6.5,-102.0,-118.0,242.5,-120.0,100.0,-245.0,200.0,-11.5,242.5
401811009,2026-04-08T02:00Z,2026-04-07,2026,2,GS,SAC,110.0,105.0,False,,Draft Kings,-14.5,-112.0,-108.0,233.5,-105.0,-115.0,-1100.0,700.0,-15.5,233.5
401811010,2026-04-08T02:30Z,2026-04-07,2026,2,LAL,OKC,87.0,123.0,False,,Draft Kings,17.5,-108.0,-112.0,221.5,-108.0,-112.0,1100.0,-2100.0,13.5,225.5
401811011,2026-04-08T02:30Z,2026-04-07,2026,2,LAC,DAL,116.0,103.0,False,,Draft Kings,-11.5,-118.0,-102.0,235.5,-112.0,-108.0,-650.0,470.0,-11.5,235.5
401811012,2026-04-08T03:00Z,2026-04-07,2026,2,PHX,HOU,105.0,119.0,False,,Draft Kings,1.5,-110.0,-110.0,221.5,-115.0,-105.0,-102.0,-118.0,1.5,217.5
401811013,2026-04-08T23:00Z,2026-04-08,2026,2,CLE,ATL,122.0,116.0,False,,Draft Kings,-4.5,-105.0,-115.0,237.5,-105.0,-115.0,-175.0,145.0,-2.5,236.5
401811014,2026-04-08T23:00Z,2026-04-08,2026,2,ORL,MIN,132.0,120.0,False,,Draft Kings,-11.5,-112.0,-108.0,233.5,-105.0,-115.0,-470.0,360.0,-5.5,225.5
401811015,2026-04-08T23:00Z,2026-04-08,2026,2,DET,MIL,137.0,111.0,False,,Draft Kings,-22.5,-105.0,-115.0,222.5,-118.0,-102.0,-3200.0,1400.0,-18.5,220.5
401811017,2026-04-09T01:00Z,2026-04-08,2026,2,DEN,MEM,136.0,119.0,False,,Draft Kings,-23.5,-110.0,-110.0,247.5,-108.0,-112.0,-5000.0,1800.0,-22.5,245.5
401811016,2026-04-09T01:30Z,2026-04-08,2026,2,SA,POR,112.0,101.0,False,,Draft Kings,-2.5,-118.0,-102.0,229.5,-110.0,-110.0,-155.0,130.0,-3.5,236.5
401811018,2026-04-09T02:00Z,2026-04-08,2026,2,LAC,OKC,110.0,128.0,False,,Draft Kings,8.5,-105.0,-115.0,223.5,-112.0,-108.0,295.0,-375.0,6.5,225.5
401811019,2026-04-09T02:00Z,2026-04-08,2026,2,PHX,DAL,112.0,107.0,False,,Draft Kings,-12.5,-110.0,-110.0,234.5,-105.0,-115.0,-700.0,500.0,-10.5,230.5
401811020,2026-04-09T23:00Z,2026-04-09,2026,2,TOR,MIA,128.0,114.0,False,,Draft Kings,-4.5,-105.0,-115.0,236.5,-108.0,-112.0,-170.0,142.0,-4.5,236.5
401811021,2026-04-09T23:00Z,2026-04-09,2026,2,WSH,CHI,108.0,119.0,False,,Draft Kings,6.5,-102.0,-118.0,249.5,-108.0,-112.0,230.0,-285.0,5.5,244.5
401811022,2026-04-09T23:30Z,2026-04-09,2026,2,BKN,IND,94.0,123.0,False,,Draft Kings,3.5,-115.0,-105.0,224.5,-110.0,-110.0,136.0,-162.0,1.5,223.5
401811023,2026-04-09T23:30Z,2026-04-09,2026,2,NY,BOS,112.0,106.0,False,,Draft Kings,-3.5,-112.0,-108.0,210.5,-115.0,-105.0,-162.0,136.0,-3.5,217.5
401811024,2026-04-10T00:00Z,2026-04-09,2026,2,HOU,PHI,113.0,102.0,False,,Draft Kings,-6.5,-108.0,-112.0,226.5,-108.0,-112.0,-258.0,210.0,-3.5,226.5
401811025,2026-04-10T02:00Z,2026-04-09,2026,2,GS,LAL,103.0,119.0,False,,Draft Kings,-1.5,-108.0,-112.0,222.5,-108.0,-112.0,-118.0,-102.0,-5.5,225.5
401811026,2026-04-10T23:00Z,2026-04-10,2026,2,CHA,DET,100.0,118.0,False,,Draft Kings,-6.5,-105.0,-115.0,225.5,-112.0,-108.0,-218.0,180.0,-2.5,222.5
401811027,2026-04-10T23:00Z,2026-04-10,2026,2,WSH,MIA,117.0,140.0,False,,Draft Kings,15.5,-105.0,-115.0,243.5,-115.0,-105.0,900.0,-1600.0,17.5,249.5
401811028,2026-04-10T23:00Z,2026-04-10,2026,2,ATL,CLE,124.0,102.0,False,,Draft Kings,-8.5,-105.0,-115.0,233.5,-105.0,-115.0,-355.0,280.0,-6.5,234.5
401811029,2026-04-10T23:30Z,2026-04-10,2026,2,BOS,NO,144.0,118.0,False,,Draft Kings,-18.5,-105.0,-115.0,227.5,-108.0,-112.0,-2100.0,1100.0,-16.5,224.5
401811030,2026-04-10T23:30Z,2026-04-10,2026,2,IND,PHI,94.0,105.0,False,,Draft Kings,14.5,-105.0,-115.0,234.5,-112.0,-108.0,700.0,-1100.0,14.5,234.5
401811031,2026-04-10T23:30Z,2026-04-10,2026,2,NY,TOR,112.0,95.0,False,,Draft Kings,-6.5,-108.0,-112.0,218.5,-112.0,-108.0,-270.0,220.0,-5.5,219.5
401811032,2026-04-11T00:00Z,2026-04-10,2026,2,CHI,ORL,103.0,127.0,False,,Draft Kings,16.5,-115.0,-105.0,246.5,-112.0,-108.0,800.0,-1350.0,14.5,241.5
401811034,2026-04-11T00:00Z,2026-04-10,2026,2,MIL,BKN,125.0,108.0,False,,Draft Kings,-10.5,-102.0,-118.0,218.5,-105.0,-115.0,-500.0,380.0,-8.5,220.5
401811035,2026-04-11T00:00Z,2026-04-10,2026,2,SA,DAL,139.0,120.0,False,,Draft Kings,-18.5,-105.0,-115.0,236.5,-110.0,-110.0,-2100.0,1100.0,-16.5,235.5
401811037,2026-04-11T01:00Z,2026-04-10,2026,2,DEN,OKC,127.0,107.0,False,,Draft Kings,-2.5,-108.0,-112.0,223.5,-108.0,-112.0,-142.0,120.0,-10.5,231.5
401811033,2026-04-11T01:30Z,2026-04-10,2026,2,HOU,MIN,132.0,136.0,False,,Draft Kings,-9.5,-112.0,-108.0,227.5,-112.0,-108.0,-485.0,370.0,-9.5,218.5
401811036,2026-04-11T01:30Z,2026-04-10,2026,2,UTAH,MEM,147.0,101.0,False,,Draft Kings,-4.5,-115.0,-105.0,247.5,-112.0,-108.0,-180.0,150.0,-3.5,246.5
401811038,2026-04-11T02:00Z,2026-04-10,2026,2,POR,LAC,116.0,97.0,False,,Draft Kings,-1.5,-115.0,-105.0,226.5,-112.0,-108.0,-122.0,102.0,-1.5,225.5
401811039,2026-04-11T02:00Z,2026-04-10,2026,2,SAC,GS,124.0,118.0,False,,Draft Kings,10.5,-102.0,-118.0,228.5,-112.0,-108.0,380.0,-500.0,11.5,229.5
401811040,2026-04-11T02:30Z,2026-04-10,2026,2,LAL,PHX,101.0,73.0,False,,Draft Kings,2.5,-115.0,-105.0,217.5,-105.0,-115.0,110.0,-130.0,1.5,220.5
401811041,2026-04-12T22:00Z,2026-04-12,2026,2,BOS,ORL,113.0,108.0,False,,Draft Kings,12.5,-102.0,-118.0,222.5,-110.0,-110.0,525.0,-750.0,3.5,216.5
401811042,2026-04-12T22:00Z,2026-04-12,2026,2,CLE,WSH,130.0,117.0,False,,Draft Kings,-10.5,-115.0,-105.0,234.5,-105.0,-115.0,-500.0,380.0,-17.5,238.5
401811043,2026-04-12T22:00Z,2026-04-12,2026,2,IND,DET,121.0,133.0,False,,Draft Kings,16.5,-112.0,-108.0,232.5,-108.0,-112.0,750.0,-1200.0,12.5,229.5
401811044,2026-04-12T22:00Z,2026-04-12,2026,2,MIA,ATL,143.0,117.0,False,,Draft Kings,-10.5,-112.0,-108.0,239.5,-115.0,-105.0,-470.0,360.0,6.5,243.5
401811045,2026-04-12T22:00Z,2026-04-12,2026,2,NY,CHA,96.0,110.0,False,,Draft Kings,14.5,-112.0,-108.0,217.5,-105.0,-115.0,600.0,-900.0,8.5,215.5
401811046,2026-04-12T22:00Z,2026-04-12,2026,2,PHI,MIL,126.0,106.0,False,,Draft Kings,-16.5,-108.0,-112.0,225.5,-110.0,-110.0,-1350.0,800.0,-16.5,227.5
401811047,2026-04-12T22:00Z,2026-04-12,2026,2,TOR,BKN,136.0,101.0,False,,Draft Kings,-23.5,-115.0,-105.0,218.5,-115.0,-105.0,-5000.0,1800.0,-18.5,217.5
401811048,2026-04-13T00:30Z,2026-04-12,2026,2,DAL,CHI,149.0,128.0,False,,Draft Kings,-5.5,-105.0,-115.0,249.5,-115.0,-105.0,-205.0,170.0,-7.5,245.5
401811049,2026-04-13T00:30Z,2026-04-12,2026,2,HOU,MEM,132.0,101.0,False,,Draft Kings,-14.5,-115.0,-105.0,230.5,-115.0,-105.0,-1100.0,700.0,-16.5,226.5
401811050,2026-04-13T00:30Z,2026-04-12,2026,2,MIN,NO,132.0,126.0,False,,Draft Kings,-3.5,-112.0,-108.0,239.5,-105.0,-115.0,-180.0,150.0,-10.5,233.5
401811051,2026-04-13T00:30Z,2026-04-12,2026,2,OKC,PHX,103.0,135.0,False,,Draft Kings,-7.5,-105.0,-115.0,213.5,-108.0,-112.0,-310.0,250.0,-5.5,215.5
401811052,2026-04-13T00:30Z,2026-04-12,2026,2,SA,DEN,118.0,128.0,False,,Draft Kings,-9.5,-112.0,-108.0,235.5,-108.0,-112.0,-440.0,340.0,2.5,238.5
401811053,2026-04-13T00:30Z,2026-04-12,2026,2,LAL,UTAH,131.0,107.0,False,,Draft Kings,-14.5,-110.0,-110.0,239.5,-110.0,-110.0,-1100.0,700.0,-16.5,236.5
401811054,2026-04-13T00:30Z,2026-04-12,2026,2,LAC,GS,115.0,110.0,False,,Draft Kings,-3.5,-112.0,-108.0,229.5,-110.0,-110.0,-162.0,136.0,-8.5,224.5
401811055,2026-04-13T00:30Z,2026-04-12,2026,2,POR,SAC,122.0,110.0,False,,Draft Kings,-18.5,-110.0,-110.0,226.5,-108.0,-112.0,-2400.0,1200.0,-16.5,228.5
401866755,2026-04-14T23:30Z,2026-04-14,2026,5,CHA,MIA,127.0,126.0,False,NBA Play-In - East - 9th Place vs 10th Place,Draft Kings,-5.5,-118.0,-102.0,228.5,-112.0,-108.0,-238.0,195.0,-5.5,228.5
401866754,2026-04-15T02:00Z,2026-04-14,2026,5,PHX,POR,110.0,114.0,False,NBA Play-In - West - 7th Place vs 8th Place,Draft Kings,-2.5,-115.0,-105.0,215.5,-110.0,-110.0,-155.0,130.0,-4.5,219.5
401866757,2026-04-15T23:30Z,2026-04-15,2026,5,PHI,ORL,109.0,97.0,False,NBA Play-In - East - 7th Place vs 8th Place,Draft Kings,-1.5,105.0,-125.0,223.5,-108.0,-112.0,-115.0,-105.0,1.5,220.5
401866756,2026-04-16T02:00Z,2026-04-15,2026,5,LAC,GS,121.0,126.0,False,NBA Play-In - West - 9th Place vs 10th Place,Draft Kings,-5.5,-115.0,-105.0,220.5,-115.0,-105.0,-218.0,180.0,-3.5,220.5
401866758,2026-04-17T23:30Z,2026-04-17,2026,5,ORL,CHA,121.0,90.0,False,NBA Play-In - East - 8th Seed Game,Draft Kings,2.5,-115.0,-105.0,218.5,-108.0,-112.0,120.0,-142.0,2.5,219.5
401866759,2026-04-18T02:00Z,2026-04-17,2026,5,PHX,GS,111.0,96.0,False,NBA Play-In - West - 8th Seed Game,Draft Kings,-2.5,-115.0,-105.0,219.5,-112.0,-108.0,-148.0,124.0,-3.5,219.5
401869187,2026-04-18T17:00Z,2026-04-18,2026,3,CLE,TOR,126.0,113.0,False,East 1st Round - Game 1,Draft Kings,-8.5,-115.0,-105.0,222.5,-105.0,-115.0,-375.0,295.0,-7.5,219.5
401869188,2026-04-18T19:30Z,2026-04-18,2026,3,DEN,MIN,116.0,105.0,False,West 1st Round - Game 1,Draft Kings,-7.5,-105.0,-115.0,232.5,-110.0,-110.0,-270.0,220.0,-5.5,230.5
401869189,2026-04-18T22:00Z,2026-04-18,2026,3,NY,ATL,113.0,102.0,False,East 1st Round - Game 1,Draft Kings,-5.5,-115.0,-105.0,217.5,-112.0,-108.0,-238.0,195.0,-5.5,217.5
401869190,2026-04-19T00:30Z,2026-04-18,2026,3,LAL,HOU,107.0,98.0,False,West 1st Round - Game 1,Draft Kings,2.5,-115.0,-105.0,208.5,-105.0,-115.0,114.0,-135.0,4.5,208.5
401869191,2026-04-19T17:00Z,2026-04-19,2026,3,BOS,PHI,123.0,91.0,False,East 1st Round - Game 1,Draft Kings,-12.5,-112.0,-108.0,217.5,-108.0,-112.0,-850.0,575.0,-10.5,214.5
401869192,2026-04-19T19:30Z,2026-04-19,2026,3,OKC,PHX,119.0,84.0,False,West 1st Round - Game 1,Draft Kings,-16.5,-115.0,-105.0,216.5,-108.0,-112.0,-1450.0,850.0,-13.5,215.5
401869193,2026-04-19T22:30Z,2026-04-19,2026,3,DET,ORL,101.0,112.0,False,East 1st Round - Game 1,Draft Kings,-8.5,-110.0,-110.0,220.5,-110.0,-110.0,-395.0,310.0,-7.5,219.5
401869194,2026-04-20T01:00Z,2026-04-19,2026,3,SA,POR,111.0,98.0,False,West 1st Round - Game 1,Draft Kings,-11.5,-115.0,-105.0,222.5,-112.0,-108.0,-700.0,500.0,-10.5,222.5
401869369,2026-04-20T23:00Z,2026-04-20,2026,3,CLE,TOR,115.0,105.0,False,East 1st Round - Game 2,Draft Kings,-9.5,-110.0,-110.0,221.5,-110.0,-110.0,-455.0,350.0,-9.5,225.5
401869387,2026-04-21T00:00Z,2026-04-20,2026,3,NY,ATL,106.0,107.0,False,East 1st Round - Game 2,Draft Kings,-5.5,-118.0,-102.0,218.5,-108.0,-112.0,-245.0,200.0,-6.5,215.5
401869395,2026-04-21T02:30Z,2026-04-20,2026,3,DEN,MIN,114.0,119.0,False,West 1st Round - Game 2,Draft Kings,-7.5,-110.0,-110.0,232.5,-110.0,-110.0,-298.0,240.0,-6.5,230.5
401869396,2026-04-21T23:00Z,2026-04-21,2026,3,BOS,PHI,97.0,111.0,False,East 1st Round - Game 2,Draft Kings,-13.5,-108.0,-112.0,218.5,-105.0,-115.0,-850.0,575.0,-14.5,216.5
401869378,2026-04-22T00:00Z,2026-04-21,2026,3,SA,POR,103.0,106.0,False,West 1st Round - Game 2,Draft Kings,-11.5,-105.0,-115.0,221.5,-110.0,-110.0,-650.0,470.0,-12.5,218.5
401869397,2026-04-22T02:30Z,2026-04-21,2026,3,LAL,HOU,101.0,94.0,False,West 1st Round - Game 2,Draft Kings,5.5,-105.0,-115.0,209.5,-105.0,-115.0,190.0,-230.0,4.5,205.5
401869411,2026-04-22T23:00Z,2026-04-22,2026,3,DET,ORL,98.0,83.0,False,East 1st Round - Game 2,Draft Kings,-8.5,-115.0,-105.0,219.5,-105.0,-115.0,-345.0,275.0,-9.5,214.5
401869368,2026-04-23T01:30Z,2026-04-22,2026,3,OKC,PHX,120.0,107.0,False,West 1st Round - Game 2,Draft Kings,-17.5,-105.0,-115.0,216.5,-108.0,-112.0,-1800.0,1000.0,-19.5,212.5
401869389,2026-04-23T23:00Z,2026-04-23,2026,3,ATL,NY,109.0,108.0,False,East 1st Round - Game 3,Draft Kings,1.5,-118.0,-102.0,214.5,-108.0,-112.0,-108.0,-112.0,-1.5,216.5
401869375,2026-04-24T00:00Z,2026-04-23,2026,3,TOR,CLE,126.0,104.0,False,East 1st Round - Game 3,Draft Kings,2.5,-105.0,-115.0,221.5,-105.0,-115.0,124.0,-148.0,2.5,216.5
401869398,2026-04-24T01:30Z,2026-04-23,2026,3,MIN,DEN,113.0,96.0,False,West 1st Round - Game 3,Draft Kings,-1.5,102.0,-122.0,231.5,-115.0,-105.0,-112.0,-108.0,1.5,231.5
401869404,2026-04-24T23:00Z,2026-04-24,2026,3,PHI,BOS,100.0,108.0,False,East 1st Round - Game 3,Draft Kings,8.5,-105.0,-115.0,215.5,-112.0,-108.0,280.0,-355.0,7.5,215.5
401869400,2026-04-25T00:00Z,2026-04-24,2026,3,HOU,LAL,108.0,112.0,False,West 1st Round - Game 3,Draft Kings,-7.5,-108.0,-112.0,205.5,-112.0,-108.0,-250.0,205.0,-9.5,205.5
401869382,2026-04-25T02:30Z,2026-04-24,2026,3,POR,SA,108.0,120.0,False,West 1st Round - Game 3,Draft Kings,1.5,-112.0,-108.0,220.5,-110.0,-110.0,102.0,-122.0,3.5,219.5
401869414,2026-04-25T17:00Z,2026-04-25,2026,3,ORL,DET,113.0,105.0,False,East 1st Round - Game 3,Draft Kings,1.5,-105.0,-115.0,215.5,-108.0,-112.0,105.0,-125.0,2.5,217.5
401869370,2026-04-25T19:30Z,2026-04-25,2026,3,PHX,OKC,109.0,121.0,False,West 1st Round - Game 3,Draft Kings,8.5,-108.0,-112.0,211.5,-110.0,-110.0,295.0,-375.0,9.5,216.5
401869391,2026-04-25T22:00Z,2026-04-25,2026,3,ATL,NY,98.0,114.0,False,East 1st Round - Game 4,Draft Kings,2.5,-115.0,-105.0,215.5,-110.0,-110.0,110.0,-130.0,-1.5,214.5
401869399,2026-04-26T00:30Z,2026-04-25,2026,3,MIN,DEN,112.0,96.0,False,West 1st Round - Game 4,Draft Kings,1.5,-115.0,-105.0,228.5,-110.0,-110.0,-102.0,-118.0,2.5,229.5
401869377,2026-04-26T17:00Z,2026-04-26,2026,3,TOR,CLE,93.0,89.0,False,East 1st Round - Game 4,Draft Kings,4.5,-112.0,-108.0,218.5,-110.0,-110.0,154.0,-185.0,2.5,220.5
401869385,2026-04-26T19:30Z,2026-04-26,2026,3,POR,SA,93.0,114.0,False,West 1st Round - Game 4,Draft Kings,5.5,-112.0,-108.0,217.5,-105.0,-115.0,185.0,-225.0,3.5,218.5
401869406,2026-04-26T23:00Z,2026-04-26,2026,3,PHI,BOS,96.0,128.0,False,East 1st Round - Game 4,Draft Kings,6.5,-115.0,-105.0,212.5,-115.0,-105.0,190.0,-230.0,7.5,213.5
401869405,2026-04-27T01:30Z,2026-04-26,2026,3,HOU,LAL,115.0,96.0,False,West 1st Round - Game 4,Draft Kings,-3.5,-115.0,-105.0,206.5,-105.0,-115.0,-162.0,136.0,-3.5,206.5
401869415,2026-04-28T00:00Z,2026-04-27,2026,3,ORL,DET,94.0,88.0,False,East 1st Round - Game 4,Draft Kings,3.5,-105.0,-115.0,214.5,-108.0,-112.0,140.0,-166.0,3.5,212.5
401869373,2026-04-28T01:30Z,2026-04-27,2026,3,PHX,OKC,122.0,131.0,False,West 1st Round - Game 4,Draft Kings,11.5,-115.0,-105.0,215.5,-110.0,-110.0,400.0,-535.0,10.5,211.5
401869401,2026-04-28T02:30Z,2026-04-27,2026,3,DEN,MIN,125.0,113.0,False,West 1st Round - Game 5,Draft Kings,-11.5,-105.0,-115.0,226.5,-105.0,-115.0,-520.0,390.0,-10.5,224.5
401869408,2026-04-28T23:00Z,2026-04-28,2026,3,BOS,PHI,97.0,113.0,False,East 1st Round - Game 5,Draft Kings,-10.5,-102.0,-118.0,214.5,-110.0,-110.0,-440.0,340.0,-11.5,215.5
401869392,2026-04-29T00:00Z,2026-04-28,2026,3,NY,ATL,126.0,97.0,False,East 1st Round - Game 5,Draft Kings,-6.5,-110.0,-110.0,214.5,-115.0,-105.0,-250.0,205.0,-6.5,213.5
401869386,2026-04-29T01:30Z,2026-04-28,2026,3,SA,POR,114.0,95.0,False,West 1st Round - Game 5,Draft Kings,-10.5,-118.0,-102.0,219.5,-105.0,-115.0,-575.0,425.0,-11.5,215.5
401869416,2026-04-29T23:00Z,2026-04-29,2026,3,DET,ORL,116.0,109.0,False,East 1st Round - Game 5,Draft Kings,-11.5,-102.0,-118.0,210.5,-115.0,-105.0,-455.0,350.0,-9.5,212.5
401869380,2026-04-29T23:30Z,2026-04-29,2026,3,CLE,TOR,125.0,120.0,False,East 1st Round - Game 5,Draft Kings,-9.5,-112.0,-108.0,219.5,-112.0,-108.0,-395.0,310.0,-6.5,217.5
401869407,2026-04-30T02:00Z,2026-04-29,2026,3,LAL,HOU,93.0,99.0,False,West 1st Round - Game 5,Draft Kings,-3.5,-105.0,-115.0,209.5,-105.0,-115.0,-155.0,130.0,-2.5,205.5
401869393,2026-04-30T23:00Z,2026-04-30,2026,3,ATL,NY,89.0,140.0,False,East 1st Round - Game 6,Draft Kings,2.5,-110.0,-110.0,215.5,-105.0,-115.0,120.0,-142.0,-1.5,213.5
401869410,2026-05-01T00:00Z,2026-04-30,2026,3,PHI,BOS,106.0,93.0,False,East 1st Round - Game 6,Draft Kings,6.5,-115.0,-105.0,214.5,-110.0,-110.0,190.0,-230.0,5.5,212.5
401869402,2026-05-01T01:30Z,2026-04-30,2026,3,MIN,DEN,110.0,98.0,False,West 1st Round - Game 6,Draft Kings,7.5,-112.0,-108.0,223.5,-108.0,-112.0,250.0,-310.0,6.5,224.5
401869417,2026-05-01T23:00Z,2026-05-01,2026,3,ORL,DET,79.0,93.0,False,East 1st Round - Game 6,Draft Kings,3.5,-115.0,-105.0,210.5,-115.0,-105.0,136.0,-162.0,3.5,211.5
401869381,2026-05-01T23:30Z,2026-05-01,2026,3,TOR,CLE,112.0,110.0,False,East 1st Round - Game 6,Draft Kings,4.5,-105.0,-115.0,218.5,-112.0,-108.0,164.0,-198.0,4.5,219.5
401869409,2026-05-02T01:30Z,2026-05-01,2026,3,HOU,LAL,78.0,98.0,False,West 1st Round - Game 6,Draft Kings,-5.5,-105.0,-115.0,203.5,-112.0,-108.0,-192.0,160.0,-3.5,207.5
401869412,2026-05-02T23:30Z,2026-05-02,2026,3,BOS,PHI,100.0,109.0,False,East 1st Round - Game 7,Draft Kings,-3.5,-115.0,-105.0,204.5,-112.0,-108.0,-162.0,136.0,-9.5,208.5
401869418,2026-05-03T19:30Z,2026-05-03,2026,3,DET,ORL,116.0,94.0,False,East 1st Round - Game 7,Draft Kings,-8.5,-110.0,-110.0,200.5,-112.0,-108.0,-325.0,260.0,-7.5,206.5
401869384,2026-05-03T23:30Z,2026-05-03,2026,3,CLE,TOR,114.0,102.0,False,East 1st Round - Game 7,Draft Kings,-8.5,-110.0,-110.0,209.5,-105.0,-115.0,-340.0,270.0,-7.5,210.5
401871159,2026-05-05T00:00Z,2026-05-04,2026,3,NY,PHI,137.0,98.0,False,East Semifinals - Game 1,Draft Kings,-7.5,-110.0,-110.0,212.5,-110.0,-110.0,-290.0,235.0,-5.5,212.5
401871152,2026-05-05T01:30Z,2026-05-04,2026,3,SA,MIN,102.0,104.0,False,West Semifinals - Game 1,Draft Kings,-10.5,-105.0,-115.0,218.5,-110.0,-110.0,-395.0,310.0,-13.5,218.5
401871333,2026-05-05T23:00Z,2026-05-05,2026,3,DET,CLE,111.0,101.0,False,East Semifinals - Game 1,Draft Kings,-3.5,-108.0,-112.0,217.5,-108.0,-112.0,-162.0,136.0,-3.5,214.5
401871326,2026-05-06T00:30Z,2026-05-05,2026,3,OKC,LAL,108.0,90.0,False,West Semifinals - Game 1,Draft Kings,-15.5,-108.0,-112.0,212.5,-110.0,-110.0,-900.0,600.0,-15.5,214.5
401871160,2026-05-06T23:00Z,2026-05-06,2026,3,NY,PHI,108.0,102.0,False,East Semifinals - Game 2,Draft Kings,-10.5,-115.0,-105.0,213.5,-115.0,-105.0,-455.0,350.0,-7.5,213.5
401871153,2026-05-07T01:30Z,2026-05-06,2026,3,SA,MIN,133.0,95.0,False,West Semifinals - Game 2,Draft Kings,-10.5,-105.0,-115.0,217.5,-112.0,-108.0,-425.0,330.0,-10.5,216.5
401871334,2026-05-07T23:00Z,2026-05-07,2026,3,DET,CLE,107.0,97.0,False,East Semifinals - Game 2,Draft Kings,-3.5,-115.0,-105.0,214.5,-115.0,-105.0,-162.0,136.0,-2.5,215.5
401871327,2026-05-08T01:30Z,2026-05-07,2026,3,OKC,LAL,125.0,107.0,False,West Semifinals - Game 2,Draft Kings,-15.5,-110.0,-110.0,211.5,-112.0,-108.0,-900.0,600.0,-15.5,212.5
401871161,2026-05-08T23:00Z,2026-05-08,2026,3,PHI,NY,94.0,108.0,False,East Semifinals - Game 3,Draft Kings,-3.5,-105.0,-115.0,214.5,-110.0,-110.0,-155.0,130.0,2.5,212.5
401871154,2026-05-09T01:30Z,2026-05-08,2026,3,MIN,SA,108.0,115.0,False,West Semifinals - Game 3,Draft Kings,5.5,-112.0,-108.0,216.5,-115.0,-105.0,180.0,-218.0,3.5,215.5
401871335,2026-05-09T19:00Z,2026-05-09,2026,3,CLE,DET,116.0,109.0,False,East Semifinals - Game 3,Draft Kings,-4.5,-115.0,-105.0,211.5,-110.0,-110.0,-192.0,160.0,-2.5,212.5
401871328,2026-05-10T00:30Z,2026-05-09,2026,3,LAL,OKC,108.0,131.0,False,West Semifinals - Game 3,Draft Kings,9.5,-112.0,-108.0,210.5,-112.0,-108.0,300.0,-380.0,8.5,208.5
401871162,2026-05-10T19:30Z,2026-05-10,2026,3,PHI,NY,114.0,144.0,False,East Semifinals - Game 4,Draft Kings,1.5,-108.0,-112.0,213.5,-108.0,-112.0,105.0,-125.0,1.5,212.5
401871155,2026-05-10T23:30Z,2026-05-10,2026,3,MIN,SA,114.0,109.0,False,West Semifinals - Game 4,Draft Kings,5.5,-112.0,-108.0,218.5,-112.0,-108.0,164.0,-198.0,4.5,214.5
401871336,2026-05-12T00:00Z,2026-05-11,2026,3,CLE,DET,112.0,103.0,False,East Semifinals - Game 4,Draft Kings,-3.5,-112.0,-108.0,213.5,-105.0,-115.0,-166.0,140.0,-3.5,212.5
401871329,2026-05-12T02:30Z,2026-05-11,2026,3,LAL,OKC,110.0,115.0,False,West Semifinals - Game 4,Draft Kings,12.5,-110.0,-110.0,214.5,-112.0,-108.0,425.0,-575.0,9.5,211.5
401871156,2026-05-13T00:00Z,2026-05-12,2026,3,SA,MIN,126.0,97.0,False,West Semifinals - Game 5,Draft Kings,-10.5,-105.0,-115.0,218.5,-112.0,-108.0,-410.0,320.0,-9.5,216.5
401871337,2026-05-14T00:00Z,2026-05-13,2026,3,DET,CLE,113.0,117.0,False,East Semifinals - Game 5,Draft Kings,-4.5,-105.0,-115.0,210.5,-115.0,-105.0,-170.0,142.0,-3.5,212.5
401871338,2026-05-15T23:00Z,2026-05-15,2026,3,CLE,DET,94.0,115.0,False,East Semifinals - Game 6,Draft Kings,-3.5,-118.0,-102.0,209.5,-110.0,-110.0,-175.0,145.0,-3.5,210.5
401871157,2026-05-16T01:30Z,2026-05-15,2026,3,MIN,SA,109.0,139.0,False,West Semifinals - Game 6,Draft Kings,5.5,-102.0,-118.0,219.5,-105.0,-115.0,185.0,-225.0,4.5,217.5
401871339,2026-05-18T00:00Z,2026-05-17,2026,3,DET,CLE,94.0,125.0,False,East Semifinals - Game 7,Draft Kings,-4.5,-108.0,-112.0,204.5,-110.0,-110.0,-192.0,160.0,-4.5,205.5
401873197,2026-05-19T00:30Z,2026-05-18,2026,3,OKC,SA,115.0,122.0,False,West Finals - Game 1,Draft Kings,-7.5,-105.0,-115.0,219.5,-108.0,-112.0,-265.0,215.0,-6.5,217.5
401873341,2026-05-20T00:00Z,2026-05-19,2026,3,NY,CLE,115.0,104.0,False,East Finals - Game 1,Draft Kings,-6.5,-102.0,-118.0,217.5,-115.0,-105.0,-245.0,200.0,-7.5,215.5
401873198,2026-05-21T00:30Z,2026-05-20,2026,3,OKC,SA,122.0,113.0,False,West Finals - Game 2,Draft Kings,-7.5,-115.0,-105.0,213.5,-115.0,-105.0,-258.0,210.0,-6.5,218.5
401873342,2026-05-22T00:00Z,2026-05-21,2026,3,NY,CLE,109.0,93.0,False,East Finals - Game 2,Draft Kings,-5.5,-112.0,-108.0,215.5,-112.0,-108.0,-198.0,164.0,-6.5,214.5
401873199,2026-05-23T00:30Z,2026-05-22,2026,3,SA,OKC,108.0,123.0,False,West Finals - Game 3,Draft Kings,-3.5,-105.0,-115.0,219.5,-105.0,-115.0,-148.0,124.0,1.5,215.5
401873343,2026-05-24T00:00Z,2026-05-23,2026,3,CLE,NY,108.0,121.0,False,East Finals - Game 3,Draft Kings,-3.5,-105.0,-115.0,216.5,-105.0,-115.0,-142.0,120.0,1.5,213.5
401873200,2026-05-25T00:00Z,2026-05-24,2026,3,SA,OKC,103.0,82.0,False,West Finals - Game 4,Draft Kings,-2.5,-115.0,-105.0,219.5,-112.0,-108.0,-148.0,124.0,-2.5,217.5
401873344,2026-05-26T00:00Z,2026-05-25,2026,3,CLE,NY,93.0,130.0,False,East Finals - Game 4,Draft Kings,2.5,-105.0,-115.0,218.5,-112.0,-108.0,114.0,-135.0,-1.5,215.5
401873201,2026-05-27T00:30Z,2026-05-26,2026,3,OKC,SA,127.0,114.0,False,West Finals - Game 5,Draft Kings,-3.5,-112.0,-108.0,216.5,-108.0,-112.0,-162.0,136.0,-5.5,215.5
401873202,2026-05-29T00:30Z,2026-05-28,2026,3,SA,OKC,118.0,91.0,False,West Finals - Game 6,Draft Kings,-3.5,-110.0,-110.0,218.5,-115.0,-105.0,-166.0,140.0,-2.5,218.5
401873203,2026-05-31T00:00Z,2026-05-30,2026,3,OKC,SA,103.0,111.0,False,West Finals - Game 7,Draft Kings,-3.5,-108.0,-112.0,211.5,-110.0,-110.0,-142.0,120.0,-4.5,213.5
401859963,2026-06-04T00:30Z,2026-06-03,2026,3,SA,NY,95.0,105.0,False,NBA Finals - Game 1,Draft Kings,-4.5,-115.0,-105.0,217.5,-108.0,-112.0,-180.0,150.0,-4.5,217.5
401859964,2026-06-06T00:30Z,2026-06-05,2026,3,SA,NY,104.0,105.0,False,NBA Finals - Game 2,Draft Kings,-6.5,-115.0,-105.0,217.5,-108.0,-112.0,-225.0,185.0,-5.5,214.5
401859965,2026-06-09T00:30Z,2026-06-08,2026,3,NY,SA,111.0,115.0,False,NBA Finals - Game 3,Draft Kings,-1.5,-115.0,-105.0,215.5,-110.0,-110.0,-125.0,105.0,-1.5,216.5
401859966,2026-06-11T00:30Z,2026-06-10,2026,3,NY,SA,107.0,106.0,False,NBA Finals - Game 4,Draft Kings,-2.5,-108.0,-112.0,216.5,-112.0,-108.0,-135.0,114.0,-1.5,215.5
401859967,2026-06-14T00:30Z,2026-06-13,2026,3,SA,NY,90.0,94.0,False,NBA Finals - Game 5,Draft Kings,-5.5,-108.0,-112.0,216.5,-108.0,-112.0,-192.0,160.0,-5.5,217.5
